No.,Time,T.amb (°C),T.D.REF – normal PV (°C),T.U.REF – normal PV (°C),T.D.CPV-HNEPCM-HNF (°C),T.U.CPV-HNEPCM-HNF (°C),T.F.IN Hybrid NF (°C),T.F.DELTA Hybrid NF (°C),V.REF – normal PV (V),V.CPV-Hybrid (V),I.REF – normal PV (A),I.CPV-Hybrid (A),Direct POA irradiance – reference (W/m²),Effective irradiance – CPV hybrid (W/m²),Ceff – mirrors,P(max) REF (W),P(max) CPV Hybrid (W),Isc REF (A),Isc CPV Hybrid (A),Voc REF (V),Voc CPV Hybrid (V),FF REF,FF CPV Hybrid,P.REF normal PV (W),P.CPV-HNEPCM-HNF (W),AREA (m²),?ele.REF (%),?ele.CPV-Hybrid (%),m Hybrid NF (kg/s),Cp Hybrid NF (J/kg·K),Q.CPV-Hybrid (W),?th.CPV-Hybrid (%),?total.REF (%),?total.CPV-Hybrid (%),Pump state,Simulation note
1,08:00:00,29.360,31.450,29.430,31.900,30.480,30.440,0.000,18.276,18.231,0.506,0.727,474.700,676.000,1.424,9.246,13.247,0.553,0.794,22.145,22.096,0.755,0.755,9.248,13.254,0.189,10.307,10.374,0.018,4155.000,0.000,0.000,10.307,10.374,OFF,Clear and warm; Below controller ON threshold; Ceff=1.42x
2,08:00:30,29.380,32.830,30.800,33.940,32.520,30.440,0.000,18.194,18.110,0.506,0.727,475.700,677.900,1.425,9.214,13.175,0.553,0.795,22.055,21.963,0.755,0.755,9.206,13.166,0.189,10.240,10.276,0.018,4155.000,0.000,0.000,10.240,10.276,OFF,Clear and warm; Below controller ON threshold; Ceff=1.43x
3,08:01:00,29.410,34.120,32.090,35.730,34.310,30.450,0.000,18.118,18.004,0.507,0.728,476.300,679.200,1.426,9.178,13.105,0.554,0.796,21.971,21.846,0.754,0.754,9.186,13.107,0.189,10.204,10.210,0.018,4155.000,0.000,0.000,10.204,10.210,OFF,Clear and warm; Below controller ON threshold; Ceff=1.43x
4,08:01:30,29.430,35.320,33.280,37.310,35.890,30.450,0.000,18.046,17.910,0.507,0.728,476.800,680.400,1.427,9.144,13.044,0.554,0.796,21.893,21.743,0.754,0.754,9.149,13.038,0.189,10.153,10.139,0.018,4155.000,0.000,0.000,10.153,10.139,OFF,Clear and warm; Below controller ON threshold; Ceff=1.43x
5,08:02:00,29.460,36.430,34.390,38.700,37.280,30.450,0.000,17.980,17.827,0.507,0.729,477.400,681.800,1.428,9.115,12.996,0.554,0.797,21.821,21.652,0.754,0.753,9.116,12.996,0.189,10.103,10.085,0.018,4155.000,0.000,0.000,10.103,10.085,OFF,Clear and warm; Below controller ON threshold; Ceff=1.43x
6,08:02:30,29.480,37.450,35.430,39.920,38.500,30.460,0.000,17.919,17.754,0.508,0.730,478.500,683.700,1.429,9.097,12.968,0.555,0.798,21.754,21.573,0.753,0.753,9.103,12.960,0.189,10.065,10.030,0.018,4155.000,0.000,0.000,10.065,10.030,OFF,Clear and warm; Below controller ON threshold; Ceff=1.43x
7,08:03:00,29.510,38.400,36.380,40.990,39.580,30.460,0.000,17.862,17.690,0.509,0.733,480.100,686.500,1.430,9.092,12.962,0.556,0.801,21.691,21.503,0.754,0.753,9.092,12.967,0.189,10.020,9.994,0.018,4155.000,0.000,0.000,10.020,9.994,OFF,Clear and warm; Below controller ON threshold; Ceff=1.43x
8,08:03:30,29.530,39.280,37.280,41.940,40.530,30.470,0.000,17.810,17.634,0.511,0.736,482.300,690.100,1.431,9.100,12.979,0.558,0.804,21.633,21.441,0.754,0.753,9.101,12.979,0.189,9.984,9.951,0.018,4155.000,0.000,0.000,9.984,9.951,OFF,Clear and warm; Below controller ON threshold; Ceff=1.43x
9,08:04:00,29.550,40.110,38.110,42.770,41.380,30.470,0.000,17.760,17.584,0.514,0.740,485.000,694.500,1.432,9.121,13.016,0.561,0.809,21.579,21.386,0.753,0.752,9.129,13.012,0.189,9.959,9.913,0.018,4155.000,0.000,0.000,9.959,9.913,OFF,Clear and warm; Below controller ON threshold; Ceff=1.43x
10,08:04:30,29.570,40.880,38.900,43.520,42.130,30.480,0.000,17.714,17.539,0.517,0.745,488.200,699.400,1.433,9.150,13.068,0.565,0.814,21.528,21.337,0.752,0.752,9.158,13.067,0.189,9.925,9.885,0.018,4155.000,0.000,0.000,9.925,9.885,OFF,Clear and warm; Below controller ON threshold; Ceff=1.43x
11,08:05:00,29.590,41.620,39.650,44.190,42.810,30.480,0.000,17.670,17.499,0.520,0.750,491.500,704.600,1.434,9.184,13.128,0.568,0.820,21.480,21.293,0.753,0.752,9.188,13.124,0.189,9.891,9.855,0.018,4155.000,0.000,0.000,9.891,9.855,OFF,Clear and warm; Below controller ON threshold; Ceff=1.43x
12,08:05:30,29.610,42.320,40.360,43.500,42.130,30.490,0.732,17.627,17.540,0.523,0.756,494.600,709.600,1.435,9.216,13.259,0.571,0.826,21.434,21.337,0.753,0.752,9.219,13.260,0.189,9.862,9.887,0.018,4155.000,55.659,41.501,9.862,51.388,ON,Clear and warm; Hybrid loop operating; Ceff=1.43x
13,08:06:00,29.630,43.000,41.040,42.910,41.550,30.490,0.737,17.587,17.575,0.526,0.761,497.500,714.200,1.436,9.243,13.377,0.574,0.832,21.390,21.376,0.753,0.752,9.251,13.375,0.189,9.838,9.908,0.018,4155.000,56.039,41.515,9.838,51.424,ON,Clear and warm; Hybrid loop operating; Ceff=1.44x
14,08:06:30,29.650,43.650,41.700,42.410,41.040,30.500,0.742,17.548,17.605,0.528,0.765,499.800,717.900,1.437,9.260,13.476,0.577,0.837,21.347,21.409,0.752,0.752,9.265,13.468,0.189,9.809,9.926,0.018,4155.000,56.419,41.582,9.809,51.507,ON,Clear and warm; Hybrid loop operating; Ceff=1.44x
15,08:07:00,29.670,44.280,42.330,41.970,40.610,30.500,0.745,17.510,17.630,0.529,0.769,501.400,720.800,1.438,9.266,13.554,0.578,0.840,21.306,21.437,0.752,0.753,9.263,13.557,0.189,9.775,9.952,0.018,4155.000,56.647,41.582,9.775,51.533,ON,Clear and warm; Hybrid loop operating; Ceff=1.44x
16,08:07:30,29.690,44.900,42.940,41.610,40.240,30.510,0.748,17.474,17.652,0.530,0.771,502.500,722.800,1.438,9.262,13.613,0.579,0.843,21.266,21.461,0.752,0.752,9.261,13.610,0.189,9.751,9.963,0.018,4155.000,56.875,41.634,9.751,51.596,ON,Clear and warm; Hybrid loop operating; Ceff=1.44x
17,08:08:00,29.710,45.490,43.530,41.300,39.930,30.510,0.749,17.439,17.671,0.530,0.773,503.100,724.100,1.439,9.250,13.655,0.580,0.845,21.227,21.481,0.751,0.752,9.243,13.660,0.189,9.720,9.981,0.018,4155.000,56.951,41.614,9.720,51.596,ON,Clear and warm; Hybrid loop operating; Ceff=1.44x
18,08:08:30,29.720,46.060,44.090,41.040,39.660,30.520,0.751,17.405,17.686,0.530,0.774,503.400,725.100,1.440,9.233,13.688,0.580,0.846,21.190,21.499,0.751,0.753,9.225,13.689,0.189,9.696,9.989,0.018,4155.000,57.103,41.668,9.696,51.657,ON,Clear and warm; Hybrid loop operating; Ceff=1.44x
19,08:09:00,29.740,46.610,44.630,40.820,39.430,30.520,0.752,17.373,17.700,0.531,0.775,503.700,726.000,1.441,9.218,13.719,0.580,0.847,21.155,21.513,0.751,0.753,9.225,13.718,0.189,9.690,9.997,0.018,4155.000,57.179,41.672,9.690,51.669,ON,Clear and warm; Hybrid loop operating; Ceff=1.44x
20,08:09:30,29.760,47.130,45.140,40.630,39.240,30.530,0.753,17.342,17.711,0.531,0.777,504.300,727.300,1.442,9.208,13.754,0.580,0.849,21.121,21.525,0.752,0.753,9.209,13.761,0.189,9.661,10.011,0.018,4155.000,57.255,41.653,9.661,51.664,ON,Clear and warm; Hybrid loop operating; Ceff=1.44x
21,08:10:00,29.770,47.620,45.620,40.480,39.080,30.540,0.756,17.313,17.720,0.532,0.779,505.300,729.300,1.443,9.208,13.801,0.581,0.851,21.089,21.536,0.752,0.753,9.211,13.804,0.189,9.644,10.015,0.018,4155.000,57.484,41.704,9.644,51.718,ON,Clear and warm; Hybrid loop operating; Ceff=1.44x
22,08:10:30,29.790,48.080,46.070,40.340,38.930,30.540,0.759,17.286,17.729,0.533,0.782,506.900,732.100,1.444,9.220,13.862,0.583,0.855,21.060,21.545,0.751,0.753,9.213,13.864,0.189,9.617,10.020,0.018,4155.000,57.712,41.709,9.617,51.729,ON,Clear and warm; Hybrid loop operating; Ceff=1.44x
23,08:11:00,29.800,48.510,46.490,40.230,38.810,30.550,0.764,17.261,17.736,0.536,0.786,509.200,735.800,1.445,9.244,13.939,0.585,0.859,21.032,21.553,0.751,0.753,9.252,13.940,0.189,9.613,10.024,0.018,4155.000,58.092,41.773,9.613,51.797,ON,Clear and warm; Hybrid loop operating; Ceff=1.45x
24,08:11:30,29.820,48.900,46.880,40.120,38.710,30.560,0.769,17.238,17.742,0.538,0.791,511.900,740.300,1.446,9.278,14.029,0.588,0.864,21.006,21.559,0.751,0.753,9.274,14.034,0.189,9.586,10.030,0.018,4155.000,58.472,41.791,9.586,51.821,ON,Clear and warm; Hybrid loop operating; Ceff=1.45x
25,08:12:00,29.830,49.260,47.240,40.030,38.610,30.560,0.775,17.216,17.748,0.541,0.796,515.000,745.200,1.447,9.318,14.128,0.592,0.870,20.983,21.566,0.750,0.753,9.314,14.127,0.189,9.569,10.031,0.018,4155.000,58.928,41.840,9.569,51.870,ON,Clear and warm; Hybrid loop operating; Ceff=1.45x
26,08:12:30,29.850,49.590,47.570,39.940,38.530,30.570,0.782,17.197,17.753,0.544,0.801,518.100,750.200,1.448,9.362,14.227,0.595,0.876,20.962,21.571,0.751,0.753,9.355,14.220,0.189,9.554,10.029,0.018,4155.000,59.461,41.936,9.554,51.965,ON,Clear and warm; Hybrid loop operating; Ceff=1.45x
27,08:13:00,29.860,49.880,47.870,39.860,38.450,30.580,0.787,17.179,17.757,0.547,0.807,521.000,754.900,1.449,9.402,14.321,0.598,0.881,20.942,21.576,0.751,0.753,9.397,14.330,0.189,9.543,10.044,0.018,4155.000,59.841,41.942,9.543,51.985,ON,Clear and warm; Hybrid loop operating; Ceff=1.45x
28,08:13:30,29.870,50.150,48.150,39.790,38.390,30.580,0.792,17.162,17.762,0.550,0.811,523.500,759.000,1.450,9.436,14.404,0.601,0.886,20.924,21.581,0.750,0.753,9.439,14.405,0.189,9.540,10.042,0.018,4155.000,60.221,41.980,9.540,52.022,ON,Clear and warm; Hybrid loop operating; Ceff=1.45x
29,08:14:00,29.890,50.400,48.410,39.720,38.330,30.590,0.797,17.147,17.765,0.552,0.814,525.400,762.300,1.451,9.460,14.470,0.603,0.890,20.908,21.585,0.750,0.753,9.465,14.461,0.189,9.532,10.037,0.018,4155.000,60.601,42.062,9.532,52.099,ON,Clear and warm; Hybrid loop operating; Ceff=1.45x
30,08:14:30,29.900,50.630,48.650,39.660,38.280,30.600,0.800,17.133,17.769,0.553,0.817,526.700,764.700,1.452,9.474,14.519,0.604,0.893,20.892,21.589,0.751,0.753,9.475,14.517,0.189,9.518,10.045,0.018,4155.000,60.829,42.088,9.518,52.133,ON,Clear and warm; Hybrid loop operating; Ceff=1.45x
31,08:15:00,29.910,50.850,48.880,39.610,38.230,30.610,0.802,17.120,17.772,0.554,0.819,527.400,766.300,1.453,9.478,14.552,0.605,0.895,20.878,21.592,0.750,0.753,9.484,14.555,0.189,9.515,10.050,0.018,4155.000,60.981,42.105,9.515,52.155,ON,Clear and warm; Hybrid loop operating; Ceff=1.45x
32,08:15:30,29.930,51.060,49.100,39.560,38.190,30.620,0.803,17.107,17.774,0.554,0.820,527.800,767.300,1.454,9.476,14.573,0.605,0.896,20.864,21.594,0.751,0.753,9.477,14.575,0.189,9.501,10.050,0.018,4155.000,61.057,42.103,9.501,52.153,ON,Clear and warm; Hybrid loop operating; Ceff=1.45x
33,08:16:00,29.940,51.270,49.310,39.530,38.170,30.630,0.804,17.095,17.776,0.554,0.821,528.000,768.100,1.455,9.471,14.590,0.605,0.897,20.850,21.596,0.751,0.753,9.471,14.594,0.189,9.490,10.053,0.018,4155.000,61.133,42.111,9.490,52.164,ON,Clear and warm; Hybrid loop operating; Ceff=1.45x
34,08:16:30,29.950,51.480,49.530,39.520,38.150,30.630,0.805,17.082,17.777,0.554,0.822,528.300,769.100,1.456,9.468,14.610,0.606,0.898,20.836,21.597,0.750,0.753,9.463,14.613,0.189,9.478,10.053,0.018,4155.000,61.209,42.109,9.478,52.162,ON,Clear and warm; Hybrid loop operating; Ceff=1.46x
35,08:17:00,29.970,51.690,49.740,39.510,38.150,30.640,0.807,17.069,17.777,0.555,0.823,529.000,770.600,1.457,9.471,14.638,0.606,0.900,20.822,21.597,0.751,0.753,9.473,14.630,0.189,9.475,10.045,0.018,4155.000,61.361,42.131,9.475,52.177,ON,Clear and warm; Hybrid loop operating; Ceff=1.46x
36,08:17:30,29.980,51.920,49.960,39.530,38.160,30.650,0.810,17.056,17.776,0.556,0.826,530.200,772.900,1.458,9.484,14.681,0.608,0.903,20.808,21.597,0.750,0.753,9.483,14.683,0.189,9.463,10.051,0.018,4155.000,61.590,42.162,9.463,52.214,ON,Clear and warm; Hybrid loop operating; Ceff=1.46x
37,08:18:00,29.990,52.150,50.180,39.550,38.180,30.660,0.814,17.043,17.775,0.558,0.829,532.100,776.000,1.459,9.508,14.740,0.610,0.906,20.793,21.595,0.750,0.753,9.510,14.735,0.189,9.456,10.047,0.018,4155.000,61.894,42.201,9.456,52.248,ON,Clear and warm; Hybrid loop operating; Ceff=1.46x
38,08:18:30,30.000,52.380,50.410,39.590,38.210,30.670,0.819,17.029,17.773,0.560,0.834,534.500,780.100,1.459,9.542,14.815,0.612,0.911,20.778,21.593,0.750,0.753,9.536,14.823,0.189,9.440,10.053,0.018,4155.000,62.274,42.237,9.440,52.291,ON,Clear and warm; Hybrid loop operating; Ceff=1.46x
39,08:19:00,30.020,52.620,50.640,39.640,38.250,30.680,0.825,17.015,17.770,0.563,0.839,537.400,784.800,1.460,9.584,14.902,0.616,0.917,20.762,21.590,0.749,0.753,9.579,14.909,0.189,9.432,10.051,0.018,4155.000,62.730,42.292,9.432,52.343,ON,Clear and warm; Hybrid loop operating; Ceff=1.46x
40,08:19:30,30.030,52.860,50.860,39.690,38.300,30.690,0.831,17.001,17.767,0.566,0.844,540.500,789.900,1.461,9.630,14.996,0.619,0.922,20.747,21.587,0.750,0.753,9.623,14.995,0.189,9.420,10.044,0.018,4155.000,63.186,42.324,9.420,52.369,ON,Clear and warm; Hybrid loop operating; Ceff=1.46x
41,08:20:00,30.040,53.090,51.080,39.750,38.350,30.700,0.838,16.988,17.764,0.570,0.849,543.600,795.000,1.462,9.675,15.088,0.622,0.928,20.733,21.583,0.750,0.753,9.683,15.082,0.189,9.425,10.037,0.018,4155.000,63.719,42.407,9.425,52.444,ON,Clear and warm; Hybrid loop operating; Ceff=1.46x
42,08:20:30,30.060,53.310,51.290,39.810,38.400,30.720,0.843,16.975,17.760,0.572,0.854,546.500,799.600,1.463,9.717,15.173,0.626,0.934,20.719,21.580,0.749,0.753,9.710,15.167,0.189,9.401,10.036,0.018,4155.000,64.099,42.415,9.401,52.451,ON,Clear and warm; Hybrid loop operating; Ceff=1.46x
43,08:21:00,30.070,53.510,51.490,39.860,38.450,30.730,0.848,16.963,17.758,0.575,0.859,548.800,803.600,1.464,9.750,15.245,0.628,0.938,20.706,21.576,0.750,0.753,9.754,15.254,0.189,9.404,10.044,0.018,4155.000,64.479,42.454,9.404,52.497,ON,Clear and warm; Hybrid loop operating; Ceff=1.46x
44,08:21:30,30.080,53.690,51.670,39.910,38.490,30.740,0.852,16.953,17.755,0.577,0.862,550.600,806.700,1.465,9.773,15.301,0.630,0.942,20.694,21.574,0.750,0.753,9.782,15.305,0.189,9.400,10.038,0.018,4155.000,64.783,42.490,9.400,52.528,ON,Clear and warm; Hybrid loop operating; Ceff=1.47x
45,08:22:00,30.100,53.850,51.820,39.950,38.520,30.750,0.855,16.943,17.753,0.578,0.864,551.700,808.900,1.466,9.787,15.341,0.631,0.944,20.684,21.571,0.750,0.753,9.793,15.339,0.189,9.392,10.033,0.018,4155.000,65.011,42.524,9.392,52.557,ON,Clear and warm; Hybrid loop operating; Ceff=1.47x
46,08:22:30,30.110,53.990,51.960,39.970,38.550,30.760,0.857,16.935,17.751,0.578,0.866,552.400,810.400,1.467,9.793,15.368,0.632,0.946,20.675,21.570,0.749,0.753,9.788,15.372,0.189,9.376,10.036,0.018,4155.000,65.163,42.544,9.376,52.581,ON,Clear and warm; Hybrid loop operating; Ceff=1.47x
47,08:23:00,30.130,54.100,52.070,39.990,38.570,30.770,0.858,16.928,17.750,0.579,0.867,552.800,811.500,1.468,9.795,15.387,0.632,0.947,20.667,21.568,0.750,0.753,9.801,15.389,0.189,9.381,10.034,0.018,4155.000,65.239,42.536,9.381,52.570,ON,Clear and warm; Hybrid loop operating; Ceff=1.47x
48,08:23:30,30.140,54.190,52.170,39.990,38.580,30.790,0.860,16.923,17.750,0.579,0.868,553.100,812.500,1.469,9.797,15.406,0.633,0.949,20.661,21.568,0.749,0.753,9.798,15.407,0.189,9.373,10.033,0.018,4155.000,65.391,42.583,9.373,52.616,ON,Clear and warm; Hybrid loop operating; Ceff=1.47x
49,08:24:00,30.160,54.270,52.260,39.990,38.590,30.800,0.861,16.918,17.749,0.579,0.869,553.700,813.800,1.470,9.803,15.431,0.633,0.950,20.656,21.568,0.750,0.753,9.796,15.424,0.189,9.360,10.028,0.018,4155.000,65.467,42.564,9.360,52.592,ON,Clear and warm; Hybrid loop operating; Ceff=1.47x
50,08:24:30,30.170,54.340,52.340,39.990,38.590,30.810,0.864,16.913,17.749,0.580,0.872,554.700,815.800,1.471,9.818,15.469,0.634,0.952,20.651,21.567,0.750,0.753,9.810,15.477,0.189,9.357,10.038,0.018,4155.000,65.696,42.608,9.357,52.646,ON,Clear and warm; Hybrid loop operating; Ceff=1.47x
51,08:25:00,30.190,54.400,52.410,39.990,38.600,30.820,0.868,16.909,17.749,0.582,0.875,556.300,818.700,1.472,9.843,15.523,0.636,0.956,20.646,21.567,0.750,0.753,9.841,15.530,0.189,9.360,10.037,0.018,4155.000,66.000,42.654,9.360,52.690,ON,Clear and warm; Hybrid loop operating; Ceff=1.47x
52,08:25:30,30.210,54.470,52.490,40.000,38.620,30.840,0.872,16.905,17.748,0.584,0.879,558.500,822.500,1.473,9.879,15.595,0.639,0.960,20.641,21.566,0.749,0.753,9.873,15.600,0.189,9.353,10.036,0.018,4155.000,66.304,42.652,9.353,52.688,ON,Clear and warm; Hybrid loop operating; Ceff=1.47x
53,08:26:00,30.220,54.550,52.580,40.020,38.640,30.850,0.878,16.900,17.747,0.587,0.884,561.300,827.100,1.474,9.925,15.681,0.642,0.966,20.636,21.565,0.749,0.753,9.920,15.688,0.189,9.351,10.036,0.018,4155.000,66.760,42.707,9.351,52.743,ON,Clear and warm; Hybrid loop operating; Ceff=1.47x
54,08:26:30,30.240,54.650,52.680,40.050,38.670,30.860,0.885,16.894,17.745,0.591,0.889,564.400,832.300,1.475,9.976,15.777,0.645,0.972,20.630,21.563,0.750,0.753,9.984,15.775,0.189,9.360,10.029,0.018,4155.000,67.292,42.778,9.360,52.807,ON,Clear and warm; Hybrid loop operating; Ceff=1.47x
55,08:27:00,30.260,54.760,52.790,40.090,38.710,30.880,0.892,16.887,17.743,0.594,0.895,567.700,837.700,1.476,10.030,15.877,0.649,0.978,20.622,21.561,0.749,0.753,10.031,15.880,0.189,9.349,10.030,0.018,4155.000,67.825,42.839,9.349,52.869,ON,Clear and warm; Hybrid loop operating; Ceff=1.48x
56,08:27:30,30.280,54.890,52.920,40.140,38.760,30.890,0.899,16.880,17.740,0.597,0.900,570.900,843.000,1.477,10.080,15.973,0.653,0.984,20.614,21.557,0.749,0.753,10.077,15.966,0.189,9.340,10.021,0.018,4155.000,68.357,42.903,9.340,52.924,ON,Clear and warm; Hybrid loop operating; Ceff=1.48x
57,08:28:00,30.290,55.040,53.060,40.210,38.820,30.900,0.905,16.871,17.736,0.600,0.905,573.700,847.700,1.477,10.124,16.057,0.656,0.989,20.605,21.553,0.749,0.753,10.123,16.051,0.189,9.336,10.018,0.018,4155.000,68.813,42.950,9.336,52.969,ON,Clear and warm; Hybrid loop operating; Ceff=1.48x
58,08:28:30,30.310,55.190,53.200,40.280,38.890,30.920,0.910,16.862,17.732,0.602,0.909,576.000,851.600,1.478,10.157,16.127,0.658,0.994,20.595,21.548,0.750,0.753,10.151,16.118,0.189,9.324,10.014,0.018,4155.000,69.193,42.990,9.324,53.004,ON,Clear and warm; Hybrid loop operating; Ceff=1.48x
59,08:29:00,30.330,55.360,53.360,40.360,38.960,30.930,0.914,16.853,17.728,0.604,0.913,577.700,854.600,1.479,10.179,16.179,0.660,0.997,20.585,21.544,0.749,0.753,10.179,16.186,0.189,9.323,10.021,0.018,4155.000,69.497,43.027,9.323,53.048,ON,Clear and warm; Hybrid loop operating; Ceff=1.48x
60,08:29:30,30.350,55.520,53.510,40.440,39.030,30.940,0.916,16.843,17.723,0.605,0.915,578.700,856.700,1.480,10.191,16.214,0.661,1.000,20.574,21.539,0.749,0.753,10.190,16.217,0.189,9.317,10.015,0.018,4155.000,69.649,43.016,9.317,53.031,ON,Clear and warm; Hybrid loop operating; Ceff=1.48x
61,08:30:00,30.380,55.680,53.660,40.520,39.100,30.960,0.918,16.834,17.719,0.606,0.916,579.400,858.300,1.481,10.196,16.238,0.662,1.002,20.564,21.534,0.749,0.753,10.201,16.231,0.189,9.316,10.005,0.018,4155.000,69.802,43.029,9.316,53.035,ON,Clear and warm; Hybrid loop operating; Ceff=1.48x
62,08:30:30,30.400,55.830,53.790,40.590,39.170,30.970,0.920,16.826,17.714,0.606,0.918,579.900,859.500,1.482,10.198,16.257,0.662,1.003,20.555,21.529,0.749,0.753,10.197,16.261,0.189,9.303,10.010,0.018,4155.000,69.954,43.063,9.303,53.073,ON,Clear and warm; Hybrid loop operating; Ceff=1.48x
63,08:31:00,30.420,55.960,53.920,40.660,39.230,30.990,0.922,16.818,17.711,0.607,0.919,580.400,860.800,1.483,10.201,16.277,0.663,1.004,20.546,21.525,0.749,0.753,10.209,16.276,0.189,9.306,10.004,0.018,4155.000,70.106,43.091,9.306,53.096,ON,Clear and warm; Hybrid loop operating; Ceff=1.48x
64,08:31:30,30.440,56.080,54.030,40.720,39.280,31.000,0.924,16.811,17.707,0.607,0.921,581.200,862.600,1.484,10.210,16.307,0.664,1.006,20.539,21.521,0.749,0.753,10.204,16.308,0.189,9.290,10.003,0.018,4155.000,70.258,43.095,9.290,53.098,ON,Clear and warm; Hybrid loop operating; Ceff=1.48x
65,08:32:00,30.470,56.180,54.130,40.760,39.330,31.010,0.927,16.805,17.705,0.609,0.924,582.500,865.100,1.485,10.229,16.352,0.665,1.009,20.533,21.518,0.749,0.753,10.234,16.359,0.189,9.296,10.006,0.018,4155.000,70.486,43.110,9.296,53.115,ON,Clear and warm; Hybrid loop operating; Ceff=1.48x
66,08:32:30,30.490,56.260,54.210,40.800,39.360,31.030,0.932,16.800,17.702,0.611,0.927,584.500,868.500,1.486,10.260,16.414,0.667,1.013,20.527,21.516,0.749,0.753,10.265,16.410,0.189,9.292,9.997,0.018,4155.000,70.866,43.172,9.292,53.169,ON,Clear and warm; Hybrid loop operating; Ceff=1.49x
67,08:33:00,30.510,56.320,54.280,40.830,39.400,31.040,0.937,16.796,17.700,0.613,0.932,587.000,872.800,1.487,10.301,16.493,0.670,1.018,20.523,21.514,0.749,0.753,10.296,16.496,0.189,9.280,10.000,0.018,4155.000,71.246,43.190,9.280,53.190,ON,Clear and warm; Hybrid loop operating; Ceff=1.49x
68,08:33:30,30.540,56.380,54.340,40.860,39.430,31.060,0.944,16.793,17.699,0.616,0.937,590.000,877.900,1.488,10.352,16.587,0.674,1.024,20.519,21.512,0.749,0.753,10.344,16.584,0.189,9.277,9.995,0.018,4155.000,71.778,43.260,9.277,53.255,ON,Clear and warm; Hybrid loop operating; Ceff=1.49x
69,08:34:00,30.560,56.420,54.390,40.880,39.460,31.070,0.951,16.790,17.697,0.620,0.943,593.300,883.300,1.489,10.407,16.688,0.677,1.031,20.516,21.510,0.749,0.752,10.410,16.688,0.189,9.283,9.996,0.018,4155.000,72.311,43.314,9.283,53.311,ON,Clear and warm; Hybrid loop operating; Ceff=1.49x
70,08:34:30,30.590,56.460,54.450,40.900,39.490,31.080,0.958,16.787,17.696,0.623,0.949,596.700,888.800,1.490,10.464,16.791,0.681,1.037,20.513,21.509,0.749,0.753,10.458,16.794,0.189,9.273,9.997,0.018,4155.000,72.843,43.363,9.273,53.360,ON,Clear and warm; Hybrid loop operating; Ceff=1.49x
71,08:35:00,30.620,56.500,54.500,40.920,39.520,31.100,0.965,16.785,17.694,0.627,0.954,599.800,894.000,1.491,10.516,16.886,0.685,1.043,20.510,21.507,0.749,0.753,10.524,16.880,0.189,9.284,9.990,0.018,4155.000,73.375,43.426,9.284,53.416,ON,Clear and warm; Hybrid loop operating; Ceff=1.49x
72,08:35:30,30.640,56.550,54.560,40.950,39.550,31.110,0.971,16.781,17.692,0.629,0.959,602.400,898.500,1.492,10.559,16.969,0.688,1.048,20.506,21.505,0.748,0.753,10.555,16.967,0.189,9.271,9.991,0.018,4155.000,73.831,43.477,9.271,53.468,ON,Clear and warm; Hybrid loop operating; Ceff=1.49x
73,08:36:00,30.670,56.610,54.620,40.980,39.590,31.120,0.976,16.778,17.690,0.631,0.963,604.400,902.100,1.492,10.592,17.035,0.690,1.052,20.502,21.503,0.749,0.753,10.587,17.035,0.189,9.268,9.992,0.018,4155.000,74.212,43.527,9.268,53.518,ON,Clear and warm; Hybrid loop operating; Ceff=1.49x
74,08:36:30,30.700,56.680,54.690,41.020,39.630,31.140,0.979,16.774,17.688,0.633,0.966,605.900,904.800,1.493,10.614,17.083,0.692,1.055,20.498,21.500,0.748,0.753,10.618,17.087,0.189,9.272,9.992,0.018,4155.000,74.440,43.530,9.272,53.522,ON,Clear and warm; Hybrid loop operating; Ceff=1.49x
75,08:37:00,30.730,56.760,54.780,41.060,39.680,31.150,0.982,16.769,17.685,0.634,0.968,606.700,906.700,1.494,10.625,17.115,0.692,1.058,20.492,21.497,0.749,0.753,10.632,17.119,0.189,9.272,9.990,0.018,4155.000,74.668,43.572,9.272,53.562,ON,Clear and warm; Hybrid loop operating; Ceff=1.49x
76,08:37:30,30.750,56.850,54.870,41.120,39.730,31.160,0.984,16.763,17.682,0.634,0.969,607.300,908.000,1.495,10.630,17.136,0.693,1.059,20.486,21.493,0.749,0.753,10.628,17.134,0.189,9.259,9.984,0.018,4155.000,74.820,43.598,9.259,53.582,ON,Clear and warm; Hybrid loop operating; Ceff=1.5x
77,08:38:00,30.780,56.960,54.970,41.180,39.790,31.180,0.985,16.757,17.678,0.634,0.970,607.600,909.200,1.496,10.632,17.153,0.693,1.060,20.479,21.489,0.749,0.753,10.624,17.148,0.189,9.251,9.979,0.018,4155.000,74.896,43.585,9.251,53.564,ON,Clear and warm; Hybrid loop operating; Ceff=1.5x
78,08:38:30,30.810,57.080,55.090,41.250,39.860,31.190,0.987,16.750,17.674,0.635,0.972,608.200,910.500,1.497,10.636,17.174,0.694,1.062,20.472,21.485,0.749,0.753,10.636,17.179,0.189,9.253,9.983,0.018,4155.000,75.048,43.611,9.253,53.594,ON,Clear and warm; Hybrid loop operating; Ceff=1.5x
79,08:39:00,30.840,57.210,55.210,41.330,39.930,31.200,0.989,16.743,17.670,0.636,0.974,609.100,912.500,1.498,10.646,17.205,0.695,1.064,20.464,21.480,0.749,0.753,10.649,17.211,0.189,9.250,9.979,0.018,4155.000,75.200,43.604,9.250,53.583,ON,Clear and warm; Hybrid loop operating; Ceff=1.5x
80,08:39:30,30.870,57.340,55.330,41.410,40.000,31.210,0.993,16.735,17.665,0.637,0.977,610.500,915.200,1.499,10.665,17.251,0.696,1.067,20.455,21.475,0.749,0.753,10.660,17.259,0.189,9.239,9.978,0.018,4155.000,75.504,43.651,9.239,53.629,ON,Clear and warm; Hybrid loop operating; Ceff=1.5x
81,08:40:00,30.900,57.480,55.450,41.490,40.080,31.230,0.998,16.727,17.660,0.639,0.980,612.600,918.900,1.500,10.695,17.315,0.699,1.072,20.447,21.470,0.748,0.752,10.689,17.307,0.189,9.232,9.965,0.018,4155.000,75.884,43.694,9.232,53.659,ON,Clear and warm; Hybrid loop operating; Ceff=1.5x
82,08:40:30,30.930,57.610,55.570,41.580,40.150,31.240,1.004,16.720,17.656,0.642,0.985,615.200,923.400,1.501,10.735,17.394,0.702,1.077,20.439,21.465,0.748,0.752,10.734,17.391,0.189,9.232,9.965,0.018,4155.000,76.341,43.743,9.232,53.708,ON,Clear and warm; Hybrid loop operating; Ceff=1.5x
83,08:41:00,30.960,57.730,55.690,41.650,40.220,31.250,1.011,16.713,17.651,0.645,0.991,618.200,928.500,1.502,10.781,17.484,0.705,1.083,20.431,21.460,0.748,0.752,10.780,17.492,0.189,9.226,9.968,0.018,4155.000,76.873,43.806,9.226,53.773,ON,Clear and warm; Hybrid loop operating; Ceff=1.5x
84,08:41:30,31.000,57.840,55.800,41.730,40.290,31.260,1.018,16.706,17.647,0.648,0.996,621.400,933.800,1.503,10.832,17.580,0.709,1.089,20.424,21.455,0.748,0.752,10.825,17.576,0.189,9.218,9.959,0.018,4155.000,77.405,43.859,9.218,53.818,ON,Clear and warm; Hybrid loop operating; Ceff=1.5x
85,08:42:00,31.030,57.940,55.900,41.790,40.350,31.270,1.025,16.700,17.643,0.652,1.002,624.500,939.000,1.504,10.881,17.674,0.712,1.095,20.417,21.451,0.749,0.752,10.888,17.678,0.189,9.225,9.961,0.018,4155.000,77.937,43.916,9.225,53.877,ON,Clear and warm; Hybrid loop operating; Ceff=1.5x
86,08:42:30,31.060,58.030,55.980,41.840,40.410,31.290,1.031,16.695,17.640,0.654,1.007,627.300,943.800,1.505,10.925,17.759,0.715,1.100,20.412,21.448,0.749,0.753,10.919,17.763,0.189,9.209,9.958,0.018,4155.000,78.394,43.948,9.209,53.906,ON,Clear and warm; Hybrid loop operating; Ceff=1.5x
87,08:43:00,31.090,58.090,56.050,41.890,40.460,31.300,1.036,16.691,17.637,0.657,1.011,629.500,947.700,1.505,10.961,17.830,0.718,1.105,20.407,21.445,0.748,0.752,10.966,17.831,0.189,9.217,9.955,0.018,4155.000,78.774,43.979,9.217,53.934,ON,Clear and warm; Hybrid loop operating; Ceff=1.51x
88,08:43:30,31.120,58.140,56.110,41.930,40.500,31.310,1.040,16.688,17.635,0.658,1.014,631.100,950.700,1.506,10.986,17.883,0.719,1.108,20.404,21.442,0.749,0.753,10.981,17.882,0.189,9.206,9.952,0.018,4155.000,79.078,44.010,9.206,53.962,ON,Clear and warm; Hybrid loop operating; Ceff=1.51x
89,08:44:00,31.150,58.180,56.160,41.950,40.540,31.320,1.043,16.685,17.633,0.659,1.016,632.100,952.800,1.507,11.001,17.920,0.721,1.111,20.401,21.440,0.748,0.752,10.995,17.915,0.189,9.204,9.948,0.018,4155.000,79.306,44.040,9.204,53.988,ON,Clear and warm; Hybrid loop operating; Ceff=1.51x
90,08:44:30,31.180,58.210,56.200,41.970,40.570,31.330,1.045,16.683,17.632,0.660,1.018,632.600,954.100,1.508,11.008,17.943,0.721,1.112,20.399,21.438,0.748,0.753,11.011,17.949,0.189,9.209,9.954,0.018,4155.000,79.458,44.064,9.209,54.018,ON,Clear and warm; Hybrid loop operating; Ceff=1.51x
91,08:45:00,31.220,58.230,56.230,41.990,40.590,31.340,1.046,16.682,17.630,0.660,1.019,632.800,955.000,1.509,11.010,17.958,0.721,1.113,20.397,21.437,0.749,0.753,11.010,17.965,0.189,9.206,9.953,0.018,4155.000,79.534,44.064,9.206,54.018,ON,Clear and warm; Hybrid loop operating; Ceff=1.51x
92,08:45:30,31.250,58.250,56.270,42.010,40.620,31.350,1.047,16.680,17.629,0.660,1.020,633.000,955.900,1.510,11.012,17.973,0.722,1.114,20.395,21.435,0.748,0.753,11.009,17.982,0.189,9.202,9.953,0.018,4155.000,79.610,44.065,9.202,54.018,ON,Clear and warm; Hybrid loop operating; Ceff=1.51x
93,08:46:00,31.280,58.280,56.310,42.030,40.650,31.360,1.049,16.678,17.627,0.661,1.021,633.400,957.100,1.511,11.018,17.994,0.722,1.116,20.393,21.434,0.748,0.752,11.024,17.997,0.189,9.209,9.949,0.018,4155.000,79.762,44.094,9.209,54.043,ON,Clear and warm; Hybrid loop operating; Ceff=1.51x
94,08:46:30,31.310,58.330,56.360,42.060,40.690,31.370,1.052,16.675,17.625,0.662,1.023,634.300,959.000,1.512,11.031,18.027,0.723,1.118,20.390,21.431,0.748,0.752,11.039,18.030,0.189,9.208,9.948,0.018,4155.000,79.990,44.132,9.208,54.080,ON,Clear and warm; Hybrid loop operating; Ceff=1.51x
95,08:47:00,31.340,58.380,56.420,42.100,40.730,31.380,1.055,16.672,17.623,0.663,1.026,635.800,961.800,1.513,11.053,18.077,0.725,1.121,20.386,21.429,0.748,0.753,11.054,18.081,0.189,9.199,9.947,0.018,4155.000,80.219,44.129,9.199,54.076,ON,Clear and warm; Hybrid loop operating; Ceff=1.51x
96,08:47:30,31.370,58.460,56.490,42.150,40.780,31.380,1.060,16.667,17.620,0.665,1.030,637.800,965.500,1.514,11.085,18.142,0.727,1.125,20.381,21.425,0.748,0.753,11.084,18.149,0.189,9.195,9.946,0.018,4155.000,80.599,44.169,9.195,54.114,ON,Clear and warm; Hybrid loop operating; Ceff=1.51x
97,08:48:00,31.400,58.550,56.580,42.220,40.840,31.390,1.066,16.662,17.616,0.668,1.034,640.400,970.000,1.515,11.125,18.221,0.730,1.130,20.375,21.421,0.748,0.753,11.130,18.215,0.189,9.196,9.936,0.018,4155.000,81.055,44.213,9.196,54.148,ON,Clear and warm; Hybrid loop operating; Ceff=1.51x
98,08:48:30,31.430,58.660,56.690,42.290,40.910,31.400,1.073,16.655,17.612,0.671,1.040,643.300,974.900,1.516,11.170,18.309,0.733,1.136,20.368,21.417,0.748,0.753,11.176,18.316,0.189,9.192,9.941,0.018,4155.000,81.587,44.279,9.192,54.220,ON,Clear and warm; Hybrid loop operating; Ceff=1.52x
99,08:49:00,31.460,58.790,56.810,42.370,40.990,31.410,1.080,16.648,17.607,0.674,1.045,646.300,980.000,1.516,11.215,18.398,0.736,1.142,20.360,21.412,0.748,0.752,11.221,18.399,0.189,9.186,9.934,0.018,4155.000,82.119,44.336,9.186,54.270,ON,Clear and warm; Hybrid loop operating; Ceff=1.52x
100,08:49:30,31.490,58.920,56.930,42.460,41.070,31.420,1.087,16.640,17.602,0.676,1.050,649.000,984.800,1.517,11.257,18.482,0.739,1.148,20.352,21.406,0.748,0.752,11.249,18.482,0.189,9.171,9.930,0.018,4155.000,82.652,44.406,9.171,54.336,ON,Clear and warm; Hybrid loop operating; Ceff=1.52x
101,08:50:00,31.520,59.060,57.060,42.550,41.150,31.420,1.092,16.632,17.597,0.679,1.054,651.400,989.000,1.518,11.291,18.553,0.742,1.152,20.343,21.401,0.748,0.753,11.293,18.547,0.189,9.173,9.923,0.018,4155.000,83.032,44.421,9.173,54.343,ON,Clear and warm; Hybrid loop operating; Ceff=1.52x
102,08:50:30,31.550,59.190,57.180,42.640,41.230,31.430,1.097,16.625,17.592,0.681,1.058,653.200,992.300,1.519,11.316,18.609,0.744,1.156,20.335,21.395,0.748,0.752,11.322,18.612,0.189,9.171,9.924,0.018,4155.000,83.412,44.476,9.171,54.400,ON,Clear and warm; Hybrid loop operating; Ceff=1.52x
103,08:51:00,31.580,59.320,57.300,42.720,41.310,31.440,1.100,16.618,17.587,0.682,1.060,654.300,994.600,1.520,11.330,18.646,0.745,1.159,20.327,21.390,0.748,0.752,11.333,18.642,0.189,9.165,9.917,0.018,4155.000,83.640,44.494,9.165,54.411,ON,Clear and warm; Hybrid loop operating; Ceff=1.52x
104,08:51:30,31.610,59.430,57.400,42.790,41.370,31.440,1.102,16.611,17.583,0.682,1.062,654.900,996.100,1.521,11.334,18.669,0.746,1.160,20.320,21.385,0.748,0.753,11.329,18.673,0.189,9.153,9.919,0.018,4155.000,83.792,44.508,9.153,54.427,ON,Clear and warm; Hybrid loop operating; Ceff=1.52x
105,08:52:00,31.640,59.520,57.490,42.850,41.430,31.450,1.103,16.606,17.580,0.682,1.063,655.100,996.900,1.522,11.333,18.680,0.746,1.161,20.314,21.381,0.748,0.753,11.325,18.688,0.189,9.147,9.918,0.018,4155.000,83.868,44.513,9.147,54.431,ON,Clear and warm; Hybrid loop operating; Ceff=1.52x
106,08:52:30,31.670,59.590,57.560,42.900,41.480,31.450,1.104,16.602,17.577,0.682,1.063,655.100,997.500,1.523,11.329,18.688,0.746,1.162,20.309,21.378,0.748,0.752,11.323,18.684,0.189,9.145,9.911,0.018,4155.000,83.944,44.526,9.145,54.437,ON,Clear and warm; Hybrid loop operating; Ceff=1.52x
107,08:53:00,31.700,59.640,57.620,42.940,41.520,31.460,1.105,16.598,17.575,0.682,1.064,655.200,998.300,1.524,11.328,18.698,0.746,1.163,20.306,21.376,0.748,0.752,11.320,18.700,0.189,9.141,9.911,0.018,4155.000,84.020,44.531,9.141,54.442,ON,Clear and warm; Hybrid loop operating; Ceff=1.52x
108,08:53:30,31.720,59.670,57.660,42.960,41.550,31.470,1.107,16.596,17.573,0.683,1.065,655.600,999.500,1.525,11.334,18.720,0.746,1.164,20.303,21.374,0.748,0.752,11.335,18.715,0.189,9.148,9.907,0.018,4155.000,84.172,44.558,9.148,54.465,ON,Clear and warm; Hybrid loop operating; Ceff=1.52x
109,08:54:00,31.750,59.690,57.690,42.980,41.580,31.470,1.109,16.595,17.572,0.684,1.067,656.600,1001.600,1.525,11.349,18.756,0.747,1.167,20.302,21.373,0.748,0.752,11.351,18.749,0.189,9.147,9.904,0.018,4155.000,84.324,44.545,9.147,54.449,ON,Clear and warm; Hybrid loop operating; Ceff=1.53x
110,08:54:30,31.770,59.710,57.710,42.990,41.600,31.480,1.114,16.593,17.571,0.686,1.071,658.100,1004.600,1.526,11.375,18.811,0.749,1.170,20.300,21.371,0.748,0.752,11.383,18.819,0.189,9.152,9.911,0.018,4155.000,84.705,44.612,9.152,54.523,ON,Clear and warm; Hybrid loop operating; Ceff=1.53x
111,08:55:00,31.800,59.720,57.740,43.010,41.620,31.480,1.119,16.592,17.570,0.688,1.075,660.300,1008.400,1.527,11.411,18.882,0.752,1.175,20.299,21.370,0.748,0.752,11.415,18.888,0.189,9.147,9.910,0.018,4155.000,85.085,44.643,9.147,54.554,ON,Clear and warm; Hybrid loop operating; Ceff=1.53x
112,08:55:30,31.830,59.740,57.770,43.020,41.640,31.490,1.125,16.591,17.568,0.690,1.080,662.900,1013.000,1.528,11.455,18.967,0.755,1.180,20.298,21.369,0.747,0.752,11.448,18.973,0.189,9.137,9.910,0.018,4155.000,85.541,44.679,9.137,54.589,ON,Clear and warm; Hybrid loop operating; Ceff=1.53x
113,08:56:00,31.850,59.760,57.800,43.050,41.670,31.490,1.132,16.589,17.567,0.693,1.085,665.800,1018.000,1.529,11.503,19.058,0.758,1.186,20.296,21.367,0.748,0.752,11.496,19.060,0.189,9.136,9.906,0.018,4155.000,86.073,44.736,9.136,54.643,ON,Clear and warm; Hybrid loop operating; Ceff=1.53x
114,08:56:30,31.870,59.810,57.850,43.080,41.710,31.490,1.139,16.587,17.565,0.696,1.090,668.600,1023.000,1.530,11.550,19.148,0.761,1.191,20.293,21.365,0.748,0.753,11.545,19.146,0.189,9.136,9.902,0.018,4155.000,86.606,44.793,9.136,54.695,ON,Clear and warm; Hybrid loop operating; Ceff=1.53x
115,08:57:00,31.900,59.860,57.910,43.120,41.760,31.500,1.145,16.583,17.562,0.699,1.095,671.200,1027.500,1.531,11.592,19.230,0.764,1.197,20.289,21.362,0.748,0.752,11.592,19.230,0.189,9.137,9.902,0.018,4155.000,87.062,44.832,9.137,54.734,ON,Clear and warm; Hybrid loop operating; Ceff=1.53x
116,08:57:30,31.920,59.940,57.990,43.170,41.810,31.500,1.150,16.578,17.559,0.701,1.099,673.300,1031.400,1.532,11.624,19.297,0.766,1.201,20.284,21.359,0.748,0.752,11.621,19.297,0.189,9.132,9.899,0.018,4155.000,87.442,44.857,9.132,54.756,ON,Clear and warm; Hybrid loop operating; Ceff=1.53x
117,08:58:00,31.940,60.030,58.080,43.230,41.870,31.510,1.155,16.573,17.555,0.703,1.102,674.800,1034.300,1.533,11.646,19.347,0.768,1.204,20.278,21.355,0.748,0.752,11.651,19.346,0.189,9.135,9.896,0.018,4155.000,87.822,44.926,9.135,54.822,ON,Clear and warm; Hybrid loop operating; Ceff=1.53x
118,08:58:30,31.960,60.140,58.180,43.300,41.930,31.510,1.157,16.567,17.551,0.704,1.104,675.700,1036.300,1.534,11.656,19.379,0.769,1.207,20.271,21.351,0.748,0.752,11.663,19.376,0.189,9.133,9.893,0.018,4155.000,87.974,44.917,9.133,54.810,ON,Clear and warm; Hybrid loop operating; Ceff=1.53x
119,08:59:00,31.980,60.250,58.290,43.370,42.000,31.510,1.159,16.560,17.547,0.704,1.105,676.200,1037.500,1.534,11.657,19.396,0.769,1.208,20.264,21.346,0.748,0.752,11.658,19.389,0.189,9.122,9.888,0.018,4155.000,88.126,44.942,9.122,54.830,ON,Clear and warm; Hybrid loop operating; Ceff=1.53x
120,08:59:30,32.000,60.380,58.400,43.450,42.070,31.520,1.160,16.553,17.543,0.704,1.106,676.300,1038.200,1.535,11.653,19.404,0.769,1.209,20.256,21.341,0.748,0.752,11.653,19.403,0.189,9.117,9.888,0.018,4155.000,88.202,44.951,9.117,54.839,ON,Clear and warm; Hybrid loop operating; Ceff=1.54x
121,09:00:00,32.020,60.500,58.510,43.530,42.140,31.520,1.161,16.546,17.539,0.704,1.107,676.300,1038.900,1.536,11.647,19.410,0.769,1.210,20.249,21.336,0.748,0.752,11.648,19.416,0.189,9.113,9.888,0.018,4155.000,88.278,44.959,9.113,54.847,ON,Clear and warm; Hybrid loop operating; Ceff=1.54x
122,09:00:30,32.040,60.620,58.620,43.600,42.200,31.520,1.162,16.540,17.534,0.704,1.108,676.500,1039.900,1.537,11.645,19.423,0.770,1.211,20.241,21.332,0.747,0.752,11.644,19.428,0.189,9.107,9.885,0.018,4155.000,88.354,44.955,9.107,54.839,ON,Clear and warm; Hybrid loop operating; Ceff=1.54x
123,09:01:00,32.060,60.730,58.720,43.670,42.270,31.530,1.165,16.533,17.531,0.705,1.109,677.200,1041.500,1.538,11.652,19.448,0.770,1.212,20.234,21.328,0.748,0.752,11.656,19.442,0.189,9.107,9.877,0.018,4155.000,88.583,45.001,9.107,54.878,ON,Clear and warm; Hybrid loop operating; Ceff=1.54x
124,09:01:30,32.080,60.830,58.810,43.730,42.320,31.530,1.168,16.528,17.527,0.706,1.112,678.500,1044.100,1.539,11.668,19.491,0.772,1.215,20.228,21.324,0.747,0.752,11.669,19.490,0.189,9.099,9.877,0.018,4155.000,88.811,45.005,9.099,54.882,ON,Clear and warm; Hybrid loop operating; Ceff=1.54x
125,09:02:00,32.100,60.910,58.890,43.790,42.370,31.530,1.173,16.523,17.524,0.708,1.116,680.400,1047.600,1.540,11.696,19.552,0.774,1.219,20.223,21.320,0.747,0.752,11.698,19.557,0.189,9.097,9.877,0.018,4155.000,89.191,45.047,9.097,54.924,ON,Clear and warm; Hybrid loop operating; Ceff=1.54x
126,09:02:30,32.120,60.980,58.960,43.830,42.420,31.530,1.179,16.518,17.521,0.710,1.120,682.800,1052.000,1.541,11.735,19.630,0.776,1.224,20.218,21.317,0.748,0.752,11.728,19.624,0.189,9.088,9.870,0.018,4155.000,89.647,45.088,9.088,54.957,ON,Clear and warm; Hybrid loop operating; Ceff=1.54x
127,09:03:00,32.130,61.040,59.020,43.870,42.460,31.540,1.186,16.515,17.519,0.713,1.126,685.700,1056.900,1.541,11.781,19.720,0.780,1.230,20.214,21.315,0.747,0.752,11.775,19.726,0.189,9.086,9.875,0.018,4155.000,90.179,45.145,9.086,55.020,ON,Clear and warm; Hybrid loop operating; Ceff=1.54x
128,09:03:30,32.150,61.080,59.070,43.900,42.490,31.540,1.193,16.512,17.517,0.716,1.131,688.700,1062.200,1.542,11.830,19.815,0.783,1.236,20.211,21.313,0.748,0.752,11.823,19.812,0.189,9.083,9.869,0.018,4155.000,90.712,45.185,9.083,55.054,ON,Clear and warm; Hybrid loop operating; Ceff=1.54x
129,09:04:00,32.160,61.110,59.110,43.920,42.520,31.540,1.201,16.510,17.515,0.719,1.137,691.600,1067.200,1.543,11.878,19.907,0.786,1.242,20.209,21.311,0.748,0.752,11.871,19.915,0.189,9.082,9.873,0.018,4155.000,91.320,45.275,9.082,55.148,ON,Clear and warm; Hybrid loop operating; Ceff=1.54x
130,09:04:30,32.180,61.140,59.140,43.940,42.550,31.550,1.207,16.508,17.514,0.722,1.141,694.100,1071.800,1.544,11.920,19.990,0.789,1.247,20.207,21.310,0.748,0.752,11.919,19.983,0.189,9.085,9.865,0.018,4155.000,91.776,45.306,9.085,55.171,ON,Clear and warm; Hybrid loop operating; Ceff=1.54x
131,09:05:00,32.190,61.160,59.170,43.960,42.570,31.550,1.212,16.507,17.513,0.724,1.145,696.100,1075.500,1.545,11.953,20.058,0.791,1.252,20.205,21.308,0.748,0.752,11.951,20.052,0.189,9.084,9.865,0.018,4155.000,92.156,45.337,9.084,55.202,ON,Clear and warm; Hybrid loop operating; Ceff=1.54x
132,09:05:30,32.210,61.180,59.200,43.970,42.590,31.550,1.216,16.505,17.512,0.726,1.148,697.500,1078.300,1.546,11.976,20.108,0.793,1.255,20.204,21.307,0.747,0.752,11.983,20.104,0.189,9.090,9.865,0.018,4155.000,92.460,45.368,9.090,55.233,ON,Clear and warm; Hybrid loop operating; Ceff=1.55x
133,09:06:00,32.220,61.200,59.240,43.990,42.620,31.550,1.219,16.504,17.511,0.726,1.150,698.400,1080.200,1.547,11.989,20.142,0.794,1.257,20.202,21.306,0.747,0.752,11.982,20.138,0.189,9.077,9.864,0.018,4155.000,92.688,45.400,9.077,55.264,ON,Clear and warm; Hybrid loop operating; Ceff=1.55x
134,09:06:30,32.240,61.240,59.280,44.010,42.640,31.560,1.221,16.501,17.509,0.727,1.152,698.800,1081.400,1.548,11.994,20.163,0.794,1.259,20.199,21.304,0.748,0.752,11.996,20.170,0.189,9.083,9.869,0.018,4155.000,92.841,45.424,9.083,55.293,ON,Clear and warm; Hybrid loop operating; Ceff=1.55x
135,09:07:00,32.250,61.280,59.330,44.040,42.670,31.560,1.222,16.499,17.507,0.727,1.152,699.000,1082.300,1.548,11.994,20.177,0.795,1.260,20.196,21.302,0.747,0.752,11.995,20.168,0.189,9.079,9.859,0.018,4155.000,92.917,45.424,9.079,55.283,ON,Clear and warm; Hybrid loop operating; Ceff=1.55x
136,09:07:30,32.260,61.340,59.390,44.080,42.710,31.560,1.223,16.495,17.505,0.727,1.153,699.200,1083.300,1.549,11.995,20.192,0.795,1.261,20.193,21.300,0.747,0.752,11.992,20.183,0.189,9.075,9.858,0.018,4155.000,92.993,45.419,9.075,55.277,ON,Clear and warm; Hybrid loop operating; Ceff=1.55x
137,09:08:00,32.280,61.420,59.460,44.120,42.750,31.570,1.225,16.491,17.503,0.728,1.155,699.700,1084.700,1.550,12.000,20.215,0.795,1.262,20.188,21.297,0.748,0.752,12.005,20.216,0.189,9.078,9.861,0.018,4155.000,93.145,45.435,9.078,55.296,ON,Clear and warm; Hybrid loop operating; Ceff=1.55x
138,09:08:30,32.290,61.500,59.540,44.170,42.800,31.570,1.228,16.486,17.500,0.729,1.157,700.800,1086.900,1.551,12.013,20.252,0.796,1.265,20.182,21.294,0.748,0.752,12.018,20.248,0.189,9.074,9.856,0.018,4155.000,93.373,45.454,9.074,55.310,ON,Clear and warm; Hybrid loop operating; Ceff=1.55x
139,09:09:00,32.300,61.610,59.630,44.240,42.850,31.570,1.233,16.480,17.496,0.730,1.161,702.400,1090.100,1.552,12.036,20.306,0.798,1.268,20.176,21.290,0.748,0.752,12.030,20.313,0.189,9.062,9.859,0.018,4155.000,93.753,45.505,9.062,55.364,ON,Clear and warm; Hybrid loop operating; Ceff=1.55x
140,09:09:30,32.310,61.720,59.740,44.300,42.910,31.580,1.239,16.473,17.492,0.733,1.165,704.700,1094.200,1.553,12.069,20.377,0.801,1.273,20.169,21.286,0.747,0.752,12.075,20.378,0.189,9.066,9.854,0.018,4155.000,94.209,45.555,9.066,55.409,ON,Clear and warm; Hybrid loop operating; Ceff=1.55x
141,09:10:00,32.320,61.840,59.850,44.380,42.980,31.580,1.246,16.467,17.488,0.735,1.170,707.400,1099.100,1.554,12.110,20.462,0.804,1.279,20.161,21.281,0.747,0.752,12.103,20.461,0.189,9.053,9.850,0.018,4155.000,94.741,45.608,9.053,55.458,ON,Clear and warm; Hybrid loop operating; Ceff=1.55x
142,09:10:30,32.330,61.970,59.960,44.450,43.050,31.590,1.253,16.460,17.484,0.739,1.176,710.500,1104.400,1.555,12.155,20.555,0.807,1.285,20.153,21.277,0.747,0.752,12.164,20.561,0.189,9.058,9.851,0.018,4155.000,95.274,45.644,9.058,55.495,ON,Clear and warm; Hybrid loop operating; Ceff=1.55x
143,09:11:00,32.350,62.090,60.070,44.530,43.110,31.590,1.261,16.453,17.480,0.742,1.181,713.600,1109.900,1.555,12.202,20.650,0.811,1.291,20.146,21.272,0.747,0.752,12.208,20.644,0.189,9.052,9.841,0.018,4155.000,95.882,45.708,9.052,55.549,ON,Clear and warm; Hybrid loop operating; Ceff=1.56x
144,09:11:30,32.360,62.200,60.170,44.600,43.170,31.590,1.268,16.446,17.476,0.745,1.187,716.500,1115.000,1.556,12.246,20.739,0.814,1.297,20.139,21.268,0.747,0.752,12.252,20.744,0.189,9.048,9.844,0.018,4155.000,96.414,45.751,9.048,55.595,ON,Clear and warm; Hybrid loop operating; Ceff=1.56x
145,09:12:00,32.370,62.300,60.260,44.660,43.230,31.600,1.275,16.441,17.472,0.747,1.191,718.900,1119.400,1.557,12.282,20.817,0.816,1.302,20.133,21.264,0.748,0.752,12.281,20.809,0.189,9.039,9.836,0.018,4155.000,96.947,45.823,9.039,55.659,ON,Clear and warm; Hybrid loop operating; Ceff=1.56x
146,09:12:30,32.380,62.380,60.340,44.710,43.280,31.600,1.280,16.436,17.469,0.749,1.195,720.800,1122.900,1.558,12.309,20.878,0.819,1.306,20.127,21.261,0.747,0.752,12.311,20.875,0.189,9.037,9.836,0.018,4155.000,97.327,45.859,9.037,55.696,ON,Clear and warm; Hybrid loop operating; Ceff=1.56x
147,09:13:00,32.390,62.440,60.410,44.750,43.320,31.610,1.283,16.432,17.467,0.750,1.198,722.000,1125.500,1.559,12.327,20.922,0.820,1.309,20.123,21.258,0.747,0.752,12.324,20.925,0.189,9.031,9.837,0.018,4155.000,97.555,45.861,9.031,55.698,ON,Clear and warm; Hybrid loop operating; Ceff=1.56x
148,09:13:30,32.400,62.490,60.450,44.780,43.350,31.610,1.286,16.429,17.465,0.751,1.200,722.700,1127.200,1.560,12.336,20.951,0.821,1.311,20.120,21.256,0.747,0.752,12.338,20.958,0.189,9.033,9.838,0.018,4155.000,97.783,45.899,9.033,55.736,ON,Clear and warm; Hybrid loop operating; Ceff=1.56x
149,09:14:00,32.410,62.520,60.490,44.790,43.370,31.620,1.287,16.427,17.464,0.751,1.201,723.100,1128.300,1.560,12.340,20.970,0.821,1.312,20.118,21.255,0.747,0.752,12.337,20.974,0.189,9.027,9.836,0.018,4155.000,97.859,45.890,9.027,55.725,ON,Clear and warm; Hybrid loop operating; Ceff=1.56x
150,09:14:30,32.430,62.530,60.510,44.800,43.390,31.620,1.289,16.426,17.464,0.751,1.202,723.300,1129.200,1.561,12.343,20.987,0.821,1.313,20.117,21.254,0.747,0.752,12.336,20.992,0.189,9.024,9.836,0.018,4155.000,98.011,45.924,9.024,55.760,ON,Clear and warm; Hybrid loop operating; Ceff=1.56x
151,09:15:00,32.440,62.540,60.530,44.800,43.400,31.630,1.290,16.425,17.463,0.752,1.203,723.600,1130.400,1.562,12.348,21.007,0.822,1.315,20.116,21.254,0.747,0.752,12.352,21.008,0.189,9.032,9.833,0.018,4155.000,98.087,45.911,9.032,55.744,ON,Clear and warm; Hybrid loop operating; Ceff=1.56x
152,09:15:30,32.450,62.540,60.540,44.810,43.410,31.630,1.293,16.425,17.463,0.752,1.205,724.300,1132.100,1.563,12.359,21.039,0.822,1.317,20.116,21.253,0.747,0.752,12.352,21.043,0.189,9.023,9.835,0.018,4155.000,98.315,45.949,9.023,55.783,ON,Clear and warm; Hybrid loop operating; Ceff=1.56x
153,09:16:00,32.460,62.550,60.560,44.810,43.420,31.640,1.296,16.424,17.462,0.754,1.207,725.600,1134.700,1.564,12.380,21.086,0.824,1.320,20.115,21.253,0.747,0.752,12.384,21.077,0.189,9.030,9.828,0.018,4155.000,98.543,45.950,9.030,55.778,ON,Clear and warm; Hybrid loop operating; Ceff=1.56x
154,09:16:30,32.470,62.570,60.590,44.820,43.440,31.650,1.302,16.423,17.461,0.756,1.211,727.400,1138.200,1.565,12.410,21.150,0.826,1.324,20.113,21.252,0.747,0.752,12.416,21.145,0.189,9.031,9.830,0.018,4155.000,99.000,46.021,9.031,55.850,ON,Clear and warm; Hybrid loop operating; Ceff=1.56x
155,09:17:00,32.480,62.600,60.630,44.840,43.460,31.650,1.308,16.421,17.460,0.758,1.216,729.800,1142.600,1.566,12.450,21.229,0.829,1.329,20.111,21.250,0.747,0.752,12.447,21.231,0.189,9.024,9.832,0.018,4155.000,99.456,46.055,9.024,55.886,ON,Clear and warm; Hybrid loop operating; Ceff=1.57x
156,09:17:30,32.500,62.660,60.680,44.870,43.490,31.660,1.315,16.417,17.458,0.761,1.221,732.700,1147.600,1.566,12.495,21.321,0.832,1.335,20.107,21.248,0.747,0.752,12.493,21.316,0.189,9.022,9.828,0.018,4155.000,99.988,46.099,9.022,55.927,ON,Clear and warm; Hybrid loop operating; Ceff=1.57x
157,09:18:00,32.510,62.730,60.750,44.920,43.540,31.670,1.323,16.413,17.456,0.764,1.227,735.700,1153.000,1.567,12.543,21.416,0.835,1.341,20.103,21.245,0.747,0.752,12.540,21.419,0.189,9.018,9.829,0.018,4155.000,100.596,46.163,9.018,55.991,ON,Clear and warm; Hybrid loop operating; Ceff=1.57x
158,09:18:30,32.520,62.820,60.840,44.980,43.590,31.680,1.331,16.408,17.452,0.767,1.232,738.700,1158.300,1.568,12.588,21.509,0.838,1.347,20.097,21.242,0.747,0.752,12.585,21.501,0.189,9.014,9.821,0.018,4155.000,101.205,46.229,9.014,56.051,ON,Clear and warm; Hybrid loop operating; Ceff=1.57x
159,09:19:00,32.540,62.920,60.930,45.040,43.650,31.680,1.337,16.402,17.449,0.770,1.237,741.300,1163.000,1.569,12.627,21.591,0.841,1.352,20.090,21.238,0.747,0.752,12.630,21.584,0.189,9.014,9.820,0.018,4155.000,101.661,46.250,9.014,56.070,ON,Clear and warm; Hybrid loop operating; Ceff=1.57x
160,09:19:30,32.550,63.040,61.040,45.110,43.710,31.690,1.343,16.395,17.444,0.772,1.242,743.400,1167.000,1.570,12.657,21.658,0.844,1.357,20.083,21.233,0.747,0.752,12.657,21.665,0.189,9.008,9.823,0.018,4155.000,102.117,46.298,9.008,56.121,ON,Clear and warm; Hybrid loop operating; Ceff=1.57x
161,09:20:00,32.570,63.160,61.150,45.190,43.780,31.700,1.348,16.388,17.440,0.773,1.245,744.900,1169.900,1.571,12.676,21.707,0.845,1.360,20.076,21.229,0.747,0.752,12.668,21.713,0.189,8.998,9.820,0.018,4155.000,102.497,46.356,8.998,56.175,ON,Clear and warm; Hybrid loop operating; Ceff=1.57x
162,09:20:30,32.580,63.280,61.260,45.270,43.850,31.710,1.350,16.382,17.436,0.774,1.247,745.800,1171.900,1.571,12.684,21.737,0.846,1.363,20.068,21.224,0.747,0.751,12.680,21.743,0.189,8.995,9.817,0.018,4155.000,102.649,46.345,8.995,56.162,ON,Clear and warm; Hybrid loop operating; Ceff=1.57x
163,09:21:00,32.600,63.400,61.360,45.340,43.910,31.720,1.352,16.375,17.432,0.775,1.248,746.200,1173.100,1.572,12.684,21.754,0.847,1.364,20.061,21.220,0.746,0.752,12.691,21.755,0.189,8.998,9.812,0.018,4155.000,102.801,46.366,8.998,56.178,ON,Clear and warm; Hybrid loop operating; Ceff=1.57x
164,09:21:30,32.610,63.500,61.460,45.400,43.970,31.720,1.353,16.369,17.429,0.775,1.249,746.300,1173.900,1.573,12.680,21.762,0.847,1.365,20.054,21.216,0.747,0.751,12.686,21.769,0.189,8.994,9.812,0.018,4155.000,102.877,46.369,8.994,56.181,ON,Clear and warm; Hybrid loop operating; Ceff=1.57x
165,09:22:00,32.630,63.590,61.540,45.450,44.010,31.730,1.354,16.364,17.426,0.775,1.249,746.300,1174.600,1.574,12.676,21.770,0.847,1.365,20.049,21.212,0.746,0.752,12.682,21.765,0.189,8.991,9.804,0.018,4155.000,102.953,46.376,8.991,56.180,ON,Clear and warm; Hybrid loop operating; Ceff=1.57x
166,09:22:30,32.640,63.660,61.600,45.490,44.050,31.740,1.356,16.360,17.423,0.775,1.250,746.600,1175.600,1.575,12.676,21.786,0.847,1.367,20.045,21.210,0.747,0.751,12.679,21.779,0.189,8.985,9.802,0.018,4155.000,103.105,46.405,8.985,56.206,ON,Clear and warm; Hybrid loop operating; Ceff=1.57x
167,09:23:00,32.660,63.710,61.650,45.520,44.090,31.750,1.358,16.357,17.421,0.776,1.252,747.300,1177.300,1.576,12.685,21.814,0.848,1.368,20.041,21.208,0.746,0.752,12.693,21.811,0.189,8.987,9.802,0.018,4155.000,103.258,46.406,8.987,56.208,ON,Clear and warm; Hybrid loop operating; Ceff=1.58x
168,09:23:30,32.680,63.740,61.690,45.540,44.110,31.760,1.362,16.355,17.420,0.777,1.255,748.500,1179.900,1.576,12.705,21.861,0.849,1.372,20.039,21.206,0.747,0.751,12.708,21.862,0.189,8.983,9.804,0.018,4155.000,103.562,46.440,8.983,56.244,ON,Clear and warm; Hybrid loop operating; Ceff=1.58x
169,09:24:00,32.700,63.760,61.720,45.560,44.130,31.770,1.367,16.354,17.419,0.779,1.259,750.400,1183.500,1.577,12.735,21.925,0.851,1.376,20.038,21.205,0.747,0.751,12.740,21.931,0.189,8.983,9.804,0.018,4155.000,103.942,46.469,8.983,56.273,ON,Clear and warm; Hybrid loop operating; Ceff=1.58x
170,09:24:30,32.710,63.770,61.730,45.570,44.140,31.780,1.374,16.353,17.418,0.781,1.263,752.800,1187.900,1.578,12.775,22.005,0.854,1.381,20.037,21.204,0.747,0.751,12.772,21.999,0.189,8.977,9.799,0.018,4155.000,104.474,46.534,8.977,56.332,ON,Clear and warm; Hybrid loop operating; Ceff=1.58x
171,09:25:00,32.730,63.770,61.750,45.570,44.160,31.790,1.381,16.353,17.418,0.784,1.269,755.500,1192.800,1.579,12.820,22.095,0.857,1.386,20.036,21.204,0.747,0.752,12.821,22.103,0.189,8.979,9.805,0.018,4155.000,105.006,46.579,8.979,56.383,ON,Clear and warm; Hybrid loop operating; Ceff=1.58x
172,09:25:30,32.750,63.770,61.770,45.580,44.180,31.800,1.388,16.352,17.417,0.787,1.274,758.300,1197.800,1.580,12.867,22.187,0.860,1.392,20.036,21.203,0.747,0.752,12.869,22.189,0.189,8.979,9.802,0.018,4155.000,105.539,46.619,8.979,56.421,ON,Clear and warm; Hybrid loop operating; Ceff=1.58x
173,09:26:00,32.770,63.780,61.790,45.590,44.190,31.810,1.395,16.351,17.416,0.790,1.279,760.900,1202.600,1.580,12.911,22.274,0.863,1.398,20.035,21.202,0.747,0.751,12.917,22.275,0.189,8.982,9.800,0.018,4155.000,106.071,46.667,8.982,56.468,ON,Clear and warm; Hybrid loop operating; Ceff=1.58x
174,09:26:30,32.790,63.800,61.810,45.610,44.220,31.820,1.402,16.350,17.415,0.792,1.283,763.100,1206.700,1.581,12.947,22.348,0.865,1.403,20.033,21.201,0.747,0.751,12.949,22.343,0.189,8.978,9.797,0.018,4155.000,106.603,46.742,8.978,56.539,ON,Clear and warm; Hybrid loop operating; Ceff=1.58x
175,09:27:00,32.810,63.830,61.850,45.630,44.250,31.830,1.406,16.348,17.413,0.794,1.287,764.800,1209.900,1.582,12.973,22.405,0.867,1.406,20.031,21.199,0.747,0.752,12.980,22.411,0.189,8.980,9.800,0.018,4155.000,106.907,46.752,8.980,56.552,ON,Clear and warm; Hybrid loop operating; Ceff=1.58x
176,09:27:30,32.840,63.880,61.900,45.670,44.280,31.850,1.410,16.345,17.411,0.795,1.289,765.800,1212.100,1.583,12.987,22.443,0.868,1.409,20.028,21.197,0.747,0.751,12.994,22.443,0.189,8.978,9.797,0.018,4155.000,107.211,46.799,8.978,56.596,ON,Clear and warm; Hybrid loop operating; Ceff=1.58x
177,09:28:00,32.860,63.940,61.960,45.710,44.330,31.860,1.411,16.341,17.409,0.795,1.290,766.200,1213.400,1.584,12.991,22.463,0.869,1.410,20.024,21.194,0.747,0.752,12.991,22.458,0.189,8.971,9.793,0.018,4155.000,107.288,46.782,8.971,56.575,ON,Clear and warm; Hybrid loop operating; Ceff=1.58x
178,09:28:30,32.880,64.010,62.030,45.760,44.370,31.870,1.412,16.337,17.406,0.795,1.291,766.200,1214.000,1.584,12.987,22.470,0.869,1.411,20.019,21.191,0.747,0.751,12.988,22.471,0.189,8.969,9.794,0.018,4155.000,107.364,46.793,8.969,56.586,ON,Clear and warm; Hybrid loop operating; Ceff=1.58x
179,09:29:00,32.900,64.100,62.110,45.820,44.430,31.880,1.413,16.332,17.402,0.795,1.291,766.000,1214.300,1.585,12.978,22.470,0.868,1.411,20.013,21.187,0.747,0.752,12.984,22.466,0.189,8.968,9.789,0.018,4155.000,107.440,46.814,8.968,56.603,ON,Clear and warm; Hybrid loop operating; Ceff=1.59x
180,09:29:30,32.930,64.200,62.200,45.880,44.480,31.890,1.413,16.326,17.399,0.794,1.292,765.900,1214.700,1.586,12.971,22.472,0.868,1.412,20.007,21.183,0.747,0.751,12.963,22.480,0.189,8.955,9.792,0.018,4155.000,107.440,46.799,8.955,56.590,ON,Clear and warm; Hybrid loop operating; Ceff=1.59x
181,09:30:00,32.950,64.300,62.300,45.950,44.540,31.900,1.415,16.321,17.395,0.795,1.292,766.100,1215.600,1.587,12.968,22.483,0.868,1.413,20.001,21.179,0.747,0.751,12.975,22.474,0.189,8.961,9.782,0.018,4155.000,107.592,46.830,8.961,56.612,ON,Clear and warm; Hybrid loop operating; Ceff=1.59x
182,09:30:30,32.980,64.400,62.390,46.010,44.600,31.920,1.417,16.315,17.391,0.795,1.294,766.800,1217.400,1.588,12.974,22.509,0.869,1.414,19.995,21.175,0.747,0.752,12.970,22.504,0.189,8.950,9.781,0.018,4155.000,107.744,46.827,8.950,56.608,ON,Clear and warm; Hybrid loop operating; Ceff=1.59x
183,09:31:00,33.000,64.500,62.480,46.080,44.660,31.930,1.421,16.309,17.388,0.797,1.297,768.100,1220.000,1.588,12.990,22.552,0.871,1.418,19.988,21.171,0.746,0.751,12.998,22.552,0.189,8.954,9.781,0.018,4155.000,108.048,46.859,8.954,56.640,ON,Clear and warm; Hybrid loop operating; Ceff=1.59x
184,09:31:30,33.030,64.600,62.570,46.140,44.720,31.940,1.427,16.303,17.384,0.798,1.301,770.000,1223.700,1.589,13.017,22.613,0.873,1.422,19.982,21.167,0.746,0.751,13.010,22.617,0.189,8.940,9.779,0.018,4155.000,108.504,46.915,8.940,56.694,ON,Clear and warm; Hybrid loop operating; Ceff=1.59x
185,09:32:00,33.050,64.690,62.650,46.200,44.770,31.950,1.433,16.299,17.380,0.801,1.305,772.300,1228.000,1.590,13.052,22.688,0.875,1.427,19.977,21.163,0.747,0.751,13.055,22.681,0.189,8.944,9.772,0.018,4155.000,108.960,46.947,8.944,56.719,ON,Clear and warm; Hybrid loop operating; Ceff=1.59x
186,09:32:30,33.080,64.760,62.720,46.260,44.830,31.960,1.440,16.294,17.377,0.803,1.310,774.900,1232.800,1.591,13.091,22.771,0.878,1.432,19.972,21.160,0.747,0.751,13.084,22.764,0.189,8.934,9.770,0.018,4155.000,109.493,46.993,8.934,56.763,ON,Clear and warm; Hybrid loop operating; Ceff=1.59x
187,09:33:00,33.110,64.820,62.780,46.300,44.870,31.970,1.447,16.291,17.375,0.806,1.315,777.500,1237.500,1.592,13.132,22.854,0.881,1.438,19.969,21.157,0.746,0.751,13.131,22.848,0.189,8.936,9.769,0.018,4155.000,110.025,47.042,8.936,56.811,ON,Clear and warm; Hybrid loop operating; Ceff=1.59x
188,09:33:30,33.130,64.860,62.820,46.340,44.910,31.990,1.454,16.288,17.373,0.808,1.320,779.900,1241.800,1.592,13.169,22.930,0.884,1.443,19.966,21.154,0.746,0.751,13.161,22.932,0.189,8.928,9.771,0.018,4155.000,110.557,47.106,8.928,56.877,ON,Clear and warm; Hybrid loop operating; Ceff=1.59x
189,09:34:00,33.160,64.890,62.860,46.360,44.940,32.000,1.459,16.286,17.371,0.810,1.324,781.700,1245.400,1.593,13.198,22.994,0.886,1.447,19.964,21.152,0.746,0.751,13.192,22.999,0.189,8.929,9.771,0.018,4155.000,110.937,47.131,8.929,56.902,ON,Clear and warm; Hybrid loop operating; Ceff=1.59x
190,09:34:30,33.190,64.900,62.880,46.380,44.970,32.010,1.463,16.285,17.369,0.812,1.326,783.000,1248.100,1.594,13.218,23.040,0.887,1.450,19.962,21.151,0.747,0.751,13.223,23.031,0.189,8.936,9.764,0.018,4155.000,111.241,47.158,8.936,56.922,ON,Clear and warm; Hybrid loop operating; Ceff=1.59x
191,09:35:00,33.220,64.910,62.900,46.400,44.990,32.020,1.466,16.284,17.368,0.812,1.328,783.700,1249.700,1.595,13.229,23.069,0.888,1.452,19.961,21.150,0.746,0.751,13.223,23.065,0.189,8.927,9.765,0.018,4155.000,111.470,47.194,8.927,56.959,ON,Clear and warm; Hybrid loop operating; Ceff=1.59x
192,09:35:30,33.240,64.910,62.920,46.410,45.010,32.030,1.467,16.284,17.367,0.812,1.329,783.800,1250.500,1.595,13.231,23.083,0.888,1.453,19.961,21.149,0.746,0.751,13.223,23.081,0.189,8.926,9.766,0.018,4155.000,111.546,47.196,8.926,56.962,ON,Clear and warm; Hybrid loop operating; Ceff=1.6x
193,09:36:00,33.270,64.910,62.930,46.420,45.030,32.050,1.467,16.283,17.367,0.812,1.329,783.600,1250.900,1.596,13.227,23.087,0.888,1.453,19.960,21.148,0.746,0.751,13.222,23.081,0.189,8.928,9.763,0.018,4155.000,111.546,47.181,8.928,56.944,ON,Clear and warm; Hybrid loop operating; Ceff=1.6x
194,09:36:30,33.300,64.920,62.940,46.430,45.050,32.060,1.468,16.283,17.366,0.812,1.330,783.300,1251.000,1.597,13.222,23.089,0.887,1.453,19.960,21.147,0.747,0.751,13.222,23.097,0.189,8.931,9.769,0.018,4155.000,111.622,47.209,8.931,56.978,ON,Clear and warm; Hybrid loop operating; Ceff=1.6x
195,09:37:00,33.330,64.930,62.970,46.450,45.070,32.070,1.468,16.282,17.364,0.812,1.330,783.300,1251.500,1.598,13.219,23.096,0.887,1.454,19.959,21.145,0.747,0.751,13.221,23.094,0.189,8.930,9.764,0.018,4155.000,111.622,47.191,8.930,56.954,ON,Clear and warm; Hybrid loop operating; Ceff=1.6x
196,09:37:30,33.360,64.960,63.000,46.470,45.100,32.080,1.470,16.280,17.363,0.812,1.331,783.600,1252.600,1.599,13.223,23.114,0.888,1.455,19.956,21.144,0.746,0.751,13.219,23.110,0.189,8.926,9.762,0.018,4155.000,111.774,47.213,8.926,56.975,ON,Clear and warm; Hybrid loop operating; Ceff=1.6x
197,09:38:00,33.390,65.010,63.050,46.510,45.140,32.090,1.473,16.277,17.361,0.813,1.333,784.500,1254.700,1.599,13.235,23.148,0.889,1.457,19.953,21.141,0.746,0.751,13.233,23.142,0.189,8.925,9.759,0.018,4155.000,112.002,47.231,8.925,56.990,ON,Clear and warm; Hybrid loop operating; Ceff=1.6x
198,09:38:30,33.420,65.070,63.110,46.560,45.190,32.100,1.478,16.273,17.358,0.815,1.337,786.000,1257.700,1.600,13.257,23.199,0.890,1.461,19.949,21.138,0.747,0.751,13.262,23.208,0.189,8.928,9.763,0.018,4155.000,112.382,47.278,8.928,57.041,ON,Clear and warm; Hybrid loop operating; Ceff=1.6x
199,09:39:00,33.450,65.150,63.190,46.620,45.240,32.120,1.484,16.268,17.354,0.817,1.341,788.100,1261.700,1.601,13.287,23.266,0.893,1.465,19.944,21.134,0.746,0.751,13.291,23.272,0.189,8.923,9.759,0.018,4155.000,112.838,47.319,8.923,57.078,ON,Clear and warm; Hybrid loop operating; Ceff=1.6x
200,09:39:30,33.480,65.250,63.280,46.690,45.310,32.130,1.491,16.263,17.350,0.819,1.345,790.600,1266.300,1.602,13.324,23.345,0.895,1.470,19.938,21.130,0.747,0.752,13.319,23.336,0.189,8.914,9.750,0.018,4155.000,113.370,47.370,8.914,57.120,ON,Clear and warm; Hybrid loop operating; Ceff=1.6x
201,09:40:00,33.510,65.360,63.380,46.760,45.380,32.140,1.498,16.257,17.346,0.822,1.351,793.300,1271.100,1.602,13.362,23.427,0.898,1.476,19.931,21.125,0.747,0.751,13.363,23.434,0.189,8.913,9.755,0.018,4155.000,113.903,47.412,8.913,57.167,ON,Clear and warm; Hybrid loop operating; Ceff=1.6x
202,09:40:30,33.530,65.480,63.490,46.850,45.450,32.150,1.505,16.250,17.341,0.825,1.356,795.800,1275.900,1.603,13.399,23.506,0.901,1.481,19.924,21.120,0.746,0.752,13.406,23.514,0.189,8.913,9.751,0.018,4155.000,114.435,47.455,8.913,57.206,ON,Clear and warm; Hybrid loop operating; Ceff=1.6x
203,09:41:00,33.560,65.600,63.590,46.930,45.530,32.160,1.511,16.243,17.336,0.827,1.360,798.100,1280.100,1.604,13.429,23.576,0.904,1.486,19.916,21.115,0.746,0.751,13.433,23.577,0.189,8.905,9.745,0.018,4155.000,114.891,47.488,8.905,57.233,ON,Clear and warm; Hybrid loop operating; Ceff=1.6x
204,09:41:30,33.590,65.710,63.700,47.010,45.600,32.170,1.516,16.237,17.332,0.828,1.363,799.800,1283.400,1.605,13.451,23.630,0.905,1.490,19.909,21.110,0.747,0.751,13.444,23.624,0.189,8.894,9.739,0.018,4155.000,115.271,47.522,8.894,57.261,ON,Clear and warm; Hybrid loop operating; Ceff=1.6x
205,09:42:00,33.620,65.810,63.790,47.080,45.670,32.180,1.520,16.231,17.328,0.830,1.366,800.900,1285.800,1.605,13.464,23.666,0.907,1.493,19.903,21.105,0.746,0.751,13.472,23.670,0.189,8.900,9.740,0.018,4155.000,115.575,47.559,8.900,57.299,ON,Clear and warm; Hybrid loop operating; Ceff=1.61x
206,09:42:30,33.650,65.890,63.870,47.140,45.730,32.190,1.522,16.226,17.324,0.830,1.367,801.400,1287.300,1.606,13.468,23.687,0.907,1.494,19.898,21.101,0.746,0.751,13.468,23.682,0.189,8.892,9.734,0.018,4155.000,115.728,47.566,8.892,57.299,ON,Clear and warm; Hybrid loop operating; Ceff=1.61x
207,09:43:00,33.680,65.960,63.940,47.190,45.780,32.200,1.523,16.222,17.321,0.830,1.368,801.500,1288.000,1.607,13.465,23.696,0.907,1.495,19.893,21.098,0.746,0.751,13.464,23.695,0.189,8.888,9.734,0.018,4155.000,115.804,47.571,8.888,57.305,ON,Clear and warm; Hybrid loop operating; Ceff=1.61x
208,09:43:30,33.710,66.010,63.990,47.230,45.820,32.210,1.524,16.219,17.319,0.830,1.368,801.400,1288.400,1.608,13.460,23.698,0.907,1.495,19.890,21.095,0.746,0.751,13.462,23.692,0.189,8.888,9.730,0.018,4155.000,115.880,47.588,8.888,57.317,ON,Clear and warm; Hybrid loop operating; Ceff=1.61x
209,09:44:00,33.730,66.040,64.020,47.260,45.850,32.220,1.525,16.217,17.317,0.830,1.369,801.300,1288.800,1.608,13.456,23.703,0.907,1.496,19.888,21.094,0.746,0.751,13.460,23.707,0.189,8.888,9.733,0.018,4155.000,115.956,47.604,8.888,57.337,ON,Clear and warm; Hybrid loop operating; Ceff=1.61x
210,09:44:30,33.760,66.050,64.050,47.280,45.870,32.230,1.526,16.216,17.316,0.830,1.370,801.400,1289.600,1.609,13.458,23.717,0.907,1.497,19.887,21.092,0.746,0.751,13.459,23.723,0.189,8.886,9.733,0.018,4155.000,116.032,47.606,8.886,57.339,ON,Clear and warm; Hybrid loop operating; Ceff=1.61x
211,09:45:00,33.790,66.060,64.060,47.290,45.890,32.230,1.528,16.216,17.315,0.831,1.371,802.100,1291.300,1.610,13.468,23.746,0.908,1.499,19.886,21.091,0.746,0.751,13.475,23.739,0.189,8.889,9.727,0.018,4155.000,116.184,47.605,8.889,57.332,ON,Clear and warm; Hybrid loop operating; Ceff=1.61x
212,09:45:30,33.820,66.060,64.070,47.300,45.910,32.240,1.532,16.215,17.314,0.832,1.374,803.400,1294.000,1.611,13.489,23.793,0.909,1.502,19.886,21.090,0.746,0.751,13.491,23.789,0.189,8.885,9.727,0.018,4155.000,116.488,47.630,8.885,57.358,ON,Clear and warm; Hybrid loop operating; Ceff=1.61x
213,09:46:00,33.840,66.060,64.090,47.310,45.930,32.250,1.538,16.215,17.313,0.834,1.378,805.300,1297.600,1.611,13.520,23.859,0.911,1.506,19.885,21.089,0.746,0.751,13.523,23.857,0.189,8.885,9.728,0.018,4155.000,116.944,47.684,8.885,57.412,ON,Clear and warm; Hybrid loop operating; Ceff=1.61x
214,09:46:30,33.870,66.070,64.110,47.330,45.960,32.260,1.545,16.214,17.312,0.836,1.383,807.700,1302.100,1.612,13.560,23.939,0.914,1.511,19.884,21.088,0.746,0.751,13.555,23.942,0.189,8.879,9.729,0.018,4155.000,117.476,47.736,8.879,57.465,ON,Clear and warm; Hybrid loop operating; Ceff=1.61x
215,09:47:00,33.900,66.100,64.140,47.360,45.990,32.270,1.553,16.212,17.310,0.839,1.388,810.400,1307.100,1.613,13.604,24.028,0.917,1.517,19.882,21.086,0.746,0.751,13.602,24.026,0.189,8.880,9.726,0.018,4155.000,118.085,47.799,8.880,57.525,ON,Clear and warm; Hybrid loop operating; Ceff=1.61x
216,09:47:30,33.920,66.140,64.190,47.390,46.030,32.270,1.560,16.210,17.308,0.842,1.393,813.200,1312.200,1.614,13.648,24.118,0.920,1.523,19.879,21.083,0.746,0.751,13.649,24.110,0.189,8.880,9.722,0.018,4155.000,118.617,47.828,8.880,57.550,ON,Clear and warm; Hybrid loop operating; Ceff=1.61x
217,09:48:00,33.950,66.200,64.250,47.440,46.080,32.280,1.568,16.206,17.305,0.845,1.398,815.800,1317.000,1.614,13.688,24.201,0.923,1.528,19.875,21.080,0.746,0.751,13.694,24.192,0.189,8.882,9.719,0.018,4155.000,119.225,47.898,8.882,57.618,ON,Clear and warm; Hybrid loop operating; Ceff=1.61x
218,09:48:30,33.970,66.280,64.330,47.500,46.140,32.290,1.574,16.201,17.301,0.847,1.403,818.000,1321.100,1.615,13.719,24.270,0.925,1.533,19.870,21.076,0.746,0.751,13.722,24.273,0.189,8.876,9.721,0.018,4155.000,119.681,47.932,8.876,57.654,ON,Clear and warm; Hybrid loop operating; Ceff=1.62x
219,09:49:00,33.990,66.370,64.420,47.570,46.200,32.290,1.579,16.196,17.298,0.848,1.406,819.600,1324.300,1.616,13.740,24.322,0.927,1.537,19.864,21.072,0.746,0.751,13.734,24.321,0.189,8.866,9.717,0.018,4155.000,120.062,47.968,8.866,57.686,ON,Clear and warm; Hybrid loop operating; Ceff=1.62x
220,09:49:30,34.020,66.480,64.520,47.640,46.270,32.300,1.582,16.189,17.293,0.849,1.408,820.600,1326.500,1.617,13.750,24.355,0.928,1.539,19.857,21.067,0.746,0.751,13.744,24.349,0.189,8.862,9.712,0.018,4155.000,120.290,47.980,8.862,57.692,ON,Clear and warm; Hybrid loop operating; Ceff=1.62x
221,09:50:00,34.040,66.600,64.630,47.720,46.340,32.310,1.584,16.183,17.289,0.850,1.410,821.000,1327.800,1.617,13.751,24.371,0.929,1.541,19.850,21.062,0.746,0.751,13.756,24.377,0.189,8.865,9.714,0.018,4155.000,120.442,47.994,8.865,57.707,ON,Clear and warm; Hybrid loop operating; Ceff=1.62x
222,09:50:30,34.060,66.720,64.740,47.800,46.410,32.310,1.585,16.176,17.284,0.850,1.410,821.100,1328.500,1.618,13.745,24.377,0.929,1.541,19.842,21.057,0.746,0.751,13.750,24.370,0.189,8.860,9.706,0.018,4155.000,120.518,47.999,8.860,57.705,ON,Clear and warm; Hybrid loop operating; Ceff=1.62x
223,09:51:00,34.080,66.840,64.840,47.880,46.480,32.320,1.586,16.169,17.280,0.850,1.411,821.000,1329.000,1.619,13.736,24.378,0.928,1.542,19.835,21.053,0.746,0.751,13.744,24.382,0.189,8.857,9.707,0.018,4155.000,120.594,48.011,8.857,57.718,ON,Clear and warm; Hybrid loop operating; Ceff=1.62x
224,09:51:30,34.110,66.950,64.940,47.950,46.550,32.320,1.587,16.163,17.276,0.850,1.411,821.100,1329.700,1.619,13.731,24.383,0.928,1.543,19.828,21.048,0.746,0.751,13.739,24.376,0.189,8.853,9.700,0.018,4155.000,120.670,48.016,8.853,57.715,ON,Clear and warm; Hybrid loop operating; Ceff=1.62x
225,09:52:00,34.130,67.050,65.030,48.020,46.610,32.330,1.589,16.157,17.272,0.850,1.413,821.500,1331.000,1.620,13.732,24.400,0.929,1.544,19.822,21.044,0.746,0.751,13.733,24.405,0.189,8.845,9.702,0.018,4155.000,120.822,48.029,8.845,57.731,ON,Clear and warm; Hybrid loop operating; Ceff=1.62x
226,09:52:30,34.150,67.140,65.110,48.080,46.660,32.330,1.593,16.152,17.269,0.851,1.415,822.500,1333.100,1.621,13.742,24.433,0.930,1.546,19.817,21.040,0.746,0.751,13.745,24.436,0.189,8.842,9.698,0.018,4155.000,121.126,48.074,8.842,57.773,ON,Clear and warm; Hybrid loop operating; Ceff=1.62x
227,09:53:00,34.170,67.210,65.180,48.130,46.710,32.340,1.597,16.148,17.266,0.852,1.418,824.100,1336.200,1.622,13.764,24.486,0.932,1.550,19.812,21.037,0.745,0.751,13.758,24.483,0.189,8.833,9.695,0.018,4155.000,121.430,48.083,8.833,57.778,ON,Clear and warm; Hybrid loop operating; Ceff=1.62x
228,09:53:30,34.190,67.260,65.240,48.170,46.750,32.340,1.604,16.145,17.263,0.855,1.422,826.200,1340.300,1.622,13.797,24.556,0.934,1.555,19.809,21.035,0.746,0.751,13.804,24.548,0.189,8.840,9.691,0.018,4155.000,121.963,48.146,8.840,57.837,ON,Clear and warm; Hybrid loop operating; Ceff=1.62x
229,09:54:00,34.200,67.300,65.280,48.200,46.780,32.340,1.611,16.142,17.261,0.857,1.427,828.800,1345.100,1.623,13.837,24.641,0.937,1.560,19.806,21.033,0.746,0.751,13.834,24.631,0.189,8.831,9.689,0.018,4155.000,122.495,48.184,8.831,57.873,ON,Clear and warm; Hybrid loop operating; Ceff=1.62x
230,09:54:30,34.220,67.330,65.320,48.220,46.810,32.350,1.619,16.140,17.260,0.860,1.433,831.600,1350.200,1.624,13.882,24.732,0.940,1.566,19.804,21.031,0.746,0.751,13.880,24.734,0.189,8.831,9.692,0.018,4155.000,123.103,48.240,8.831,57.933,ON,Clear and warm; Hybrid loop operating; Ceff=1.62x
231,09:55:00,34.240,67.350,65.350,48.240,46.840,32.350,1.627,16.139,17.258,0.863,1.438,834.400,1355.300,1.624,13.926,24.822,0.943,1.572,19.802,21.029,0.746,0.751,13.928,24.817,0.189,8.832,9.688,0.018,4155.000,123.711,48.296,8.832,57.985,ON,Clear and warm; Hybrid loop operating; Ceff=1.62x
232,09:55:30,34.260,67.370,65.370,48.260,46.860,32.350,1.634,16.138,17.257,0.865,1.443,836.800,1359.800,1.625,13.966,24.903,0.946,1.577,19.801,21.028,0.746,0.751,13.959,24.902,0.189,8.826,9.689,0.018,4155.000,124.244,48.343,8.826,58.033,ON,Clear and warm; Hybrid loop operating; Ceff=1.63x
233,09:56:00,34.270,67.380,65.400,48.270,46.890,32.360,1.640,16.136,17.256,0.867,1.447,838.800,1363.600,1.626,13.997,24.970,0.948,1.581,19.799,21.027,0.746,0.751,13.990,24.969,0.189,8.825,9.689,0.018,4155.000,124.700,48.386,8.825,58.074,ON,Clear and warm; Hybrid loop operating; Ceff=1.63x
234,09:56:30,34.290,67.400,65.430,48.290,46.910,32.360,1.644,16.135,17.255,0.869,1.450,840.100,1366.300,1.626,14.018,25.017,0.949,1.585,19.798,21.025,0.746,0.751,14.021,25.020,0.189,8.831,9.689,0.018,4155.000,125.004,48.408,8.831,58.097,ON,Clear and warm; Hybrid loop operating; Ceff=1.63x
235,09:57:00,34.300,67.430,65.460,48.310,46.940,32.360,1.647,16.133,17.253,0.869,1.452,840.800,1368.100,1.627,14.027,25.047,0.950,1.587,19.796,21.024,0.746,0.751,14.020,25.051,0.189,8.822,9.688,0.018,4155.000,125.232,48.432,8.822,58.121,ON,Clear and warm; Hybrid loop operating; Ceff=1.63x
236,09:57:30,34.320,67.470,65.500,48.340,46.970,32.360,1.648,16.131,17.252,0.870,1.453,841.000,1369.000,1.628,14.028,25.060,0.950,1.588,19.793,21.022,0.746,0.751,14.034,25.067,0.189,8.829,9.688,0.018,4155.000,125.308,48.430,8.829,58.118,ON,Clear and warm; Hybrid loop operating; Ceff=1.63x
237,09:58:00,34.330,67.520,65.550,48.370,47.000,32.370,1.649,16.128,17.250,0.870,1.453,840.900,1369.400,1.628,14.023,25.064,0.950,1.588,19.790,21.020,0.746,0.751,14.031,25.064,0.189,8.829,9.684,0.018,4155.000,125.384,48.445,8.829,58.129,ON,Clear and warm; Hybrid loop operating; Ceff=1.63x
238,09:58:30,34.340,67.580,65.620,48.420,47.040,32.370,1.649,16.124,17.247,0.869,1.453,840.800,1369.700,1.629,14.017,25.066,0.950,1.588,19.786,21.017,0.746,0.751,14.012,25.060,0.189,8.817,9.680,0.018,4155.000,125.384,48.435,8.817,58.115,ON,Clear and warm; Hybrid loop operating; Ceff=1.63x
239,09:59:00,34.360,67.660,65.690,48.460,47.090,32.370,1.650,16.120,17.244,0.869,1.454,840.800,1370.400,1.630,14.013,25.073,0.950,1.589,19.781,21.014,0.746,0.751,14.008,25.073,0.189,8.815,9.680,0.018,4155.000,125.460,48.439,8.815,58.120,ON,Clear and warm; Hybrid loop operating; Ceff=1.63x
240,09:59:30,34.370,67.750,65.770,48.520,47.140,32.370,1.653,16.114,17.241,0.870,1.455,841.300,1371.800,1.631,14.015,25.093,0.951,1.591,19.775,21.010,0.745,0.751,14.019,25.086,0.189,8.817,9.675,0.018,4155.000,125.688,48.478,8.817,58.153,ON,Clear and warm; Hybrid loop operating; Ceff=1.63x
241,10:00:00,34.380,67.850,65.860,48.580,47.190,32.370,1.656,16.109,17.238,0.871,1.458,842.300,1374.100,1.631,14.026,25.128,0.952,1.593,19.769,21.007,0.745,0.751,14.031,25.133,0.189,8.814,9.678,0.018,4155.000,125.916,48.484,8.814,58.162,ON,Clear and warm; Hybrid loop operating; Ceff=1.63x
242,10:00:30,34.390,67.960,65.960,48.650,47.250,32.370,1.661,16.102,17.234,0.872,1.461,844.000,1377.300,1.632,14.047,25.181,0.953,1.597,19.762,21.002,0.746,0.751,14.041,25.179,0.189,8.802,9.673,0.018,4155.000,126.297,48.518,8.802,58.190,ON,Clear and warm; Hybrid loop operating; Ceff=1.63x
243,10:01:00,34.400,68.070,66.060,48.720,47.310,32.380,1.668,16.096,17.230,0.875,1.465,846.200,1381.400,1.633,14.076,25.249,0.956,1.602,19.755,20.998,0.745,0.751,14.084,25.242,0.189,8.806,9.668,0.018,4155.000,126.829,48.578,8.806,58.246,ON,Clear and warm; Hybrid loop operating; Ceff=1.63x
244,10:01:30,34.410,68.180,66.160,48.790,47.370,32.380,1.675,16.090,17.226,0.877,1.470,848.700,1386.100,1.633,14.111,25.328,0.959,1.607,19.748,20.994,0.745,0.751,14.111,25.322,0.189,8.797,9.666,0.018,4155.000,127.361,48.616,8.797,58.282,ON,Clear and warm; Hybrid loop operating; Ceff=1.63x
245,10:02:00,34.420,68.290,66.250,48.860,47.430,32.380,1.683,16.084,17.223,0.880,1.475,851.300,1391.000,1.634,14.148,25.410,0.961,1.612,19.742,20.990,0.746,0.751,14.154,25.404,0.189,8.797,9.663,0.018,4155.000,127.969,48.676,8.797,58.339,ON,Clear and warm; Hybrid loop operating; Ceff=1.63x
246,10:02:30,34.430,68.380,66.340,48.910,47.480,32.380,1.690,16.079,17.219,0.882,1.480,853.800,1395.600,1.635,14.183,25.488,0.964,1.618,19.736,20.986,0.745,0.751,14.182,25.484,0.189,8.788,9.662,0.018,4155.000,128.502,48.718,8.788,58.379,ON,Clear and warm; Hybrid loop operating; Ceff=1.63x
247,10:03:00,34.440,68.460,66.410,48.960,47.530,32.380,1.696,16.074,17.216,0.884,1.484,855.800,1399.500,1.635,14.213,25.554,0.966,1.622,19.731,20.983,0.746,0.751,14.209,25.549,0.189,8.785,9.659,0.018,4155.000,128.958,48.754,8.785,58.413,ON,Clear and warm; Hybrid loop operating; Ceff=1.64x
248,10:03:30,34.450,68.510,66.470,49.000,47.570,32.380,1.701,16.071,17.214,0.886,1.487,857.300,1402.500,1.636,14.234,25.605,0.968,1.626,19.727,20.981,0.745,0.751,14.239,25.597,0.189,8.788,9.657,0.018,4155.000,129.338,48.793,8.788,58.450,ON,Clear and warm; Hybrid loop operating; Ceff=1.64x
249,10:04:00,34.460,68.550,66.510,49.030,47.590,32.380,1.704,16.068,17.213,0.887,1.489,858.200,1404.500,1.637,14.245,25.638,0.969,1.628,19.725,20.979,0.745,0.751,14.252,25.630,0.189,8.787,9.655,0.018,4155.000,129.566,48.810,8.787,58.465,ON,Clear and warm; Hybrid loop operating; Ceff=1.64x
250,10:04:30,34.470,68.580,66.540,49.040,47.610,32.380,1.706,16.067,17.212,0.887,1.491,858.500,1405.500,1.637,14.248,25.654,0.969,1.629,19.723,20.978,0.746,0.751,14.251,25.663,0.189,8.783,9.661,0.018,4155.000,129.718,48.832,8.783,58.493,ON,Clear and warm; Hybrid loop operating; Ceff=1.64x
251,10:05:00,34.480,68.580,66.560,49.050,47.620,32.380,1.706,16.066,17.211,0.887,1.491,858.300,1405.700,1.638,14.244,25.658,0.969,1.629,19.722,20.977,0.745,0.751,14.251,25.662,0.189,8.785,9.659,0.018,4155.000,129.718,48.825,8.785,58.484,ON,Clear and warm; Hybrid loop operating; Ceff=1.64x
252,10:05:30,34.490,68.580,66.560,49.040,47.630,32.380,1.706,16.066,17.211,0.886,1.491,857.900,1405.700,1.639,14.237,25.657,0.968,1.629,19.722,20.977,0.746,0.751,14.234,25.662,0.189,8.779,9.659,0.018,4155.000,129.718,48.825,8.779,58.484,ON,Clear and warm; Hybrid loop operating; Ceff=1.64x
253,10:06:00,34.500,68.570,66.560,49.040,47.630,32.380,1.706,16.066,17.211,0.886,1.491,857.500,1405.700,1.639,14.232,25.657,0.968,1.629,19.722,20.977,0.745,0.751,14.234,25.662,0.189,8.783,9.659,0.018,4155.000,129.718,48.825,8.783,58.484,ON,Clear and warm; Hybrid loop operating; Ceff=1.64x
254,10:06:30,34.500,68.560,66.560,49.030,47.630,32.380,1.707,16.067,17.211,0.886,1.491,857.500,1406.100,1.640,14.231,25.666,0.968,1.630,19.723,20.978,0.745,0.751,14.235,25.662,0.189,8.784,9.656,0.018,4155.000,129.794,48.840,8.784,58.496,ON,Clear and warm; Hybrid loop operating; Ceff=1.64x
255,10:07:00,34.510,68.560,66.570,49.030,47.640,32.380,1.709,16.066,17.211,0.886,1.493,857.900,1407.400,1.640,14.239,25.690,0.969,1.631,19.723,20.978,0.745,0.751,14.234,25.696,0.189,8.779,9.660,0.018,4155.000,129.946,48.852,8.779,58.512,ON,Clear and warm; Hybrid loop operating; Ceff=1.64x
256,10:07:30,34.520,68.570,66.590,49.030,47.650,32.380,1.712,16.066,17.211,0.887,1.495,859.000,1409.700,1.641,14.255,25.730,0.970,1.634,19.722,20.977,0.745,0.751,14.251,25.730,0.189,8.778,9.657,0.018,4155.000,130.174,48.858,8.778,58.516,ON,Clear and warm; Hybrid loop operating; Ceff=1.64x
257,10:08:00,34.530,68.600,66.620,49.050,47.660,32.390,1.717,16.064,17.210,0.889,1.498,860.600,1412.900,1.642,14.280,25.787,0.972,1.638,19.720,20.976,0.745,0.751,14.281,25.781,0.189,8.780,9.654,0.018,4155.000,130.555,48.890,8.780,58.544,ON,Clear and warm; Hybrid loop operating; Ceff=1.64x
258,10:08:30,34.540,68.640,66.660,49.080,47.690,32.390,1.724,16.062,17.208,0.891,1.503,862.700,1416.900,1.642,14.312,25.857,0.974,1.642,19.717,20.974,0.745,0.751,14.311,25.864,0.189,8.777,9.658,0.018,4155.000,131.087,48.951,8.777,58.609,ON,Clear and warm; Hybrid loop operating; Ceff=1.64x
259,10:09:00,34.540,68.700,66.720,49.110,47.730,32.390,1.731,16.058,17.206,0.893,1.507,865.100,1421.300,1.643,14.347,25.933,0.976,1.647,19.713,20.972,0.746,0.751,14.340,25.929,0.189,8.770,9.653,0.018,4155.000,131.619,48.997,8.770,58.650,ON,Clear and warm; Hybrid loop operating; Ceff=1.64x
260,10:09:30,34.550,68.780,66.790,49.160,47.770,32.390,1.738,16.053,17.203,0.896,1.512,867.400,1425.800,1.644,14.381,26.009,0.979,1.652,19.708,20.969,0.745,0.751,14.383,26.011,0.189,8.774,9.652,0.018,4155.000,132.151,49.040,8.774,58.693,ON,Clear and warm; Hybrid loop operating; Ceff=1.64x
261,10:10:00,34.560,68.870,66.870,49.220,47.820,32.390,1.744,16.048,17.200,0.898,1.516,869.500,1429.800,1.644,14.410,26.076,0.981,1.657,19.703,20.965,0.746,0.751,14.411,26.075,0.189,8.769,9.649,0.018,4155.000,132.608,49.072,8.769,58.721,ON,Clear and warm; Hybrid loop operating; Ceff=1.64x
262,10:10:30,34.570,68.970,66.960,49.280,47.880,32.390,1.749,16.043,17.197,0.900,1.519,871.200,1433.000,1.645,14.431,26.129,0.983,1.661,19.696,20.961,0.745,0.750,14.439,26.122,0.189,8.769,9.645,0.018,4155.000,132.988,49.103,8.769,58.748,ON,Clear and warm; Hybrid loop operating; Ceff=1.64x
263,10:11:00,34.580,69.070,67.050,49.350,47.930,32.390,1.753,16.037,17.193,0.901,1.522,872.200,1435.300,1.646,14.442,26.163,0.984,1.663,19.690,20.958,0.745,0.751,14.449,26.168,0.189,8.765,9.646,0.018,4155.000,133.292,49.136,8.765,58.782,ON,Clear and warm; Hybrid loop operating; Ceff=1.65x
264,10:11:30,34.590,69.170,67.140,49.410,47.980,32.390,1.755,16.031,17.190,0.901,1.523,872.600,1436.500,1.646,14.442,26.179,0.985,1.664,19.684,20.954,0.745,0.751,14.444,26.180,0.189,8.758,9.643,0.018,4155.000,133.444,49.151,8.758,58.794,ON,Clear and warm; Hybrid loop operating; Ceff=1.65x
265,10:12:00,34.590,69.260,67.220,49.460,48.030,32.390,1.756,16.026,17.187,0.901,1.523,872.500,1436.800,1.647,14.435,26.180,0.984,1.665,19.679,20.951,0.745,0.750,14.439,26.176,0.189,8.756,9.639,0.018,4155.000,133.520,49.169,8.756,58.808,ON,Clear and warm; Hybrid loop operating; Ceff=1.65x
266,10:12:30,34.600,69.330,67.290,49.500,48.070,32.400,1.755,16.022,17.184,0.900,1.523,872.000,1436.600,1.647,14.422,26.171,0.984,1.664,19.674,20.948,0.745,0.751,14.420,26.171,0.189,8.749,9.639,0.018,4155.000,133.444,49.148,8.749,58.786,ON,Clear and warm; Hybrid loop operating; Ceff=1.65x
267,10:13:00,34.610,69.390,67.340,49.540,48.100,32.400,1.755,16.019,17.182,0.900,1.523,871.500,1436.200,1.648,14.409,26.160,0.983,1.664,19.671,20.946,0.745,0.751,14.417,26.168,0.189,8.753,9.640,0.018,4155.000,133.444,49.161,8.753,58.802,ON,Clear and warm; Hybrid loop operating; Ceff=1.65x
268,10:13:30,34.620,69.420,67.370,49.560,48.120,32.400,1.754,16.017,17.181,0.899,1.522,871.000,1436.100,1.649,14.400,26.155,0.983,1.664,19.668,20.945,0.745,0.750,14.399,26.149,0.189,8.747,9.634,0.018,4155.000,133.368,49.137,8.747,58.771,ON,Clear and warm; Hybrid loop operating; Ceff=1.65x
269,10:14:00,34.630,69.440,67.390,49.570,48.130,32.400,1.755,16.016,17.180,0.899,1.523,871.000,1436.600,1.649,14.399,26.164,0.983,1.664,19.667,20.944,0.745,0.751,14.398,26.165,0.189,8.746,9.637,0.018,4155.000,133.444,49.148,8.746,58.784,ON,Clear and warm; Hybrid loop operating; Ceff=1.65x
270,10:14:30,34.640,69.440,67.400,49.570,48.140,32.410,1.757,16.016,17.180,0.900,1.524,871.600,1438.000,1.650,14.408,26.189,0.983,1.666,19.667,20.944,0.745,0.751,14.414,26.182,0.189,8.750,9.634,0.018,4155.000,133.596,49.156,8.750,58.789,ON,Clear and warm; Hybrid loop operating; Ceff=1.65x
271,10:15:00,34.650,69.420,67.390,49.560,48.140,32.410,1.761,16.016,17.181,0.901,1.527,872.700,1440.500,1.651,14.427,26.234,0.984,1.669,19.668,20.944,0.745,0.750,14.430,26.235,0.189,8.749,9.636,0.018,4155.000,133.900,49.182,8.749,58.818,ON,Clear and warm; Hybrid loop operating; Ceff=1.65x
272,10:15:30,34.670,69.400,67.380,49.550,48.130,32.410,1.767,16.017,17.181,0.903,1.531,874.500,1443.900,1.651,14.457,26.297,0.986,1.673,19.669,20.944,0.745,0.750,14.463,26.304,0.189,8.751,9.639,0.018,4155.000,134.356,49.233,8.751,58.872,ON,Clear and warm; Hybrid loop operating; Ceff=1.65x
273,10:16:00,34.680,69.380,67.370,49.540,48.130,32.410,1.773,16.018,17.181,0.905,1.535,876.600,1447.900,1.652,14.494,26.371,0.989,1.677,19.670,20.945,0.745,0.751,14.496,26.373,0.189,8.750,9.637,0.018,4155.000,134.813,49.264,8.750,58.901,ON,Clear and warm; Hybrid loop operating; Ceff=1.65x
274,10:16:30,34.690,69.360,67.370,49.530,48.140,32.420,1.780,16.019,17.181,0.907,1.540,878.900,1452.300,1.652,14.533,26.451,0.991,1.683,19.671,20.945,0.746,0.750,14.529,26.459,0.189,8.747,9.639,0.018,4155.000,135.345,49.309,8.747,58.948,ON,Clear and warm; Hybrid loop operating; Ceff=1.65x
275,10:17:00,34.700,69.350,67.370,49.530,48.140,32.420,1.787,16.019,17.181,0.910,1.544,881.200,1456.500,1.653,14.570,26.528,0.994,1.687,19.671,20.945,0.745,0.751,14.577,26.527,0.189,8.753,9.637,0.018,4155.000,135.877,49.360,8.753,58.997,ON,Clear and warm; Hybrid loop operating; Ceff=1.65x
276,10:17:30,34.710,69.360,67.380,49.540,48.150,32.420,1.793,16.019,17.181,0.911,1.548,883.100,1460.200,1.654,14.601,26.594,0.996,1.692,19.670,20.944,0.745,0.750,14.593,26.596,0.189,8.743,9.637,0.018,4155.000,136.333,49.400,8.743,59.037,ON,Clear and warm; Hybrid loop operating; Ceff=1.65x
277,10:18:00,34.730,69.370,67.400,49.550,48.170,32.430,1.798,16.018,17.180,0.913,1.551,884.500,1463.000,1.654,14.623,26.643,0.998,1.695,19.669,20.943,0.745,0.751,14.624,26.646,0.189,8.748,9.637,0.018,4155.000,136.714,49.443,8.748,59.080,ON,Clear and warm; Hybrid loop operating; Ceff=1.65x
278,10:18:30,34.740,69.410,67.440,49.580,48.200,32.430,1.800,16.016,17.178,0.914,1.553,885.200,1464.800,1.655,14.633,26.673,0.999,1.697,19.667,20.941,0.745,0.751,14.639,26.677,0.189,8.750,9.636,0.018,4155.000,136.866,49.437,8.750,59.073,ON,Clear and warm; Hybrid loop operating; Ceff=1.65x
279,10:19:00,34.760,69.460,67.480,49.610,48.230,32.440,1.802,16.013,17.176,0.914,1.554,885.400,1465.700,1.655,14.633,26.685,0.999,1.698,19.664,20.939,0.745,0.751,14.636,26.692,0.189,8.746,9.635,0.018,4155.000,137.018,49.462,8.746,59.097,ON,Clear and warm; Hybrid loop operating; Ceff=1.66x
280,10:19:30,34.770,69.520,67.540,49.660,48.270,32.440,1.802,16.009,17.174,0.914,1.554,885.200,1465.800,1.656,14.625,26.682,0.998,1.698,19.660,20.936,0.745,0.751,14.632,26.688,0.189,8.746,9.634,0.018,4155.000,137.018,49.458,8.746,59.092,ON,Clear and warm; Hybrid loop operating; Ceff=1.66x
281,10:20:00,34.790,69.590,67.610,49.700,48.320,32.450,1.801,16.005,17.171,0.913,1.553,884.700,1465.400,1.656,14.611,26.671,0.998,1.698,19.655,20.933,0.745,0.750,14.613,26.667,0.189,8.739,9.628,0.018,4155.000,136.942,49.444,8.739,59.073,ON,Clear and warm; Hybrid loop operating; Ceff=1.66x
282,10:20:30,34.800,69.670,67.680,49.760,48.360,32.450,1.801,16.000,17.168,0.912,1.553,884.200,1465.100,1.657,14.598,26.660,0.997,1.697,19.650,20.930,0.745,0.751,14.592,26.662,0.189,8.732,9.629,0.018,4155.000,136.942,49.455,8.732,59.083,ON,Clear and warm; Hybrid loop operating; Ceff=1.66x
283,10:21:00,34.820,69.760,67.750,49.810,48.410,32.460,1.801,15.996,17.165,0.912,1.553,884.000,1465.300,1.658,14.589,26.656,0.997,1.697,19.645,20.927,0.745,0.751,14.588,26.657,0.189,8.732,9.626,0.018,4155.000,136.942,49.448,8.732,59.073,ON,Clear and warm; Hybrid loop operating; Ceff=1.66x
284,10:21:30,34.830,69.840,67.830,49.860,48.450,32.460,1.803,15.991,17.162,0.912,1.554,884.200,1466.200,1.658,14.588,26.668,0.997,1.698,19.640,20.924,0.745,0.751,14.584,26.670,0.189,8.727,9.624,0.018,4155.000,137.094,49.472,8.727,59.097,ON,Clear and warm; Hybrid loop operating; Ceff=1.66x
285,10:22:00,34.850,69.920,67.890,49.910,48.500,32.470,1.806,15.987,17.159,0.913,1.556,885.100,1468.200,1.659,14.597,26.698,0.998,1.700,19.635,20.921,0.745,0.751,14.596,26.699,0.189,8.725,9.622,0.018,4155.000,137.322,49.487,8.725,59.109,ON,Clear and warm; Hybrid loop operating; Ceff=1.66x
286,10:22:30,34.870,69.980,67.960,49.960,48.540,32.480,1.811,15.983,17.157,0.915,1.559,886.600,1471.100,1.659,14.617,26.747,1.000,1.704,19.631,20.918,0.745,0.750,14.624,26.748,0.189,8.728,9.620,0.018,4155.000,137.702,49.526,8.728,59.147,ON,Clear and warm; Hybrid loop operating; Ceff=1.66x
287,10:23:00,34.890,70.040,68.010,50.000,48.570,32.480,1.817,15.980,17.154,0.917,1.563,888.600,1475.000,1.660,14.647,26.812,1.002,1.708,19.627,20.915,0.745,0.751,14.654,26.812,0.189,8.725,9.618,0.018,4155.000,138.158,49.559,8.725,59.177,ON,Clear and warm; Hybrid loop operating; Ceff=1.66x
288,10:23:30,34.910,70.080,68.050,50.030,48.610,32.490,1.824,15.977,17.153,0.919,1.568,890.900,1479.400,1.660,14.682,26.888,1.004,1.713,19.625,20.913,0.745,0.751,14.683,26.896,0.189,8.720,9.619,0.018,4155.000,138.691,49.602,8.720,59.221,ON,Clear and warm; Hybrid loop operating; Ceff=1.66x
289,10:24:00,34.930,70.110,68.080,50.060,48.630,32.500,1.831,15.976,17.151,0.921,1.572,893.300,1483.900,1.661,14.720,26.968,1.007,1.718,19.623,20.911,0.745,0.751,14.714,26.961,0.189,8.715,9.613,0.018,4155.000,139.223,49.641,8.715,59.255,ON,Clear and warm; Hybrid loop operating; Ceff=1.66x
290,10:24:30,34.950,70.120,68.100,50.070,48.660,32.500,1.838,15.975,17.150,0.924,1.577,895.600,1488.200,1.662,14.756,27.043,1.010,1.723,19.622,20.910,0.745,0.751,14.761,27.046,0.189,8.720,9.616,0.018,4155.000,139.755,49.687,8.720,59.303,ON,Clear and warm; Hybrid loop operating; Ceff=1.66x
291,10:25:00,34.970,70.120,68.110,50.080,48.670,32.510,1.844,15.974,17.149,0.926,1.581,897.400,1491.700,1.662,14.786,27.106,1.012,1.727,19.621,20.909,0.745,0.751,14.792,27.113,0.189,8.721,9.617,0.018,4155.000,140.211,49.732,8.721,59.349,ON,Clear and warm; Hybrid loop operating; Ceff=1.66x
292,10:25:30,34.990,70.120,68.110,50.090,48.690,32.520,1.848,15.974,17.148,0.927,1.583,898.700,1494.400,1.663,14.808,27.153,1.013,1.730,19.621,20.909,0.745,0.751,14.808,27.145,0.189,8.718,9.611,0.018,4155.000,140.515,49.750,8.718,59.361,ON,Clear and warm; Hybrid loop operating; Ceff=1.66x
293,10:26:00,35.010,70.110,68.110,50.090,48.700,32.520,1.851,15.975,17.148,0.928,1.585,899.400,1496.000,1.663,14.819,27.181,1.014,1.732,19.622,20.908,0.745,0.751,14.825,27.180,0.189,8.721,9.613,0.018,4155.000,140.744,49.778,8.721,59.391,ON,Clear and warm; Hybrid loop operating; Ceff=1.66x
294,10:26:30,35.030,70.090,68.110,50.090,48.710,32.530,1.852,15.975,17.148,0.928,1.586,899.500,1496.700,1.664,14.822,27.194,1.014,1.733,19.622,20.908,0.745,0.751,14.825,27.197,0.189,8.720,9.614,0.018,4155.000,140.820,49.781,8.720,59.396,ON,Clear and warm; Hybrid loop operating; Ceff=1.66x
295,10:27:00,35.050,70.080,68.110,50.090,48.720,32.540,1.852,15.975,17.147,0.928,1.586,899.300,1496.800,1.664,14.818,27.194,1.014,1.733,19.623,20.908,0.745,0.751,14.825,27.195,0.189,8.722,9.613,0.018,4155.000,140.820,49.778,8.722,59.391,ON,Clear and warm; Hybrid loop operating; Ceff=1.66x
296,10:27:30,35.080,70.080,68.120,50.100,48.730,32.550,1.852,15.975,17.147,0.927,1.586,898.900,1496.600,1.665,14.811,27.190,1.013,1.733,19.622,20.907,0.745,0.750,14.809,27.195,0.189,8.717,9.614,0.018,4155.000,140.820,49.785,8.717,59.399,ON,Clear and warm; Hybrid loop operating; Ceff=1.66x
297,10:28:00,35.100,70.090,68.140,50.120,48.750,32.560,1.852,15.974,17.146,0.927,1.586,898.600,1496.600,1.665,14.805,27.188,1.013,1.733,19.621,20.906,0.745,0.750,14.808,27.194,0.189,8.719,9.614,0.018,4155.000,140.820,49.785,8.719,59.399,ON,Clear and warm; Hybrid loop operating; Ceff=1.67x
298,10:28:30,35.120,70.120,68.170,50.140,48.780,32.570,1.853,15.973,17.144,0.927,1.586,898.600,1497.200,1.666,14.804,27.196,1.013,1.734,19.620,20.904,0.745,0.750,14.807,27.190,0.189,8.718,9.609,0.018,4155.000,140.896,49.792,8.718,59.400,ON,Clear and warm; Hybrid loop operating; Ceff=1.67x
299,10:29:00,35.140,70.160,68.210,50.170,48.810,32.570,1.855,15.970,17.142,0.927,1.588,899.300,1498.700,1.667,14.811,27.219,1.014,1.735,19.617,20.902,0.745,0.751,14.804,27.221,0.189,8.710,9.610,0.018,4155.000,141.048,49.795,8.710,59.406,ON,Clear and warm; Hybrid loop operating; Ceff=1.67x
300,10:29:30,35.170,70.230,68.270,50.220,48.850,32.580,1.859,15.966,17.140,0.929,1.590,900.500,1501.200,1.667,14.827,27.259,1.015,1.738,19.613,20.899,0.745,0.750,14.832,27.253,0.189,8.715,9.605,0.018,4155.000,141.352,49.820,8.715,59.425,ON,Clear and warm; Hybrid loop operating; Ceff=1.67x
301,10:30:00,35.190,70.300,68.340,50.280,48.900,32.590,1.865,15.962,17.136,0.930,1.594,902.300,1504.700,1.668,14.852,27.316,1.017,1.742,19.608,20.895,0.745,0.750,14.845,27.315,0.189,8.705,9.605,0.018,4155.000,141.808,49.864,8.705,59.469,ON,Clear and warm; Hybrid loop operating; Ceff=1.67x
302,10:30:30,35.220,70.400,68.420,50.340,48.960,32.600,1.872,15.957,17.133,0.933,1.598,904.500,1508.900,1.668,14.883,27.386,1.019,1.747,19.602,20.891,0.745,0.750,14.888,27.379,0.189,8.709,9.600,0.018,4155.000,142.340,49.912,8.709,59.512,ON,Clear and warm; Hybrid loop operating; Ceff=1.67x
303,10:31:00,35.240,70.500,68.510,50.410,49.030,32.610,1.880,15.951,17.129,0.935,1.603,907.000,1513.600,1.669,14.917,27.463,1.022,1.752,19.596,20.887,0.745,0.750,14.914,27.458,0.189,8.700,9.598,0.018,4155.000,142.949,49.970,8.700,59.568,ON,Clear and warm; Hybrid loop operating; Ceff=1.67x
304,10:31:30,35.270,70.600,68.610,50.490,49.090,32.620,1.887,15.945,17.124,0.938,1.608,909.500,1518.200,1.669,14.951,27.538,1.025,1.757,19.589,20.882,0.745,0.751,14.956,27.535,0.189,8.701,9.596,0.018,4155.000,143.481,50.004,8.701,59.600,ON,Clear and warm; Hybrid loop operating; Ceff=1.67x
305,10:32:00,35.290,70.710,68.700,50.560,49.160,32.630,1.894,15.939,17.120,0.940,1.612,911.700,1522.300,1.670,14.980,27.604,1.027,1.762,19.583,20.878,0.745,0.750,14.983,27.597,0.189,8.695,9.592,0.018,4155.000,144.013,50.054,8.695,59.646,ON,Clear and warm; Hybrid loop operating; Ceff=1.67x
306,10:32:30,35.320,70.800,68.790,50.630,49.220,32.640,1.900,15.934,17.116,0.941,1.616,913.400,1525.600,1.670,15.001,27.656,1.029,1.766,19.577,20.874,0.745,0.750,14.994,27.659,0.189,8.685,9.593,0.018,4155.000,144.469,50.104,8.685,59.697,ON,Clear and warm; Hybrid loop operating; Ceff=1.67x
307,10:33:00,35.340,70.880,68.860,50.690,49.280,32.650,1.903,15.929,17.113,0.943,1.618,914.500,1527.900,1.671,15.014,27.691,1.030,1.768,19.572,20.870,0.745,0.750,15.021,27.689,0.189,8.691,9.588,0.018,4155.000,144.697,50.108,8.691,59.696,ON,Clear and warm; Hybrid loop operating; Ceff=1.67x
308,10:33:30,35.370,70.950,68.930,50.740,49.330,32.660,1.905,15.925,17.110,0.943,1.619,915.000,1529.200,1.671,15.017,27.708,1.031,1.770,19.568,20.867,0.744,0.750,15.017,27.701,0.189,8.684,9.585,0.018,4155.000,144.850,50.118,8.684,59.702,ON,Clear and warm; Hybrid loop operating; Ceff=1.67x
309,10:34:00,35.390,70.990,68.970,50.780,49.360,32.670,1.906,15.923,17.108,0.943,1.620,914.900,1529.600,1.672,15.013,27.711,1.030,1.770,19.565,20.864,0.745,0.750,15.015,27.715,0.189,8.684,9.587,0.018,4155.000,144.926,50.131,8.684,59.718,ON,Clear and warm; Hybrid loop operating; Ceff=1.67x
310,10:34:30,35.420,71.020,69.000,50.810,49.390,32.680,1.906,15.921,17.106,0.943,1.620,914.600,1529.500,1.672,15.006,27.706,1.030,1.770,19.563,20.862,0.745,0.750,15.014,27.712,0.189,8.685,9.586,0.018,4155.000,144.926,50.134,8.685,59.720,ON,Clear and warm; Hybrid loop operating; Ceff=1.67x
311,10:35:00,35.440,71.030,69.020,50.820,49.420,32.690,1.906,15.920,17.105,0.942,1.619,914.200,1529.300,1.673,14.998,27.700,1.030,1.770,19.562,20.861,0.744,0.750,14.997,27.693,0.189,8.679,9.581,0.018,4155.000,144.926,50.141,8.679,59.722,ON,Clear and warm; Hybrid loop operating; Ceff=1.67x
312,10:35:30,35.470,71.030,69.030,50.830,49.430,32.690,1.906,15.920,17.104,0.942,1.620,914.000,1529.400,1.673,14.994,27.701,1.029,1.770,19.562,20.860,0.745,0.750,14.997,27.708,0.189,8.681,9.586,0.018,4155.000,144.926,50.137,8.681,59.723,ON,Clear and warm; Hybrid loop operating; Ceff=1.67x
313,10:36:00,35.490,71.020,69.030,50.830,49.440,32.700,1.907,15.920,17.104,0.942,1.620,914.200,1530.200,1.674,14.998,27.715,1.030,1.771,19.562,20.860,0.744,0.750,14.997,27.708,0.189,8.679,9.581,0.018,4155.000,145.002,50.138,8.679,59.718,ON,Clear and warm; Hybrid loop operating; Ceff=1.67x
314,10:36:30,35.520,71.010,69.040,50.840,49.450,32.710,1.910,15.920,17.103,0.943,1.622,915.000,1532.000,1.674,15.011,27.746,1.030,1.773,19.562,20.859,0.745,0.750,15.013,27.741,0.189,8.681,9.581,0.018,4155.000,145.230,50.157,8.681,59.738,ON,Clear and warm; Hybrid loop operating; Ceff=1.67x
315,10:37:00,35.540,71.010,69.040,50.840,49.470,32.720,1.915,15.920,17.103,0.944,1.625,916.400,1534.800,1.675,15.034,27.795,1.032,1.776,19.562,20.859,0.745,0.750,15.028,27.792,0.189,8.677,9.581,0.018,4155.000,145.610,50.197,8.677,59.778,ON,Clear and warm; Hybrid loop operating; Ceff=1.67x
316,10:37:30,35.570,71.020,69.060,50.860,49.490,32.730,1.921,15.919,17.102,0.946,1.629,918.300,1538.500,1.675,15.064,27.859,1.034,1.780,19.561,20.857,0.745,0.750,15.059,27.859,0.189,8.677,9.581,0.018,4155.000,146.066,50.233,8.677,59.814,ON,Clear and warm; Hybrid loop operating; Ceff=1.68x
317,10:38:00,35.590,71.040,69.090,50.880,49.520,32.740,1.928,15.918,17.100,0.949,1.634,920.600,1542.700,1.676,15.100,27.933,1.037,1.785,19.560,20.856,0.744,0.750,15.106,27.941,0.189,8.682,9.583,0.018,4155.000,146.598,50.279,8.682,59.862,ON,Clear and warm; Hybrid loop operating; Ceff=1.68x
318,10:38:30,35.610,71.080,69.130,50.920,49.560,32.750,1.935,15.915,17.098,0.951,1.638,923.000,1547.200,1.676,15.136,28.010,1.039,1.790,19.557,20.853,0.745,0.750,15.135,28.007,0.189,8.676,9.577,0.018,4155.000,147.131,50.315,8.676,59.892,ON,Clear and warm; Hybrid loop operating; Ceff=1.68x
319,10:39:00,35.640,71.150,69.190,50.970,49.610,32.760,1.942,15.912,17.095,0.953,1.643,925.300,1551.500,1.677,15.169,28.081,1.042,1.795,19.553,20.850,0.745,0.750,15.164,28.087,0.189,8.671,9.578,0.018,4155.000,147.663,50.357,8.671,59.935,ON,Clear and warm; Hybrid loop operating; Ceff=1.68x
320,10:39:30,35.660,71.230,69.270,51.030,49.660,32.770,1.948,15.907,17.091,0.955,1.646,927.100,1555.100,1.677,15.194,28.139,1.044,1.799,19.548,20.846,0.745,0.750,15.191,28.132,0.189,8.670,9.571,0.018,4155.000,148.119,50.395,8.670,59.967,ON,Clear and warm; Hybrid loop operating; Ceff=1.68x
321,10:40:00,35.690,71.320,69.360,51.100,49.720,32.780,1.953,15.901,17.088,0.956,1.649,928.400,1557.700,1.678,15.209,28.179,1.045,1.802,19.542,20.842,0.745,0.750,15.201,28.178,0.189,8.663,9.571,0.018,4155.000,148.499,50.440,8.663,60.012,ON,Clear and warm; Hybrid loop operating; Ceff=1.68x
322,10:40:30,35.710,71.430,69.450,51.170,49.790,32.790,1.955,15.895,17.083,0.957,1.651,929.100,1559.300,1.678,15.213,28.199,1.046,1.804,19.535,20.837,0.745,0.750,15.212,28.204,0.189,8.663,9.570,0.018,4155.000,148.651,50.440,8.663,60.010,ON,Clear and warm; Hybrid loop operating; Ceff=1.68x
323,10:41:00,35.730,71.540,69.550,51.250,49.860,32.800,1.956,15.889,17.079,0.957,1.651,929.200,1559.900,1.679,15.207,28.201,1.046,1.805,19.528,20.833,0.744,0.750,15.206,28.197,0.189,8.658,9.564,0.018,4155.000,148.727,50.447,8.658,60.011,ON,Clear and warm; Hybrid loop operating; Ceff=1.68x
324,10:41:30,35.750,71.650,69.650,51.320,49.920,32.800,1.956,15.883,17.075,0.957,1.651,928.800,1559.700,1.679,15.193,28.189,1.045,1.804,19.521,20.828,0.745,0.750,15.200,28.191,0.189,8.659,9.563,0.018,4155.000,148.727,50.453,8.659,60.016,ON,Clear and warm; Hybrid loop operating; Ceff=1.68x
325,10:42:00,35.780,71.750,69.740,51.390,49.990,32.810,1.955,15.877,17.071,0.956,1.650,928.200,1559.100,1.680,15.176,28.171,1.045,1.804,19.515,20.824,0.744,0.750,15.178,28.167,0.189,8.652,9.559,0.018,4155.000,148.651,50.447,8.652,60.006,ON,Clear and warm; Hybrid loop operating; Ceff=1.68x
326,10:42:30,35.800,71.850,69.830,51.460,50.040,32.820,1.954,15.872,17.067,0.955,1.650,927.700,1558.600,1.680,15.160,28.154,1.044,1.803,19.509,20.820,0.744,0.750,15.158,28.161,0.189,8.645,9.560,0.018,4155.000,148.575,50.437,8.645,59.997,ON,Clear and warm; Hybrid loop operating; Ceff=1.68x
327,10:43:00,35.820,71.930,69.900,51.510,50.090,32.830,1.954,15.867,17.064,0.955,1.649,927.400,1558.600,1.681,15.150,28.147,1.044,1.803,19.504,20.816,0.744,0.750,15.153,28.139,0.189,8.645,9.552,0.018,4155.000,148.575,50.437,8.645,59.989,ON,Clear and warm; Hybrid loop operating; Ceff=1.68x
328,10:43:30,35.840,71.990,69.960,51.560,50.130,32.840,1.955,15.864,17.062,0.955,1.650,927.600,1559.300,1.681,15.149,28.155,1.044,1.803,19.500,20.814,0.744,0.750,15.150,28.152,0.189,8.642,9.553,0.018,4155.000,148.651,50.440,8.642,59.993,ON,Clear and warm; Hybrid loop operating; Ceff=1.68x
329,10:44:00,35.860,72.040,70.000,51.590,50.170,32.840,1.958,15.861,17.060,0.956,1.652,928.400,1561.100,1.682,15.159,28.182,1.045,1.805,19.497,20.811,0.744,0.750,15.163,28.183,0.189,8.642,9.552,0.018,4155.000,148.879,50.459,8.642,60.011,ON,Clear and warm; Hybrid loop operating; Ceff=1.68x
330,10:44:30,35.880,72.070,70.040,51.620,50.190,32.850,1.963,15.859,17.058,0.957,1.655,929.700,1563.800,1.682,15.179,28.228,1.046,1.809,19.495,20.810,0.744,0.750,15.177,28.231,0.189,8.637,9.552,0.018,4155.000,149.260,50.501,8.637,60.053,ON,Clear and warm; Hybrid loop operating; Ceff=1.68x
331,10:45:00,35.900,72.080,70.060,51.630,50.210,32.860,1.969,15.858,17.057,0.959,1.659,931.600,1567.300,1.682,15.207,28.290,1.048,1.813,19.494,20.808,0.744,0.750,15.208,28.298,0.189,8.637,9.553,0.018,4155.000,149.716,50.542,8.637,60.095,ON,Clear and warm; Hybrid loop operating; Ceff=1.68x
332,10:45:30,35.910,72.090,70.070,51.650,50.230,32.860,1.975,15.857,17.056,0.961,1.663,933.700,1571.300,1.683,15.241,28.359,1.050,1.817,19.493,20.807,0.745,0.750,15.239,28.364,0.189,8.635,9.551,0.018,4155.000,150.172,50.567,8.635,60.118,ON,Clear and warm; Hybrid loop operating; Ceff=1.68x
333,10:46:00,35.930,72.090,70.090,51.650,50.250,32.870,1.982,15.857,17.055,0.963,1.667,935.800,1575.300,1.683,15.275,28.430,1.053,1.822,19.493,20.807,0.744,0.750,15.270,28.431,0.189,8.634,9.549,0.018,4155.000,150.704,50.617,8.634,60.167,ON,Clear and warm; Hybrid loop operating; Ceff=1.68x
334,10:46:30,35.950,72.090,70.090,51.660,50.260,32.880,1.988,15.857,17.055,0.965,1.671,937.700,1578.900,1.684,15.306,28.494,1.055,1.826,19.492,20.806,0.744,0.750,15.302,28.499,0.189,8.634,9.550,0.018,4155.000,151.161,50.655,8.634,60.205,ON,Clear and warm; Hybrid loop operating; Ceff=1.68x
335,10:47:00,35.960,72.090,70.110,51.670,50.280,32.880,1.993,15.856,17.054,0.967,1.674,939.100,1581.700,1.684,15.329,28.543,1.057,1.829,19.492,20.805,0.744,0.750,15.333,28.548,0.189,8.639,9.550,0.018,4155.000,151.541,50.692,8.639,60.242,ON,Clear and warm; Hybrid loop operating; Ceff=1.68x
336,10:47:30,35.980,72.100,70.120,51.680,50.300,32.890,1.996,15.855,17.053,0.968,1.676,939.900,1583.500,1.685,15.341,28.573,1.057,1.831,19.491,20.804,0.745,0.750,15.348,28.581,0.189,8.640,9.550,0.018,4155.000,151.769,50.711,8.640,60.261,ON,Clear and warm; Hybrid loop operating; Ceff=1.68x
337,10:48:00,36.000,72.120,70.150,51.700,50.320,32.890,1.997,15.854,17.052,0.968,1.676,940.100,1584.200,1.685,15.342,28.584,1.058,1.832,19.490,20.803,0.744,0.750,15.347,28.579,0.189,8.637,9.545,0.018,4155.000,151.845,50.714,8.637,60.259,ON,Clear and warm; Hybrid loop operating; Ceff=1.69x
338,10:48:30,36.010,72.160,70.180,51.730,50.350,32.900,1.996,15.852,17.050,0.967,1.676,939.800,1584.000,1.686,15.334,28.577,1.057,1.832,19.487,20.801,0.744,0.750,15.329,28.576,0.189,8.630,9.545,0.018,4155.000,151.769,50.695,8.630,60.240,ON,Clear and warm; Hybrid loop operating; Ceff=1.69x
339,10:49:00,36.020,72.200,70.230,51.760,50.380,32.900,1.995,15.849,17.048,0.967,1.675,939.100,1583.200,1.686,15.319,28.558,1.056,1.831,19.484,20.799,0.745,0.750,15.326,28.555,0.189,8.635,9.543,0.018,4155.000,151.693,50.695,8.635,60.238,ON,Clear and warm; Hybrid loop operating; Ceff=1.69x
340,10:49:30,36.040,72.260,70.280,51.800,50.420,32.910,1.993,15.846,17.046,0.966,1.674,938.200,1582.200,1.686,15.301,28.535,1.055,1.829,19.481,20.797,0.744,0.750,15.307,28.535,0.189,8.633,9.542,0.018,4155.000,151.541,50.676,8.633,60.219,ON,Clear and warm; Hybrid loop operating; Ceff=1.69x
341,10:50:00,36.050,72.330,70.350,51.840,50.460,32.910,1.992,15.842,17.044,0.965,1.673,937.500,1581.400,1.687,15.284,28.515,1.054,1.829,19.476,20.794,0.745,0.750,15.288,28.515,0.189,8.628,9.540,0.018,4155.000,151.465,50.677,8.628,60.217,ON,Clear and warm; Hybrid loop operating; Ceff=1.69x
342,10:50:30,36.060,72.410,70.420,51.890,50.500,32.920,1.992,15.837,17.041,0.964,1.673,937.200,1581.200,1.687,15.273,28.506,1.054,1.828,19.471,20.791,0.744,0.750,15.267,28.510,0.189,8.619,9.540,0.018,4155.000,151.465,50.683,8.619,60.223,ON,Clear and warm; Hybrid loop operating; Ceff=1.69x
343,10:51:00,36.080,72.500,70.500,51.950,50.550,32.920,1.993,15.832,17.038,0.965,1.674,937.400,1581.900,1.688,15.271,28.513,1.054,1.829,19.466,20.787,0.744,0.750,15.278,28.522,0.189,8.623,9.540,0.018,4155.000,151.541,50.686,8.623,60.226,ON,Clear and warm; Hybrid loop operating; Ceff=1.69x
344,10:51:30,36.090,72.590,70.580,52.010,50.600,32.920,1.996,15.827,17.034,0.965,1.675,938.200,1583.700,1.688,15.278,28.539,1.055,1.831,19.460,20.784,0.744,0.750,15.273,28.532,0.189,8.613,9.532,0.018,4155.000,151.769,50.705,8.613,60.237,ON,Clear and warm; Hybrid loop operating; Ceff=1.69x
345,10:52:00,36.100,72.680,70.660,52.070,50.650,32.930,2.001,15.822,17.031,0.967,1.678,939.600,1586.400,1.688,15.294,28.581,1.056,1.834,19.455,20.780,0.744,0.750,15.300,28.578,0.189,8.616,9.531,0.018,4155.000,152.149,50.745,8.616,60.277,ON,Clear and warm; Hybrid loop operating; Ceff=1.69x
346,10:52:30,36.110,72.770,70.730,52.120,50.690,32.930,2.006,15.817,17.028,0.968,1.682,941.400,1589.800,1.689,15.318,28.636,1.058,1.838,19.450,20.777,0.744,0.750,15.311,28.641,0.189,8.605,9.532,0.018,4155.000,152.529,50.763,8.605,60.295,ON,Clear and warm; Hybrid loop operating; Ceff=1.69x
347,10:53:00,36.120,72.840,70.800,52.170,50.740,32.930,2.013,15.813,17.026,0.970,1.686,943.300,1593.600,1.689,15.345,28.698,1.061,1.842,19.445,20.774,0.744,0.750,15.339,28.706,0.189,8.603,9.531,0.018,4155.000,153.061,50.819,8.603,60.350,ON,Clear and warm; Hybrid loop operating; Ceff=1.69x
348,10:53:30,36.130,72.910,70.860,52.210,50.770,32.930,2.019,15.810,17.023,0.972,1.689,945.300,1597.200,1.690,15.371,28.758,1.063,1.846,19.441,20.771,0.744,0.750,15.367,28.752,0.189,8.601,9.525,0.018,4155.000,153.518,50.855,8.601,60.380,ON,Clear and warm; Hybrid loop operating; Ceff=1.69x
349,10:54:00,36.130,72.950,70.900,52.240,50.800,32.940,2.024,15.807,17.021,0.974,1.693,946.800,1600.300,1.690,15.394,28.809,1.064,1.850,19.438,20.769,0.744,0.750,15.396,28.817,0.189,8.604,9.527,0.018,4155.000,153.898,50.883,8.604,60.410,ON,Clear and warm; Hybrid loop operating; Ceff=1.69x
350,10:54:30,36.140,72.980,70.930,52.260,50.830,32.940,2.027,15.805,17.020,0.975,1.695,947.900,1602.500,1.690,15.409,28.846,1.066,1.852,19.436,20.768,0.744,0.750,15.410,28.849,0.189,8.602,9.525,0.018,4155.000,154.126,50.888,8.602,60.413,ON,Clear and warm; Hybrid loop operating; Ceff=1.69x
351,10:55:00,36.150,72.990,70.950,52.270,50.840,32.940,2.029,15.805,17.019,0.975,1.696,948.400,1603.600,1.691,15.416,28.866,1.066,1.854,19.435,20.767,0.744,0.750,15.410,28.864,0.189,8.597,9.524,0.018,4155.000,154.278,50.903,8.597,60.427,ON,Clear and warm; Hybrid loop operating; Ceff=1.69x
352,10:55:30,36.160,72.980,70.950,52.270,50.840,32.940,2.030,15.805,17.019,0.975,1.696,948.300,1603.800,1.691,15.414,28.868,1.066,1.854,19.435,20.767,0.744,0.750,15.410,28.864,0.189,8.598,9.522,0.018,4155.000,154.354,50.922,8.598,60.445,ON,Clear and warm; Hybrid loop operating; Ceff=1.69x
353,10:56:00,36.160,72.970,70.940,52.260,50.840,32.940,2.029,15.805,17.020,0.975,1.696,947.600,1603.100,1.692,15.405,28.857,1.065,1.853,19.436,20.767,0.744,0.750,15.410,28.866,0.189,8.604,9.527,0.018,4155.000,154.278,50.919,8.604,60.446,ON,Clear and warm; Hybrid loop operating; Ceff=1.69x
354,10:56:30,36.170,72.940,70.930,52.250,50.840,32.940,2.027,15.807,17.020,0.974,1.694,946.800,1602.000,1.692,15.392,28.838,1.064,1.852,19.438,20.768,0.744,0.750,15.396,28.832,0.189,8.604,9.522,0.018,4155.000,154.126,50.904,8.604,60.426,ON,Clear and warm; Hybrid loop operating; Ceff=1.69x
355,10:57:00,36.180,72.910,70.910,52.230,50.830,32.940,2.025,15.808,17.021,0.973,1.693,945.900,1600.900,1.692,15.379,28.820,1.063,1.850,19.439,20.769,0.744,0.750,15.381,28.817,0.189,8.604,9.524,0.018,4155.000,153.974,50.889,8.604,60.413,ON,Clear and warm; Hybrid loop operating; Ceff=1.69x
356,10:57:30,36.180,72.890,70.900,52.220,50.820,32.940,2.024,15.809,17.022,0.972,1.692,945.300,1600.200,1.693,15.371,28.808,1.063,1.850,19.440,20.770,0.744,0.750,15.366,28.801,0.189,8.601,9.523,0.018,4155.000,153.898,50.886,8.601,60.409,ON,Clear and warm; Hybrid loop operating; Ceff=1.69x
357,10:58:00,36.190,72.880,70.890,52.210,50.820,32.940,2.024,15.810,17.022,0.972,1.693,945.100,1600.300,1.693,15.369,28.811,1.062,1.850,19.441,20.770,0.744,0.750,15.367,28.818,0.189,8.603,9.528,0.018,4155.000,153.898,50.883,8.603,60.411,ON,Clear and warm; Hybrid loop operating; Ceff=1.69x
358,10:58:30,36.190,72.870,70.890,52.210,50.820,32.940,2.026,15.809,17.022,0.973,1.694,945.500,1601.400,1.694,15.376,28.830,1.063,1.851,19.441,20.770,0.744,0.750,15.382,28.835,0.189,8.608,9.527,0.018,4155.000,154.050,50.898,8.608,60.425,ON,Clear and warm; Hybrid loop operating; Ceff=1.69x
359,10:59:00,36.190,72.890,70.910,52.220,50.830,32.940,2.029,15.808,17.021,0.974,1.696,946.600,1603.500,1.694,15.392,28.868,1.064,1.854,19.440,20.769,0.744,0.750,15.397,28.868,0.189,8.606,9.525,0.018,4155.000,154.278,50.907,8.606,60.432,ON,Clear and warm; Hybrid loop operating; Ceff=1.69x
360,10:59:30,36.200,72.930,70.940,52.240,50.850,32.940,2.034,15.806,17.020,0.975,1.699,948.200,1606.500,1.694,15.415,28.920,1.066,1.857,19.438,20.768,0.744,0.750,15.411,28.917,0.189,8.599,9.524,0.018,4155.000,154.658,50.937,8.599,60.460,ON,Clear and warm; Hybrid loop operating; Ceff=1.69x
361,11:00:00,36.200,72.980,70.990,52.270,50.880,32.940,2.040,15.803,17.018,0.977,1.703,950.100,1610.200,1.695,15.443,28.981,1.068,1.861,19.434,20.766,0.744,0.750,15.440,28.982,0.189,8.598,9.523,0.018,4155.000,155.114,50.970,8.598,60.493,ON,Clear and warm; Hybrid loop operating; Ceff=1.69x
362,11:00:30,36.210,73.050,71.050,52.310,50.920,32.940,2.047,15.800,17.016,0.979,1.707,952.100,1614.000,1.695,15.471,29.045,1.070,1.865,19.430,20.763,0.744,0.750,15.468,29.046,0.189,8.596,9.522,0.018,4155.000,155.647,51.024,8.596,60.546,ON,Clear and warm; Hybrid loop operating; Ceff=1.7x
363,11:01:00,36.210,73.120,71.120,52.360,50.960,32.940,2.053,15.795,17.013,0.981,1.711,954.000,1617.500,1.695,15.496,29.102,1.072,1.869,19.425,20.761,0.744,0.750,15.495,29.109,0.189,8.594,9.522,0.018,4155.000,156.103,51.063,8.594,60.585,ON,Clear and warm; Hybrid loop operating; Ceff=1.7x
364,11:01:30,36.210,73.210,71.190,52.410,51.000,32.940,2.058,15.791,17.010,0.982,1.713,955.500,1620.300,1.696,15.514,29.147,1.074,1.873,19.420,20.757,0.744,0.750,15.507,29.138,0.189,8.587,9.515,0.018,4155.000,156.483,51.099,8.587,60.614,ON,Clear and warm; Hybrid loop operating; Ceff=1.7x
365,11:02:00,36.220,73.290,71.260,52.460,51.050,32.940,2.061,15.786,17.008,0.983,1.715,956.400,1622.200,1.696,15.524,29.176,1.075,1.875,19.415,20.754,0.744,0.750,15.518,29.169,0.189,8.585,9.514,0.018,4155.000,156.711,51.113,8.585,60.627,ON,Clear and warm; Hybrid loop operating; Ceff=1.7x
366,11:02:30,36.220,73.360,71.330,52.510,51.080,32.940,2.062,15.782,17.005,0.984,1.716,956.700,1623.100,1.697,15.523,29.186,1.075,1.876,19.411,20.751,0.744,0.750,15.529,29.181,0.189,8.589,9.512,0.018,4155.000,156.787,51.110,8.589,60.622,ON,Clear and warm; Hybrid loop operating; Ceff=1.7x
367,11:03:00,36.220,73.430,71.390,52.550,51.120,32.930,2.062,15.778,17.003,0.983,1.716,956.500,1623.000,1.697,15.515,29.180,1.075,1.876,19.407,20.749,0.744,0.750,15.510,29.177,0.189,8.579,9.512,0.018,4155.000,156.787,51.113,8.579,60.625,ON,Clear and warm; Hybrid loop operating; Ceff=1.7x
368,11:03:30,36.230,73.470,71.430,52.570,51.140,32.930,2.061,15.776,17.001,0.983,1.715,955.900,1622.300,1.697,15.502,29.163,1.074,1.875,19.404,20.748,0.744,0.750,15.508,29.157,0.189,8.584,9.509,0.018,4155.000,156.711,51.110,8.584,60.619,ON,Clear and warm; Hybrid loop operating; Ceff=1.7x
369,11:04:00,36.230,73.500,71.450,52.590,51.160,32.930,2.059,15.774,17.001,0.982,1.714,955.100,1621.300,1.698,15.487,29.143,1.073,1.873,19.402,20.747,0.744,0.750,15.490,29.140,0.189,8.581,9.510,0.018,4155.000,156.559,51.092,8.581,60.602,ON,Clear and warm; Hybrid loop operating; Ceff=1.7x
370,11:04:30,36.230,73.510,71.460,52.590,51.160,32.930,2.058,15.774,17.000,0.981,1.713,954.400,1620.400,1.698,15.475,29.127,1.072,1.872,19.402,20.746,0.744,0.750,15.474,29.121,0.189,8.579,9.509,0.018,4155.000,156.483,51.096,8.579,60.604,ON,Clear and warm; Hybrid loop operating; Ceff=1.7x
371,11:05:00,36.240,73.490,71.460,52.580,51.160,32.930,2.057,15.774,17.001,0.981,1.713,954.000,1620.100,1.698,15.470,29.123,1.072,1.872,19.402,20.747,0.744,0.750,15.474,29.123,0.189,8.582,9.511,0.018,4155.000,156.407,51.080,8.582,60.591,ON,Clear and warm; Hybrid loop operating; Ceff=1.7x
372,11:05:30,36.240,73.470,71.440,52.570,51.150,32.930,2.058,15.776,17.002,0.981,1.714,954.200,1620.800,1.699,15.474,29.136,1.072,1.873,19.404,20.748,0.744,0.750,15.476,29.141,0.189,8.582,9.513,0.018,4155.000,156.483,51.083,8.582,60.596,ON,Clear and warm; Hybrid loop operating; Ceff=1.7x
373,11:06:00,36.240,73.430,71.410,52.540,51.130,32.920,2.061,15.777,17.003,0.982,1.716,955.000,1622.500,1.699,15.490,29.169,1.073,1.875,19.406,20.749,0.744,0.750,15.493,29.177,0.189,8.584,9.515,0.018,4155.000,156.711,51.104,8.584,60.619,ON,Clear and warm; Hybrid loop operating; Ceff=1.7x
374,11:06:30,36.250,73.390,71.390,52.520,51.120,32.920,2.066,15.779,17.004,0.983,1.718,956.400,1625.200,1.699,15.515,29.220,1.075,1.878,19.408,20.750,0.744,0.750,15.511,29.213,0.189,8.581,9.511,0.018,4155.000,157.091,51.143,8.581,60.653,ON,Clear and warm; Hybrid loop operating; Ceff=1.7x
375,11:07:00,36.250,73.350,71.360,52.500,51.100,32.920,2.072,15.781,17.005,0.985,1.722,958.300,1628.700,1.700,15.548,29.285,1.077,1.882,19.410,20.751,0.744,0.750,15.544,29.283,0.189,8.582,9.513,0.018,4155.000,157.548,51.181,8.582,60.694,ON,Clear and warm; Hybrid loop operating; Ceff=1.7x
376,11:07:30,36.260,73.320,71.340,52.480,51.090,32.920,2.078,15.783,17.006,0.987,1.726,960.400,1632.600,1.700,15.584,29.357,1.079,1.887,19.412,20.752,0.744,0.750,15.578,29.352,0.189,8.582,9.513,0.018,4155.000,158.004,51.207,8.582,60.719,ON,Clear and warm; Hybrid loop operating; Ceff=1.7x
377,11:08:00,36.260,73.300,71.330,52.470,51.090,32.920,2.085,15.784,17.006,0.990,1.730,962.500,1636.500,1.700,15.620,29.428,1.082,1.891,19.413,20.752,0.744,0.750,15.626,29.420,0.189,8.590,9.512,0.018,4155.000,158.536,51.257,8.590,60.769,ON,Clear and warm; Hybrid loop operating; Ceff=1.7x
378,11:08:30,36.270,73.300,71.330,52.470,51.100,32.910,2.091,15.784,17.006,0.992,1.734,964.400,1640.000,1.701,15.650,29.490,1.084,1.895,19.413,20.752,0.744,0.750,15.658,29.488,0.189,8.590,9.514,0.018,4155.000,158.992,51.294,8.590,60.808,ON,Clear and warm; Hybrid loop operating; Ceff=1.7x
379,11:09:00,36.270,73.310,71.350,52.480,51.110,32.910,2.096,15.783,17.005,0.993,1.737,965.800,1642.600,1.701,15.671,29.537,1.085,1.898,19.412,20.751,0.744,0.750,15.673,29.538,0.189,8.586,9.514,0.018,4155.000,159.373,51.336,8.586,60.850,ON,Clear and warm; Hybrid loop operating; Ceff=1.7x
380,11:09:30,36.280,73.350,71.380,52.500,51.130,32.910,2.098,15.781,17.004,0.994,1.739,966.600,1644.300,1.701,15.682,29.564,1.086,1.900,19.410,20.750,0.744,0.750,15.686,29.570,0.189,8.586,9.515,0.018,4155.000,159.525,51.332,8.586,60.847,ON,Clear and warm; Hybrid loop operating; Ceff=1.7x
381,11:10:00,36.280,73.390,71.420,52.530,51.160,32.910,2.099,15.778,17.002,0.994,1.739,966.800,1644.900,1.701,15.681,29.571,1.086,1.901,19.407,20.748,0.744,0.750,15.683,29.566,0.189,8.583,9.510,0.018,4155.000,159.601,51.337,8.583,60.848,ON,Clear and warm; Hybrid loop operating; Ceff=1.7x
382,11:10:30,36.290,73.450,71.480,52.570,51.190,32.910,2.099,15.775,17.000,0.993,1.739,966.400,1644.600,1.702,15.672,29.562,1.086,1.900,19.403,20.746,0.744,0.750,15.665,29.563,0.189,8.576,9.511,0.018,4155.000,159.601,51.347,8.576,60.858,ON,Clear and warm; Hybrid loop operating; Ceff=1.7x
383,11:11:00,36.300,73.520,71.540,52.610,51.230,32.900,2.098,15.771,16.998,0.993,1.738,965.800,1643.800,1.702,15.657,29.542,1.085,1.899,19.399,20.744,0.744,0.750,15.661,29.543,0.189,8.579,9.509,0.018,4155.000,159.525,51.347,8.579,60.856,ON,Clear and warm; Hybrid loop operating; Ceff=1.7x
384,11:11:30,36.300,73.590,71.600,52.660,51.260,32.900,2.096,15.767,16.995,0.992,1.737,965.100,1642.900,1.702,15.640,29.521,1.084,1.898,19.395,20.741,0.744,0.750,15.641,29.520,0.189,8.575,9.507,0.018,4155.000,159.373,51.326,8.575,60.833,ON,Clear and warm; Hybrid loop operating; Ceff=1.7x
385,11:12:00,36.310,73.660,71.660,52.700,51.300,32.900,2.095,15.763,16.993,0.991,1.736,964.500,1642.300,1.703,15.626,29.505,1.083,1.898,19.390,20.738,0.744,0.750,15.621,29.500,0.189,8.569,9.504,0.018,4155.000,159.296,51.321,8.569,60.825,ON,Clear and warm; Hybrid loop operating; Ceff=1.7x
386,11:12:30,36.320,73.720,71.710,52.740,51.330,32.900,2.095,15.760,16.991,0.991,1.736,964.400,1642.400,1.703,15.620,29.502,1.083,1.898,19.386,20.736,0.744,0.750,15.618,29.496,0.189,8.569,9.502,0.018,4155.000,159.296,51.317,8.569,60.820,ON,Clear and warm; Hybrid loop operating; Ceff=1.7x
387,11:13:00,36.330,73.780,71.760,52.770,51.360,32.900,2.097,15.757,16.989,0.992,1.737,964.900,1643.400,1.703,15.624,29.516,1.084,1.899,19.383,20.734,0.744,0.750,15.631,29.510,0.189,8.571,9.501,0.018,4155.000,159.449,51.335,8.571,60.836,ON,Clear and warm; Hybrid loop operating; Ceff=1.7x
388,11:13:30,36.330,73.820,71.800,52.800,51.380,32.900,2.100,15.754,16.988,0.993,1.740,965.900,1645.500,1.704,15.638,29.551,1.085,1.901,19.380,20.732,0.744,0.750,15.644,29.559,0.189,8.569,9.505,0.018,4155.000,159.677,51.343,8.569,60.848,ON,Clear and warm; Hybrid loop operating; Ceff=1.7x
389,11:14:00,36.340,73.860,71.830,52.820,51.400,32.900,2.106,15.752,16.986,0.994,1.743,967.500,1648.500,1.704,15.662,29.602,1.087,1.905,19.378,20.731,0.744,0.750,15.657,29.607,0.189,8.563,9.502,0.018,4155.000,160.133,51.396,8.563,60.899,ON,Clear and warm; Hybrid loop operating; Ceff=1.7x
390,11:14:30,36.350,73.870,71.850,52.830,51.420,32.900,2.112,15.751,16.986,0.996,1.747,969.500,1652.200,1.704,15.693,29.667,1.089,1.909,19.377,20.730,0.744,0.750,15.688,29.675,0.189,8.562,9.503,0.018,4155.000,160.589,51.427,8.562,60.930,ON,Clear and warm; Hybrid loop operating; Ceff=1.7x
391,11:15:00,36.360,73.870,71.860,52.840,51.430,32.890,2.119,15.751,16.985,0.998,1.751,971.700,1656.100,1.704,15.727,29.736,1.091,1.913,19.377,20.730,0.744,0.750,15.719,29.741,0.189,8.559,9.502,0.018,4155.000,161.121,51.476,8.559,60.978,ON,Clear and warm; Hybrid loop operating; Ceff=1.7x
392,11:15:30,36.370,73.870,71.850,52.840,51.430,32.890,2.125,15.751,16.985,1.001,1.755,973.700,1659.800,1.705,15.760,29.802,1.093,1.918,19.377,20.729,0.744,0.750,15.767,29.809,0.189,8.568,9.502,0.018,4155.000,161.578,51.507,8.568,61.009,ON,Clear and warm; Hybrid loop operating; Ceff=1.7x
393,11:16:00,36.390,73.850,71.850,52.830,51.430,32.890,2.130,15.752,16.985,1.002,1.758,975.300,1662.900,1.705,15.787,29.857,1.095,1.921,19.378,20.730,0.744,0.750,15.784,29.860,0.189,8.563,9.501,0.018,4155.000,161.958,51.532,8.563,61.032,ON,Clear and warm; Hybrid loop operating; Ceff=1.7x
394,11:16:30,36.400,73.820,71.830,52.820,51.430,32.890,2.134,15.753,16.985,1.003,1.760,976.400,1665.000,1.705,15.807,29.896,1.097,1.924,19.379,20.730,0.744,0.750,15.800,29.894,0.189,8.562,9.500,0.018,4155.000,162.262,51.563,8.562,61.063,ON,Clear and warm; Hybrid loop operating; Ceff=1.71x
395,11:17:00,36.410,73.800,71.820,52.810,51.430,32.890,2.136,15.755,16.986,1.004,1.761,976.900,1666.100,1.705,15.816,29.916,1.097,1.925,19.381,20.730,0.744,0.750,15.818,29.912,0.189,8.567,9.499,0.018,4155.000,162.414,51.578,8.567,61.077,ON,Clear and warm; Hybrid loop operating; Ceff=1.71x
396,11:17:30,36.420,73.770,71.810,52.800,51.430,32.890,2.136,15.756,16.986,1.004,1.761,976.800,1666.100,1.706,15.815,29.918,1.097,1.925,19.382,20.731,0.744,0.750,15.819,29.912,0.189,8.569,9.499,0.018,4155.000,162.414,51.578,8.569,61.077,ON,Clear and warm; Hybrid loop operating; Ceff=1.71x
397,11:18:00,36.440,73.760,71.800,52.800,51.430,32.900,2.135,15.756,16.986,1.003,1.761,976.200,1665.400,1.706,15.806,29.905,1.096,1.924,19.383,20.731,0.744,0.750,15.803,29.912,0.189,8.565,9.503,0.018,4155.000,162.338,51.575,8.565,61.078,ON,Clear and warm; Hybrid loop operating; Ceff=1.71x
398,11:18:30,36.450,73.750,71.800,52.800,51.430,32.900,2.133,15.756,16.986,1.002,1.759,975.300,1664.200,1.706,15.793,29.883,1.095,1.923,19.383,20.731,0.744,0.750,15.788,29.878,0.189,8.565,9.499,0.018,4155.000,162.186,51.564,8.565,61.063,ON,Clear and warm; Hybrid loop operating; Ceff=1.71x
399,11:19:00,36.460,73.760,71.810,52.800,51.440,32.900,2.131,15.756,16.986,1.001,1.758,974.500,1663.100,1.707,15.779,29.862,1.095,1.921,19.382,20.730,0.743,0.750,15.772,29.861,0.189,8.563,9.500,0.018,4155.000,162.034,51.550,8.563,61.050,ON,Clear and warm; Hybrid loop operating; Ceff=1.71x
400,11:19:30,36.480,73.780,71.830,52.820,51.460,32.900,2.129,15.755,16.985,1.001,1.757,974.000,1662.400,1.707,15.769,29.847,1.094,1.921,19.381,20.729,0.744,0.750,15.771,29.843,0.189,8.567,9.498,0.018,4155.000,161.882,51.523,8.567,61.021,ON,Clear and warm; Hybrid loop operating; Ceff=1.71x
401,11:20:00,36.490,73.820,71.870,52.850,51.480,32.900,2.130,15.752,16.983,1.001,1.757,973.900,1662.500,1.707,15.764,29.846,1.094,1.921,19.378,20.727,0.744,0.750,15.768,29.839,0.189,8.566,9.496,0.018,4155.000,161.958,51.544,8.566,61.040,ON,Clear and warm; Hybrid loop operating; Ceff=1.71x
402,11:20:30,36.510,73.880,71.920,52.890,51.520,32.900,2.132,15.749,16.981,1.001,1.759,974.400,1663.600,1.707,15.769,29.861,1.094,1.922,19.375,20.725,0.744,0.750,15.765,29.870,0.189,8.560,9.500,0.018,4155.000,162.110,51.558,8.560,61.058,ON,Clear and warm; Hybrid loop operating; Ceff=1.71x
403,11:21:00,36.530,73.950,71.980,52.930,51.560,32.900,2.135,15.745,16.978,1.002,1.761,975.500,1665.700,1.708,15.782,29.894,1.095,1.924,19.370,20.722,0.744,0.750,15.776,29.898,0.189,8.557,9.497,0.018,4155.000,162.338,51.566,8.557,61.063,ON,Clear and warm; Hybrid loop operating; Ceff=1.71x
404,11:21:30,36.540,74.030,72.050,52.990,51.600,32.910,2.140,15.741,16.975,1.004,1.764,977.100,1668.700,1.708,15.802,29.940,1.097,1.928,19.365,20.719,0.744,0.750,15.804,29.944,0.189,8.558,9.494,0.018,4155.000,162.718,51.594,8.558,61.088,ON,Clear and warm; Hybrid loop operating; Ceff=1.71x
405,11:22:00,36.560,74.110,72.120,53.050,51.650,32.910,2.146,15.736,16.972,1.006,1.767,979.000,1672.100,1.708,15.826,29.995,1.099,1.931,19.360,20.716,0.744,0.750,15.830,29.990,0.189,8.556,9.490,0.018,4155.000,163.174,51.633,8.556,61.123,ON,Clear and warm; Hybrid loop operating; Ceff=1.71x
406,11:22:30,36.580,74.200,72.200,53.100,51.700,32.910,2.152,15.731,16.969,1.008,1.771,980.900,1675.600,1.708,15.850,30.050,1.101,1.935,19.355,20.712,0.744,0.750,15.857,30.052,0.189,8.553,9.489,0.018,4155.000,163.631,51.669,8.553,61.159,ON,Clear and warm; Hybrid loop operating; Ceff=1.71x
407,11:23:00,36.590,74.280,72.270,53.160,51.750,32.910,2.157,15.727,16.966,1.009,1.774,982.600,1678.700,1.708,15.872,30.098,1.103,1.939,19.350,20.709,0.744,0.750,15.869,30.098,0.189,8.545,9.486,0.018,4155.000,164.011,51.694,8.545,61.180,ON,Clear and warm; Hybrid loop operating; Ceff=1.71x
408,11:23:30,36.610,74.350,72.330,53.210,51.790,32.920,2.161,15.723,16.963,1.010,1.776,983.800,1680.900,1.709,15.886,30.133,1.104,1.941,19.346,20.706,0.744,0.750,15.880,30.126,0.189,8.541,9.483,0.018,4155.000,164.315,51.722,8.541,61.205,ON,Clear and warm; Hybrid loop operating; Ceff=1.71x
409,11:24:00,36.630,74.400,72.380,53.250,51.830,32.920,2.164,15.720,16.961,1.011,1.778,984.400,1682.200,1.709,15.892,30.151,1.105,1.943,19.343,20.703,0.744,0.750,15.893,30.157,0.189,8.542,9.485,0.018,4155.000,164.543,51.754,8.542,61.239,ON,Clear and warm; Hybrid loop operating; Ceff=1.71x
410,11:24:30,36.650,74.440,72.410,53.280,51.860,32.920,2.164,15.718,16.959,1.011,1.778,984.400,1682.400,1.709,15.889,30.151,1.105,1.943,19.340,20.701,0.743,0.750,15.891,30.153,0.189,8.541,9.483,0.018,4155.000,164.543,51.747,8.541,61.230,ON,Clear and warm; Hybrid loop operating; Ceff=1.71x
411,11:25:00,36.670,74.450,72.430,53.290,51.880,32.930,2.163,15.717,16.958,1.010,1.777,983.800,1681.600,1.709,15.879,30.134,1.104,1.942,19.339,20.700,0.744,0.750,15.874,30.134,0.189,8.537,9.482,0.018,4155.000,164.467,51.748,8.537,61.230,ON,Clear and warm; Hybrid loop operating; Ceff=1.71x
412,11:25:30,36.690,74.450,72.440,53.300,51.890,32.930,2.160,15.716,16.958,1.009,1.775,982.800,1680.200,1.710,15.863,30.107,1.103,1.940,19.339,20.699,0.744,0.750,15.857,30.100,0.189,8.537,9.479,0.018,4155.000,164.239,51.719,8.537,61.198,ON,Clear and warm; Hybrid loop operating; Ceff=1.71x
413,11:26:00,36.710,74.440,72.430,53.300,51.890,32.940,2.157,15.717,16.958,1.008,1.774,981.700,1678.500,1.710,15.846,30.077,1.102,1.938,19.340,20.699,0.744,0.750,15.843,30.083,0.189,8.539,9.483,0.018,4155.000,164.011,51.700,8.539,61.183,ON,Clear and warm; Hybrid loop operating; Ceff=1.71x
414,11:26:30,36.720,74.410,72.420,53.290,51.890,32.940,2.155,15.718,16.958,1.007,1.772,980.700,1677.000,1.710,15.831,30.051,1.101,1.937,19.341,20.700,0.743,0.749,15.828,30.050,0.189,8.539,9.481,0.018,4155.000,163.859,51.698,8.539,61.179,ON,Clear and warm; Hybrid loop operating; Ceff=1.71x
415,11:27:00,36.740,74.390,72.400,53.280,51.890,32.950,2.153,15.720,16.958,1.007,1.771,980.100,1676.100,1.710,15.823,30.036,1.100,1.936,19.342,20.700,0.744,0.749,15.830,30.033,0.189,8.546,9.481,0.018,4155.000,163.707,51.678,8.546,61.158,ON,Clear and warm; Hybrid loop operating; Ceff=1.71x
416,11:27:30,36.760,74.360,72.380,53.270,51.890,32.950,2.153,15.721,16.959,1.006,1.771,980.000,1676.100,1.710,15.823,30.037,1.100,1.936,19.344,20.701,0.744,0.749,15.815,30.034,0.189,8.539,9.481,0.018,4155.000,163.707,51.678,8.539,61.159,ON,Clear and warm; Hybrid loop operating; Ceff=1.71x
417,11:28:00,36.780,74.340,72.370,53.260,51.890,32.950,2.155,15.722,16.959,1.007,1.772,980.500,1677.200,1.711,15.832,30.056,1.101,1.937,19.345,20.701,0.743,0.750,15.832,30.051,0.189,8.543,9.480,0.018,4155.000,163.859,51.692,8.543,61.172,ON,Clear and warm; Hybrid loop operating; Ceff=1.71x
418,11:28:30,36.800,74.340,72.380,53.270,51.900,32.960,2.158,15.722,16.958,1.008,1.774,981.500,1679.200,1.711,15.849,30.092,1.102,1.939,19.345,20.700,0.743,0.750,15.848,30.083,0.189,8.543,9.479,0.018,4155.000,164.087,51.702,8.543,61.181,ON,Clear and warm; Hybrid loop operating; Ceff=1.71x
419,11:29:00,36.820,74.350,72.390,53.280,51.910,32.970,2.163,15.721,16.957,1.010,1.777,983.000,1681.900,1.711,15.872,30.138,1.103,1.942,19.344,20.699,0.744,0.750,15.878,30.133,0.189,8.546,9.479,0.018,4155.000,164.467,51.739,8.546,61.218,ON,Clear and warm; Hybrid loop operating; Ceff=1.71x
420,11:29:30,36.840,74.380,72.420,53.310,51.940,32.970,2.168,15.719,16.956,1.011,1.780,984.700,1685.000,1.711,15.896,30.189,1.105,1.946,19.342,20.697,0.744,0.750,15.892,30.182,0.189,8.539,9.477,0.018,4155.000,164.847,51.763,8.539,61.240,ON,Clear and warm; Hybrid loop operating; Ceff=1.71x
421,11:30:00,36.860,74.430,72.470,53.350,51.980,32.980,2.173,15.716,16.953,1.013,1.784,986.300,1687.900,1.711,15.919,30.237,1.107,1.949,19.339,20.695,0.744,0.750,15.920,30.244,0.189,8.540,9.481,0.018,4155.000,165.227,51.793,8.540,61.274,ON,Clear and warm; Hybrid loop operating; Ceff=1.71x
422,11:30:30,36.880,74.500,72.530,53.400,52.020,32.980,2.178,15.712,16.951,1.014,1.786,987.600,1690.400,1.712,15.935,30.274,1.108,1.952,19.334,20.692,0.744,0.750,15.932,30.274,0.189,8.535,9.476,0.018,4155.000,165.607,51.836,8.535,61.312,ON,Clear and warm; Hybrid loop operating; Ceff=1.71x
423,11:31:00,36.900,74.580,72.600,53.460,52.070,32.990,2.180,15.708,16.947,1.015,1.788,988.400,1691.900,1.712,15.941,30.294,1.109,1.954,19.329,20.688,0.744,0.749,15.944,30.301,0.189,8.535,9.476,0.018,4155.000,165.760,51.837,8.535,61.313,ON,Clear and warm; Hybrid loop operating; Ceff=1.71x
424,11:31:30,36.920,74.670,72.680,53.520,52.130,33.000,2.181,15.703,16.944,1.015,1.788,988.600,1692.300,1.712,15.938,30.295,1.109,1.954,19.324,20.684,0.744,0.750,15.939,30.296,0.189,8.530,9.472,0.018,4155.000,165.836,51.849,8.530,61.321,ON,Clear and warm; Hybrid loop operating; Ceff=1.71x
425,11:32:00,36.940,74.770,72.760,53.590,52.180,33.000,2.180,15.698,16.940,1.014,1.787,988.100,1691.800,1.712,15.924,30.276,1.109,1.953,19.318,20.681,0.743,0.750,15.918,30.272,0.189,8.524,9.467,0.018,4155.000,165.760,51.840,8.524,61.308,ON,Clear and warm; Hybrid loop operating; Ceff=1.71x
426,11:32:30,36.960,74.850,72.840,53.650,52.230,33.010,2.178,15.693,16.937,1.013,1.786,987.200,1690.400,1.712,15.903,30.244,1.108,1.952,19.313,20.677,0.743,0.749,15.897,30.249,0.189,8.520,9.468,0.018,4155.000,165.607,51.836,8.520,61.304,ON,Clear and warm; Hybrid loop operating; Ceff=1.71x
427,11:33:00,36.980,74.930,72.910,53.700,52.280,33.010,2.174,15.688,16.934,1.012,1.784,986.000,1688.400,1.712,15.878,30.203,1.106,1.949,19.308,20.674,0.744,0.750,15.876,30.210,0.189,8.519,9.467,0.018,4155.000,165.303,51.802,8.519,61.269,ON,Clear and warm; Hybrid loop operating; Ceff=1.71x
428,11:33:30,37.000,75.000,72.960,53.750,52.320,33.020,2.171,15.685,16.931,1.011,1.781,984.700,1686.500,1.713,15.853,30.162,1.105,1.947,19.304,20.671,0.743,0.749,15.858,30.154,0.189,8.521,9.460,0.018,4155.000,165.075,51.789,8.521,61.249,ON,Clear and warm; Hybrid loop operating; Ceff=1.71x
429,11:34:00,37.020,75.050,73.010,53.780,52.350,33.030,2.168,15.682,16.930,1.010,1.780,983.700,1684.900,1.713,15.833,30.129,1.103,1.945,19.301,20.669,0.744,0.749,15.839,30.135,0.189,8.519,9.463,0.018,4155.000,164.847,51.766,8.519,61.229,ON,Clear and warm; Hybrid loop operating; Ceff=1.71x
430,11:34:30,37.040,75.080,73.040,53.800,52.370,33.030,2.167,15.680,16.928,1.009,1.779,983.200,1684.100,1.713,15.822,30.112,1.103,1.944,19.299,20.667,0.743,0.749,15.821,30.115,0.189,8.514,9.461,0.018,4155.000,164.771,51.767,8.514,61.228,ON,Clear and warm; Hybrid loop operating; Ceff=1.71x
431,11:35:00,37.060,75.090,73.050,53.820,52.390,33.040,2.167,15.679,16.927,1.009,1.779,983.200,1684.300,1.713,15.821,30.113,1.103,1.944,19.298,20.666,0.743,0.750,15.820,30.113,0.189,8.513,9.460,0.018,4155.000,164.771,51.761,8.513,61.220,ON,Clear and warm; Hybrid loop operating; Ceff=1.71x
432,11:35:30,37.070,75.090,73.050,53.820,52.400,33.050,2.169,15.679,16.927,1.010,1.780,983.800,1685.500,1.713,15.831,30.135,1.103,1.946,19.298,20.666,0.744,0.749,15.836,30.130,0.189,8.517,9.458,0.018,4155.000,164.923,51.772,8.517,61.230,ON,Clear and warm; Hybrid loop operating; Ceff=1.71x
433,11:36:00,37.090,75.070,73.050,53.820,52.400,33.050,2.173,15.680,16.927,1.011,1.783,985.000,1687.700,1.713,15.851,30.173,1.105,1.948,19.299,20.666,0.743,0.750,15.852,30.181,0.189,8.515,9.462,0.018,4155.000,165.227,51.799,8.515,61.261,ON,Clear and warm; Hybrid loop operating; Ceff=1.71x
434,11:36:30,37.110,75.050,73.030,53.820,52.400,33.060,2.178,15.681,16.927,1.012,1.785,986.500,1690.400,1.714,15.877,30.223,1.107,1.951,19.300,20.666,0.743,0.750,15.869,30.215,0.189,8.511,9.457,0.018,4155.000,165.607,51.836,8.511,61.293,ON,Clear and warm; Hybrid loop operating; Ceff=1.71x
435,11:37:00,37.120,75.030,73.020,53.810,52.400,33.070,2.183,15.682,16.927,1.014,1.789,988.100,1693.400,1.714,15.904,30.276,1.108,1.955,19.301,20.666,0.744,0.749,15.902,30.282,0.189,8.515,9.462,0.018,4155.000,165.988,51.863,8.515,61.324,ON,Clear and warm; Hybrid loop operating; Ceff=1.71x
436,11:37:30,37.140,75.010,73.010,53.810,52.410,33.070,2.188,15.683,16.927,1.016,1.791,989.600,1696.100,1.714,15.930,30.324,1.110,1.958,19.302,20.666,0.744,0.749,15.934,30.316,0.189,8.519,9.457,0.018,4155.000,166.368,51.899,8.519,61.356,ON,Clear and warm; Hybrid loop operating; Ceff=1.71x
437,11:38:00,37.150,74.990,73.010,53.810,52.410,33.080,2.191,15.684,16.927,1.017,1.794,990.700,1698.100,1.714,15.948,30.359,1.111,1.960,19.303,20.666,0.744,0.750,15.951,30.367,0.189,8.519,9.462,0.018,4155.000,166.596,51.909,8.519,61.370,ON,Clear and warm; Hybrid loop operating; Ceff=1.71x
438,11:38:30,37.170,74.990,73.010,53.810,52.420,33.090,2.193,15.684,16.926,1.017,1.795,991.300,1699.200,1.714,15.957,30.378,1.112,1.961,19.303,20.665,0.743,0.750,15.951,30.382,0.189,8.514,9.460,0.018,4155.000,166.748,51.922,8.514,61.383,ON,Clear and warm; Hybrid loop operating; Ceff=1.71x
439,11:39:00,37.180,75.000,73.020,53.820,52.440,33.090,2.193,15.683,16.926,1.017,1.795,991.200,1699.200,1.714,15.955,30.376,1.112,1.961,19.302,20.664,0.743,0.750,15.950,30.382,0.189,8.514,9.460,0.018,4155.000,166.748,51.922,8.514,61.383,ON,Clear and warm; Hybrid loop operating; Ceff=1.71x
440,11:39:30,37.200,75.020,73.050,53.840,52.460,33.100,2.191,15.681,16.924,1.017,1.794,990.600,1698.300,1.714,15.943,30.357,1.111,1.960,19.301,20.663,0.743,0.750,15.948,30.362,0.189,8.518,9.459,0.018,4155.000,166.596,51.903,8.518,61.362,ON,Clear and warm; Hybrid loop operating; Ceff=1.71x
441,11:40:00,37.210,75.060,73.080,53.870,52.490,33.110,2.188,15.679,16.923,1.016,1.792,989.600,1696.600,1.714,15.924,30.324,1.110,1.958,19.298,20.661,0.743,0.750,15.930,30.326,0.189,8.517,9.457,0.018,4155.000,166.368,51.883,8.517,61.341,ON,Clear and warm; Hybrid loop operating; Ceff=1.71x
442,11:40:30,37.220,75.110,73.130,53.910,52.520,33.110,2.185,15.676,16.921,1.014,1.790,988.400,1694.700,1.715,15.901,30.285,1.109,1.956,19.295,20.659,0.743,0.749,15.895,30.289,0.189,8.509,9.456,0.018,4155.000,166.140,51.870,8.509,61.327,ON,Clear and warm; Hybrid loop operating; Ceff=1.71x
443,11:41:00,37.240,75.170,73.180,53.950,52.550,33.120,2.182,15.673,16.919,1.013,1.788,987.200,1692.800,1.715,15.878,30.247,1.107,1.954,19.291,20.657,0.744,0.749,15.877,30.251,0.189,8.509,9.455,0.018,4155.000,165.912,51.857,8.509,61.313,ON,Clear and warm; Hybrid loop operating; Ceff=1.71x
444,11:41:30,37.250,75.240,73.240,53.990,52.590,33.130,2.180,15.669,16.916,1.012,1.786,986.400,1691.600,1.715,15.860,30.220,1.106,1.952,19.287,20.654,0.744,0.750,15.857,30.212,0.189,8.506,9.450,0.018,4155.000,165.760,51.846,8.506,61.296,ON,Clear and warm; Hybrid loop operating; Ceff=1.71x
445,11:42:00,37.260,75.310,73.300,54.040,52.630,33.130,2.179,15.665,16.914,1.012,1.786,986.200,1691.300,1.715,15.851,30.208,1.106,1.952,19.283,20.651,0.743,0.749,15.853,30.208,0.189,8.505,9.450,0.018,4155.000,165.684,51.832,8.505,61.282,ON,Clear and warm; Hybrid loop operating; Ceff=1.71x
446,11:42:30,37.270,75.390,73.360,54.090,52.670,33.140,2.180,15.661,16.911,1.012,1.787,986.500,1692.000,1.715,15.851,30.215,1.106,1.953,19.278,20.648,0.743,0.749,15.849,30.220,0.189,8.500,9.450,0.018,4155.000,165.760,51.834,8.500,61.284,ON,Clear and warm; Hybrid loop operating; Ceff=1.72x
447,11:43:00,37.280,75.460,73.420,54.130,52.700,33.140,2.183,15.657,16.909,1.013,1.788,987.500,1693.700,1.715,15.862,30.241,1.107,1.955,19.274,20.646,0.743,0.749,15.861,30.233,0.189,8.498,9.445,0.018,4155.000,165.988,51.853,8.498,61.298,ON,Clear and warm; Hybrid loop operating; Ceff=1.72x
448,11:43:30,37.290,75.520,73.470,54.170,52.740,33.150,2.188,15.654,16.906,1.014,1.791,988.900,1696.300,1.715,15.881,30.282,1.109,1.958,19.271,20.643,0.743,0.749,15.873,30.279,0.189,8.493,9.444,0.018,4155.000,166.368,51.893,8.493,61.337,ON,Clear and warm; Hybrid loop operating; Ceff=1.72x
449,11:44:00,37.300,75.560,73.510,54.200,52.770,33.150,2.193,15.651,16.905,1.016,1.794,990.600,1699.300,1.715,15.905,30.332,1.111,1.961,19.268,20.641,0.743,0.749,15.901,30.328,0.189,8.493,9.443,0.018,4155.000,166.748,51.919,8.493,61.362,ON,Clear and warm; Hybrid loop operating; Ceff=1.72x
450,11:44:30,37.310,75.600,73.540,54.230,52.790,33.160,2.198,15.650,16.903,1.018,1.797,992.400,1702.400,1.715,15.930,30.383,1.112,1.964,19.266,20.640,0.744,0.750,15.932,30.375,0.189,8.494,9.440,0.018,4155.000,167.128,51.943,8.494,61.383,ON,Clear and warm; Hybrid loop operating; Ceff=1.72x
451,11:45:00,37.310,75.610,73.560,54.240,52.810,33.160,2.203,15.649,16.902,1.019,1.800,993.800,1705.000,1.716,15.953,30.428,1.114,1.967,19.264,20.639,0.743,0.750,15.946,30.424,0.189,8.490,9.441,0.018,4155.000,167.508,51.982,8.490,61.423,ON,Clear and warm; Hybrid loop operating; Ceff=1.72x
452,11:45:30,37.320,75.610,73.570,54.250,52.820,33.170,2.206,15.648,16.902,1.020,1.802,994.900,1706.900,1.716,15.969,30.460,1.115,1.970,19.264,20.638,0.743,0.749,15.961,30.457,0.189,8.488,9.441,0.018,4155.000,167.737,51.995,8.488,61.436,ON,Clear and warm; Hybrid loop operating; Ceff=1.72x
453,11:46:00,37.330,75.600,73.560,54.240,52.820,33.170,2.208,15.649,16.902,1.021,1.803,995.300,1707.700,1.716,15.976,30.475,1.116,1.971,19.265,20.638,0.743,0.749,15.978,30.474,0.189,8.494,9.442,0.018,4155.000,167.889,52.017,8.494,61.459,ON,Clear and warm; Hybrid loop operating; Ceff=1.72x
454,11:46:30,37.330,75.570,73.550,54.230,52.810,33.180,2.207,15.650,16.902,1.021,1.803,995.100,1707.500,1.716,15.975,30.473,1.116,1.970,19.266,20.639,0.743,0.749,15.979,30.474,0.189,8.496,9.443,0.018,4155.000,167.813,52.000,8.496,61.443,ON,Clear and warm; Hybrid loop operating; Ceff=1.72x
455,11:47:00,37.340,75.540,73.520,54.210,52.800,33.180,2.205,15.652,16.903,1.020,1.802,994.400,1706.400,1.716,15.967,30.455,1.115,1.969,19.268,20.640,0.743,0.749,15.965,30.459,0.189,8.495,9.444,0.018,4155.000,167.660,51.986,8.495,61.431,ON,Clear and warm; Hybrid loop operating; Ceff=1.72x
456,11:47:30,37.340,75.500,73.500,54.190,52.790,33.180,2.203,15.654,16.904,1.019,1.800,993.400,1704.700,1.716,15.953,30.428,1.114,1.967,19.270,20.641,0.743,0.749,15.951,30.427,0.189,8.496,9.444,0.018,4155.000,167.508,51.991,8.496,61.435,ON,Clear and warm; Hybrid loop operating; Ceff=1.72x
457,11:48:00,37.350,75.460,73.470,54.170,52.770,33.190,2.199,15.656,16.905,1.018,1.798,992.300,1702.900,1.716,15.938,30.398,1.113,1.965,19.272,20.642,0.743,0.749,15.938,30.395,0.189,8.498,9.444,0.018,4155.000,167.204,51.951,8.498,61.395,ON,Clear and warm; Hybrid loop operating; Ceff=1.72x
458,11:48:30,37.350,75.430,73.450,54.150,52.760,33.190,2.197,15.657,16.906,1.017,1.797,991.400,1701.500,1.716,15.925,30.374,1.112,1.963,19.274,20.643,0.743,0.750,15.923,30.380,0.189,8.498,9.447,0.018,4155.000,167.052,51.947,8.498,61.394,ON,Clear and warm; Hybrid loop operating; Ceff=1.72x
459,11:49:00,37.350,75.410,73.440,54.140,52.750,33.190,2.195,15.658,16.907,1.017,1.796,990.900,1700.700,1.716,15.918,30.361,1.111,1.963,19.275,20.644,0.743,0.749,15.924,30.365,0.189,8.503,9.447,0.018,4155.000,166.900,51.924,8.503,61.371,ON,Clear and warm; Hybrid loop operating; Ceff=1.72x
460,11:49:30,37.360,75.410,73.440,54.140,52.750,33.200,2.196,15.658,16.907,1.017,1.796,991.000,1700.800,1.716,15.919,30.364,1.111,1.963,19.275,20.644,0.743,0.749,15.924,30.365,0.189,8.502,9.446,0.018,4155.000,166.976,51.944,8.502,61.391,ON,Clear and warm; Hybrid loop operating; Ceff=1.72x
461,11:50:00,37.360,75.430,73.450,54.140,52.760,33.200,2.198,15.657,16.906,1.017,1.797,991.700,1702.100,1.716,15.929,30.385,1.112,1.964,19.274,20.643,0.743,0.749,15.923,30.380,0.189,8.495,9.444,0.018,4155.000,167.128,51.952,8.495,61.396,ON,Clear and warm; Hybrid loop operating; Ceff=1.72x
462,11:50:30,37.360,75.460,73.480,54.160,52.780,33.200,2.202,15.656,16.905,1.019,1.800,992.900,1704.300,1.716,15.947,30.422,1.113,1.967,19.272,20.642,0.743,0.749,15.953,30.429,0.189,8.501,9.447,0.018,4155.000,167.432,51.979,8.501,61.426,ON,Clear and warm; Hybrid loop operating; Ceff=1.72x
463,11:51:00,37.360,75.510,73.520,54.190,52.800,33.200,2.207,15.653,16.904,1.020,1.803,994.600,1707.200,1.716,15.970,30.470,1.115,1.970,19.269,20.641,0.743,0.749,15.966,30.478,0.189,8.494,9.446,0.018,4155.000,167.813,52.009,8.494,61.455,ON,Clear and warm; Hybrid loop operating; Ceff=1.72x
464,11:51:30,37.360,75.570,73.570,54.230,52.830,33.200,2.212,15.650,16.902,1.022,1.806,996.400,1710.300,1.717,15.995,30.522,1.117,1.974,19.266,20.638,0.743,0.749,15.994,30.525,0.189,8.493,9.443,0.018,4155.000,168.193,52.032,8.493,61.476,ON,Clear and warm; Hybrid loop operating; Ceff=1.72x
465,11:52:00,37.360,75.640,73.630,54.270,52.870,33.210,2.218,15.646,16.900,1.024,1.809,998.100,1713.300,1.717,16.017,30.570,1.119,1.977,19.261,20.636,0.743,0.749,16.022,30.572,0.189,8.493,9.441,0.018,4155.000,168.649,52.082,8.493,61.523,ON,Clear and warm; Hybrid loop operating; Ceff=1.72x
466,11:52:30,37.360,75.710,73.690,54.320,52.900,33.210,2.222,15.642,16.897,1.025,1.811,999.400,1715.700,1.717,16.034,30.607,1.120,1.980,19.257,20.633,0.743,0.749,16.033,30.600,0.189,8.488,9.437,0.018,4155.000,168.953,52.103,8.488,61.540,ON,Clear and warm; Hybrid loop operating; Ceff=1.72x
467,11:53:00,37.360,75.770,73.750,54.360,52.940,33.210,2.224,15.638,16.895,1.026,1.813,1000.300,1717.200,1.717,16.042,30.629,1.121,1.981,19.253,20.631,0.743,0.749,16.045,30.631,0.189,8.487,9.438,0.018,4155.000,169.105,52.104,8.487,61.542,ON,Clear and warm; Hybrid loop operating; Ceff=1.72x
468,11:53:30,37.360,75.830,73.800,54.390,52.970,33.210,2.225,15.635,16.893,1.026,1.813,1000.500,1717.600,1.717,16.042,30.632,1.121,1.982,19.250,20.629,0.743,0.749,16.042,30.627,0.189,8.483,9.435,0.018,4155.000,169.181,52.116,8.483,61.550,ON,Clear and warm; Hybrid loop operating; Ceff=1.72x
469,11:54:00,37.360,75.870,73.840,54.410,52.990,33.210,2.224,15.633,16.892,1.026,1.813,1000.100,1717.000,1.717,16.032,30.617,1.121,1.981,19.247,20.627,0.743,0.749,16.039,30.625,0.189,8.486,9.437,0.018,4155.000,169.105,52.110,8.486,61.548,ON,Clear and warm; Hybrid loop operating; Ceff=1.72x
470,11:54:30,37.360,75.900,73.860,54.430,53.000,33.210,2.221,15.631,16.891,1.025,1.811,999.300,1715.500,1.717,16.017,30.590,1.120,1.979,19.245,20.627,0.743,0.749,16.022,30.590,0.189,8.483,9.435,0.018,4155.000,168.877,52.086,8.483,61.520,ON,Clear and warm; Hybrid loop operating; Ceff=1.72x
471,11:55:00,37.350,75.900,73.860,54.420,53.000,33.210,2.218,15.631,16.891,1.024,1.809,998.100,1713.700,1.717,15.999,30.557,1.119,1.977,19.245,20.627,0.743,0.749,16.006,30.556,0.189,8.485,9.434,0.018,4155.000,168.649,52.070,8.485,61.504,ON,Clear and warm; Hybrid loop operating; Ceff=1.72x
472,11:55:30,37.350,75.890,73.850,54.410,52.990,33.210,2.215,15.632,16.892,1.022,1.807,997.000,1711.800,1.717,15.982,30.526,1.117,1.975,19.246,20.627,0.743,0.749,15.976,30.524,0.189,8.478,9.435,0.018,4155.000,168.421,52.057,8.478,61.492,ON,Clear and warm; Hybrid loop operating; Ceff=1.72x
473,11:56:00,37.350,75.850,73.830,54.390,52.970,33.210,2.212,15.633,16.893,1.022,1.806,996.200,1710.400,1.717,15.971,30.503,1.116,1.973,19.248,20.629,0.744,0.749,15.977,30.509,0.189,8.486,9.438,0.018,4155.000,168.193,52.029,8.486,61.467,ON,Clear and warm; Hybrid loop operating; Ceff=1.72x
474,11:56:30,37.350,75.810,73.790,54.360,52.950,33.210,2.211,15.636,16.895,1.021,1.805,995.800,1709.800,1.717,15.968,30.496,1.116,1.973,19.251,20.631,0.743,0.749,15.964,30.495,0.189,8.482,9.437,0.018,4155.000,168.117,52.024,8.482,61.461,ON,Clear and warm; Hybrid loop operating; Ceff=1.72x
475,11:57:00,37.350,75.750,73.750,54.320,52.920,33.200,2.212,15.639,16.897,1.022,1.806,996.100,1710.200,1.717,15.975,30.507,1.116,1.973,19.254,20.633,0.743,0.749,15.983,30.516,0.189,8.490,9.441,0.018,4155.000,168.193,52.035,8.490,61.476,ON,Clear and warm; Hybrid loop operating; Ceff=1.72x
476,11:57:30,37.340,75.700,73.710,54.280,52.890,33.200,2.214,15.642,16.898,1.022,1.807,996.900,1711.600,1.717,15.992,30.537,1.117,1.975,19.257,20.635,0.743,0.749,15.986,30.535,0.189,8.485,9.439,0.018,4155.000,168.345,52.040,8.485,61.479,ON,Clear and warm; Hybrid loop operating; Ceff=1.72x
477,11:58:00,37.340,75.650,73.670,54.250,52.870,33.200,2.218,15.644,16.900,1.024,1.809,998.200,1713.800,1.717,16.016,30.580,1.119,1.978,19.260,20.636,0.743,0.749,16.019,30.572,0.189,8.491,9.439,0.018,4155.000,168.649,52.067,8.491,61.505,ON,Clear and warm; Hybrid loop operating; Ceff=1.72x
478,11:58:30,37.340,75.610,73.640,54.230,52.850,33.200,2.223,15.646,16.901,1.025,1.812,999.800,1716.600,1.717,16.045,30.633,1.121,1.981,19.262,20.638,0.743,0.749,16.037,30.625,0.189,8.487,9.439,0.018,4155.000,169.029,52.099,8.487,61.538,ON,Clear and warm; Hybrid loop operating; Ceff=1.72x
479,11:59:00,37.340,75.590,73.630,54.210,52.840,33.200,2.228,15.647,16.902,1.027,1.815,1001.400,1719.400,1.717,16.073,30.685,1.123,1.984,19.263,20.639,0.743,0.749,16.069,30.677,0.189,8.490,9.440,0.018,4155.000,169.409,52.131,8.490,61.571,ON,Clear and warm; Hybrid loop operating; Ceff=1.72x
480,11:59:30,37.330,75.580,73.630,54.210,52.840,33.190,2.233,15.648,16.902,1.029,1.818,1002.900,1721.900,1.717,16.096,30.730,1.124,1.987,19.263,20.639,0.743,0.749,16.102,30.728,0.189,8.495,9.442,0.018,4155.000,169.790,52.172,8.495,61.614,ON,Clear and warm; Hybrid loop operating; Ceff=1.72x
481,12:00:00,37.330,75.590,73.640,54.210,52.840,33.190,2.236,15.647,16.902,1.030,1.820,1003.900,1723.600,1.717,16.111,30.760,1.125,1.989,19.263,20.639,0.743,0.749,16.116,30.762,0.189,8.494,9.443,0.018,4155.000,170.018,52.191,8.494,61.634,ON,Clear and warm; Hybrid loop operating; Ceff=1.72x
482,12:00:30,37.330,75.620,73.660,54.230,52.860,33.190,2.237,15.645,16.901,1.030,1.821,1004.300,1724.300,1.717,16.116,30.770,1.126,1.990,19.261,20.638,0.743,0.749,16.114,30.777,0.189,8.490,9.444,0.018,4155.000,170.094,52.193,8.490,61.637,ON,Clear and warm; Hybrid loop operating; Ceff=1.72x
483,12:01:00,37.330,75.660,73.700,54.250,52.870,33.180,2.236,15.643,16.900,1.030,1.820,1004.000,1723.900,1.717,16.109,30.760,1.125,1.989,19.258,20.636,0.744,0.749,16.112,30.758,0.189,8.491,9.440,0.018,4155.000,170.018,52.182,8.491,61.622,ON,Clear and warm; Hybrid loop operating; Ceff=1.72x
484,12:01:30,37.320,75.720,73.740,54.280,52.900,33.180,2.234,15.640,16.899,1.029,1.819,1003.200,1722.500,1.717,16.093,30.732,1.125,1.988,19.255,20.635,0.743,0.749,16.094,30.739,0.189,8.488,9.442,0.018,4155.000,169.866,52.178,8.488,61.620,ON,Clear and warm; Hybrid loop operating; Ceff=1.72x
485,12:02:00,37.320,75.770,73.790,54.310,52.920,33.180,2.230,15.637,16.897,1.028,1.816,1002.000,1720.500,1.717,16.069,30.692,1.123,1.985,19.252,20.633,0.743,0.749,16.075,30.685,0.189,8.488,9.436,0.018,4155.000,169.561,52.145,8.488,61.581,ON,Clear and warm; Hybrid loop operating; Ceff=1.72x
486,12:02:30,37.320,75.830,73.840,54.340,52.940,33.170,2.226,15.634,16.895,1.026,1.814,1000.700,1718.100,1.717,16.043,30.646,1.122,1.982,19.248,20.631,0.743,0.749,16.040,30.648,0.189,8.481,9.438,0.018,4155.000,169.257,52.124,8.481,61.562,ON,Clear and warm; Hybrid loop operating; Ceff=1.72x
487,12:03:00,37.320,75.880,73.880,54.360,52.960,33.170,2.222,15.631,16.894,1.025,1.812,999.400,1715.900,1.717,16.019,30.604,1.120,1.980,19.245,20.630,0.743,0.749,16.022,30.612,0.189,8.482,9.439,0.018,4155.000,168.953,52.097,8.482,61.536,ON,Clear and warm; Hybrid loop operating; Ceff=1.72x
488,12:03:30,37.320,75.920,73.910,54.380,52.980,33.160,2.219,15.629,16.893,1.024,1.810,998.500,1714.300,1.717,16.001,30.573,1.119,1.978,19.243,20.629,0.743,0.749,16.004,30.576,0.189,8.480,9.437,0.018,4155.000,168.725,52.075,8.480,61.512,ON,Clear and warm; Hybrid loop operating; Ceff=1.72x
489,12:04:00,37.320,75.960,73.940,54.400,52.980,33.160,2.218,15.627,16.892,1.023,1.809,998.100,1713.600,1.717,15.993,30.558,1.118,1.977,19.241,20.628,0.743,0.749,15.986,30.558,0.189,8.475,9.435,0.018,4155.000,168.649,52.073,8.475,61.508,ON,Clear and warm; Hybrid loop operating; Ceff=1.72x
490,12:04:30,37.320,75.970,73.950,54.400,52.990,33.160,2.218,15.626,16.892,1.024,1.809,998.300,1713.900,1.717,15.995,30.563,1.119,1.977,19.240,20.628,0.743,0.749,16.001,30.558,0.189,8.481,9.433,0.018,4155.000,168.649,52.064,8.481,61.497,ON,Clear and warm; Hybrid loop operating; Ceff=1.72x
491,12:05:00,37.320,75.970,73.950,54.400,52.990,33.150,2.221,15.626,16.892,1.024,1.811,999.000,1715.100,1.717,16.007,30.586,1.120,1.979,19.240,20.628,0.743,0.749,16.001,30.591,0.189,8.475,9.437,0.018,4155.000,168.877,52.098,8.475,61.535,ON,Clear and warm; Hybrid loop operating; Ceff=1.72x
492,12:05:30,37.320,75.960,73.940,54.390,52.980,33.150,2.224,15.627,16.893,1.026,1.813,1000.200,1717.100,1.717,16.027,30.622,1.121,1.981,19.241,20.628,0.743,0.749,16.033,30.627,0.189,8.482,9.437,0.018,4155.000,169.105,52.107,8.482,61.545,ON,Clear and warm; Hybrid loop operating; Ceff=1.72x
493,12:06:00,37.320,75.930,73.920,54.370,52.960,33.140,2.228,15.628,16.894,1.027,1.815,1001.600,1719.400,1.717,16.050,30.666,1.122,1.984,19.242,20.629,0.743,0.749,16.050,30.663,0.189,8.478,9.436,0.018,4155.000,169.409,52.131,8.478,61.567,ON,Clear and warm; Hybrid loop operating; Ceff=1.72x
494,12:06:30,37.320,75.890,73.890,54.350,52.950,33.140,2.232,15.630,16.895,1.028,1.818,1002.900,1721.700,1.717,16.074,30.709,1.124,1.986,19.244,20.631,0.743,0.749,16.068,30.715,0.189,8.477,9.439,0.018,4155.000,169.713,52.155,8.477,61.594,ON,Clear and warm; Hybrid loop operating; Ceff=1.72x
495,12:07:00,37.320,75.850,73.860,54.320,52.930,33.130,2.235,15.633,16.896,1.029,1.819,1003.900,1723.400,1.717,16.094,30.742,1.125,1.988,19.247,20.632,0.743,0.750,16.086,30.734,0.189,8.478,9.436,0.018,4155.000,169.942,52.174,8.478,61.609,ON,Clear and warm; Hybrid loop operating; Ceff=1.72x
496,12:07:30,37.320,75.800,73.820,54.290,52.910,33.130,2.236,15.635,16.898,1.030,1.820,1004.400,1724.200,1.717,16.105,30.759,1.126,1.989,19.250,20.634,0.743,0.749,16.104,30.754,0.189,8.483,9.438,0.018,4155.000,170.018,52.173,8.483,61.610,ON,Clear and warm; Hybrid loop operating; Ceff=1.72x
497,12:08:00,37.320,75.760,73.790,54.270,52.890,33.120,2.236,15.637,16.899,1.030,1.820,1004.300,1723.900,1.717,16.106,30.758,1.126,1.989,19.252,20.635,0.743,0.749,16.106,30.756,0.189,8.485,9.440,0.018,4155.000,170.018,52.182,8.485,61.622,ON,Clear and warm; Hybrid loop operating; Ceff=1.72x
498,12:08:30,37.330,75.720,73.760,54.240,52.870,33.120,2.234,15.639,16.900,1.029,1.819,1003.600,1722.600,1.716,16.097,30.737,1.125,1.988,19.254,20.637,0.743,0.749,16.093,30.741,0.189,8.484,9.442,0.018,4155.000,169.866,52.175,8.484,61.617,ON,Clear and warm; Hybrid loop operating; Ceff=1.72x
499,12:09:00,37.330,75.690,73.740,54.220,52.860,33.110,2.230,15.641,16.901,1.028,1.816,1002.300,1720.300,1.716,16.079,30.699,1.123,1.985,19.256,20.638,0.744,0.749,16.079,30.692,0.189,8.488,9.440,0.018,4155.000,169.561,52.151,8.488,61.591,ON,Clear and warm; Hybrid loop operating; Ceff=1.72x
500,12:09:30,37.330,75.670,73.720,54.210,52.850,33.110,2.225,15.642,16.902,1.026,1.813,1000.700,1717.600,1.716,16.055,30.651,1.122,1.982,19.257,20.638,0.743,0.749,16.049,30.643,0.189,8.485,9.440,0.018,4155.000,169.181,52.116,8.485,61.555,ON,Clear and warm; Hybrid loop operating; Ceff=1.72x
501,12:10:00,37.340,75.670,73.720,54.210,52.850,33.100,2.220,15.642,16.902,1.025,1.810,999.100,1714.700,1.716,16.029,30.601,1.120,1.979,19.257,20.639,0.743,0.749,16.033,30.593,0.189,8.491,9.440,0.018,4155.000,168.801,52.086,8.491,61.526,ON,Clear and warm; Hybrid loop operating; Ceff=1.72x
502,12:10:30,37.340,75.680,73.730,54.210,52.850,33.100,2.216,15.641,16.902,1.023,1.808,997.700,1712.200,1.716,16.005,30.555,1.118,1.976,19.257,20.638,0.743,0.749,16.001,30.559,0.189,8.486,9.443,0.018,4155.000,168.497,52.069,8.486,61.512,ON,Clear and warm; Hybrid loop operating; Ceff=1.72x
503,12:11:00,37.350,75.710,73.750,54.230,52.860,33.090,2.212,15.640,16.901,1.022,1.806,996.700,1710.400,1.716,15.987,30.521,1.117,1.974,19.255,20.638,0.743,0.749,15.984,30.523,0.189,8.485,9.442,0.018,4155.000,168.193,52.029,8.485,61.471,ON,Clear and warm; Hybrid loop operating; Ceff=1.72x
504,12:11:30,37.350,75.750,73.790,54.250,52.870,33.090,2.211,15.638,16.900,1.022,1.805,996.200,1709.500,1.716,15.977,30.503,1.117,1.973,19.253,20.636,0.743,0.749,15.982,30.505,0.189,8.488,9.441,0.018,4155.000,168.117,52.033,8.488,61.474,ON,Clear and warm; Hybrid loop operating; Ceff=1.72x
505,12:12:00,37.360,75.800,73.830,54.280,52.900,33.080,2.211,15.635,16.898,1.022,1.805,996.400,1709.700,1.716,15.976,30.503,1.117,1.973,19.250,20.635,0.743,0.749,15.979,30.501,0.189,8.485,9.439,0.018,4155.000,168.117,52.027,8.485,61.466,ON,Clear and warm; Hybrid loop operating; Ceff=1.72x
506,12:12:30,37.370,75.860,73.870,54.320,52.920,33.080,2.213,15.632,16.897,1.022,1.806,997.100,1710.800,1.716,15.983,30.518,1.117,1.974,19.246,20.633,0.743,0.749,15.976,30.516,0.189,8.477,9.438,0.018,4155.000,168.269,52.041,8.477,61.478,ON,Clear and warm; Hybrid loop operating; Ceff=1.72x
507,12:13:00,37.370,75.920,73.920,54.350,52.950,33.070,2.216,15.629,16.895,1.023,1.808,998.100,1712.400,1.716,15.996,30.544,1.119,1.976,19.243,20.631,0.743,0.749,15.988,30.546,0.189,8.476,9.438,0.018,4155.000,168.497,52.062,8.476,61.501,ON,Clear and warm; Hybrid loop operating; Ceff=1.72x
508,12:13:30,37.380,75.980,73.960,54.390,52.980,33.070,2.219,15.626,16.893,1.025,1.810,999.300,1714.300,1.716,16.010,30.572,1.120,1.978,19.240,20.628,0.743,0.749,16.017,30.576,0.189,8.480,9.437,0.018,4155.000,168.725,52.075,8.480,61.512,ON,Clear and warm; Hybrid loop operating; Ceff=1.72x
509,12:14:00,37.390,76.020,74.000,54.420,53.000,33.060,2.222,15.623,16.891,1.026,1.811,1000.300,1715.900,1.715,16.023,30.597,1.121,1.980,19.237,20.627,0.743,0.749,16.029,30.590,0.189,8.479,9.432,0.018,4155.000,168.953,52.097,8.479,61.529,ON,Clear and warm; Hybrid loop operating; Ceff=1.72x
510,12:14:30,37.400,76.050,74.030,54.440,53.020,33.060,2.223,15.622,16.890,1.026,1.812,1000.900,1716.700,1.715,16.030,30.610,1.121,1.981,19.235,20.625,0.743,0.749,16.028,30.605,0.189,8.473,9.433,0.018,4155.000,169.029,52.096,8.473,61.529,ON,Clear and warm; Hybrid loop operating; Ceff=1.72x
511,12:15:00,37.410,76.070,74.040,54.450,53.030,33.060,2.223,15.621,16.889,1.026,1.812,1000.900,1716.700,1.715,16.029,30.606,1.121,1.981,19.234,20.625,0.743,0.749,16.027,30.603,0.189,8.472,9.432,0.018,4155.000,169.029,52.096,8.472,61.528,ON,Clear and warm; Hybrid loop operating; Ceff=1.72x
512,12:15:30,37.420,76.070,74.040,54.460,53.040,33.050,2.221,15.621,16.889,1.026,1.811,1000.300,1715.500,1.715,16.020,30.585,1.121,1.979,19.234,20.624,0.743,0.749,16.027,30.586,0.189,8.477,9.433,0.018,4155.000,168.877,52.086,8.477,61.519,ON,Clear and warm; Hybrid loop operating; Ceff=1.71x
513,12:16:00,37.430,76.050,74.030,54.450,53.030,33.050,2.217,15.622,16.889,1.024,1.809,999.100,1713.300,1.715,16.002,30.546,1.119,1.977,19.235,20.625,0.743,0.749,15.997,30.552,0.189,8.472,9.435,0.018,4155.000,168.573,52.059,8.472,61.494,ON,Clear and warm; Hybrid loop operating; Ceff=1.71x
514,12:16:30,37.440,76.020,74.000,54.430,53.020,33.050,2.212,15.623,16.890,1.023,1.805,997.500,1710.300,1.715,15.978,30.495,1.118,1.973,19.237,20.626,0.743,0.749,15.982,30.486,0.189,8.477,9.431,0.018,4155.000,168.193,52.032,8.477,61.464,ON,Clear and warm; Hybrid loop operating; Ceff=1.71x
515,12:17:00,37.450,75.970,73.970,54.400,53.000,33.040,2.206,15.626,16.892,1.021,1.802,995.600,1706.900,1.714,15.951,30.438,1.116,1.969,19.240,20.627,0.743,0.749,15.954,30.439,0.189,8.479,9.436,0.018,4155.000,167.737,51.995,8.479,61.430,ON,Clear and warm; Hybrid loop operating; Ceff=1.71x
516,12:17:30,37.460,75.920,73.920,54.370,52.980,33.040,2.201,15.629,16.893,1.019,1.799,993.800,1703.600,1.714,15.926,30.383,1.114,1.966,19.243,20.629,0.743,0.749,15.926,30.391,0.189,8.479,9.439,0.018,4155.000,167.356,51.977,8.479,61.416,ON,Clear and warm; Hybrid loop operating; Ceff=1.71x
517,12:18:00,37.470,75.860,73.880,54.340,52.950,33.040,2.196,15.632,16.895,1.018,1.796,992.200,1700.800,1.714,15.905,30.336,1.112,1.962,19.246,20.631,0.743,0.749,15.913,30.343,0.189,8.486,9.440,0.018,4155.000,166.976,51.944,8.486,61.384,ON,Clear and warm; Hybrid loop operating; Ceff=1.71x
518,12:18:30,37.480,75.820,73.840,54.310,52.930,33.030,2.192,15.634,16.896,1.016,1.794,991.200,1698.800,1.714,15.892,30.304,1.111,1.960,19.249,20.632,0.743,0.749,15.884,30.311,0.189,8.479,9.441,0.018,4155.000,166.672,51.911,8.479,61.352,ON,Clear and warm; Hybrid loop operating; Ceff=1.71x
519,12:19:00,37.490,75.780,73.810,54.290,52.910,33.030,2.191,15.636,16.898,1.016,1.792,990.800,1697.800,1.714,15.887,30.289,1.110,1.959,19.251,20.634,0.743,0.749,15.886,30.281,0.189,8.483,9.437,0.018,4155.000,166.596,51.918,8.483,61.355,ON,Clear and warm; Hybrid loop operating; Ceff=1.71x
520,12:19:30,37.510,75.750,73.790,54.280,52.910,33.030,2.190,15.638,16.898,1.016,1.792,990.900,1697.800,1.713,15.891,30.290,1.111,1.959,19.252,20.634,0.743,0.749,15.888,30.281,0.189,8.484,9.437,0.018,4155.000,166.520,51.894,8.484,61.331,ON,Clear and warm; Hybrid loop operating; Ceff=1.71x
521,12:20:00,37.520,75.750,73.780,54.280,52.910,33.020,2.192,15.638,16.898,1.017,1.793,991.500,1698.500,1.713,15.901,30.303,1.111,1.960,19.253,20.634,0.743,0.749,15.904,30.298,0.189,8.487,9.438,0.018,4155.000,166.672,51.920,8.487,61.358,ON,Clear and warm; Hybrid loop operating; Ceff=1.71x
522,12:20:30,37.530,75.760,73.790,54.300,52.920,33.020,2.194,15.637,16.897,1.018,1.794,992.300,1699.700,1.713,15.913,30.322,1.112,1.961,19.252,20.633,0.743,0.749,15.918,30.313,0.189,8.488,9.436,0.018,4155.000,166.824,51.931,8.488,61.367,ON,Clear and warm; Hybrid loop operating; Ceff=1.71x
523,12:21:00,37.550,75.800,73.820,54.320,52.940,33.020,2.196,15.635,16.896,1.018,1.796,993.100,1700.900,1.713,15.924,30.340,1.113,1.962,19.250,20.632,0.743,0.750,15.916,30.345,0.189,8.480,9.440,0.018,4155.000,166.976,51.941,8.480,61.381,ON,Clear and warm; Hybrid loop operating; Ceff=1.71x
524,12:21:30,37.560,75.850,73.860,54.360,52.970,33.020,2.197,15.633,16.894,1.019,1.796,993.700,1701.500,1.712,15.930,30.348,1.114,1.963,19.247,20.630,0.743,0.749,15.930,30.342,0.189,8.482,9.435,0.018,4155.000,167.052,51.947,8.482,61.382,ON,Clear and warm; Hybrid loop operating; Ceff=1.71x
525,12:22:00,37.570,75.900,73.910,54.400,53.000,33.020,2.197,15.630,16.892,1.019,1.796,993.800,1701.400,1.712,15.927,30.340,1.114,1.963,19.244,20.627,0.743,0.749,15.927,30.338,0.189,8.480,9.435,0.018,4155.000,167.052,51.950,8.480,61.384,ON,Clear and warm; Hybrid loop operating; Ceff=1.71x
526,12:22:30,37.590,75.970,73.960,54.440,53.040,33.020,2.195,15.626,16.890,1.018,1.795,993.300,1700.100,1.712,15.914,30.313,1.113,1.961,19.240,20.625,0.743,0.749,15.907,30.318,0.189,8.473,9.435,0.018,4155.000,166.900,51.942,8.473,61.378,ON,Clear and warm; Hybrid loop operating; Ceff=1.71x
527,12:23:00,37.600,76.030,74.010,54.480,53.070,33.020,2.191,15.623,16.887,1.017,1.792,992.100,1697.800,1.711,15.891,30.266,1.112,1.959,19.236,20.622,0.743,0.749,15.889,30.262,0.189,8.474,9.431,0.018,4155.000,166.596,51.918,8.474,61.348,ON,Clear and warm; Hybrid loop operating; Ceff=1.71x
528,12:23:30,37.610,76.090,74.060,54.520,53.100,33.010,2.185,15.620,16.885,1.015,1.789,990.300,1694.500,1.711,15.859,30.202,1.110,1.955,19.233,20.620,0.743,0.749,15.854,30.207,0.189,8.471,9.432,0.018,4155.000,166.140,51.876,8.471,61.309,ON,Clear and warm; Hybrid loop operating; Ceff=1.71x
529,12:24:00,37.630,76.130,74.090,54.550,53.120,33.010,2.178,15.617,16.884,1.013,1.784,988.200,1690.500,1.711,15.822,30.127,1.107,1.950,19.230,20.618,0.743,0.749,15.820,30.121,0.189,8.470,9.427,0.018,4155.000,165.607,51.833,8.470,61.260,ON,Clear and warm; Hybrid loop operating; Ceff=1.71x
530,12:24:30,37.640,76.160,74.110,54.570,53.130,33.010,2.170,15.616,16.883,1.011,1.780,986.000,1686.200,1.710,15.784,30.050,1.105,1.945,19.229,20.617,0.743,0.749,15.788,30.052,0.189,8.472,9.430,0.018,4155.000,164.999,51.774,8.472,61.204,ON,Clear and warm; Hybrid loop operating; Ceff=1.71x
531,12:25:00,37.650,76.160,74.110,54.570,53.140,33.010,2.164,15.616,16.882,1.009,1.776,983.800,1682.200,1.710,15.750,29.977,1.102,1.941,19.228,20.617,0.743,0.749,15.757,29.982,0.189,8.474,9.430,0.018,4155.000,164.543,51.754,8.474,61.184,ON,Clear and warm; Hybrid loop operating; Ceff=1.71x
532,12:25:30,37.670,76.150,74.100,54.570,53.130,33.010,2.158,15.616,16.883,1.007,1.772,982.100,1678.800,1.709,15.722,29.916,1.100,1.937,19.229,20.617,0.743,0.749,15.725,29.917,0.189,8.472,9.429,0.018,4155.000,164.087,51.715,8.472,61.143,ON,Clear and warm; Hybrid loop operating; Ceff=1.71x
533,12:26:00,37.680,76.120,74.080,54.550,53.120,33.010,2.153,15.618,16.884,1.006,1.769,980.800,1676.200,1.709,15.704,29.873,1.099,1.934,19.231,20.618,0.743,0.749,15.712,29.868,0.189,8.476,9.428,0.018,4155.000,163.707,51.675,8.476,61.103,ON,Clear and warm; Hybrid loop operating; Ceff=1.71x
534,12:26:30,37.700,76.080,74.040,54.530,53.100,33.010,2.150,15.620,16.885,1.005,1.768,980.100,1674.600,1.709,15.697,29.847,1.098,1.932,19.234,20.620,0.743,0.749,15.698,29.853,0.189,8.475,9.432,0.018,4155.000,163.478,51.652,8.475,61.084,ON,Clear and warm; Hybrid loop operating; Ceff=1.71x
535,12:27:00,37.710,76.020,74.000,54.500,53.080,33.010,2.149,15.623,16.886,1.005,1.767,980.000,1673.900,1.708,15.698,29.838,1.098,1.931,19.237,20.621,0.743,0.749,15.701,29.838,0.189,8.477,9.431,0.018,4155.000,163.402,51.650,8.477,61.081,ON,Clear and warm; Hybrid loop operating; Ceff=1.71x
536,12:27:30,37.720,75.970,73.950,54.470,53.060,33.010,2.149,15.627,16.888,1.005,1.767,980.200,1673.900,1.708,15.706,29.841,1.098,1.931,19.240,20.623,0.743,0.749,15.705,29.841,0.189,8.477,9.432,0.018,4155.000,163.402,51.650,8.477,61.082,ON,Clear and warm; Hybrid loop operating; Ceff=1.71x
537,12:28:00,37.740,75.910,73.900,54.440,53.040,33.020,2.149,15.630,16.889,1.006,1.767,980.600,1674.000,1.707,15.717,29.847,1.099,1.931,19.244,20.625,0.743,0.749,15.724,29.843,0.189,8.484,9.432,0.018,4155.000,163.402,51.647,8.484,61.079,ON,Clear and warm; Hybrid loop operating; Ceff=1.71x
538,12:28:30,37.750,75.860,73.860,54.420,53.020,33.020,2.149,15.633,16.891,1.006,1.767,980.900,1674.000,1.707,15.724,29.849,1.099,1.931,19.247,20.626,0.743,0.749,15.727,29.846,0.189,8.483,9.434,0.018,4155.000,163.402,51.647,8.483,61.080,ON,Clear and warm; Hybrid loop operating; Ceff=1.71x
539,12:29:00,37.760,75.810,73.820,54.400,53.000,33.020,2.148,15.635,16.892,1.006,1.767,980.800,1673.300,1.706,15.726,29.839,1.099,1.931,19.249,20.627,0.743,0.749,15.729,29.848,0.189,8.485,9.438,0.018,4155.000,163.326,51.644,8.485,61.082,ON,Clear and warm; Hybrid loop operating; Ceff=1.71x
540,12:29:30,37.770,75.780,73.800,54.380,53.000,33.020,2.145,15.636,16.892,1.005,1.765,980.200,1671.700,1.706,15.718,29.812,1.099,1.929,19.251,20.628,0.743,0.749,15.714,29.814,0.189,8.482,9.436,0.018,4155.000,163.098,51.621,8.482,61.058,ON,Clear and warm; Hybrid loop operating; Ceff=1.71x
541,12:30:00,37.790,75.770,73.790,54.380,52.990,33.020,2.141,15.637,16.893,1.004,1.762,978.900,1668.900,1.705,15.698,29.763,1.097,1.926,19.252,20.628,0.743,0.749,15.700,29.765,0.189,8.486,9.437,0.018,4155.000,162.794,51.612,8.486,61.048,ON,Clear and warm; Hybrid loop operating; Ceff=1.7x
542,12:30:30,37.800,75.770,73.780,54.380,52.990,33.020,2.134,15.637,16.893,1.002,1.758,976.900,1665.100,1.704,15.667,29.695,1.095,1.921,19.252,20.628,0.743,0.749,15.668,29.698,0.189,8.486,9.437,0.018,4155.000,162.262,51.560,8.486,60.997,ON,Clear and warm; Hybrid loop operating; Ceff=1.7x
543,12:31:00,37.810,75.780,73.790,54.390,53.000,33.030,2.126,15.637,16.892,0.999,1.753,974.500,1660.400,1.704,15.628,29.610,1.092,1.916,19.252,20.628,0.743,0.749,15.621,29.612,0.189,8.482,9.436,0.018,4155.000,161.654,51.512,8.482,60.948,ON,Clear and warm; Hybrid loop operating; Ceff=1.7x
544,12:31:30,37.820,75.800,73.810,54.400,53.010,33.030,2.117,15.636,16.891,0.997,1.747,971.800,1655.300,1.703,15.583,29.517,1.089,1.910,19.250,20.627,0.743,0.749,15.589,29.509,0.189,8.488,9.432,0.018,4155.000,160.969,51.452,8.488,60.884,ON,Clear and warm; Hybrid loop operating; Ceff=1.7x
545,12:32:00,37.830,75.830,73.830,54.420,53.020,33.030,2.108,15.634,16.890,0.994,1.742,969.100,1650.100,1.703,15.538,29.422,1.086,1.904,19.249,20.626,0.743,0.749,15.540,29.422,0.189,8.484,9.434,0.018,4155.000,160.285,51.395,8.484,60.829,ON,Clear and warm; Hybrid loop operating; Ceff=1.7x
546,12:32:30,37.840,75.870,73.850,54.450,53.040,33.030,2.100,15.632,16.889,0.991,1.737,966.600,1645.300,1.702,15.496,29.334,1.083,1.898,19.247,20.625,0.743,0.749,15.491,29.336,0.189,8.480,9.434,0.018,4155.000,159.677,51.349,8.480,60.783,ON,Clear and warm; Hybrid loop operating; Ceff=1.7x
547,12:33:00,37.850,75.900,73.880,54.470,53.050,33.030,2.093,15.631,16.888,0.989,1.733,964.600,1641.200,1.701,15.461,29.259,1.081,1.893,19.245,20.624,0.743,0.749,15.459,29.267,0.189,8.480,9.435,0.018,4155.000,159.144,51.306,8.480,60.741,ON,Clear and warm; Hybrid loop operating; Ceff=1.7x
548,12:33:30,37.860,75.930,73.900,54.480,53.060,33.040,2.088,15.629,16.888,0.988,1.729,963.200,1638.200,1.701,15.436,29.203,1.079,1.890,19.243,20.623,0.743,0.749,15.441,29.199,0.189,8.482,9.431,0.018,4155.000,158.764,51.277,8.482,60.708,ON,Clear and warm; Hybrid loop operating; Ceff=1.7x
549,12:34:00,37.870,75.950,73.910,54.500,53.070,33.040,2.084,15.628,16.887,0.987,1.727,962.300,1636.100,1.700,15.421,29.166,1.078,1.888,19.242,20.622,0.743,0.749,15.425,29.164,0.189,8.481,9.431,0.018,4155.000,158.460,51.245,8.481,60.676,ON,Clear and warm; Hybrid loop operating; Ceff=1.7x
550,12:34:30,37.870,75.960,73.910,54.500,53.070,33.040,2.083,15.628,16.887,0.986,1.726,962.000,1635.000,1.700,15.415,29.144,1.078,1.886,19.242,20.622,0.743,0.749,15.409,29.147,0.189,8.475,9.432,0.018,4155.000,158.384,51.254,8.475,60.687,ON,Clear and warm; Hybrid loop operating; Ceff=1.7x
551,12:35:00,37.880,75.950,73.910,54.500,53.070,33.050,2.082,15.628,16.887,0.986,1.725,962.000,1634.400,1.699,15.416,29.134,1.078,1.886,19.242,20.622,0.743,0.749,15.409,29.130,0.189,8.475,9.430,0.018,4155.000,158.308,51.249,8.475,60.679,ON,Clear and warm; Hybrid loop operating; Ceff=1.7x
552,12:35:30,37.890,75.930,73.890,54.490,53.060,33.050,2.081,15.629,16.887,0.987,1.725,962.100,1633.900,1.698,15.419,29.127,1.078,1.885,19.243,20.622,0.743,0.749,15.426,29.130,0.189,8.483,9.433,0.018,4155.000,158.232,51.240,8.483,60.673,ON,Clear and warm; Hybrid loop operating; Ceff=1.7x
553,12:36:00,37.890,75.900,73.850,54.470,53.040,33.050,2.079,15.631,16.888,0.986,1.724,962.000,1633.200,1.698,15.420,29.116,1.078,1.884,19.246,20.624,0.743,0.749,15.412,29.115,0.189,8.477,9.432,0.018,4155.000,158.080,51.212,8.477,60.645,ON,Clear and warm; Hybrid loop operating; Ceff=1.7x
554,12:36:30,37.900,75.850,73.810,54.440,53.020,33.050,2.077,15.634,16.890,0.986,1.723,961.500,1631.800,1.697,15.416,29.094,1.078,1.883,19.249,20.625,0.743,0.749,15.415,29.101,0.189,8.483,9.436,0.018,4155.000,157.928,51.207,8.483,60.643,ON,Clear and warm; Hybrid loop operating; Ceff=1.7x
555,12:37:00,37.900,75.780,73.750,54.410,52.990,33.060,2.073,15.638,16.892,0.985,1.720,960.500,1629.400,1.696,15.404,29.057,1.077,1.880,19.253,20.627,0.743,0.749,15.403,29.054,0.189,8.485,9.435,0.018,4155.000,157.624,51.184,8.485,60.618,ON,Clear and warm; Hybrid loop operating; Ceff=1.7x
556,12:37:30,37.910,75.710,73.690,54.370,52.950,33.060,2.067,15.642,16.894,0.983,1.717,958.800,1626.100,1.696,15.383,29.002,1.075,1.876,19.257,20.630,0.743,0.749,15.376,29.007,0.189,8.485,9.438,0.018,4155.000,157.167,51.139,8.485,60.577,ON,Clear and warm; Hybrid loop operating; Ceff=1.7x
557,12:38:00,37.910,75.630,73.630,54.320,52.920,33.060,2.060,15.646,16.897,0.981,1.712,956.700,1621.900,1.695,15.353,28.932,1.072,1.871,19.262,20.633,0.744,0.749,15.349,28.928,0.189,8.489,9.437,0.018,4155.000,156.635,51.098,8.489,60.535,ON,Clear and warm; Hybrid loop operating; Ceff=1.7x
558,12:38:30,37.920,75.550,73.560,54.270,52.880,33.070,2.052,15.651,16.899,0.979,1.707,954.200,1617.000,1.695,15.318,28.852,1.070,1.866,19.267,20.635,0.743,0.749,15.322,28.847,0.189,8.496,9.439,0.018,4155.000,156.027,51.054,8.496,60.493,ON,Clear and warm; Hybrid loop operating; Ceff=1.69x
559,12:39:00,37.920,75.480,73.490,54.230,52.840,33.070,2.044,15.655,16.902,0.976,1.702,951.500,1612.000,1.694,15.281,28.768,1.067,1.860,19.271,20.638,0.743,0.749,15.279,28.767,0.189,8.496,9.442,0.018,4155.000,155.419,51.012,8.496,60.455,ON,Clear and warm; Hybrid loop operating; Ceff=1.69x
560,12:39:30,37.920,75.410,73.440,54.190,52.810,33.070,2.036,15.658,16.904,0.974,1.697,949.000,1607.300,1.694,15.245,28.688,1.064,1.855,19.275,20.641,0.743,0.749,15.251,28.686,0.189,8.503,9.443,0.018,4155.000,154.810,50.961,8.503,60.404,ON,Clear and warm; Hybrid loop operating; Ceff=1.69x
561,12:40:00,37.920,75.360,73.390,54.150,52.780,33.080,2.029,15.661,16.906,0.972,1.693,946.900,1603.300,1.693,15.215,28.619,1.062,1.850,19.278,20.643,0.743,0.749,15.222,28.622,0.189,8.506,9.445,0.018,4155.000,154.278,50.913,8.506,60.358,ON,Clear and warm; Hybrid loop operating; Ceff=1.69x
562,12:40:30,37.920,75.330,73.360,54.130,52.760,33.080,2.024,15.663,16.907,0.970,1.690,945.400,1600.200,1.693,15.194,28.568,1.060,1.847,19.280,20.644,0.743,0.749,15.193,28.573,0.189,8.503,9.448,0.018,4155.000,153.898,50.886,8.503,60.333,ON,Clear and warm; Hybrid loop operating; Ceff=1.69x
563,12:41:00,37.920,75.310,73.340,54.120,52.740,33.080,2.021,15.664,16.908,0.969,1.688,944.600,1598.300,1.692,15.182,28.536,1.059,1.845,19.282,20.645,0.743,0.749,15.178,28.541,0.189,8.502,9.448,0.018,4155.000,153.670,50.871,8.502,60.319,ON,Clear and warm; Hybrid loop operating; Ceff=1.69x
564,12:41:30,37.920,75.310,73.330,54.120,52.740,33.090,2.019,15.665,16.908,0.969,1.687,944.400,1597.600,1.692,15.179,28.523,1.059,1.844,19.282,20.645,0.743,0.749,15.179,28.524,0.189,8.504,9.447,0.018,4155.000,153.518,50.843,8.504,60.289,ON,Clear and warm; Hybrid loop operating; Ceff=1.69x
565,12:42:00,37.920,75.320,73.340,54.130,52.740,33.090,2.019,15.664,16.908,0.969,1.687,944.700,1597.700,1.691,15.184,28.525,1.059,1.844,19.281,20.645,0.744,0.749,15.178,28.524,0.189,8.501,9.446,0.018,4155.000,153.518,50.840,8.501,60.286,ON,Clear and warm; Hybrid loop operating; Ceff=1.69x
566,12:42:30,37.920,75.340,73.350,54.140,52.750,33.090,2.021,15.663,16.907,0.970,1.688,945.400,1598.400,1.691,15.192,28.536,1.060,1.845,19.280,20.644,0.743,0.749,15.193,28.539,0.189,8.503,9.447,0.018,4155.000,153.670,50.868,8.503,60.315,ON,Clear and warm; Hybrid loop operating; Ceff=1.69x
567,12:43:00,37.920,75.370,73.370,54.160,52.760,33.100,2.022,15.661,16.906,0.971,1.689,946.100,1599.200,1.690,15.202,28.548,1.061,1.845,19.278,20.643,0.743,0.750,15.207,28.554,0.189,8.504,9.447,0.018,4155.000,153.746,50.867,8.504,60.315,ON,Clear and warm; Hybrid loop operating; Ceff=1.69x
568,12:43:30,37.910,75.400,73.390,54.180,52.770,33.100,2.023,15.660,16.905,0.971,1.689,946.600,1599.700,1.690,15.208,28.554,1.061,1.846,19.277,20.642,0.744,0.749,15.206,28.553,0.189,8.499,9.444,0.018,4155.000,153.822,50.877,8.499,60.320,ON,Clear and warm; Hybrid loop operating; Ceff=1.69x
569,12:44:00,37.910,75.430,73.410,54.200,52.780,33.100,2.022,15.659,16.904,0.971,1.689,946.600,1599.500,1.690,15.208,28.549,1.061,1.846,19.276,20.641,0.744,0.749,15.205,28.551,0.189,8.499,9.444,0.018,4155.000,153.746,50.858,8.499,60.302,ON,Clear and warm; Hybrid loop operating; Ceff=1.69x
570,12:44:30,37.910,75.440,73.410,54.200,52.780,33.100,2.021,15.658,16.904,0.971,1.688,946.200,1598.500,1.689,15.200,28.530,1.061,1.845,19.275,20.641,0.743,0.749,15.204,28.534,0.189,8.502,9.445,0.018,4155.000,153.670,50.864,8.502,60.309,ON,Clear and warm; Hybrid loop operating; Ceff=1.69x
571,12:45:00,37.900,75.430,73.410,54.200,52.780,33.110,2.017,15.659,16.904,0.970,1.686,945.200,1596.500,1.689,15.185,28.496,1.060,1.842,19.275,20.641,0.743,0.749,15.189,28.500,0.189,8.503,9.445,0.018,4155.000,153.366,50.827,8.503,60.273,ON,Clear and warm; Hybrid loop operating; Ceff=1.69x
572,12:45:30,37.900,75.410,73.380,54.190,52.770,33.110,2.013,15.660,16.905,0.968,1.683,943.800,1593.900,1.689,15.164,28.451,1.058,1.839,19.277,20.642,0.744,0.749,15.159,28.451,0.189,8.498,9.444,0.018,4155.000,153.061,50.809,8.498,60.254,ON,Clear and warm; Hybrid loop operating; Ceff=1.69x
573,12:46:00,37.890,75.370,73.350,54.160,52.740,33.110,2.008,15.662,16.906,0.967,1.680,942.200,1591.000,1.689,15.141,28.401,1.056,1.836,19.279,20.643,0.744,0.749,15.145,28.402,0.189,8.505,9.445,0.018,4155.000,152.681,50.775,8.505,60.221,ON,Clear and warm; Hybrid loop operating; Ceff=1.69x
574,12:46:30,37.890,75.310,73.300,54.130,52.710,33.110,2.003,15.665,16.908,0.965,1.677,940.600,1588.100,1.688,15.119,28.354,1.055,1.833,19.283,20.646,0.743,0.749,15.117,28.355,0.189,8.503,9.447,0.018,4155.000,152.301,50.742,8.503,60.188,ON,Clear and warm; Hybrid loop operating; Ceff=1.69x
575,12:47:00,37.880,75.240,73.230,54.080,52.680,33.120,1.999,15.669,16.911,0.964,1.674,939.300,1585.600,1.688,15.102,28.316,1.053,1.830,19.287,20.648,0.744,0.749,15.105,28.309,0.189,8.508,9.446,0.018,4155.000,151.997,50.720,8.508,60.166,ON,Clear and warm; Hybrid loop operating; Ceff=1.69x
576,12:47:30,37.880,75.160,73.160,54.030,52.630,33.120,1.997,15.674,16.914,0.963,1.673,938.500,1584.100,1.688,15.095,28.294,1.053,1.828,19.292,20.651,0.743,0.750,15.094,28.297,0.189,8.510,9.451,0.018,4155.000,151.845,50.717,8.510,60.169,ON,Clear and warm; Hybrid loop operating; Ceff=1.69x
577,12:48:00,37.870,75.080,73.090,53.980,52.590,33.120,1.996,15.678,16.916,0.963,1.673,938.300,1583.700,1.688,15.098,28.293,1.052,1.828,19.297,20.654,0.744,0.749,15.098,28.300,0.189,8.514,9.455,0.018,4155.000,151.769,50.705,8.514,60.160,ON,Clear and warm; Hybrid loop operating; Ceff=1.69x
578,12:48:30,37.860,75.000,73.020,53.930,52.550,33.120,1.997,15.683,16.919,0.964,1.673,938.800,1584.500,1.688,15.111,28.312,1.053,1.829,19.302,20.657,0.743,0.749,15.118,28.305,0.189,8.521,9.452,0.018,4155.000,151.845,50.704,8.521,60.156,ON,Clear and warm; Hybrid loop operating; Ceff=1.69x
579,12:49:00,37.850,74.930,72.960,53.890,52.520,33.120,2.000,15.687,16.921,0.965,1.675,940.000,1586.300,1.688,15.135,28.350,1.054,1.831,19.306,20.660,0.744,0.749,15.138,28.343,0.189,8.521,9.454,0.018,4155.000,152.073,50.723,8.521,60.177,ON,Clear and warm; Hybrid loop operating; Ceff=1.69x
580,12:49:30,37.850,74.870,72.920,53.860,52.490,33.120,2.005,15.690,16.923,0.966,1.678,941.600,1589.000,1.688,15.164,28.401,1.056,1.834,19.310,20.662,0.744,0.749,15.157,28.397,0.189,8.517,9.455,0.018,4155.000,152.453,50.763,8.517,60.219,ON,Clear and warm; Hybrid loop operating; Ceff=1.69x
581,12:50:00,37.840,74.840,72.880,53.840,52.470,33.120,2.010,15.692,16.924,0.968,1.681,943.300,1592.000,1.688,15.195,28.456,1.058,1.838,19.312,20.663,0.744,0.749,15.190,28.449,0.189,8.520,9.455,0.018,4155.000,152.833,50.794,8.520,60.249,ON,Clear and warm; Hybrid loop operating; Ceff=1.69x
582,12:50:30,37.830,74.820,72.870,53.830,52.470,33.120,2.015,15.693,16.925,0.970,1.684,945.100,1594.900,1.688,15.224,28.509,1.060,1.841,19.313,20.663,0.744,0.749,15.222,28.502,0.189,8.522,9.455,0.018,4155.000,153.214,50.828,8.522,60.283,ON,Clear and warm; Hybrid loop operating; Ceff=1.69x
583,12:51:00,37.820,74.820,72.870,53.830,52.470,33.130,2.019,15.693,16.924,0.972,1.687,946.500,1597.300,1.688,15.247,28.552,1.062,1.844,19.313,20.663,0.743,0.749,15.254,28.551,0.189,8.527,9.457,0.018,4155.000,153.518,50.852,8.527,60.310,ON,Clear and warm; Hybrid loop operating; Ceff=1.69x
584,12:51:30,37.810,74.840,72.890,53.850,52.480,33.130,2.021,15.691,16.924,0.973,1.689,947.400,1598.800,1.688,15.261,28.578,1.063,1.846,19.311,20.662,0.743,0.749,15.267,28.585,0.189,8.526,9.460,0.018,4155.000,153.670,50.855,8.526,60.315,ON,Clear and warm; Hybrid loop operating; Ceff=1.69x
585,12:52:00,37.800,74.880,72.910,53.870,52.500,33.130,2.022,15.690,16.923,0.973,1.689,947.800,1599.500,1.688,15.264,28.588,1.063,1.846,19.309,20.661,0.744,0.750,15.266,28.583,0.189,8.522,9.455,0.018,4155.000,153.746,50.858,8.522,60.313,ON,Clear and warm; Hybrid loop operating; Ceff=1.69x
586,12:52:30,37.800,74.920,72.950,53.900,52.510,33.120,2.022,15.687,16.921,0.973,1.689,947.600,1599.200,1.688,15.259,28.580,1.063,1.846,19.307,20.660,0.743,0.749,15.263,28.580,0.189,8.522,9.456,0.018,4155.000,153.746,50.867,8.522,60.323,ON,Clear and warm; Hybrid loop operating; Ceff=1.69x
587,12:53:00,37.790,74.970,72.990,53.920,52.530,33.120,2.020,15.685,16.920,0.972,1.688,947.100,1598.300,1.688,15.247,28.561,1.062,1.845,19.304,20.658,0.744,0.749,15.246,28.561,0.189,8.517,9.455,0.018,4155.000,153.594,50.846,8.517,60.300,ON,Clear and warm; Hybrid loop operating; Ceff=1.69x
588,12:53:30,37.780,75.020,73.020,53.950,52.550,33.120,2.018,15.682,16.918,0.971,1.687,946.300,1597.100,1.688,15.231,28.536,1.061,1.843,19.301,20.657,0.744,0.750,15.227,28.541,0.189,8.514,9.455,0.018,4155.000,153.442,50.833,8.514,60.289,ON,Clear and warm; Hybrid loop operating; Ceff=1.69x
589,12:54:00,37.770,75.060,73.050,53.970,52.570,33.120,2.017,15.680,16.917,0.971,1.685,945.600,1596.000,1.688,15.218,28.514,1.061,1.842,19.299,20.655,0.743,0.749,15.225,28.505,0.189,8.519,9.450,0.018,4155.000,153.366,50.843,8.519,60.293,ON,Clear and warm; Hybrid loop operating; Ceff=1.69x
590,12:54:30,37.760,75.090,73.070,53.990,52.580,33.120,2.016,15.679,16.917,0.970,1.685,945.300,1595.400,1.688,15.210,28.503,1.060,1.841,19.298,20.655,0.744,0.750,15.209,28.505,0.189,8.513,9.453,0.018,4155.000,153.290,50.837,8.513,60.291,ON,Clear and warm; Hybrid loop operating; Ceff=1.69x
591,12:55:00,37.750,75.100,73.080,53.990,52.580,33.120,2.016,15.678,16.916,0.970,1.685,945.400,1595.800,1.688,15.212,28.508,1.060,1.842,19.297,20.654,0.744,0.749,15.208,28.503,0.189,8.511,9.451,0.018,4155.000,153.290,50.824,8.511,60.275,ON,Clear and warm; Hybrid loop operating; Ceff=1.69x
592,12:55:30,37.740,75.100,73.080,53.990,52.580,33.120,2.019,15.678,16.917,0.971,1.687,946.200,1597.200,1.688,15.225,28.533,1.061,1.843,19.297,20.654,0.744,0.750,15.223,28.539,0.189,8.513,9.454,0.018,4155.000,153.518,50.855,8.513,60.309,ON,Clear and warm; Hybrid loop operating; Ceff=1.69x
593,12:56:00,37.730,75.090,73.070,53.980,52.570,33.120,2.023,15.679,16.917,0.973,1.689,947.600,1599.600,1.688,15.248,28.578,1.063,1.846,19.298,20.655,0.743,0.750,15.256,28.573,0.189,8.518,9.451,0.018,4155.000,153.822,50.880,8.518,60.331,ON,Clear and warm; Hybrid loop operating; Ceff=1.69x
594,12:56:30,37.730,75.060,73.040,53.960,52.550,33.110,2.028,15.680,16.918,0.974,1.693,949.500,1602.800,1.688,15.280,28.638,1.065,1.850,19.299,20.656,0.743,0.749,15.272,28.642,0.189,8.510,9.455,0.018,4155.000,154.202,50.904,8.510,60.359,ON,Clear and warm; Hybrid loop operating; Ceff=1.69x
595,12:57:00,37.720,75.020,73.020,53.940,52.540,33.110,2.034,15.682,16.919,0.977,1.697,951.700,1606.600,1.688,15.318,28.707,1.067,1.854,19.302,20.657,0.744,0.750,15.321,28.712,0.189,8.518,9.456,0.018,4155.000,154.658,50.933,8.518,60.389,ON,Clear and warm; Hybrid loop operating; Ceff=1.69x
596,12:57:30,37.710,74.980,72.980,53.920,52.520,33.110,2.041,15.685,16.921,0.979,1.701,953.900,1610.400,1.688,15.357,28.778,1.070,1.859,19.304,20.659,0.743,0.749,15.356,28.783,0.189,8.517,9.457,0.018,4155.000,155.190,50.988,8.517,60.445,ON,Clear and warm; Hybrid loop operating; Ceff=1.69x
597,12:58:00,37.700,74.930,72.950,53.890,52.500,33.100,2.047,15.687,16.922,0.981,1.704,955.900,1613.800,1.688,15.392,28.842,1.072,1.863,19.307,20.660,0.744,0.749,15.389,28.835,0.189,8.518,9.454,0.018,4155.000,155.647,51.030,8.518,60.484,ON,Clear and warm; Hybrid loop operating; Ceff=1.69x
598,12:58:30,37.690,74.890,72.910,53.860,52.480,33.100,2.051,15.689,16.923,0.983,1.707,957.400,1616.400,1.688,15.419,28.892,1.074,1.866,19.309,20.662,0.744,0.749,15.422,28.888,0.189,8.523,9.456,0.018,4155.000,155.951,51.048,8.523,60.504,ON,Clear and warm; Hybrid loop operating; Ceff=1.69x
599,12:59:00,37.690,74.850,72.880,53.840,52.460,33.100,2.054,15.691,16.924,0.984,1.709,958.400,1618.000,1.688,15.437,28.923,1.075,1.868,19.311,20.663,0.744,0.749,15.440,28.923,0.189,8.524,9.458,0.018,4155.000,156.179,51.072,8.524,60.530,ON,Clear and warm; Hybrid loop operating; Ceff=1.69x
600,12:59:30,37.680,74.820,72.860,53.820,52.450,33.090,2.055,15.693,16.925,0.984,1.710,958.700,1618.600,1.688,15.443,28.934,1.076,1.868,19.313,20.664,0.743,0.750,15.442,28.942,0.189,8.522,9.461,0.018,4155.000,156.255,51.078,8.522,60.539,ON,Clear and warm; Hybrid loop operating; Ceff=1.69x
601,13:00:00,37.670,74.810,72.850,53.810,52.450,33.090,2.054,15.694,16.926,0.984,1.709,958.400,1618.200,1.688,15.440,28.928,1.075,1.868,19.314,20.665,0.744,0.749,15.443,28.927,0.189,8.526,9.458,0.018,4155.000,156.179,51.066,8.526,60.524,ON,Clear and warm; Hybrid loop operating; Ceff=1.69x
602,13:00:30,37.670,74.810,72.850,53.810,52.440,33.080,2.052,15.694,16.926,0.983,1.708,957.800,1617.100,1.688,15.430,28.909,1.075,1.867,19.314,20.665,0.743,0.749,15.427,28.910,0.189,8.522,9.459,0.018,4155.000,156.027,51.051,8.522,60.510,ON,Clear and warm; Hybrid loop operating; Ceff=1.69x
603,13:01:00,37.660,74.820,72.870,53.810,52.450,33.080,2.050,15.693,16.926,0.982,1.707,957.000,1615.800,1.688,15.416,28.885,1.074,1.865,19.313,20.664,0.743,0.750,15.411,28.893,0.189,8.520,9.461,0.018,4155.000,155.875,51.042,8.520,60.503,ON,Clear and warm; Hybrid loop operating; Ceff=1.69x
604,13:01:30,37.660,74.850,72.890,53.830,52.460,33.070,2.048,15.691,16.925,0.982,1.705,956.300,1614.600,1.688,15.404,28.863,1.073,1.864,19.311,20.664,0.743,0.749,15.409,28.857,0.189,8.525,9.456,0.018,4155.000,155.723,51.030,8.525,60.486,ON,Clear and warm; Hybrid loop operating; Ceff=1.69x
605,13:02:00,37.650,74.900,72.930,53.850,52.470,33.070,2.047,15.689,16.924,0.981,1.705,956.000,1614.100,1.688,15.396,28.851,1.073,1.863,19.308,20.662,0.743,0.750,15.391,28.855,0.189,8.518,9.459,0.018,4155.000,155.647,51.021,8.518,60.480,ON,Clear and warm; Hybrid loop operating; Ceff=1.69x
606,13:02:30,37.650,74.950,72.970,53.880,52.490,33.060,2.048,15.686,16.922,0.982,1.705,956.300,1614.400,1.688,15.396,28.853,1.073,1.863,19.305,20.661,0.743,0.750,15.404,28.852,0.189,8.523,9.456,0.018,4155.000,155.723,51.036,8.523,60.492,ON,Clear and warm; Hybrid loop operating; Ceff=1.69x
607,13:03:00,37.640,75.010,73.020,53.910,52.520,33.060,2.050,15.683,16.921,0.982,1.706,957.100,1615.700,1.688,15.405,28.872,1.074,1.865,19.302,20.659,0.743,0.749,15.401,28.867,0.189,8.514,9.453,0.018,4155.000,155.875,51.045,8.514,60.498,ON,Clear and warm; Hybrid loop operating; Ceff=1.69x
608,13:03:30,37.640,75.080,73.070,53.950,52.540,33.050,2.053,15.679,16.919,0.984,1.709,958.400,1617.800,1.688,15.422,28.908,1.075,1.867,19.298,20.657,0.743,0.750,15.428,28.915,0.189,8.517,9.456,0.018,4155.000,156.103,51.053,8.517,60.510,ON,Clear and warm; Hybrid loop operating; Ceff=1.69x
609,13:04:00,37.630,75.140,73.120,53.980,52.570,33.040,2.058,15.676,16.917,0.985,1.712,960.100,1620.700,1.688,15.446,28.954,1.077,1.871,19.294,20.655,0.743,0.749,15.441,28.962,0.189,8.509,9.455,0.018,4155.000,156.483,51.086,8.509,60.541,ON,Clear and warm; Hybrid loop operating; Ceff=1.69x
610,13:04:30,37.630,75.190,73.170,54.010,52.600,33.040,2.063,15.673,16.915,0.987,1.715,962.000,1623.700,1.688,15.472,29.006,1.079,1.874,19.291,20.653,0.743,0.749,15.469,29.009,0.189,8.508,9.453,0.018,4155.000,156.863,51.116,8.508,60.569,ON,Clear and warm; Hybrid loop operating; Ceff=1.69x
611,13:05:00,37.630,75.240,73.210,54.040,52.620,33.030,2.068,15.670,16.914,0.989,1.718,963.800,1626.600,1.688,15.498,29.054,1.081,1.877,19.288,20.652,0.743,0.750,15.498,29.058,0.189,8.508,9.452,0.018,4155.000,157.243,51.148,8.508,60.600,ON,Clear and warm; Hybrid loop operating; Ceff=1.69x
612,13:05:30,37.630,75.270,73.230,54.060,52.630,33.020,2.072,15.669,16.913,0.990,1.720,965.300,1628.900,1.688,15.519,29.093,1.082,1.880,19.286,20.651,0.744,0.749,15.512,29.090,0.189,8.503,9.449,0.018,4155.000,157.548,51.175,8.503,60.624,ON,Clear and warm; Hybrid loop operating; Ceff=1.69x
613,13:06:00,37.630,75.280,73.250,54.060,52.640,33.020,2.075,15.668,16.913,0.991,1.722,966.200,1630.300,1.687,15.533,29.117,1.083,1.882,19.286,20.650,0.744,0.749,15.527,29.124,0.189,8.503,9.452,0.018,4155.000,157.776,51.205,8.503,60.657,ON,Clear and warm; Hybrid loop operating; Ceff=1.69x
614,13:06:30,37.630,75.280,73.250,54.060,52.640,33.010,2.075,15.668,16.913,0.992,1.722,966.400,1630.500,1.687,15.537,29.121,1.084,1.882,19.286,20.650,0.743,0.749,15.543,29.124,0.189,8.510,9.451,0.018,4155.000,157.776,51.199,8.510,60.649,ON,Clear and warm; Hybrid loop operating; Ceff=1.69x
615,13:07:00,37.620,75.260,73.230,54.050,52.630,33.000,2.074,15.669,16.913,0.991,1.721,966.000,1629.700,1.687,15.532,29.108,1.083,1.881,19.287,20.651,0.744,0.749,15.528,29.107,0.189,8.505,9.450,0.018,4155.000,157.700,51.199,8.505,60.649,ON,Clear and warm; Hybrid loop operating; Ceff=1.69x
616,13:07:30,37.620,75.220,73.210,54.020,52.610,33.000,2.071,15.671,16.915,0.990,1.719,965.100,1628.000,1.687,15.520,29.080,1.082,1.879,19.289,20.652,0.744,0.749,15.514,29.077,0.189,8.505,9.450,0.018,4155.000,157.472,51.178,8.505,60.628,ON,Clear and warm; Hybrid loop operating; Ceff=1.69x
617,13:08:00,37.630,75.180,73.170,53.990,52.590,32.990,2.067,15.673,16.916,0.989,1.717,963.900,1625.700,1.687,15.503,29.042,1.081,1.876,19.291,20.654,0.743,0.750,15.501,29.045,0.189,8.509,9.453,0.018,4155.000,157.167,51.152,8.509,60.605,ON,Clear and warm; Hybrid loop operating; Ceff=1.69x
618,13:08:30,37.630,75.140,73.140,53.960,52.560,32.980,2.063,15.675,16.918,0.988,1.714,962.700,1623.400,1.686,15.486,29.004,1.080,1.874,19.294,20.656,0.743,0.749,15.487,28.997,0.189,8.512,9.451,0.018,4155.000,156.863,51.125,8.512,60.576,ON,Clear and warm; Hybrid loop operating; Ceff=1.69x
619,13:09:00,37.630,75.090,73.100,53.930,52.540,32.970,2.059,15.678,16.919,0.987,1.712,961.600,1621.300,1.686,15.472,28.971,1.079,1.871,19.296,20.658,0.743,0.750,15.474,28.965,0.189,8.514,9.453,0.018,4155.000,156.559,51.092,8.514,60.545,ON,Clear and warm; Hybrid loop operating; Ceff=1.69x
620,13:09:30,37.630,75.060,73.070,53.900,52.520,32.970,2.057,15.680,16.921,0.986,1.711,961.000,1620.000,1.686,15.465,28.951,1.078,1.870,19.298,20.659,0.743,0.749,15.460,28.952,0.189,8.512,9.456,0.018,4155.000,156.407,51.083,8.512,60.539,ON,Clear and warm; Hybrid loop operating; Ceff=1.69x
621,13:10:00,37.630,75.030,73.060,53.890,52.500,32.960,2.057,15.681,16.922,0.986,1.711,960.900,1619.600,1.685,15.465,28.946,1.078,1.869,19.300,20.660,0.743,0.750,15.461,28.954,0.189,8.514,9.459,0.018,4155.000,156.407,51.096,8.514,60.555,ON,Clear and warm; Hybrid loop operating; Ceff=1.69x
622,13:10:30,37.640,75.020,73.050,53.880,52.500,32.950,2.057,15.681,16.922,0.987,1.711,961.500,1620.200,1.685,15.474,28.958,1.078,1.870,19.300,20.661,0.744,0.750,15.477,28.954,0.189,8.517,9.455,0.018,4155.000,156.407,51.077,8.517,60.532,ON,Clear and warm; Hybrid loop operating; Ceff=1.69x
623,13:11:00,37.640,75.040,73.060,53.880,52.500,32.940,2.060,15.681,16.922,0.988,1.713,962.500,1621.600,1.685,15.489,28.982,1.080,1.872,19.300,20.660,0.743,0.749,15.493,28.987,0.189,8.517,9.458,0.018,4155.000,156.635,51.107,8.517,60.565,ON,Clear and warm; Hybrid loop operating; Ceff=1.68x
624,13:11:30,37.640,75.070,73.090,53.900,52.510,32.940,2.063,15.679,16.921,0.989,1.715,963.800,1623.500,1.685,15.509,29.014,1.081,1.874,19.298,20.659,0.743,0.749,15.507,29.020,0.189,8.513,9.457,0.018,4155.000,156.863,51.122,8.513,60.579,ON,Clear and warm; Hybrid loop operating; Ceff=1.68x
625,13:12:00,37.650,75.110,73.130,53.930,52.540,32.930,2.067,15.676,16.920,0.991,1.717,965.200,1625.600,1.684,15.528,29.047,1.083,1.876,19.295,20.658,0.743,0.750,15.535,29.052,0.189,8.516,9.456,0.018,4155.000,157.167,51.155,8.516,60.611,ON,Clear and warm; Hybrid loop operating; Ceff=1.68x
626,13:12:30,37.650,75.170,73.180,53.960,52.560,32.920,2.069,15.673,16.918,0.992,1.718,966.400,1627.200,1.684,15.543,29.073,1.084,1.878,19.291,20.656,0.743,0.749,15.548,29.065,0.189,8.512,9.451,0.018,4155.000,157.320,51.154,8.512,60.605,ON,Clear and warm; Hybrid loop operating; Ceff=1.68x
627,13:13:00,37.660,75.240,73.230,54.000,52.600,32.910,2.071,15.669,16.916,0.992,1.719,967.100,1628.200,1.683,15.550,29.085,1.085,1.879,19.287,20.653,0.743,0.749,15.544,29.079,0.189,8.504,9.449,0.018,4155.000,157.472,51.172,8.504,60.621,ON,Clear and warm; Hybrid loop operating; Ceff=1.68x
628,13:13:30,37.660,75.310,73.290,54.040,52.630,32.910,2.071,15.666,16.913,0.993,1.719,967.300,1628.100,1.683,15.548,29.079,1.085,1.879,19.283,20.651,0.743,0.749,15.556,29.073,0.189,8.509,9.448,0.018,4155.000,157.472,51.175,8.509,60.623,ON,Clear and warm; Hybrid loop operating; Ceff=1.68x
629,13:14:00,37.670,75.380,73.340,54.080,52.660,32.900,2.069,15.662,16.911,0.992,1.718,966.800,1626.900,1.683,15.536,29.054,1.084,1.878,19.279,20.649,0.743,0.749,15.537,29.053,0.189,8.503,9.449,0.018,4155.000,157.320,51.163,8.503,60.612,ON,Clear and warm; Hybrid loop operating; Ceff=1.68x
630,13:14:30,37.670,75.430,73.390,54.110,52.680,32.890,2.065,15.659,16.910,0.991,1.716,965.800,1624.700,1.682,15.515,29.012,1.083,1.875,19.276,20.647,0.743,0.749,15.518,29.018,0.189,8.501,9.450,0.018,4155.000,157.015,51.134,8.501,60.584,ON,Clear and warm; Hybrid loop operating; Ceff=1.68x
631,13:15:00,37.680,75.470,73.420,54.130,52.700,32.880,2.060,15.657,16.909,0.989,1.713,964.200,1621.800,1.682,15.488,28.957,1.081,1.872,19.274,20.646,0.743,0.749,15.485,28.965,0.189,8.497,9.450,0.018,4155.000,156.635,51.101,8.497,60.551,ON,Clear and warm; Hybrid loop operating; Ceff=1.68x
632,13:15:30,37.690,75.490,73.440,54.140,52.710,32.880,2.055,15.656,16.908,0.987,1.709,962.500,1618.600,1.682,15.459,28.898,1.079,1.868,19.273,20.645,0.743,0.749,15.452,28.896,0.189,8.494,9.446,0.018,4155.000,156.255,51.078,8.494,60.524,ON,Clear and warm; Hybrid loop operating; Ceff=1.68x
633,13:16:00,37.690,75.490,73.440,54.140,52.700,32.870,2.049,15.656,16.908,0.986,1.706,960.900,1615.400,1.681,15.433,28.842,1.077,1.864,19.273,20.645,0.744,0.749,15.437,28.845,0.189,8.500,9.448,0.018,4155.000,155.799,51.030,8.500,60.477,ON,Clear and warm; Hybrid loop operating; Ceff=1.68x
634,13:16:30,37.700,75.470,73.420,54.130,52.690,32.860,2.045,15.657,16.909,0.984,1.703,959.500,1612.700,1.681,15.413,28.796,1.076,1.861,19.274,20.646,0.743,0.749,15.406,28.796,0.189,8.496,9.448,0.018,4155.000,155.495,51.015,8.496,60.463,ON,Clear and warm; Hybrid loop operating; Ceff=1.68x
635,13:17:00,37.710,75.430,73.390,54.100,52.670,32.860,2.042,15.659,16.910,0.984,1.701,958.700,1610.900,1.680,15.401,28.766,1.075,1.859,19.276,20.648,0.743,0.749,15.408,28.764,0.189,8.504,9.448,0.018,4155.000,155.267,50.997,8.504,60.445,ON,Clear and warm; Hybrid loop operating; Ceff=1.68x
636,13:17:30,37.710,75.390,73.350,54.070,52.650,32.850,2.040,15.661,16.912,0.983,1.700,958.400,1610.000,1.680,15.400,28.754,1.075,1.858,19.279,20.650,0.743,0.749,15.395,28.750,0.189,8.499,9.448,0.018,4155.000,155.114,50.976,8.499,60.424,ON,Clear and warm; Hybrid loop operating; Ceff=1.68x
637,13:18:00,37.720,75.330,73.310,54.040,52.620,32.840,2.040,15.664,16.914,0.984,1.700,958.700,1610.100,1.679,15.409,28.759,1.075,1.858,19.282,20.651,0.743,0.750,15.413,28.754,0.189,8.507,9.449,0.018,4155.000,155.114,50.973,8.507,60.422,ON,Clear and warm; Hybrid loop operating; Ceff=1.68x
638,13:18:30,37.730,75.280,73.270,54.000,52.600,32.840,2.042,15.667,16.916,0.984,1.701,959.500,1610.900,1.679,15.424,28.778,1.076,1.859,19.285,20.653,0.743,0.750,15.416,28.774,0.189,8.501,9.451,0.018,4155.000,155.267,50.997,8.501,60.448,ON,Clear and warm; Hybrid loop operating; Ceff=1.68x
639,13:19:00,37.730,75.220,73.220,53.970,52.570,32.830,2.044,15.670,16.917,0.986,1.703,960.400,1612.100,1.679,15.444,28.802,1.077,1.861,19.288,20.655,0.743,0.749,15.451,28.810,0.189,8.512,9.455,0.018,4155.000,155.419,51.009,8.512,60.465,ON,Clear and warm; Hybrid loop operating; Ceff=1.68x
640,13:19:30,37.740,75.180,73.190,53.950,52.550,32.830,2.046,15.672,16.918,0.987,1.704,961.400,1613.300,1.678,15.461,28.825,1.078,1.862,19.291,20.657,0.743,0.749,15.468,28.828,0.189,8.513,9.455,0.018,4155.000,155.571,51.021,8.513,60.476,ON,Clear and warm; Hybrid loop operating; Ceff=1.68x
641,13:20:00,37.750,75.150,73.170,53.930,52.540,32.820,2.047,15.674,16.919,0.987,1.704,962.000,1613.900,1.678,15.474,28.839,1.079,1.863,19.292,20.658,0.743,0.749,15.470,28.830,0.189,8.509,9.452,0.018,4155.000,155.647,51.027,8.509,60.479,ON,Clear and warm; Hybrid loop operating; Ceff=1.68x
642,13:20:30,37.760,75.140,73.160,53.920,52.540,32.820,2.046,15.675,16.920,0.987,1.704,962.200,1613.700,1.677,15.477,28.836,1.079,1.863,19.293,20.658,0.743,0.749,15.471,28.832,0.189,8.507,9.453,0.018,4155.000,155.571,51.009,8.507,60.462,ON,Clear and warm; Hybrid loop operating; Ceff=1.68x
643,13:21:00,37.760,75.140,73.160,53.920,52.540,32.810,2.044,15.675,16.920,0.987,1.703,961.700,1612.500,1.677,15.469,28.814,1.079,1.861,19.293,20.658,0.743,0.749,15.471,28.815,0.189,8.512,9.455,0.018,4155.000,155.419,50.997,8.512,60.451,ON,Clear and warm; Hybrid loop operating; Ceff=1.68x
644,13:21:30,37.770,75.160,73.180,53.930,52.550,32.810,2.041,15.674,16.919,0.986,1.701,960.600,1610.200,1.676,15.451,28.771,1.077,1.859,19.292,20.657,0.744,0.749,15.455,28.779,0.189,8.512,9.457,0.018,4155.000,155.190,50.995,8.512,60.451,ON,Clear and warm; Hybrid loop operating; Ceff=1.68x
645,13:22:00,37.780,75.190,73.200,53.950,52.560,32.800,2.035,15.672,16.918,0.984,1.697,959.000,1607.000,1.676,15.422,28.712,1.075,1.855,19.290,20.656,0.744,0.749,15.421,28.710,0.189,8.508,9.453,0.018,4155.000,154.734,50.946,8.508,60.398,ON,Clear and warm; Hybrid loop operating; Ceff=1.68x
646,13:22:30,37.790,75.220,73.230,53.970,52.580,32.800,2.029,15.670,16.917,0.982,1.693,957.000,1603.200,1.675,15.388,28.642,1.073,1.850,19.288,20.655,0.744,0.750,15.388,28.640,0.189,8.508,9.452,0.018,4155.000,154.278,50.916,8.508,60.368,ON,Clear and warm; Hybrid loop operating; Ceff=1.68x
647,13:23:00,37.790,75.270,73.260,54.000,52.590,32.790,2.022,15.668,16.916,0.980,1.689,954.900,1599.200,1.675,15.351,28.569,1.071,1.846,19.285,20.654,0.743,0.749,15.355,28.571,0.189,8.508,9.453,0.018,4155.000,153.746,50.867,8.508,60.320,ON,Clear and warm; Hybrid loop operating; Ceff=1.67x
648,13:23:30,37.800,75.310,73.300,54.020,52.610,32.790,2.016,15.665,16.915,0.978,1.685,953.000,1595.600,1.674,15.318,28.501,1.069,1.841,19.283,20.652,0.743,0.750,15.320,28.502,0.189,8.506,9.451,0.018,4155.000,153.290,50.831,8.506,60.282,ON,Clear and warm; Hybrid loop operating; Ceff=1.67x
649,13:24:00,37.800,75.350,73.330,54.040,52.620,32.780,2.011,15.663,16.914,0.976,1.682,951.500,1592.500,1.674,15.291,28.445,1.067,1.838,19.281,20.651,0.743,0.749,15.287,28.449,0.189,8.501,9.452,0.018,4155.000,152.909,50.803,8.501,60.256,ON,Clear and warm; Hybrid loop operating; Ceff=1.67x
650,13:24:30,37.810,75.380,73.350,54.060,52.640,32.780,2.007,15.662,16.913,0.975,1.680,950.500,1590.400,1.673,15.273,28.405,1.066,1.836,19.279,20.650,0.743,0.749,15.270,28.414,0.189,8.500,9.453,0.018,4155.000,152.605,50.769,8.500,60.222,ON,Clear and warm; Hybrid loop operating; Ceff=1.67x
651,13:25:00,37.820,75.400,73.370,54.070,52.640,32.780,2.005,15.661,16.912,0.975,1.678,950.100,1589.300,1.673,15.266,28.385,1.065,1.834,19.278,20.650,0.744,0.749,15.269,28.378,0.189,8.503,9.448,0.018,4155.000,152.453,50.754,8.503,60.201,ON,Clear and warm; Hybrid loop operating; Ceff=1.67x
652,13:25:30,37.820,75.410,73.370,54.070,52.640,32.770,2.005,15.660,16.912,0.975,1.678,950.300,1589.100,1.672,15.268,28.381,1.066,1.834,19.277,20.650,0.743,0.749,15.269,28.378,0.189,8.501,9.449,0.018,4155.000,152.453,50.760,8.501,60.209,ON,Clear and warm; Hybrid loop operating; Ceff=1.67x
653,13:26:00,37.830,75.400,73.360,54.070,52.640,32.770,2.006,15.661,16.912,0.975,1.679,950.800,1589.600,1.672,15.277,28.389,1.066,1.835,19.278,20.650,0.743,0.749,15.269,28.395,0.189,8.497,9.451,0.018,4155.000,152.529,50.770,8.497,60.221,ON,Clear and warm; Hybrid loop operating; Ceff=1.67x
654,13:26:30,37.830,75.380,73.340,54.060,52.630,32.770,2.007,15.662,16.913,0.976,1.679,951.500,1590.200,1.671,15.289,28.402,1.067,1.835,19.279,20.651,0.743,0.750,15.286,28.397,0.189,8.500,9.448,0.018,4155.000,152.605,50.776,8.500,60.224,ON,Clear and warm; Hybrid loop operating; Ceff=1.67x
655,13:27:00,37.830,75.340,73.310,54.030,52.610,32.770,2.008,15.664,16.914,0.977,1.680,952.000,1590.600,1.671,15.301,28.412,1.068,1.836,19.281,20.652,0.743,0.749,15.304,28.416,0.189,8.505,9.452,0.018,4155.000,152.681,50.788,8.505,60.240,ON,Clear and warm; Hybrid loop operating; Ceff=1.67x
656,13:27:30,37.840,75.290,73.270,54.000,52.590,32.760,2.007,15.667,16.916,0.977,1.680,952.200,1590.400,1.670,15.307,28.412,1.068,1.836,19.284,20.654,0.743,0.749,15.307,28.419,0.189,8.505,9.455,0.018,4155.000,152.605,50.769,8.505,60.224,ON,Clear and warm; Hybrid loop operating; Ceff=1.67x
657,13:28:00,37.840,75.230,73.220,53.970,52.560,32.760,2.005,15.670,16.918,0.977,1.678,951.900,1589.300,1.670,15.305,28.396,1.067,1.834,19.288,20.656,0.744,0.750,15.310,28.388,0.189,8.510,9.451,0.018,4155.000,152.453,50.754,8.510,60.205,ON,Clear and warm; Hybrid loop operating; Ceff=1.67x
658,13:28:30,37.840,75.170,73.170,53.930,52.530,32.760,2.002,15.673,16.920,0.976,1.676,950.900,1587.200,1.669,15.294,28.362,1.066,1.832,19.292,20.658,0.744,0.749,15.297,28.358,0.189,8.511,9.453,0.018,4155.000,152.225,50.745,8.511,60.198,ON,Clear and warm; Hybrid loop operating; Ceff=1.67x
659,13:29:00,37.840,75.100,73.120,53.890,52.500,32.760,1.996,15.677,16.922,0.974,1.673,949.300,1584.000,1.669,15.272,28.310,1.065,1.828,19.296,20.660,0.743,0.750,15.269,28.311,0.189,8.511,9.457,0.018,4155.000,151.769,50.695,8.511,60.152,ON,Clear and warm; Hybrid loop operating; Ceff=1.67x
660,13:29:30,37.850,75.040,73.060,53.850,52.460,32.760,1.990,15.680,16.924,0.972,1.669,947.200,1580.100,1.668,15.244,28.244,1.062,1.824,19.299,20.663,0.744,0.749,15.241,28.246,0.189,8.514,9.458,0.018,4155.000,151.313,50.667,8.514,60.126,ON,Clear and warm; Hybrid loop operating; Ceff=1.67x
661,13:30:00,37.850,74.980,73.020,53.810,52.440,32.760,1.983,15.684,16.926,0.970,1.664,944.900,1575.800,1.668,15.210,28.171,1.060,1.819,19.303,20.665,0.743,0.749,15.213,28.165,0.189,8.519,9.457,0.018,4155.000,150.780,50.627,8.519,60.084,ON,Clear and warm; Hybrid loop operating; Ceff=1.67x
662,13:30:30,37.850,74.940,72.980,53.780,52.410,32.750,1.976,15.686,16.928,0.968,1.660,942.600,1571.500,1.667,15.177,28.098,1.057,1.814,19.305,20.667,0.744,0.749,15.184,28.100,0.189,8.523,9.461,0.018,4155.000,150.248,50.586,8.523,60.047,ON,Clear and warm; Hybrid loop operating; Ceff=1.67x
663,13:31:00,37.850,74.910,72.950,53.760,52.390,32.750,1.969,15.688,16.929,0.966,1.656,940.600,1567.600,1.667,15.147,28.032,1.055,1.810,19.307,20.668,0.744,0.749,15.155,28.034,0.189,8.525,9.462,0.018,4155.000,149.716,50.532,8.525,59.995,ON,Clear and warm; Hybrid loop operating; Ceff=1.67x
664,13:31:30,37.850,74.900,72.940,53.750,52.380,32.750,1.964,15.689,16.930,0.964,1.653,939.100,1564.600,1.666,15.123,27.979,1.054,1.806,19.308,20.669,0.743,0.750,15.124,27.985,0.189,8.521,9.464,0.018,4155.000,149.336,50.501,8.521,59.965,ON,Clear and warm; Hybrid loop operating; Ceff=1.67x
665,13:32:00,37.850,74.900,72.930,53.740,52.370,32.750,1.961,15.689,16.930,0.963,1.650,938.200,1562.600,1.665,15.109,27.943,1.052,1.804,19.308,20.669,0.744,0.749,15.109,27.935,0.189,8.520,9.459,0.018,4155.000,149.108,50.488,8.520,59.947,ON,Clear and warm; Hybrid loop operating; Ceff=1.67x
666,13:32:30,37.840,74.910,72.940,53.750,52.370,32.750,1.959,15.688,16.930,0.963,1.649,937.900,1561.500,1.665,15.102,27.924,1.052,1.803,19.307,20.669,0.744,0.749,15.108,27.918,0.189,8.523,9.460,0.018,4155.000,148.956,50.472,8.523,59.932,ON,Clear and warm; Hybrid loop operating; Ceff=1.66x
667,13:33:00,37.840,74.940,72.960,53.760,52.380,32.750,1.959,15.686,16.929,0.963,1.649,938.100,1561.300,1.664,15.104,27.919,1.052,1.802,19.306,20.668,0.744,0.750,15.106,27.916,0.189,8.520,9.460,0.018,4155.000,148.956,50.479,8.520,59.939,ON,Clear and warm; Hybrid loop operating; Ceff=1.66x
668,13:33:30,37.840,74.980,72.980,53.780,52.390,32.750,1.959,15.685,16.928,0.963,1.649,938.500,1561.600,1.664,15.109,27.922,1.053,1.803,19.304,20.667,0.743,0.749,15.105,27.914,0.189,8.516,9.458,0.018,4155.000,148.956,50.469,8.516,59.927,ON,Clear and warm; Hybrid loop operating; Ceff=1.66x
669,13:34:00,37.830,75.010,73.010,53.800,52.400,32.750,1.960,15.683,16.927,0.964,1.650,939.100,1562.000,1.663,15.116,27.927,1.053,1.803,19.302,20.666,0.744,0.750,15.118,27.930,0.189,8.518,9.461,0.018,4155.000,149.032,50.482,8.518,59.943,ON,Clear and warm; Hybrid loop operating; Ceff=1.66x
670,13:34:30,37.830,75.040,73.030,53.820,52.410,32.750,1.960,15.681,16.927,0.964,1.650,939.400,1562.000,1.663,15.119,27.926,1.054,1.803,19.300,20.666,0.743,0.749,15.116,27.930,0.189,8.514,9.461,0.018,4155.000,149.032,50.482,8.514,59.943,ON,Clear and warm; Hybrid loop operating; Ceff=1.66x
671,13:35:00,37.820,75.060,73.050,53.830,52.410,32.750,1.959,15.680,16.926,0.964,1.649,939.300,1561.300,1.662,15.116,27.913,1.054,1.802,19.299,20.665,0.743,0.750,15.116,27.911,0.189,8.514,9.459,0.018,4155.000,148.956,50.479,8.514,59.937,ON,Clear and warm; Hybrid loop operating; Ceff=1.66x
672,13:35:30,37.820,75.070,73.050,53.830,52.410,32.750,1.956,15.680,16.926,0.963,1.647,938.600,1559.700,1.662,15.105,27.883,1.053,1.800,19.299,20.665,0.743,0.750,15.100,27.877,0.189,8.512,9.457,0.018,4155.000,148.727,50.453,8.512,59.910,ON,Clear and warm; Hybrid loop operating; Ceff=1.66x
673,13:36:00,37.810,75.060,73.040,53.820,52.400,32.760,1.951,15.681,16.927,0.962,1.645,937.300,1557.000,1.661,15.085,27.837,1.051,1.797,19.300,20.666,0.744,0.750,15.085,27.845,0.189,8.515,9.462,0.018,4155.000,148.347,50.411,8.515,59.874,ON,Clear and warm; Hybrid loop operating; Ceff=1.66x
674,13:36:30,37.810,75.030,73.010,53.800,52.380,32.760,1.945,15.682,16.928,0.960,1.641,935.500,1553.400,1.660,15.058,27.775,1.049,1.793,19.302,20.667,0.744,0.750,15.055,27.779,0.189,8.515,9.462,0.018,4155.000,147.891,50.373,8.515,59.835,ON,Clear and warm; Hybrid loop operating; Ceff=1.66x
675,13:37:00,37.800,74.980,72.960,53.760,52.350,32.760,1.938,15.685,16.930,0.958,1.636,933.300,1549.200,1.660,15.026,27.704,1.047,1.788,19.305,20.669,0.743,0.750,15.026,27.697,0.189,8.519,9.460,0.018,4155.000,147.359,50.328,8.519,59.787,ON,Clear and warm; Hybrid loop operating; Ceff=1.66x
676,13:37:30,37.790,74.910,72.910,53.720,52.310,32.760,1.931,15.689,16.933,0.956,1.632,931.000,1544.800,1.659,14.992,27.631,1.044,1.783,19.309,20.672,0.744,0.750,14.999,27.635,0.189,8.524,9.465,0.018,4155.000,146.826,50.289,8.524,59.754,ON,Clear and warm; Hybrid loop operating; Ceff=1.66x
677,13:38:00,37.780,74.840,72.840,53.660,52.270,32.760,1.924,15.693,16.936,0.953,1.627,928.800,1540.700,1.659,14.962,27.562,1.042,1.779,19.313,20.675,0.743,0.749,14.955,27.555,0.189,8.520,9.463,0.018,4155.000,146.294,50.240,8.520,59.703,ON,Clear and warm; Hybrid loop operating; Ceff=1.66x
678,13:38:30,37.770,74.750,72.760,53.600,52.220,32.760,1.918,15.698,16.939,0.952,1.624,927.000,1537.100,1.658,14.939,27.506,1.040,1.775,19.319,20.679,0.744,0.749,14.944,27.509,0.189,8.530,9.469,0.018,4155.000,145.838,50.200,8.530,59.669,ON,Clear and warm; Hybrid loop operating; Ceff=1.66x
679,13:39:00,37.760,74.660,72.690,53.550,52.160,32.760,1.914,15.703,16.942,0.950,1.621,925.700,1534.500,1.658,14.924,27.465,1.039,1.772,19.324,20.682,0.743,0.749,14.918,27.463,0.189,8.527,9.469,0.018,4155.000,145.534,50.181,8.527,59.650,ON,Clear and warm; Hybrid loop operating; Ceff=1.66x
680,13:39:30,37.750,74.580,72.620,53.490,52.120,32.760,1.911,15.707,16.945,0.950,1.619,925.100,1532.900,1.657,14.920,27.443,1.038,1.770,19.329,20.686,0.744,0.750,14.922,27.434,0.189,8.534,9.469,0.018,4155.000,145.306,50.154,8.534,59.623,ON,Clear and warm; Hybrid loop operating; Ceff=1.66x
681,13:40:00,37.740,74.510,72.560,53.440,52.070,32.760,1.910,15.711,16.948,0.950,1.619,925.000,1532.300,1.656,14.923,27.437,1.038,1.769,19.333,20.689,0.744,0.750,14.925,27.439,0.189,8.537,9.475,0.018,4155.000,145.230,50.148,8.537,59.622,ON,Clear and warm; Hybrid loop operating; Ceff=1.66x
682,13:40:30,37.730,74.460,72.510,53.400,52.040,32.760,1.911,15.714,16.950,0.950,1.619,925.400,1532.400,1.656,14.934,27.443,1.039,1.769,19.337,20.691,0.743,0.750,14.928,27.442,0.189,8.535,9.475,0.018,4155.000,145.306,50.171,8.535,59.646,ON,Clear and warm; Hybrid loop operating; Ceff=1.66x
683,13:41:00,37.720,74.420,72.470,53.380,52.020,32.770,1.911,15.716,16.952,0.951,1.620,926.000,1532.800,1.655,14.946,27.455,1.039,1.770,19.339,20.693,0.744,0.750,14.946,27.462,0.189,8.540,9.480,0.018,4155.000,145.306,50.157,8.540,59.637,ON,Clear and warm; Hybrid loop operating; Ceff=1.66x
684,13:41:30,37.710,74.400,72.460,53.360,52.000,32.770,1.912,15.717,16.952,0.952,1.620,926.600,1533.200,1.655,14.956,27.464,1.040,1.771,19.340,20.694,0.744,0.749,14.963,27.462,0.189,8.544,9.477,0.018,4155.000,145.382,50.171,8.544,59.648,ON,Clear and warm; Hybrid loop operating; Ceff=1.65x
685,13:42:00,37.700,74.410,72.450,53.360,51.990,32.770,1.912,15.718,16.953,0.952,1.620,926.900,1533.200,1.654,14.961,27.463,1.040,1.770,19.340,20.694,0.744,0.750,14.964,27.464,0.189,8.542,9.478,0.018,4155.000,145.382,50.171,8.542,59.648,ON,Clear and warm; Hybrid loop operating; Ceff=1.65x
686,13:42:30,37.680,74.420,72.460,53.360,51.990,32.770,1.910,15.717,16.953,0.952,1.619,926.700,1532.300,1.654,14.957,27.447,1.040,1.769,19.339,20.694,0.744,0.750,14.963,27.447,0.189,8.543,9.477,0.018,4155.000,145.230,50.148,8.543,59.625,ON,Clear and warm; Hybrid loop operating; Ceff=1.65x
687,13:43:00,37.670,74.450,72.480,53.370,51.990,32.770,1.907,15.715,16.952,0.951,1.617,925.900,1530.400,1.653,14.942,27.412,1.039,1.767,19.338,20.694,0.744,0.750,14.945,27.411,0.189,8.540,9.477,0.018,4155.000,145.002,50.131,8.540,59.608,ON,Clear and warm; Hybrid loop operating; Ceff=1.65x
688,13:43:30,37.660,74.480,72.500,53.380,52.000,32.770,1.903,15.714,16.952,0.949,1.614,924.500,1527.500,1.652,14.918,27.360,1.038,1.764,19.336,20.693,0.743,0.750,14.913,27.361,0.189,8.535,9.477,0.018,4155.000,144.697,50.121,8.535,59.598,ON,Clear and warm; Hybrid loop operating; Ceff=1.65x
689,13:44:00,37.640,74.510,72.520,53.400,52.000,32.770,1.897,15.712,16.951,0.947,1.610,922.600,1523.800,1.652,14.886,27.293,1.035,1.760,19.335,20.693,0.744,0.749,14.879,27.291,0.189,8.533,9.476,0.018,4155.000,144.241,50.084,8.533,59.560,ON,Clear and warm; Hybrid loop operating; Ceff=1.65x
690,13:44:30,37.630,74.530,72.530,53.400,52.000,32.770,1.890,15.711,16.951,0.945,1.606,920.400,1519.700,1.651,14.850,27.219,1.033,1.755,19.333,20.693,0.744,0.749,14.847,27.223,0.189,8.535,9.478,0.018,4155.000,143.709,50.034,8.535,59.512,ON,Clear and warm; Hybrid loop operating; Ceff=1.65x
691,13:45:00,37.610,74.550,72.530,53.400,51.990,32.770,1.883,15.711,16.952,0.943,1.601,918.200,1515.600,1.651,14.814,27.145,1.030,1.750,19.333,20.693,0.744,0.750,14.815,27.140,0.189,8.537,9.475,0.018,4155.000,143.177,49.983,8.537,59.458,ON,Clear and warm; Hybrid loop operating; Ceff=1.65x
692,13:45:30,37.600,74.540,72.520,53.390,51.970,32.770,1.877,15.711,16.952,0.941,1.597,916.300,1511.800,1.650,14.783,27.080,1.028,1.746,19.333,20.694,0.744,0.749,14.784,27.072,0.189,8.537,9.475,0.018,4155.000,142.721,49.949,8.537,59.424,ON,Clear and warm; Hybrid loop operating; Ceff=1.65x
693,13:46:00,37.580,74.520,72.500,53.370,51.950,32.770,1.872,15.713,16.954,0.939,1.594,914.800,1508.800,1.649,14.760,27.028,1.027,1.742,19.335,20.695,0.743,0.750,14.755,27.025,0.189,8.534,9.477,0.018,4155.000,142.340,49.915,8.534,59.392,ON,Clear and warm; Hybrid loop operating; Ceff=1.65x
694,13:46:30,37.570,74.480,72.460,53.340,51.920,32.770,1.869,15.715,16.956,0.939,1.592,913.900,1506.700,1.649,14.748,26.995,1.026,1.740,19.337,20.697,0.743,0.750,14.756,26.994,0.189,8.543,9.479,0.018,4155.000,142.112,49.905,8.543,59.384,ON,Clear and warm; Hybrid loop operating; Ceff=1.65x
695,13:47:00,37.550,74.430,72.410,53.290,51.880,32.770,1.867,15.718,16.958,0.938,1.591,913.600,1505.700,1.648,14.748,26.981,1.025,1.739,19.340,20.700,0.744,0.750,14.743,26.980,0.189,8.539,9.481,0.018,4155.000,141.960,49.885,8.539,59.365,ON,Clear and warm; Hybrid loop operating; Ceff=1.65x
696,13:47:30,37.540,74.370,72.350,53.250,51.840,32.770,1.867,15.722,16.961,0.939,1.591,913.900,1505.600,1.647,14.756,26.984,1.026,1.739,19.345,20.703,0.743,0.750,14.763,26.985,0.189,8.547,9.483,0.018,4155.000,141.960,49.888,8.547,59.371,ON,Clear and warm; Hybrid loop operating; Ceff=1.65x
697,13:48:00,37.520,74.290,72.290,53.200,51.790,32.770,1.867,15.726,16.964,0.939,1.592,914.500,1506.000,1.647,14.771,26.998,1.027,1.739,19.349,20.706,0.743,0.750,14.767,27.007,0.189,8.544,9.488,0.018,4155.000,141.960,49.875,8.544,59.363,ON,Clear and warm; Hybrid loop operating; Ceff=1.65x
698,13:48:30,37.510,74.210,72.220,53.140,51.750,32.770,1.868,15.730,16.967,0.940,1.592,915.200,1506.700,1.646,14.788,27.016,1.027,1.740,19.354,20.709,0.744,0.750,14.786,27.011,0.189,8.548,9.485,0.018,4155.000,142.036,49.878,8.548,59.364,ON,Clear and warm; Hybrid loop operating; Ceff=1.65x
699,13:49:00,37.490,74.130,72.150,53.090,51.700,32.770,1.869,15.735,16.970,0.941,1.593,915.800,1507.100,1.646,14.803,27.029,1.028,1.741,19.359,20.713,0.744,0.750,14.807,27.033,0.189,8.554,9.491,0.018,4155.000,142.112,49.892,8.554,59.382,ON,Clear and warm; Hybrid loop operating; Ceff=1.65x
700,13:49:30,37.480,74.060,72.090,53.040,51.660,32.770,1.869,15.739,16.972,0.941,1.593,916.000,1506.800,1.645,14.811,27.030,1.029,1.741,19.363,20.716,0.743,0.749,14.810,27.036,0.189,8.555,9.494,0.018,4155.000,142.112,49.902,8.555,59.395,ON,Clear and warm; Hybrid loop operating; Ceff=1.64x
701,13:50:00,37.460,74.000,72.030,52.990,51.620,32.760,1.867,15.742,16.975,0.941,1.591,915.700,1505.700,1.644,14.810,27.014,1.028,1.739,19.367,20.718,0.744,0.750,14.813,27.007,0.189,8.559,9.490,0.018,4155.000,141.960,49.885,8.559,59.375,ON,Clear and warm; Hybrid loop operating; Ceff=1.64x
702,13:50:30,37.450,73.940,71.980,52.950,51.580,32.760,1.863,15.745,16.977,0.940,1.589,914.700,1503.500,1.644,14.798,26.980,1.027,1.737,19.370,20.721,0.744,0.750,14.800,26.976,0.189,8.561,9.493,0.018,4155.000,141.656,49.851,8.561,59.344,ON,Clear and warm; Hybrid loop operating; Ceff=1.64x
703,13:51:00,37.430,73.900,71.940,52.920,51.550,32.760,1.858,15.748,16.979,0.938,1.586,913.200,1500.400,1.643,14.776,26.927,1.025,1.733,19.373,20.723,0.744,0.750,14.772,26.929,0.189,8.559,9.496,0.018,4155.000,141.276,49.819,8.559,59.316,ON,Clear and warm; Hybrid loop operating; Ceff=1.64x
704,13:51:30,37.420,73.880,71.920,52.900,51.530,32.760,1.852,15.749,16.980,0.936,1.582,911.200,1496.600,1.642,14.746,26.862,1.023,1.729,19.375,20.724,0.744,0.750,14.741,26.862,0.189,8.560,9.497,0.018,4155.000,140.820,49.785,8.560,59.281,ON,Clear and warm; Hybrid loop operating; Ceff=1.64x
705,13:52:00,37.400,73.870,71.900,52.880,51.510,32.760,1.845,15.750,16.981,0.934,1.578,909.000,1492.400,1.642,14.712,26.790,1.021,1.724,19.375,20.725,0.744,0.750,14.711,26.796,0.189,8.563,9.500,0.018,4155.000,140.287,49.736,8.563,59.236,ON,Clear and warm; Hybrid loop operating; Ceff=1.64x
706,13:52:30,37.390,73.870,71.900,52.880,51.490,32.750,1.839,15.750,16.982,0.932,1.573,906.900,1488.400,1.641,14.678,26.719,1.018,1.720,19.375,20.726,0.744,0.750,14.679,26.713,0.189,8.564,9.496,0.018,4155.000,139.831,49.708,8.564,59.203,ON,Clear and warm; Hybrid loop operating; Ceff=1.64x
707,13:53:00,37.370,73.890,71.900,52.870,51.490,32.750,1.833,15.749,16.982,0.930,1.570,905.200,1484.900,1.640,14.648,26.656,1.016,1.715,19.375,20.727,0.744,0.750,14.647,26.662,0.189,8.561,9.500,0.018,4155.000,139.375,49.662,8.561,59.162,ON,Clear and warm; Hybrid loop operating; Ceff=1.64x
708,13:53:30,37.360,73.900,71.910,52.880,51.480,32.750,1.829,15.749,16.982,0.929,1.567,903.900,1482.200,1.640,14.627,26.609,1.015,1.712,19.374,20.727,0.744,0.750,14.631,26.611,0.189,8.564,9.499,0.018,4155.000,139.071,49.644,8.564,59.143,ON,Clear and warm; Hybrid loop operating; Ceff=1.64x
709,13:54:00,37.350,73.930,71.920,52.880,51.470,32.740,1.826,15.748,16.982,0.928,1.565,903.200,1480.500,1.639,14.615,26.578,1.014,1.710,19.373,20.727,0.744,0.750,14.614,26.577,0.189,8.561,9.498,0.018,4155.000,138.843,49.620,8.561,59.118,ON,Clear and warm; Hybrid loop operating; Ceff=1.64x
710,13:54:30,37.330,73.950,71.930,52.890,51.470,32.740,1.825,15.747,16.982,0.928,1.564,903.100,1479.800,1.639,14.612,26.565,1.014,1.710,19.372,20.727,0.744,0.750,14.613,26.560,0.189,8.561,9.496,0.018,4155.000,138.767,49.616,8.561,59.112,ON,Clear and warm; Hybrid loop operating; Ceff=1.64x
711,13:55:00,37.320,73.960,71.930,52.890,51.460,32.730,1.825,15.746,16.983,0.928,1.564,903.500,1479.900,1.638,14.618,26.566,1.015,1.710,19.371,20.727,0.743,0.750,14.612,26.561,0.189,8.557,9.496,0.018,4155.000,138.767,49.612,8.557,59.109,ON,Clear and warm; Hybrid loop operating; Ceff=1.64x
712,13:55:30,37.310,73.970,71.930,52.880,51.450,32.730,1.826,15.746,16.983,0.929,1.565,904.200,1480.300,1.637,14.628,26.575,1.015,1.710,19.371,20.727,0.744,0.750,14.628,26.578,0.189,8.560,9.500,0.018,4155.000,138.843,49.626,8.560,59.126,ON,Clear and warm; Hybrid loop operating; Ceff=1.64x
713,13:56:00,37.300,73.960,71.920,52.870,51.440,32.730,1.826,15.747,16.984,0.930,1.565,904.800,1480.800,1.637,14.639,26.584,1.016,1.711,19.372,20.728,0.744,0.750,14.645,26.580,0.189,8.564,9.497,0.018,4155.000,138.843,49.609,8.564,59.107,ON,Clear and warm; Hybrid loop operating; Ceff=1.64x
714,13:56:30,37.280,73.940,71.890,52.850,51.420,32.720,1.826,15.748,16.985,0.930,1.565,905.200,1480.800,1.636,14.647,26.587,1.016,1.711,19.374,20.729,0.744,0.750,14.646,26.582,0.189,8.561,9.498,0.018,4155.000,138.843,49.609,8.561,59.107,ON,Clear and warm; Hybrid loop operating; Ceff=1.64x
715,13:57:00,37.270,73.900,71.860,52.820,51.390,32.710,1.825,15.750,16.986,0.930,1.565,905.100,1480.000,1.635,14.648,26.577,1.016,1.710,19.376,20.731,0.744,0.750,14.648,26.583,0.189,8.563,9.503,0.018,4155.000,138.767,49.609,8.563,59.113,ON,Clear and warm; Hybrid loop operating; Ceff=1.64x
716,13:57:30,37.260,73.840,71.810,52.790,51.360,32.710,1.822,15.753,16.989,0.929,1.563,904.400,1478.200,1.635,14.640,26.549,1.016,1.708,19.379,20.734,0.744,0.750,14.635,26.554,0.189,8.562,9.505,0.018,4155.000,138.539,49.588,8.562,59.092,ON,Clear and warm; Hybrid loop operating; Ceff=1.63x
717,13:58:00,37.250,73.770,71.750,52.740,51.320,32.700,1.818,15.757,16.991,0.928,1.560,903.000,1475.500,1.634,14.623,26.504,1.014,1.705,19.384,20.736,0.744,0.750,14.622,26.506,0.189,8.568,9.505,0.018,4155.000,138.234,49.570,8.568,59.074,ON,Clear and warm; Hybrid loop operating; Ceff=1.63x
718,13:58:30,37.240,73.690,71.680,52.680,51.270,32.700,1.812,15.762,16.994,0.926,1.556,901.100,1471.800,1.633,14.598,26.444,1.012,1.701,19.389,20.740,0.744,0.750,14.596,26.443,0.189,8.570,9.506,0.018,4155.000,137.778,49.530,8.570,59.036,ON,Clear and warm; Hybrid loop operating; Ceff=1.63x
719,13:59:00,37.230,73.610,71.600,52.630,51.220,32.690,1.805,15.767,16.998,0.924,1.552,898.900,1467.500,1.633,14.567,26.374,1.010,1.696,19.394,20.743,0.744,0.750,14.569,26.381,0.189,8.575,9.512,0.018,4155.000,137.246,49.483,8.575,58.995,ON,Clear and warm; Hybrid loop operating; Ceff=1.63x
720,13:59:30,37.220,73.520,71.520,52.570,51.170,32.680,1.798,15.771,17.001,0.922,1.547,896.600,1463.100,1.632,14.535,26.301,1.007,1.691,19.399,20.747,0.744,0.750,14.541,26.301,0.189,8.581,9.511,0.018,4155.000,136.714,49.440,8.581,58.951,ON,Clear and warm; Hybrid loop operating; Ceff=1.63x
721,14:00:00,37.210,73.440,71.450,52.510,51.120,32.680,1.791,15.776,17.004,0.919,1.543,894.400,1459.000,1.631,14.505,26.232,1.005,1.686,19.404,20.750,0.744,0.750,14.498,26.237,0.189,8.577,9.515,0.018,4155.000,136.181,49.386,8.577,58.900,ON,Clear and warm; Hybrid loop operating; Ceff=1.63x
722,14:00:30,37.190,73.370,71.390,52.460,51.070,32.670,1.785,15.780,17.007,0.918,1.539,892.600,1455.400,1.631,14.481,26.174,1.003,1.682,19.409,20.753,0.744,0.750,14.486,26.174,0.189,8.587,9.515,0.018,4155.000,135.725,49.342,8.587,58.857,ON,Clear and warm; Hybrid loop operating; Ceff=1.63x
723,14:01:00,37.180,73.310,71.330,52.420,51.030,32.660,1.781,15.783,17.009,0.916,1.536,891.400,1452.800,1.630,14.464,26.131,1.002,1.679,19.412,20.756,0.744,0.750,14.457,26.126,0.189,8.581,9.515,0.018,4155.000,135.421,49.319,8.581,58.834,ON,Clear and warm; Hybrid loop operating; Ceff=1.63x
724,14:01:30,37.160,73.270,71.290,52.390,51.000,32.650,1.778,15.786,17.011,0.916,1.535,890.700,1451.100,1.629,14.456,26.105,1.001,1.677,19.415,20.758,0.744,0.750,14.460,26.112,0.189,8.590,9.521,0.018,4155.000,135.193,49.294,8.590,58.815,ON,Clear and warm; Hybrid loop operating; Ceff=1.63x
725,14:02:00,37.150,73.250,71.270,52.360,50.980,32.650,1.777,15.787,17.013,0.916,1.534,890.600,1450.300,1.628,14.456,26.093,1.001,1.676,19.416,20.760,0.744,0.750,14.461,26.098,0.189,8.591,9.521,0.018,4155.000,135.117,49.294,8.591,58.815,ON,Clear and warm; Hybrid loop operating; Ceff=1.63x
726,14:02:30,37.130,73.240,71.260,52.350,50.960,32.640,1.777,15.788,17.013,0.916,1.534,890.900,1450.200,1.628,14.462,26.092,1.001,1.676,19.417,20.760,0.744,0.750,14.462,26.098,0.189,8.589,9.522,0.018,4155.000,135.117,49.297,8.589,58.819,ON,Clear and warm; Hybrid loop operating; Ceff=1.63x
727,14:03:00,37.120,73.250,71.260,52.350,50.960,32.630,1.777,15.787,17.013,0.916,1.534,891.300,1450.300,1.627,14.468,26.094,1.002,1.676,19.417,20.761,0.744,0.750,14.461,26.098,0.189,8.584,9.521,0.018,4155.000,135.117,49.294,8.584,58.815,ON,Clear and warm; Hybrid loop operating; Ceff=1.63x
728,14:03:30,37.110,73.270,71.270,52.360,50.950,32.620,1.777,15.787,17.013,0.917,1.534,891.600,1450.200,1.626,14.473,26.092,1.002,1.676,19.416,20.761,0.744,0.750,14.477,26.098,0.189,8.591,9.522,0.018,4155.000,135.117,49.297,8.591,58.819,ON,Clear and warm; Hybrid loop operating; Ceff=1.63x
729,14:04:00,37.090,73.300,71.280,52.370,50.960,32.610,1.776,15.785,17.013,0.917,1.533,891.600,1449.500,1.626,14.471,26.079,1.002,1.675,19.414,20.760,0.744,0.750,14.475,26.081,0.189,8.590,9.520,0.018,4155.000,135.041,49.293,8.590,58.813,ON,Clear and warm; Hybrid loop operating; Ceff=1.63x
730,14:04:30,37.080,73.320,71.290,52.380,50.950,32.600,1.773,15.784,17.013,0.916,1.531,891.000,1447.900,1.625,14.460,26.051,1.001,1.673,19.413,20.760,0.744,0.750,14.458,26.047,0.189,8.586,9.518,0.018,4155.000,134.813,49.264,8.586,58.782,ON,Clear and warm; Hybrid loop operating; Ceff=1.63x
731,14:05:00,37.070,73.340,71.300,52.380,50.950,32.590,1.769,15.784,17.013,0.915,1.529,889.800,1445.400,1.624,14.440,26.005,1.000,1.671,19.413,20.760,0.744,0.750,14.442,26.013,0.189,8.588,9.522,0.018,4155.000,134.509,49.238,8.588,58.760,ON,Clear and warm; Hybrid loop operating; Ceff=1.62x
732,14:05:30,37.050,73.340,71.290,52.370,50.940,32.580,1.763,15.784,17.013,0.913,1.525,888.000,1441.800,1.624,14.411,25.941,0.998,1.666,19.413,20.761,0.744,0.750,14.411,25.945,0.189,8.586,9.521,0.018,4155.000,134.052,49.193,8.586,58.715,ON,Clear and warm; Hybrid loop operating; Ceff=1.62x
733,14:06:00,37.040,73.320,71.270,52.360,50.920,32.580,1.757,15.785,17.014,0.911,1.520,885.700,1437.500,1.623,14.375,25.865,0.995,1.661,19.414,20.762,0.744,0.750,14.380,25.861,0.189,8.590,9.519,0.018,4155.000,133.596,49.173,8.590,58.691,ON,Clear and warm; Hybrid loop operating; Ceff=1.62x
734,14:06:30,37.030,73.280,71.230,52.330,50.890,32.570,1.749,15.787,17.016,0.908,1.515,883.200,1432.700,1.622,14.336,25.783,0.992,1.656,19.416,20.764,0.744,0.750,14.335,25.779,0.189,8.587,9.520,0.018,4155.000,132.988,49.113,8.587,58.633,ON,Clear and warm; Hybrid loop operating; Ceff=1.62x
735,14:07:00,37.020,73.230,71.180,52.290,50.850,32.560,1.741,15.790,17.019,0.905,1.510,880.600,1427.900,1.622,14.298,25.702,0.990,1.651,19.420,20.766,0.744,0.750,14.290,25.699,0.189,8.586,9.523,0.018,4155.000,132.380,49.053,8.586,58.575,ON,Clear and warm; Hybrid loop operating; Ceff=1.62x
736,14:07:30,37.010,73.160,71.110,52.240,50.800,32.550,1.734,15.795,17.022,0.903,1.506,878.300,1423.600,1.621,14.266,25.629,0.987,1.646,19.425,20.770,0.744,0.750,14.263,25.635,0.189,8.592,9.528,0.018,4155.000,131.847,49.003,8.592,58.531,ON,Clear and warm; Hybrid loop operating; Ceff=1.62x
737,14:08:00,37.000,73.070,71.030,52.170,50.750,32.540,1.729,15.800,17.025,0.901,1.502,876.500,1420.000,1.620,14.242,25.571,0.985,1.641,19.430,20.773,0.744,0.750,14.236,25.572,0.189,8.593,9.528,0.018,4155.000,131.467,48.985,8.593,58.514,ON,Clear and warm; Hybrid loop operating; Ceff=1.62x
738,14:08:30,36.990,72.970,70.940,52.110,50.690,32.530,1.724,15.805,17.029,0.900,1.499,875.200,1417.300,1.619,14.228,25.530,0.984,1.639,19.436,20.777,0.744,0.750,14.225,25.526,0.189,8.599,9.529,0.018,4155.000,131.087,48.937,8.599,58.466,ON,Clear and warm; Hybrid loop operating; Ceff=1.62x
739,14:09:00,36.980,72.870,70.850,52.040,50.630,32.520,1.722,15.811,17.032,0.900,1.498,874.600,1415.700,1.619,14.224,25.507,0.983,1.637,19.442,20.782,0.744,0.750,14.230,25.514,0.189,8.609,9.536,0.018,4155.000,130.935,48.935,8.609,58.471,ON,Clear and warm; Hybrid loop operating; Ceff=1.62x
740,14:09:30,36.970,72.770,70.770,51.980,50.580,32.510,1.720,15.816,17.036,0.900,1.497,874.500,1414.800,1.618,14.228,25.498,0.983,1.636,19.449,20.785,0.744,0.750,14.234,25.503,0.189,8.612,9.537,0.018,4155.000,130.783,48.910,8.612,58.447,ON,Clear and warm; Hybrid loop operating; Ceff=1.62x
741,14:10:00,36.970,72.670,70.680,51.920,50.520,32.490,1.720,15.822,17.039,0.900,1.496,874.600,1414.500,1.617,14.236,25.498,0.983,1.635,19.454,20.789,0.744,0.750,14.240,25.490,0.189,8.615,9.535,0.018,4155.000,130.783,48.920,8.615,58.455,ON,Clear and warm; Hybrid loop operating; Ceff=1.62x
742,14:10:30,36.960,72.600,70.610,51.870,50.480,32.480,1.719,15.826,17.042,0.900,1.496,874.900,1414.200,1.617,14.245,25.499,0.984,1.635,19.459,20.792,0.744,0.750,14.243,25.495,0.189,8.614,9.538,0.018,4155.000,130.707,48.902,8.614,58.440,ON,Clear and warm; Hybrid loop operating; Ceff=1.62x
743,14:11:00,36.950,72.530,70.560,51.820,50.440,32.470,1.719,15.830,17.044,0.900,1.496,874.900,1413.600,1.616,14.250,25.492,0.984,1.635,19.463,20.795,0.744,0.750,14.247,25.498,0.189,8.616,9.544,0.018,4155.000,130.707,48.923,8.616,58.466,ON,Clear and warm; Hybrid loop operating; Ceff=1.62x
744,14:11:30,36.940,72.490,70.510,51.790,50.410,32.460,1.717,15.832,17.046,0.900,1.494,874.500,1412.300,1.615,14.246,25.473,0.983,1.633,19.466,20.797,0.744,0.750,14.249,25.467,0.189,8.621,9.541,0.018,4155.000,130.555,48.911,8.621,58.451,ON,Clear and warm; Hybrid loop operating; Ceff=1.62x
745,14:12:00,36.930,72.460,70.480,51.770,50.390,32.450,1.713,15.834,17.048,0.899,1.492,873.500,1410.100,1.614,14.233,25.435,0.982,1.631,19.468,20.798,0.744,0.750,14.235,25.436,0.189,8.622,9.544,0.018,4155.000,130.251,48.873,8.622,58.417,ON,Clear and warm; Hybrid loop operating; Ceff=1.61x
746,14:12:30,36.930,72.440,70.460,51.760,50.380,32.440,1.708,15.835,17.048,0.897,1.489,871.900,1406.900,1.614,14.208,25.379,0.981,1.627,19.469,20.799,0.744,0.750,14.204,25.384,0.189,8.619,9.546,0.018,4155.000,129.870,48.841,8.619,58.388,ON,Clear and warm; Hybrid loop operating; Ceff=1.61x
747,14:13:00,36.920,72.440,70.460,51.760,50.370,32.430,1.701,15.835,17.049,0.895,1.484,869.800,1402.800,1.613,14.173,25.306,0.978,1.622,19.469,20.799,0.744,0.750,14.172,25.301,0.189,8.621,9.543,0.018,4155.000,129.338,48.783,8.621,58.326,ON,Clear and warm; Hybrid loop operating; Ceff=1.61x
748,14:13:30,36.910,72.450,70.450,51.760,50.360,32.420,1.694,15.835,17.049,0.892,1.479,867.200,1398.100,1.612,14.132,25.221,0.975,1.617,19.469,20.800,0.744,0.750,14.125,25.215,0.189,8.618,9.543,0.018,4155.000,128.806,48.746,8.618,58.288,ON,Clear and warm; Hybrid loop operating; Ceff=1.61x
749,14:14:00,36.900,72.450,70.450,51.760,50.350,32.410,1.686,15.835,17.049,0.890,1.474,864.600,1393.100,1.611,14.088,25.132,0.972,1.611,19.469,20.800,0.744,0.750,14.093,25.130,0.189,8.624,9.544,0.018,4155.000,128.198,48.690,8.624,58.234,ON,Clear and warm; Hybrid loop operating; Ceff=1.61x
750,14:14:30,36.900,72.460,70.440,51.750,50.340,32.400,1.679,15.835,17.050,0.887,1.469,862.000,1388.400,1.611,14.046,25.046,0.969,1.605,19.469,20.800,0.745,0.750,14.046,25.046,0.189,8.621,9.545,0.018,4155.000,127.665,48.652,8.621,58.196,ON,Clear and warm; Hybrid loop operating; Ceff=1.61x
751,14:15:00,36.890,72.460,70.430,51.750,50.330,32.390,1.672,15.836,17.050,0.885,1.465,859.800,1384.200,1.610,14.010,24.972,0.967,1.601,19.469,20.801,0.744,0.750,14.015,24.978,0.189,8.624,9.548,0.018,4155.000,127.133,48.596,8.624,58.143,ON,Clear and warm; Hybrid loop operating; Ceff=1.61x
752,14:15:30,36.880,72.440,70.410,51.740,50.310,32.380,1.667,15.837,17.051,0.883,1.461,858.100,1380.800,1.609,13.984,24.913,0.965,1.597,19.471,20.802,0.744,0.750,13.984,24.912,0.189,8.623,9.546,0.018,4155.000,126.753,48.570,8.623,58.115,ON,Clear and warm; Hybrid loop operating; Ceff=1.61x
753,14:16:00,36.880,72.420,70.380,51.720,50.290,32.370,1.663,15.838,17.052,0.882,1.459,857.100,1378.500,1.608,13.969,24.874,0.964,1.594,19.472,20.803,0.744,0.750,13.969,24.879,0.189,8.623,9.549,0.018,4155.000,126.449,48.534,8.623,58.083,ON,Clear and warm; Hybrid loop operating; Ceff=1.61x
754,14:16:30,36.870,72.380,70.340,51.690,50.260,32.360,1.661,15.841,17.054,0.882,1.457,856.600,1377.100,1.608,13.964,24.852,0.963,1.593,19.475,20.805,0.745,0.750,13.972,24.848,0.189,8.630,9.547,0.018,4155.000,126.297,48.525,8.630,58.072,ON,Clear and warm; Hybrid loop operating; Ceff=1.61x
755,14:17:00,36.860,72.320,70.290,51.650,50.230,32.350,1.660,15.844,17.056,0.882,1.457,856.600,1376.500,1.607,13.968,24.844,0.963,1.592,19.478,20.807,0.745,0.750,13.974,24.851,0.189,8.632,9.552,0.018,4155.000,126.221,48.517,8.632,58.069,ON,Clear and warm; Hybrid loop operating; Ceff=1.61x
756,14:17:30,36.850,72.250,70.230,51.610,50.190,32.340,1.660,15.848,17.058,0.882,1.456,856.800,1376.200,1.606,13.976,24.843,0.964,1.592,19.483,20.810,0.744,0.750,13.978,24.836,0.189,8.632,9.549,0.018,4155.000,126.221,48.527,8.632,58.076,ON,Clear and warm; Hybrid loop operating; Ceff=1.61x
757,14:18:00,36.840,72.170,70.160,51.560,50.150,32.330,1.659,15.852,17.061,0.882,1.456,857.000,1375.900,1.605,13.984,24.842,0.964,1.591,19.488,20.813,0.744,0.750,13.981,24.841,0.189,8.632,9.553,0.018,4155.000,126.145,48.509,8.632,58.061,ON,Clear and warm; Hybrid loop operating; Ceff=1.61x
758,14:18:30,36.840,72.080,70.080,51.500,50.100,32.320,1.658,15.857,17.064,0.882,1.455,856.900,1375.100,1.605,13.988,24.834,0.964,1.590,19.493,20.816,0.744,0.750,13.986,24.828,0.189,8.636,9.553,0.018,4155.000,126.069,48.508,8.636,58.061,ON,Clear and warm; Hybrid loop operating; Ceff=1.6x
759,14:19:00,36.830,71.990,69.990,51.450,50.050,32.310,1.655,15.863,17.068,0.882,1.454,856.400,1373.600,1.604,13.985,24.812,0.964,1.589,19.499,20.820,0.744,0.750,13.991,24.817,0.189,8.644,9.559,0.018,4155.000,125.840,48.473,8.644,58.032,ON,Clear and warm; Hybrid loop operating; Ceff=1.6x
760,14:19:30,36.820,71.890,69.910,51.390,50.000,32.300,1.652,15.868,17.071,0.881,1.451,855.200,1371.100,1.603,13.972,24.772,0.962,1.586,19.505,20.824,0.745,0.750,13.980,24.770,0.189,8.649,9.559,0.018,4155.000,125.612,48.473,8.649,58.032,ON,Clear and warm; Hybrid loop operating; Ceff=1.6x
761,14:20:00,36.810,71.800,69.830,51.330,49.950,32.300,1.646,15.873,17.074,0.879,1.448,853.500,1367.600,1.602,13.949,24.715,0.960,1.582,19.511,20.827,0.745,0.750,13.952,24.723,0.189,8.649,9.565,0.018,4155.000,125.156,48.421,8.649,57.986,ON,Clear and warm; Hybrid loop operating; Ceff=1.6x
762,14:20:30,36.800,71.720,69.750,51.270,49.900,32.290,1.639,15.878,17.077,0.877,1.443,851.200,1363.400,1.602,13.918,24.644,0.958,1.577,19.516,20.830,0.744,0.750,13.925,24.642,0.189,8.656,9.563,0.018,4155.000,124.624,48.363,8.656,57.926,ON,Clear and warm; Hybrid loop operating; Ceff=1.6x
763,14:21:00,36.790,71.640,69.690,51.230,49.860,32.280,1.632,15.882,17.080,0.874,1.438,848.700,1358.600,1.601,13.881,24.564,0.955,1.572,19.520,20.833,0.745,0.750,13.881,24.561,0.189,8.654,9.565,0.018,4155.000,124.092,48.327,8.654,57.892,ON,Clear and warm; Hybrid loop operating; Ceff=1.6x
764,14:21:30,36.780,71.580,69.630,51.190,49.820,32.270,1.625,15.885,17.082,0.871,1.433,846.100,1353.900,1.600,13.843,24.482,0.952,1.566,19.524,20.836,0.745,0.750,13.836,24.479,0.189,8.652,9.566,0.018,4155.000,123.559,48.287,8.652,57.853,ON,Clear and warm; Hybrid loop operating; Ceff=1.6x
765,14:22:00,36.770,71.540,69.580,51.150,49.790,32.260,1.618,15.888,17.084,0.869,1.429,843.800,1349.500,1.599,13.807,24.406,0.950,1.561,19.527,20.838,0.744,0.750,13.807,24.413,0.189,8.657,9.572,0.018,4155.000,123.027,48.235,8.657,57.807,ON,Clear and warm; Hybrid loop operating; Ceff=1.6x
766,14:22:30,36.760,71.510,69.550,51.130,49.760,32.250,1.612,15.890,17.085,0.867,1.425,841.900,1345.800,1.599,13.778,24.341,0.948,1.557,19.529,20.840,0.744,0.750,13.777,24.346,0.189,8.658,9.572,0.018,4155.000,122.571,48.189,8.658,57.760,ON,Clear and warm; Hybrid loop operating; Ceff=1.6x
767,14:23:00,36.750,71.500,69.530,51.120,49.750,32.250,1.608,15.891,17.086,0.866,1.422,840.500,1343.000,1.598,13.758,24.293,0.946,1.554,19.530,20.841,0.745,0.750,13.762,24.296,0.189,8.663,9.572,0.018,4155.000,122.267,48.169,8.663,57.741,ON,Clear and warm; Hybrid loop operating; Ceff=1.6x
768,14:23:30,36.740,71.490,69.520,51.110,49.730,32.240,1.605,15.891,17.087,0.865,1.420,839.900,1341.300,1.597,13.747,24.263,0.945,1.552,19.531,20.841,0.745,0.750,13.746,24.264,0.189,8.659,9.571,0.018,4155.000,122.039,48.140,8.659,57.712,ON,Clear and warm; Hybrid loop operating; Ceff=1.6x
769,14:24:00,36.720,71.500,69.520,51.110,49.730,32.230,1.604,15.891,17.087,0.865,1.419,839.700,1340.400,1.596,13.745,24.247,0.945,1.551,19.531,20.841,0.745,0.750,13.746,24.246,0.189,8.661,9.571,0.018,4155.000,121.963,48.143,8.661,57.714,ON,Clear and warm; Hybrid loop operating; Ceff=1.6x
770,14:24:30,36.710,71.510,69.520,51.120,49.720,32.220,1.603,15.891,17.087,0.865,1.419,840.000,1340.200,1.595,13.748,24.243,0.946,1.551,19.530,20.841,0.744,0.750,13.746,24.246,0.189,8.658,9.572,0.018,4155.000,121.887,48.120,8.658,57.692,ON,Clear and warm; Hybrid loop operating; Ceff=1.6x
771,14:25:00,36.700,71.520,69.520,51.120,49.720,32.220,1.603,15.891,17.087,0.866,1.419,840.300,1340.100,1.595,13.754,24.242,0.946,1.551,19.530,20.842,0.744,0.750,13.762,24.246,0.189,8.665,9.573,0.018,4155.000,121.887,48.123,8.665,57.696,ON,Clear and warm; Hybrid loop operating; Ceff=1.59x
772,14:25:30,36.680,71.520,69.510,51.120,49.710,32.210,1.603,15.891,17.087,0.866,1.418,840.600,1339.900,1.594,13.758,24.238,0.946,1.550,19.530,20.842,0.745,0.750,13.762,24.229,0.189,8.662,9.568,0.018,4155.000,121.887,48.131,8.662,57.698,ON,Clear and warm; Hybrid loop operating; Ceff=1.59x
773,14:26:00,36.670,71.520,69.500,51.110,49.700,32.200,1.602,15.891,17.088,0.866,1.418,840.500,1339.000,1.593,13.757,24.224,0.946,1.549,19.531,20.842,0.745,0.750,13.762,24.231,0.189,8.663,9.575,0.018,4155.000,121.810,48.133,8.663,57.708,ON,Clear and warm; Hybrid loop operating; Ceff=1.59x
774,14:26:30,36.650,71.490,69.470,51.090,49.680,32.200,1.599,15.893,17.089,0.865,1.416,839.800,1337.300,1.592,13.748,24.195,0.945,1.547,19.532,20.844,0.745,0.750,13.747,24.198,0.189,8.661,9.574,0.018,4155.000,121.582,48.104,8.661,57.678,ON,Clear and warm; Hybrid loop operating; Ceff=1.59x
775,14:27:00,36.640,71.450,69.430,51.060,49.650,32.190,1.595,15.895,17.091,0.864,1.413,838.600,1334.600,1.592,13.730,24.149,0.944,1.544,19.535,20.846,0.745,0.750,13.733,24.150,0.189,8.665,9.574,0.018,4155.000,121.278,48.081,8.665,57.655,ON,Clear and warm; Hybrid loop operating; Ceff=1.59x
776,14:27:30,36.620,71.390,69.380,51.020,49.610,32.190,1.589,15.899,17.093,0.862,1.409,836.700,1331.000,1.591,13.703,24.088,0.942,1.540,19.539,20.848,0.744,0.750,13.705,24.084,0.189,8.667,9.574,0.018,4155.000,120.822,48.029,8.667,57.603,ON,Clear and warm; Hybrid loop operating; Ceff=1.59x
777,14:28:00,36.610,71.320,69.310,50.970,49.560,32.180,1.583,15.903,17.096,0.860,1.405,834.400,1326.800,1.590,13.671,24.016,0.940,1.535,19.543,20.851,0.744,0.750,13.677,24.020,0.189,8.672,9.579,0.018,4155.000,120.366,47.999,8.672,57.578,ON,Clear and warm; Hybrid loop operating; Ceff=1.59x
778,14:28:30,36.590,71.230,69.230,50.910,49.510,32.180,1.576,15.908,17.100,0.857,1.400,832.000,1322.200,1.589,13.636,23.939,0.937,1.530,19.549,20.855,0.744,0.750,13.633,23.940,0.189,8.670,9.580,0.018,4155.000,119.834,47.953,8.670,57.533,ON,Clear and warm; Hybrid loop operating; Ceff=1.59x
779,14:29:00,36.570,71.130,69.140,50.840,49.450,32.170,1.569,15.914,17.103,0.855,1.395,829.600,1317.700,1.588,13.602,23.864,0.934,1.525,19.555,20.859,0.745,0.750,13.606,23.859,0.189,8.678,9.580,0.018,4155.000,119.301,47.903,8.678,57.483,ON,Clear and warm; Hybrid loop operating; Ceff=1.59x
780,14:29:30,36.550,71.020,69.050,50.770,49.390,32.170,1.563,15.919,17.107,0.853,1.391,827.500,1313.700,1.588,13.574,23.799,0.932,1.520,19.561,20.864,0.745,0.750,13.579,23.796,0.189,8.682,9.584,0.018,4155.000,118.845,47.866,8.682,57.449,ON,Clear and warm; Hybrid loop operating; Ceff=1.59x
781,14:30:00,36.530,70.920,68.960,50.700,49.330,32.160,1.558,15.925,17.111,0.851,1.388,825.900,1310.500,1.587,13.554,23.748,0.930,1.517,19.568,20.868,0.745,0.750,13.552,23.750,0.189,8.682,9.589,0.018,4155.000,118.465,47.829,8.682,57.418,ON,Clear and warm; Hybrid loop operating; Ceff=1.59x
782,14:30:30,36.510,70.830,68.870,50.640,49.270,32.160,1.554,15.930,17.115,0.850,1.386,824.900,1308.300,1.586,13.543,23.713,0.929,1.514,19.573,20.872,0.745,0.750,13.541,23.721,0.189,8.685,9.593,0.018,4155.000,118.161,47.786,8.685,57.380,ON,Clear and warm; Hybrid loop operating; Ceff=1.59x
783,14:31:00,36.490,70.750,68.800,50.580,49.220,32.150,1.552,15.935,17.118,0.850,1.384,824.500,1307.000,1.585,13.542,23.695,0.929,1.513,19.578,20.875,0.745,0.750,13.545,23.691,0.189,8.692,9.591,0.018,4155.000,118.009,47.772,8.692,57.363,ON,Clear and warm; Hybrid loop operating; Ceff=1.59x
784,14:31:30,36.470,70.690,68.740,50.540,49.180,32.150,1.552,15.938,17.121,0.850,1.384,824.600,1306.400,1.584,13.547,23.690,0.929,1.512,19.582,20.878,0.745,0.750,13.547,23.695,0.189,8.693,9.597,0.018,4155.000,118.009,47.794,8.693,57.391,ON,Clear and warm; Hybrid loop operating; Ceff=1.58x
785,14:32:00,36.450,70.650,68.700,50.510,49.140,32.150,1.551,15.941,17.122,0.850,1.384,824.900,1306.400,1.584,13.556,23.692,0.929,1.512,19.585,20.880,0.745,0.750,13.550,23.697,0.189,8.691,9.597,0.018,4155.000,117.933,47.763,8.691,57.361,ON,Clear and warm; Hybrid loop operating; Ceff=1.58x
786,14:32:30,36.430,70.630,68.670,50.490,49.120,32.140,1.551,15.942,17.124,0.851,1.384,825.300,1306.300,1.583,13.564,23.693,0.930,1.512,19.586,20.882,0.745,0.750,13.567,23.700,0.189,8.698,9.599,0.018,4155.000,117.933,47.767,8.698,57.366,ON,Clear and warm; Hybrid loop operating; Ceff=1.58x
787,14:33:00,36.400,70.620,68.660,50.480,49.100,32.140,1.551,15.943,17.125,0.851,1.383,825.500,1305.900,1.582,13.566,23.687,0.930,1.512,19.587,20.882,0.745,0.750,13.567,23.684,0.189,8.696,9.596,0.018,4155.000,117.933,47.782,8.696,57.378,ON,Clear and warm; Hybrid loop operating; Ceff=1.58x
788,14:33:30,36.380,70.630,68.660,50.470,49.090,32.140,1.549,15.943,17.125,0.851,1.382,825.100,1304.700,1.581,13.561,23.666,0.930,1.510,19.587,20.883,0.744,0.751,13.567,23.667,0.189,8.700,9.598,0.018,4155.000,117.781,47.764,8.700,57.362,ON,Clear and warm; Hybrid loop operating; Ceff=1.58x
789,14:34:00,36.360,70.650,68.670,50.470,49.090,32.140,1.546,15.942,17.125,0.850,1.380,824.200,1302.600,1.580,13.546,23.629,0.929,1.508,19.586,20.883,0.744,0.750,13.551,23.633,0.189,8.699,9.599,0.018,4155.000,117.552,47.748,8.699,57.348,ON,Clear and warm; Hybrid loop operating; Ceff=1.58x
790,14:34:30,36.330,70.670,68.670,50.470,49.080,32.130,1.541,15.941,17.125,0.848,1.376,822.700,1299.500,1.580,13.520,23.573,0.927,1.504,19.585,20.883,0.745,0.751,13.518,23.564,0.189,8.694,9.594,0.018,4155.000,117.172,47.708,8.694,57.302,ON,Clear and warm; Hybrid loop operating; Ceff=1.58x
791,14:35:00,36.310,70.680,68.670,50.470,49.070,32.130,1.535,15.941,17.126,0.846,1.372,820.600,1295.600,1.579,13.485,23.502,0.925,1.500,19.585,20.884,0.744,0.750,13.486,23.497,0.189,8.695,9.596,0.018,4155.000,116.716,47.665,8.695,57.261,ON,Clear and warm; Hybrid loop operating; Ceff=1.58x
792,14:35:30,36.280,70.680,68.660,50.460,49.050,32.130,1.528,15.941,17.127,0.843,1.368,818.200,1291.100,1.578,13.445,23.422,0.922,1.495,19.585,20.885,0.745,0.750,13.438,23.430,0.189,8.690,9.602,0.018,4155.000,116.184,47.613,8.690,57.214,ON,Clear and warm; Hybrid loop operating; Ceff=1.58x
793,14:36:00,36.260,70.670,68.640,50.440,49.020,32.130,1.521,15.942,17.128,0.841,1.363,815.600,1286.400,1.577,13.404,23.339,0.919,1.489,19.586,20.886,0.745,0.750,13.407,23.345,0.189,8.698,9.602,0.018,4155.000,115.652,47.568,8.698,57.170,ON,Clear and warm; Hybrid loop operating; Ceff=1.58x
794,14:36:30,36.230,70.640,68.610,50.410,48.990,32.120,1.514,15.944,17.130,0.838,1.358,813.200,1281.900,1.576,13.367,23.261,0.916,1.484,19.588,20.888,0.745,0.750,13.361,23.263,0.189,8.693,9.602,0.018,4155.000,115.119,47.515,8.693,57.117,ON,Clear and warm; Hybrid loop operating; Ceff=1.58x
795,14:37:00,36.200,70.590,68.560,50.370,48.950,32.120,1.508,15.947,17.132,0.836,1.354,811.200,1278.000,1.576,13.336,23.195,0.914,1.480,19.592,20.891,0.745,0.750,13.332,23.197,0.189,8.696,9.604,0.018,4155.000,114.663,47.471,8.696,57.075,ON,Clear and warm; Hybrid loop operating; Ceff=1.58x
796,14:37:30,36.180,70.520,68.490,50.320,48.900,32.120,1.504,15.951,17.135,0.835,1.351,809.700,1275.000,1.575,13.316,23.145,0.912,1.476,19.596,20.894,0.745,0.750,13.319,23.149,0.189,8.703,9.607,0.018,4155.000,114.359,47.457,8.703,57.063,ON,Clear and warm; Hybrid loop operating; Ceff=1.57x
797,14:38:00,36.150,70.440,68.420,50.250,48.840,32.120,1.501,15.956,17.139,0.834,1.349,808.800,1272.900,1.574,13.306,23.114,0.911,1.474,19.601,20.898,0.745,0.750,13.307,23.121,0.189,8.705,9.610,0.018,4155.000,114.131,47.440,8.705,57.051,ON,Clear and warm; Hybrid loop operating; Ceff=1.57x
798,14:38:30,36.120,70.340,68.330,50.190,48.780,32.120,1.499,15.961,17.143,0.834,1.347,808.500,1271.700,1.573,13.307,23.098,0.911,1.473,19.607,20.903,0.745,0.750,13.311,23.092,0.189,8.711,9.607,0.018,4155.000,113.979,47.422,8.711,57.029,ON,Clear and warm; Hybrid loop operating; Ceff=1.57x
799,14:39:00,36.090,70.240,68.240,50.120,48.710,32.120,1.498,15.967,17.147,0.834,1.347,808.500,1271.200,1.572,13.314,23.095,0.911,1.472,19.613,20.907,0.745,0.750,13.316,23.097,0.189,8.715,9.613,0.018,4155.000,113.903,47.409,8.715,57.022,ON,Clear and warm; Hybrid loop operating; Ceff=1.57x
800,14:39:30,36.060,70.140,68.150,50.040,48.650,32.110,1.497,15.972,17.151,0.834,1.347,808.800,1270.900,1.571,13.323,23.096,0.912,1.472,19.620,20.912,0.745,0.750,13.321,23.102,0.189,8.714,9.618,0.018,4155.000,113.827,47.388,8.714,57.006,ON,Clear and warm; Hybrid loop operating; Ceff=1.57x
801,14:40:00,36.040,70.050,68.060,49.970,48.580,32.110,1.497,15.978,17.155,0.834,1.346,808.900,1270.400,1.571,13.332,23.095,0.912,1.471,19.626,20.916,0.745,0.751,13.326,23.091,0.189,8.716,9.617,0.018,4155.000,113.827,47.407,8.716,57.024,ON,Clear and warm; Hybrid loop operating; Ceff=1.57x
802,14:40:30,36.010,69.950,67.980,49.910,48.520,32.110,1.495,15.983,17.159,0.834,1.345,808.700,1269.400,1.570,13.334,23.083,0.912,1.470,19.631,20.920,0.745,0.751,13.330,23.079,0.189,8.721,9.620,0.018,4155.000,113.675,47.381,8.721,57.000,ON,Clear and warm; Hybrid loop operating; Ceff=1.57x
803,14:41:00,35.980,69.880,67.900,49.850,48.470,32.110,1.493,15.988,17.162,0.834,1.343,808.000,1267.600,1.569,13.326,23.055,0.911,1.468,19.636,20.924,0.745,0.751,13.334,23.049,0.189,8.731,9.621,0.018,4155.000,113.522,47.385,8.731,57.005,ON,Clear and warm; Hybrid loop operating; Ceff=1.57x
804,14:41:30,35.950,69.810,67.840,49.800,48.420,32.110,1.488,15.991,17.165,0.832,1.340,806.600,1264.800,1.568,13.308,23.009,0.909,1.465,19.640,20.927,0.745,0.751,13.305,23.001,0.189,8.727,9.622,0.018,4155.000,113.142,47.331,8.727,56.953,ON,Clear and warm; Hybrid loop operating; Ceff=1.57x
805,14:42:00,35.920,69.760,67.790,49.750,48.380,32.110,1.483,15.995,17.168,0.830,1.337,804.600,1261.000,1.567,13.278,22.945,0.907,1.461,19.644,20.930,0.745,0.750,13.276,22.954,0.189,8.730,9.631,0.018,4155.000,112.762,47.314,8.730,56.945,ON,Clear and warm; Hybrid loop operating; Ceff=1.57x
806,14:42:30,35.890,69.720,67.750,49.720,48.340,32.100,1.476,15.997,17.170,0.828,1.332,802.200,1256.500,1.566,13.240,22.866,0.905,1.455,19.646,20.932,0.745,0.751,13.246,22.870,0.189,8.736,9.631,0.018,4155.000,112.230,47.259,8.736,56.889,ON,Clear and warm; Hybrid loop operating; Ceff=1.57x
807,14:43:00,35.860,69.700,67.720,49.690,48.310,32.100,1.468,15.998,17.172,0.825,1.326,799.400,1251.500,1.566,13.196,22.778,0.901,1.450,19.648,20.934,0.745,0.750,13.198,22.770,0.189,8.736,9.627,0.018,4155.000,111.622,47.191,8.736,56.817,ON,Clear and warm; Hybrid loop operating; Ceff=1.57x
808,14:43:30,35.830,69.680,67.690,49.670,48.280,32.100,1.461,16.000,17.173,0.822,1.321,796.600,1246.500,1.565,13.152,22.690,0.898,1.444,19.649,20.936,0.745,0.751,13.152,22.686,0.189,8.736,9.629,0.018,4155.000,111.089,47.154,8.736,56.783,ON,Clear and warm; Hybrid loop operating; Ceff=1.56x
809,14:44:00,35.800,69.680,67.670,49.650,48.250,32.100,1.454,16.000,17.175,0.819,1.316,794.100,1241.900,1.564,13.111,22.608,0.896,1.439,19.650,20.937,0.745,0.750,13.104,22.602,0.189,8.731,9.630,0.018,4155.000,110.557,47.102,8.731,56.731,ON,Clear and warm; Hybrid loop operating; Ceff=1.56x
810,14:44:30,35.770,69.670,67.660,49.630,48.220,32.100,1.448,16.001,17.176,0.817,1.312,792.000,1237.900,1.563,13.077,22.539,0.893,1.434,19.651,20.939,0.745,0.751,13.073,22.535,0.189,8.733,9.632,0.018,4155.000,110.101,47.059,8.733,56.691,ON,Clear and warm; Hybrid loop operating; Ceff=1.56x
811,14:45:00,35.740,69.660,67.640,49.610,48.190,32.100,1.443,16.002,17.177,0.816,1.309,790.500,1234.900,1.562,13.053,22.486,0.892,1.431,19.652,20.940,0.745,0.750,13.058,22.485,0.189,8.740,9.634,0.018,4155.000,109.721,47.010,8.740,56.644,ON,Clear and warm; Hybrid loop operating; Ceff=1.56x
812,14:45:30,35.710,69.650,67.610,49.590,48.160,32.090,1.440,16.003,17.179,0.815,1.307,789.600,1232.900,1.561,13.040,22.450,0.891,1.428,19.653,20.942,0.745,0.751,13.042,22.453,0.189,8.740,9.636,0.018,4155.000,109.493,46.989,8.740,56.625,ON,Clear and warm; Hybrid loop operating; Ceff=1.56x
813,14:46:00,35.680,69.630,67.580,49.560,48.130,32.090,1.438,16.005,17.181,0.814,1.306,789.200,1231.600,1.560,13.035,22.430,0.890,1.427,19.655,20.944,0.745,0.750,13.028,22.438,0.189,8.734,9.640,0.018,4155.000,109.340,46.973,8.734,56.613,ON,Clear and warm; Hybrid loop operating; Ceff=1.56x
814,14:46:30,35.650,69.590,67.540,49.530,48.090,32.090,1.437,16.007,17.183,0.814,1.305,789.100,1230.800,1.560,13.036,22.419,0.890,1.426,19.657,20.946,0.745,0.751,13.030,22.424,0.189,8.737,9.640,0.018,4155.000,109.264,46.971,8.737,56.611,ON,Clear and warm; Hybrid loop operating; Ceff=1.56x
815,14:47:00,35.620,69.540,67.490,49.490,48.050,32.090,1.436,16.010,17.185,0.814,1.304,789.100,1230.100,1.559,13.039,22.410,0.890,1.425,19.661,20.949,0.745,0.751,13.032,22.409,0.189,8.738,9.639,0.018,4155.000,109.188,46.965,8.738,56.604,ON,Clear and warm; Hybrid loop operating; Ceff=1.56x
816,14:47:30,35.600,69.470,67.430,49.440,48.000,32.090,1.435,16.014,17.188,0.814,1.303,788.900,1229.100,1.558,13.039,22.397,0.890,1.424,19.665,20.952,0.745,0.751,13.035,22.396,0.189,8.743,9.641,0.018,4155.000,109.112,46.970,8.743,56.611,ON,Clear and warm; Hybrid loop operating; Ceff=1.56x
817,14:48:00,35.570,69.390,67.350,49.380,47.940,32.080,1.432,16.019,17.192,0.814,1.301,788.300,1227.500,1.557,13.034,22.373,0.889,1.422,19.670,20.956,0.745,0.751,13.039,22.367,0.189,8.752,9.641,0.018,4155.000,108.884,46.933,8.752,56.574,ON,Clear and warm; Hybrid loop operating; Ceff=1.56x
818,14:48:30,35.540,69.300,67.260,49.310,47.880,32.080,1.429,16.024,17.196,0.813,1.299,787.100,1224.900,1.556,13.020,22.333,0.888,1.419,19.676,20.960,0.745,0.751,13.028,22.338,0.189,8.757,9.649,0.018,4155.000,108.656,46.934,8.757,56.583,ON,Clear and warm; Hybrid loop operating; Ceff=1.56x
819,14:49:00,35.510,69.190,67.160,49.230,47.810,32.080,1.423,16.030,17.200,0.811,1.295,785.300,1221.400,1.555,12.996,22.276,0.886,1.415,19.683,20.965,0.745,0.751,13.000,22.274,0.189,8.759,9.649,0.018,4155.000,108.200,46.871,8.759,56.520,ON,Clear and warm; Hybrid loop operating; Ceff=1.56x
820,14:49:30,35.480,69.070,67.060,49.150,47.740,32.070,1.417,16.037,17.205,0.808,1.291,782.900,1217.000,1.555,12.963,22.204,0.883,1.410,19.690,20.970,0.746,0.751,12.958,22.212,0.189,8.757,9.657,0.018,4155.000,107.744,46.842,8.757,56.499,ON,Clear and warm; Hybrid loop operating; Ceff=1.55x
821,14:50:00,35.460,68.960,66.950,49.070,47.670,32.070,1.409,16.043,17.209,0.806,1.285,780.100,1212.000,1.554,12.924,22.120,0.880,1.405,19.697,20.975,0.746,0.751,12.931,22.114,0.189,8.770,9.654,0.018,4155.000,107.135,46.770,8.770,56.424,ON,Clear and warm; Hybrid loop operating; Ceff=1.55x
822,14:50:30,35.430,68.840,66.850,48.990,47.590,32.070,1.402,16.050,17.214,0.803,1.280,777.100,1206.700,1.553,12.881,22.031,0.877,1.399,19.704,20.980,0.745,0.751,12.888,22.034,0.189,8.775,9.661,0.018,4155.000,106.603,46.742,8.775,56.403,ON,Clear and warm; Hybrid loop operating; Ceff=1.55x
823,14:51:00,35.400,68.730,66.750,48.910,47.520,32.060,1.394,16.056,17.218,0.800,1.274,774.300,1201.600,1.552,12.840,21.944,0.874,1.393,19.711,20.985,0.745,0.751,12.845,21.936,0.189,8.777,9.659,0.018,4155.000,105.995,46.673,8.777,56.332,ON,Clear and warm; Hybrid loop operating; Ceff=1.55x
824,14:51:30,35.380,68.640,66.660,48.840,47.450,32.060,1.387,16.062,17.222,0.797,1.270,771.700,1197.000,1.551,12.803,21.866,0.871,1.388,19.717,20.990,0.746,0.751,12.801,21.872,0.189,8.777,9.668,0.018,4155.000,105.463,46.617,8.777,56.285,ON,Clear and warm; Hybrid loop operating; Ceff=1.55x
825,14:52:00,35.350,68.560,66.580,48.780,47.390,32.060,1.382,16.066,17.226,0.795,1.266,769.700,1193.200,1.550,12.775,21.803,0.869,1.383,19.723,20.994,0.745,0.751,12.772,21.808,0.189,8.780,9.670,0.018,4155.000,105.082,46.597,8.780,56.267,ON,Clear and warm; Hybrid loop operating; Ceff=1.55x
826,14:52:30,35.320,68.490,66.510,48.730,47.340,32.050,1.378,16.070,17.229,0.794,1.263,768.300,1190.400,1.549,12.755,21.756,0.867,1.380,19.727,20.997,0.746,0.751,12.760,21.760,0.189,8.787,9.672,0.018,4155.000,104.778,46.571,8.787,56.243,ON,Clear and warm; Hybrid loop operating; Ceff=1.55x
827,14:53:00,35.300,68.450,66.460,48.690,47.300,32.050,1.375,16.073,17.231,0.793,1.261,767.500,1188.500,1.548,12.745,21.724,0.867,1.378,19.730,21.000,0.745,0.751,12.746,21.728,0.189,8.787,9.673,0.018,4155.000,104.550,46.544,8.787,56.217,ON,Clear and warm; Hybrid loop operating; Ceff=1.55x
828,14:53:30,35.270,68.420,66.420,48.660,47.270,32.040,1.373,16.075,17.233,0.793,1.260,767.200,1187.300,1.548,12.741,21.705,0.866,1.377,19.732,21.002,0.746,0.751,12.747,21.714,0.189,8.791,9.676,0.018,4155.000,104.398,46.523,8.791,56.200,ON,Clear and warm; Hybrid loop operating; Ceff=1.55x
829,14:54:00,35.250,68.400,66.390,48.640,47.240,32.040,1.372,16.077,17.235,0.792,1.259,767.100,1186.400,1.547,12.741,21.692,0.866,1.376,19.734,21.003,0.746,0.751,12.733,21.699,0.189,8.782,9.677,0.018,4155.000,104.322,46.525,8.782,56.202,ON,Clear and warm; Hybrid loop operating; Ceff=1.55x
830,14:54:30,35.230,68.390,66.370,48.630,47.220,32.030,1.370,16.077,17.236,0.792,1.258,766.900,1185.600,1.546,12.739,21.678,0.866,1.375,19.735,21.004,0.745,0.751,12.733,21.683,0.189,8.785,9.676,0.018,4155.000,104.170,46.488,8.785,56.165,ON,Clear and warm; Hybrid loop operating; Ceff=1.55x
831,14:55:00,35.200,68.380,66.350,48.620,47.200,32.020,1.369,16.078,17.237,0.792,1.256,766.500,1184.300,1.545,12.734,21.656,0.866,1.373,19.736,21.005,0.745,0.751,12.734,21.650,0.189,8.790,9.672,0.018,4155.000,104.094,46.505,8.790,56.178,ON,Clear and warm; Hybrid loop operating; Ceff=1.54x
832,14:55:30,35.180,68.370,66.330,48.600,47.170,32.020,1.366,16.079,17.238,0.791,1.254,765.700,1182.300,1.544,12.720,21.621,0.865,1.371,19.737,21.007,0.745,0.751,12.718,21.616,0.189,8.789,9.674,0.018,4155.000,103.866,46.482,8.789,56.156,ON,Clear and warm; Hybrid loop operating; Ceff=1.54x
833,14:56:00,35.160,68.340,66.300,48.580,47.150,32.010,1.361,16.081,17.239,0.790,1.251,764.200,1179.400,1.543,12.698,21.570,0.863,1.367,19.738,21.008,0.745,0.751,12.704,21.566,0.189,8.796,9.675,0.018,4155.000,103.486,46.426,8.796,56.100,ON,Clear and warm; Hybrid loop operating; Ceff=1.54x
834,14:56:30,35.140,68.310,66.260,48.550,47.110,32.010,1.356,16.083,17.241,0.787,1.247,762.100,1175.500,1.542,12.666,21.502,0.861,1.363,19.741,21.010,0.745,0.751,12.657,21.500,0.189,8.788,9.677,0.018,4155.000,103.105,46.408,8.788,56.086,ON,Clear and warm; Hybrid loop operating; Ceff=1.54x
835,14:57:00,35.120,68.250,66.200,48.510,47.070,32.000,1.349,16.087,17.244,0.785,1.242,759.600,1170.900,1.541,12.626,21.421,0.858,1.358,19.745,21.013,0.745,0.751,12.628,21.417,0.189,8.796,9.678,0.018,4155.000,102.573,46.350,8.796,56.028,ON,Clear and warm; Hybrid loop operating; Ceff=1.54x
836,14:57:30,35.100,68.170,66.130,48.450,47.020,31.990,1.341,16.091,17.247,0.782,1.237,756.700,1165.800,1.541,12.583,21.333,0.855,1.352,19.750,21.017,0.745,0.751,12.583,21.335,0.189,8.798,9.683,0.018,4155.000,101.965,46.277,8.798,55.960,ON,Clear and warm; Hybrid loop operating; Ceff=1.54x
837,14:58:00,35.080,68.080,66.040,48.390,46.960,31.980,1.334,16.097,17.251,0.779,1.231,753.800,1160.600,1.540,12.540,21.244,0.851,1.346,19.756,21.021,0.746,0.751,12.540,21.236,0.189,8.802,9.681,0.018,4155.000,101.433,46.242,8.802,55.923,ON,Clear and warm; Hybrid loop operating; Ceff=1.54x
838,14:58:30,35.060,67.970,65.930,48.310,46.890,31.980,1.327,16.103,17.255,0.776,1.226,751.000,1155.700,1.539,12.500,21.161,0.848,1.340,19.763,21.025,0.746,0.751,12.496,21.155,0.189,8.804,9.685,0.018,4155.000,100.900,46.194,8.804,55.879,ON,Clear and warm; Hybrid loop operating; Ceff=1.54x
839,14:59:00,35.040,67.840,65.820,48.230,46.810,31.970,1.321,16.110,17.260,0.774,1.222,748.700,1151.500,1.538,12.469,21.092,0.846,1.336,19.771,21.031,0.745,0.751,12.469,21.092,0.189,8.812,9.691,0.018,4155.000,100.444,46.153,8.812,55.844,ON,Clear and warm; Hybrid loop operating; Ceff=1.54x
840,14:59:30,35.020,67.710,65.700,48.140,46.740,31.960,1.316,16.118,17.264,0.772,1.219,747.000,1148.200,1.537,12.448,21.039,0.844,1.332,19.779,21.036,0.746,0.751,12.443,21.045,0.189,8.813,9.698,0.018,4155.000,100.064,46.110,8.813,55.808,ON,Clear and warm; Hybrid loop operating; Ceff=1.54x
841,15:00:00,35.000,67.580,65.580,48.060,46.660,31.950,1.313,16.125,17.269,0.771,1.216,746.000,1145.900,1.536,12.437,21.004,0.843,1.329,19.787,21.041,0.746,0.751,12.432,20.999,0.189,8.818,9.696,0.018,4155.000,99.836,46.098,8.818,55.794,ON,Clear and warm; Hybrid loop operating; Ceff=1.54x
842,15:00:30,34.980,67.460,65.470,47.980,46.590,31.940,1.311,16.132,17.274,0.771,1.215,745.400,1144.500,1.535,12.435,20.984,0.842,1.328,19.794,21.046,0.746,0.751,12.438,20.988,0.189,8.829,9.703,0.018,4155.000,99.684,46.084,8.829,55.786,ON,Clear and warm; Hybrid loop operating; Ceff=1.54x
843,15:01:00,34.970,67.350,65.370,47.910,46.530,31.930,1.309,16.138,17.278,0.771,1.214,745.300,1143.600,1.534,12.439,20.974,0.842,1.327,19.801,21.050,0.746,0.751,12.442,20.975,0.189,8.833,9.705,0.018,4155.000,99.532,46.050,8.833,55.754,ON,Clear and warm; Hybrid loop operating; Ceff=1.53x
844,15:01:30,34.950,67.250,65.280,47.850,46.470,31.920,1.308,16.144,17.281,0.771,1.213,745.300,1143.000,1.534,12.445,20.968,0.842,1.326,19.807,21.054,0.746,0.751,12.447,20.962,0.189,8.836,9.703,0.018,4155.000,99.456,46.039,8.836,55.742,ON,Clear and warm; Hybrid loop operating; Ceff=1.53x
845,15:02:00,34.930,67.170,65.210,47.800,46.420,31.910,1.307,16.148,17.284,0.771,1.213,745.200,1142.200,1.533,12.448,20.958,0.842,1.325,19.812,21.057,0.746,0.751,12.450,20.965,0.189,8.840,9.712,0.018,4155.000,99.380,46.036,8.840,55.747,ON,Clear and warm; Hybrid loop operating; Ceff=1.53x
846,15:02:30,34.920,67.120,65.150,47.760,46.380,31.910,1.305,16.152,17.286,0.770,1.211,744.800,1140.900,1.532,12.444,20.936,0.842,1.324,19.816,21.060,0.746,0.751,12.437,20.933,0.189,8.835,9.708,0.018,4155.000,99.228,46.018,8.835,55.726,ON,Clear and warm; Hybrid loop operating; Ceff=1.53x
847,15:03:00,34.900,67.080,65.110,47.730,46.350,31.900,1.302,16.154,17.288,0.769,1.209,743.800,1138.700,1.531,12.430,20.900,0.841,1.321,19.819,21.062,0.746,0.751,12.422,20.901,0.189,8.837,9.712,0.018,4155.000,99.000,46.000,8.837,55.712,ON,Clear and warm; Hybrid loop operating; Ceff=1.53x
848,15:03:30,34.890,67.050,65.070,47.710,46.330,31.880,1.298,16.156,17.289,0.768,1.206,742.300,1135.600,1.530,12.406,20.845,0.839,1.318,19.821,21.063,0.746,0.751,12.408,20.851,0.189,8.844,9.715,0.018,4155.000,98.695,45.984,8.844,55.699,ON,Clear and warm; Hybrid loop operating; Ceff=1.53x
849,15:04:00,34.870,67.030,65.050,47.700,46.310,31.870,1.292,16.157,17.290,0.766,1.202,740.100,1131.700,1.529,12.371,20.774,0.837,1.313,19.822,21.064,0.746,0.751,12.376,20.783,0.189,8.848,9.716,0.018,4155.000,98.239,45.929,8.848,55.646,ON,Clear and warm; Hybrid loop operating; Ceff=1.53x
850,15:04:30,34.860,67.020,65.030,47.690,46.290,31.860,1.286,16.158,17.291,0.763,1.197,737.500,1127.100,1.528,12.329,20.691,0.834,1.308,19.823,21.065,0.746,0.751,12.329,20.697,0.189,8.845,9.716,0.018,4155.000,97.783,45.903,8.845,55.619,ON,Clear and warm; Hybrid loop operating; Ceff=1.53x
851,15:05:00,34.840,67.010,65.010,47.680,46.280,31.850,1.279,16.159,17.292,0.760,1.191,734.800,1122.200,1.527,12.283,20.602,0.831,1.302,19.824,21.066,0.746,0.751,12.281,20.595,0.189,8.843,9.710,0.018,4155.000,97.251,45.852,8.843,55.562,ON,Clear and warm; Hybrid loop operating; Ceff=1.53x
852,15:05:30,34.830,66.990,64.980,47.660,46.250,31.840,1.272,16.160,17.293,0.757,1.186,732.000,1117.300,1.526,12.238,20.515,0.828,1.296,19.826,21.067,0.745,0.751,12.233,20.509,0.189,8.842,9.712,0.018,4155.000,96.718,45.801,8.842,55.514,ON,Clear and warm; Hybrid loop operating; Ceff=1.53x
853,15:06:00,34.810,66.970,64.950,47.640,46.230,31.830,1.265,16.162,17.294,0.755,1.182,729.600,1112.900,1.525,12.199,20.436,0.825,1.291,19.827,21.069,0.746,0.751,12.202,20.442,0.189,8.849,9.718,0.018,4155.000,96.186,45.729,8.849,55.448,ON,Clear and warm; Hybrid loop operating; Ceff=1.53x
854,15:06:30,34.800,66.930,64.900,47.620,46.200,31.820,1.260,16.165,17.296,0.753,1.178,727.600,1109.300,1.525,12.169,20.372,0.823,1.287,19.830,21.071,0.746,0.751,12.172,20.375,0.189,8.851,9.718,0.018,4155.000,95.806,45.696,8.851,55.414,ON,Clear and warm; Hybrid loop operating; Ceff=1.52x
855,15:07:00,34.790,66.880,64.850,47.580,46.160,31.810,1.256,16.168,17.298,0.751,1.175,726.300,1106.600,1.524,12.150,20.326,0.821,1.284,19.834,21.073,0.746,0.751,12.142,20.325,0.189,8.845,9.718,0.018,4155.000,95.502,45.662,8.845,55.381,ON,Clear and warm; Hybrid loop operating; Ceff=1.52x
856,15:07:30,34.770,66.810,64.780,47.540,46.120,31.800,1.254,16.172,17.301,0.751,1.173,725.600,1104.900,1.523,12.142,20.297,0.821,1.282,19.838,21.076,0.746,0.751,12.145,20.294,0.189,8.856,9.718,0.018,4155.000,95.350,45.660,8.856,55.378,ON,Clear and warm; Hybrid loop operating; Ceff=1.52x
857,15:08:00,34.760,66.720,64.700,47.490,46.070,31.780,1.252,16.177,17.304,0.751,1.172,725.300,1103.900,1.522,12.142,20.283,0.820,1.281,19.843,21.079,0.746,0.751,12.149,20.280,0.189,8.863,9.720,0.018,4155.000,95.198,45.628,8.863,55.349,ON,Clear and warm; Hybrid loop operating; Ceff=1.52x
858,15:08:30,34.750,66.630,64.620,47.430,46.020,31.770,1.252,16.182,17.307,0.751,1.172,725.400,1103.300,1.521,12.149,20.278,0.820,1.281,19.849,21.083,0.746,0.751,12.153,20.284,0.189,8.864,9.727,0.018,4155.000,95.198,45.653,8.864,55.381,ON,Clear and warm; Hybrid loop operating; Ceff=1.52x
859,15:09:00,34.730,66.530,64.520,47.360,45.960,31.760,1.251,16.188,17.311,0.751,1.171,725.500,1102.900,1.520,12.156,20.275,0.821,1.280,19.856,21.087,0.746,0.751,12.157,20.271,0.189,8.866,9.725,0.018,4155.000,95.122,45.633,8.866,55.358,ON,Clear and warm; Hybrid loop operating; Ceff=1.52x
860,15:09:30,34.720,66.420,64.430,47.300,45.900,31.750,1.250,16.194,17.314,0.751,1.170,725.400,1102.100,1.519,12.160,20.265,0.821,1.279,19.862,21.091,0.746,0.751,12.162,20.257,0.189,8.871,9.725,0.018,4155.000,95.046,45.630,8.871,55.355,ON,Clear and warm; Hybrid loop operating; Ceff=1.52x
861,15:10:00,34.710,66.310,64.330,47.230,45.850,31.730,1.248,16.200,17.318,0.750,1.169,724.900,1100.600,1.518,12.157,20.243,0.820,1.278,19.869,21.095,0.746,0.751,12.150,20.245,0.189,8.868,9.732,0.018,4155.000,94.894,45.619,8.868,55.351,ON,Clear and warm; Hybrid loop operating; Ceff=1.52x
862,15:10:30,34.700,66.210,64.240,47.170,45.790,31.720,1.244,16.206,17.322,0.749,1.166,723.800,1098.200,1.517,12.144,20.205,0.819,1.275,19.876,21.098,0.746,0.751,12.138,20.197,0.189,8.873,9.731,0.018,4155.000,94.589,45.572,8.873,55.303,ON,Clear and warm; Hybrid loop operating; Ceff=1.52x
863,15:11:00,34.680,66.110,64.150,47.110,45.740,31.710,1.240,16.212,17.325,0.748,1.163,722.000,1094.900,1.516,12.120,20.149,0.817,1.271,19.882,21.102,0.746,0.751,12.127,20.149,0.189,8.887,9.737,0.018,4155.000,94.285,45.562,8.887,55.299,ON,Clear and warm; Hybrid loop operating; Ceff=1.52x
864,15:11:30,34.670,66.020,64.070,47.050,45.690,31.700,1.234,16.217,17.328,0.745,1.159,719.800,1090.800,1.516,12.086,20.078,0.815,1.266,19.887,21.106,0.746,0.751,12.082,20.083,0.189,8.881,9.741,0.018,4155.000,93.829,45.512,8.881,55.254,ON,Clear and warm; Hybrid loop operating; Ceff=1.52x
865,15:12:00,34.660,65.950,64.000,47.010,45.640,31.680,1.227,16.221,17.331,0.743,1.154,717.100,1086.100,1.515,12.046,19.996,0.812,1.261,19.892,21.109,0.746,0.751,12.052,20.000,0.189,8.893,9.743,0.018,4155.000,93.297,45.450,8.893,55.193,ON,Clear and warm; Hybrid loop operating; Ceff=1.51x
866,15:12:30,34.640,65.890,63.940,46.970,45.610,31.670,1.220,16.224,17.333,0.740,1.149,714.300,1081.300,1.514,12.003,19.910,0.809,1.255,19.896,21.111,0.746,0.751,12.006,19.916,0.189,8.893,9.745,0.018,4155.000,92.765,45.391,8.893,55.137,ON,Clear and warm; Hybrid loop operating; Ceff=1.51x
867,15:13:00,34.630,65.840,63.890,46.940,45.570,31.660,1.214,16.227,17.335,0.737,1.144,711.700,1076.600,1.513,11.961,19.827,0.806,1.250,19.899,21.113,0.746,0.751,11.959,19.831,0.189,8.891,9.746,0.018,4155.000,92.308,45.365,8.891,55.112,ON,Clear and warm; Hybrid loop operating; Ceff=1.51x
868,15:13:30,34.620,65.810,63.860,46.920,45.550,31.650,1.208,16.229,17.336,0.735,1.139,709.400,1072.600,1.512,11.924,19.754,0.803,1.245,19.901,21.115,0.746,0.751,11.928,19.746,0.189,8.897,9.740,0.018,4155.000,91.852,45.310,8.897,55.050,ON,Clear and warm; Hybrid loop operating; Ceff=1.51x
869,15:14:00,34.600,65.800,63.830,46.900,45.530,31.630,1.203,16.230,17.337,0.733,1.136,707.700,1069.300,1.511,11.896,19.695,0.801,1.242,19.902,21.116,0.746,0.751,11.897,19.695,0.189,8.894,9.745,0.018,4155.000,91.472,45.261,8.894,55.006,ON,Clear and warm; Hybrid loop operating; Ceff=1.51x
870,15:14:30,34.590,65.790,63.810,46.890,45.510,31.620,1.200,16.231,17.338,0.732,1.134,706.600,1066.900,1.510,11.878,19.653,0.800,1.239,19.903,21.116,0.746,0.751,11.881,19.661,0.189,8.897,9.750,0.018,4155.000,91.244,45.250,8.897,55.000,ON,Clear and warm; Hybrid loop operating; Ceff=1.51x
871,15:15:00,34.570,65.790,63.800,46.890,45.500,31.610,1.198,16.232,17.338,0.731,1.132,706.000,1065.500,1.509,11.869,19.626,0.799,1.237,19.904,21.117,0.746,0.751,11.866,19.627,0.189,8.892,9.746,0.018,4155.000,91.092,45.234,8.892,54.980,ON,Clear and warm; Hybrid loop operating; Ceff=1.51x
872,15:15:30,34.560,65.790,63.790,46.890,45.490,31.590,1.197,16.232,17.339,0.731,1.131,705.900,1064.600,1.508,11.867,19.611,0.799,1.236,19.904,21.118,0.746,0.751,11.866,19.610,0.189,8.894,9.746,0.018,4155.000,91.016,45.234,8.894,54.981,ON,Clear and warm; Hybrid loop operating; Ceff=1.51x
873,15:16:00,34.540,65.780,63.770,46.880,45.480,31.580,1.196,16.233,17.339,0.731,1.130,705.900,1064.000,1.507,11.869,19.601,0.799,1.235,19.905,21.118,0.746,0.752,11.866,19.593,0.189,8.894,9.743,0.018,4155.000,90.940,45.222,8.894,54.965,ON,Clear and warm; Hybrid loop operating; Ceff=1.51x
874,15:16:30,34.530,65.760,63.750,46.870,45.460,31.570,1.195,16.234,17.340,0.731,1.130,705.900,1063.300,1.506,11.869,19.589,0.799,1.235,19.906,21.119,0.746,0.751,11.867,19.594,0.189,8.895,9.750,0.018,4155.000,90.864,45.214,8.895,54.964,ON,Clear and warm; Hybrid loop operating; Ceff=1.51x
875,15:17:00,34.510,65.740,63.720,46.850,45.440,31.560,1.193,16.235,17.341,0.731,1.128,705.500,1062.200,1.505,11.865,19.569,0.799,1.233,19.908,21.120,0.746,0.751,11.868,19.561,0.189,8.900,9.744,0.018,4155.000,90.712,45.185,8.900,54.929,ON,Clear and warm; Hybrid loop operating; Ceff=1.51x
876,15:17:30,34.500,65.690,63.670,46.820,45.410,31.540,1.191,16.238,17.343,0.730,1.126,704.700,1060.200,1.505,11.853,19.536,0.798,1.231,19.911,21.122,0.746,0.751,11.854,19.528,0.189,8.900,9.746,0.018,4155.000,90.559,45.194,8.900,54.940,ON,Clear and warm; Hybrid loop operating; Ceff=1.5x
877,15:18:00,34.480,65.630,63.610,46.780,45.370,31.530,1.187,16.242,17.345,0.728,1.123,703.200,1057.300,1.504,11.831,19.485,0.796,1.228,19.915,21.125,0.746,0.751,11.824,19.478,0.189,8.897,9.748,0.018,4155.000,90.255,45.166,8.897,54.914,ON,Clear and warm; Hybrid loop operating; Ceff=1.5x
878,15:18:30,34.460,65.550,63.540,46.730,45.320,31.520,1.181,16.246,17.348,0.726,1.119,701.100,1053.500,1.503,11.799,19.419,0.794,1.223,19.920,21.128,0.746,0.752,11.795,19.412,0.189,8.901,9.750,0.018,4155.000,89.799,45.100,8.901,54.849,ON,Clear and warm; Hybrid loop operating; Ceff=1.5x
879,15:19:00,34.450,65.460,63.460,46.670,45.270,31.510,1.175,16.251,17.352,0.724,1.115,698.500,1048.900,1.502,11.760,19.340,0.791,1.218,19.925,21.132,0.746,0.751,11.766,19.347,0.189,8.912,9.760,0.018,4155.000,89.343,45.068,8.912,54.827,ON,Clear and warm; Hybrid loop operating; Ceff=1.5x
880,15:19:30,34.430,65.360,63.360,46.610,45.210,31.500,1.168,16.257,17.356,0.721,1.109,695.600,1043.900,1.501,11.717,19.253,0.788,1.212,19.932,21.136,0.746,0.752,11.721,19.248,0.189,8.916,9.756,0.018,4155.000,88.811,45.014,8.916,54.769,ON,Clear and warm; Hybrid loop operating; Ceff=1.5x
881,15:20:00,34.410,65.240,63.260,46.530,45.140,31.480,1.161,16.264,17.360,0.718,1.104,692.600,1038.900,1.500,11.673,19.165,0.784,1.207,19.939,21.140,0.747,0.751,11.678,19.165,0.189,8.921,9.761,0.018,4155.000,88.278,44.959,8.921,54.720,ON,Clear and warm; Hybrid loop operating; Ceff=1.5x
882,15:20:30,34.390,65.130,63.160,46.460,45.080,31.470,1.154,16.270,17.364,0.715,1.099,689.900,1034.200,1.499,11.633,19.084,0.781,1.201,19.946,21.145,0.747,0.751,11.633,19.083,0.189,8.922,9.763,0.018,4155.000,87.746,44.891,8.922,54.654,ON,Clear and warm; Hybrid loop operating; Ceff=1.5x
883,15:21:00,34.370,65.020,63.060,46.390,45.010,31.460,1.149,16.276,17.368,0.713,1.095,687.600,1030.100,1.498,11.600,19.015,0.779,1.197,19.953,21.149,0.746,0.751,11.605,19.018,0.189,8.930,9.768,0.018,4155.000,87.366,44.875,8.930,54.643,ON,Clear and warm; Hybrid loop operating; Ceff=1.5x
884,15:21:30,34.350,64.930,62.970,46.320,44.950,31.450,1.144,16.282,17.372,0.711,1.091,685.900,1026.900,1.497,11.577,18.961,0.777,1.193,19.959,21.153,0.747,0.751,11.577,18.953,0.189,8.930,9.765,0.018,4155.000,86.986,44.819,8.930,54.584,ON,Clear and warm; Hybrid loop operating; Ceff=1.5x
885,15:22:00,34.330,64.850,62.890,46.270,44.900,31.440,1.141,16.286,17.375,0.710,1.089,684.800,1024.600,1.496,11.562,18.923,0.776,1.190,19.964,21.157,0.746,0.752,11.563,18.921,0.189,8.934,9.771,0.018,4155.000,86.758,44.801,8.934,54.572,ON,Clear and warm; Hybrid loop operating; Ceff=1.5x
886,15:22:30,34.310,64.790,62.830,46.230,44.860,31.430,1.139,16.290,17.377,0.709,1.088,684.200,1023.100,1.495,11.555,18.898,0.775,1.189,19.968,21.160,0.747,0.751,11.550,18.906,0.189,8.931,9.777,0.018,4155.000,86.606,44.788,8.931,54.566,ON,Clear and warm; Hybrid loop operating; Ceff=1.5x
887,15:23:00,34.290,64.740,62.780,46.200,44.830,31.420,1.138,16.293,17.379,0.709,1.086,684.000,1022.100,1.494,11.553,18.882,0.775,1.187,19.971,21.162,0.746,0.752,11.552,18.874,0.189,8.936,9.770,0.018,4155.000,86.530,44.793,8.936,54.563,ON,Clear and warm; Hybrid loop operating; Ceff=1.49x
888,15:23:30,34.260,64.720,62.750,46.180,44.800,31.410,1.136,16.295,17.381,0.709,1.086,683.800,1021.200,1.493,11.552,18.867,0.775,1.186,19.973,21.163,0.746,0.752,11.553,18.876,0.189,8.939,9.780,0.018,4155.000,86.377,44.754,8.939,54.533,ON,Clear and warm; Hybrid loop operating; Ceff=1.49x
889,15:24:00,34.240,64.710,62.730,46.160,44.780,31.400,1.135,16.295,17.381,0.709,1.084,683.400,1020.000,1.492,11.546,18.846,0.774,1.185,19.974,21.164,0.747,0.751,11.553,18.841,0.189,8.945,9.773,0.018,4155.000,86.301,44.767,8.945,54.540,ON,Clear and warm; Hybrid loop operating; Ceff=1.49x
890,15:24:30,34.220,64.710,62.720,46.160,44.770,31.390,1.132,16.296,17.382,0.708,1.082,682.700,1018.200,1.492,11.534,18.814,0.774,1.183,19.974,21.165,0.746,0.751,11.538,18.807,0.189,8.942,9.773,0.018,4155.000,86.073,44.727,8.942,54.500,ON,Clear and warm; Hybrid loop operating; Ceff=1.49x
891,15:25:00,34.190,64.710,62.710,46.160,44.760,31.380,1.129,16.296,17.382,0.706,1.080,681.300,1015.600,1.491,11.511,18.766,0.772,1.180,19.974,21.165,0.747,0.751,11.505,18.773,0.189,8.935,9.780,0.018,4155.000,85.845,44.723,8.935,54.503,ON,Clear and warm; Hybrid loop operating; Ceff=1.49x
892,15:25:30,34.170,64.710,62.700,46.150,44.740,31.370,1.124,16.296,17.383,0.704,1.076,679.300,1012.000,1.490,11.478,18.700,0.770,1.176,19.974,21.166,0.746,0.751,11.472,18.704,0.189,8.936,9.779,0.018,4155.000,85.465,44.683,8.936,54.462,ON,Clear and warm; Hybrid loop operating; Ceff=1.49x
893,15:26:00,34.140,64.710,62.690,46.140,44.720,31.360,1.118,16.297,17.384,0.702,1.071,676.800,1007.600,1.489,11.435,18.620,0.767,1.171,19.975,21.167,0.746,0.751,11.440,18.618,0.189,8.944,9.777,0.018,4155.000,85.009,44.639,8.944,54.416,ON,Clear and warm; Hybrid loop operating; Ceff=1.49x
894,15:26:30,34.110,64.690,62.660,46.120,44.700,31.350,1.111,16.298,17.385,0.699,1.066,673.800,1002.500,1.488,11.386,18.528,0.764,1.165,19.977,21.168,0.746,0.751,11.392,18.532,0.189,8.946,9.781,0.018,4155.000,84.477,44.585,8.946,54.366,ON,Clear and warm; Hybrid loop operating; Ceff=1.49x
895,15:27:00,34.090,64.650,62.620,46.090,44.660,31.340,1.103,16.301,17.387,0.695,1.060,670.600,997.100,1.487,11.335,18.432,0.760,1.159,19.979,21.171,0.747,0.751,11.329,18.430,0.189,8.939,9.780,0.018,4155.000,83.868,44.504,8.939,54.284,ON,Clear and warm; Hybrid loop operating; Ceff=1.49x
896,15:27:30,34.060,64.590,62.560,46.040,44.610,31.330,1.096,16.304,17.390,0.692,1.055,667.500,991.900,1.486,11.285,18.338,0.756,1.152,19.983,21.174,0.747,0.752,11.282,18.346,0.189,8.943,9.786,0.018,4155.000,83.336,44.453,8.943,54.240,ON,Clear and warm; Hybrid loop operating; Ceff=1.49x
897,15:28:00,34.030,64.520,62.480,45.990,44.560,31.320,1.090,16.309,17.393,0.689,1.050,664.700,987.100,1.485,11.242,18.255,0.753,1.147,19.988,21.177,0.747,0.752,11.237,18.263,0.189,8.945,9.789,0.018,4155.000,82.880,44.425,8.945,54.214,ON,Clear and warm; Hybrid loop operating; Ceff=1.48x
898,15:28:30,34.000,64.420,62.390,45.920,44.490,31.320,1.084,16.314,17.397,0.687,1.045,662.500,983.200,1.484,11.209,18.186,0.751,1.142,19.994,21.181,0.746,0.752,11.208,18.180,0.189,8.951,9.783,0.018,4155.000,82.424,44.356,8.951,54.139,ON,Clear and warm; Hybrid loop operating; Ceff=1.48x
899,15:29:00,33.970,64.310,62.290,45.840,44.430,31.310,1.080,16.320,17.402,0.685,1.042,660.800,980.100,1.483,11.186,18.134,0.749,1.139,20.001,21.186,0.747,0.751,11.179,18.133,0.189,8.951,9.789,0.018,4155.000,82.119,44.332,8.951,54.121,ON,Clear and warm; Hybrid loop operating; Ceff=1.48x
900,15:29:30,33.950,64.200,62.180,45.760,44.350,31.300,1.077,16.327,17.406,0.684,1.040,659.700,977.800,1.482,11.173,18.099,0.748,1.136,20.008,21.191,0.747,0.752,11.168,18.102,0.189,8.957,9.795,0.018,4155.000,81.891,44.312,8.957,54.108,ON,Clear and warm; Hybrid loop operating; Ceff=1.48x
901,15:30:00,33.920,64.070,62.070,45.680,44.280,31.290,1.075,16.334,17.411,0.684,1.038,659.100,976.300,1.481,11.169,18.076,0.747,1.135,20.016,21.196,0.747,0.751,11.172,18.073,0.189,8.969,9.794,0.018,4155.000,81.739,44.298,8.969,54.092,ON,Clear and warm; Hybrid loop operating; Ceff=1.48x
902,15:30:30,33.880,63.950,61.960,45.600,44.200,31.290,1.073,16.341,17.415,0.683,1.037,658.700,975.100,1.480,11.168,18.061,0.747,1.133,20.023,21.201,0.747,0.752,11.161,18.059,0.189,8.965,9.799,0.018,4155.000,81.587,44.270,8.965,54.069,ON,Clear and warm; Hybrid loop operating; Ceff=1.48x
903,15:31:00,33.850,63.840,61.850,45.530,44.130,31.280,1.072,16.347,17.420,0.683,1.036,658.400,974.000,1.479,11.168,18.045,0.747,1.132,20.031,21.206,0.746,0.752,11.165,18.047,0.189,8.972,9.804,0.018,4155.000,81.511,44.279,8.972,54.082,ON,Clear and warm; Hybrid loop operating; Ceff=1.48x
904,15:31:30,33.820,63.740,61.760,45.460,44.070,31.270,1.070,16.353,17.424,0.683,1.034,657.700,972.400,1.478,11.162,18.021,0.746,1.130,20.037,21.211,0.747,0.752,11.169,18.016,0.189,8.985,9.803,0.018,4155.000,81.359,44.269,8.985,54.072,ON,Clear and warm; Hybrid loop operating; Ceff=1.48x
905,15:32:00,33.790,63.650,61.670,45.390,44.010,31.270,1.067,16.358,17.427,0.681,1.032,656.600,970.100,1.477,11.148,17.984,0.745,1.128,20.043,21.214,0.747,0.752,11.140,17.985,0.189,8.977,9.809,0.018,4155.000,81.131,44.249,8.977,54.058,ON,Clear and warm; Hybrid loop operating; Ceff=1.48x
906,15:32:30,33.760,63.580,61.600,45.340,43.960,31.260,1.062,16.363,17.431,0.680,1.029,654.900,967.000,1.477,11.122,17.930,0.743,1.124,20.047,21.218,0.747,0.752,11.127,17.936,0.189,8.989,9.814,0.018,4155.000,80.751,44.183,8.989,53.997,ON,Clear and warm; Hybrid loop operating; Ceff=1.48x
907,15:33:00,33.730,63.520,61.540,45.290,43.910,31.250,1.057,16.366,17.433,0.677,1.024,652.600,963.000,1.476,11.086,17.858,0.740,1.120,20.051,21.221,0.747,0.751,11.080,17.851,0.189,8.983,9.808,0.018,4155.000,80.371,44.158,8.983,53.966,ON,Clear and warm; Hybrid loop operating; Ceff=1.48x
908,15:33:30,33.690,63.470,61.490,45.260,43.870,31.250,1.050,16.369,17.436,0.674,1.019,649.800,958.200,1.475,11.040,17.772,0.737,1.114,20.054,21.224,0.747,0.752,11.033,17.767,0.189,8.983,9.811,0.018,4155.000,79.838,44.085,8.983,53.896,ON,Clear and warm; Hybrid loop operating; Ceff=1.47x
909,15:34:00,33.660,63.440,61.440,45.220,43.830,31.240,1.043,16.372,17.438,0.671,1.014,646.600,952.900,1.474,10.989,17.677,0.734,1.108,20.057,21.226,0.746,0.752,10.986,17.682,0.189,8.989,9.818,0.018,4155.000,79.306,44.035,8.989,53.853,ON,Clear and warm; Hybrid loop operating; Ceff=1.47x
910,15:34:30,33.630,63.410,61.410,45.200,43.790,31.240,1.036,16.374,17.440,0.668,1.008,643.400,947.500,1.473,10.935,17.580,0.730,1.102,20.059,21.228,0.747,0.751,10.938,17.580,0.189,8.995,9.817,0.018,4155.000,78.774,43.989,8.995,53.805,ON,Clear and warm; Hybrid loop operating; Ceff=1.47x
911,15:35:00,33.590,63.380,61.370,45.170,43.760,31.230,1.029,16.375,17.441,0.665,1.003,640.300,942.400,1.472,10.885,17.488,0.726,1.096,20.061,21.230,0.747,0.752,10.889,17.493,0.189,8.998,9.821,0.018,4155.000,78.242,43.928,8.998,53.749,ON,Clear and warm; Hybrid loop operating; Ceff=1.47x
912,15:35:30,33.560,63.360,61.330,45.140,43.720,31.230,1.023,16.377,17.443,0.662,0.998,637.700,938.000,1.471,10.842,17.407,0.724,1.091,20.063,21.232,0.746,0.751,10.842,17.408,0.189,8.995,9.819,0.018,4155.000,77.785,43.877,8.995,53.696,ON,Clear and warm; Hybrid loop operating; Ceff=1.47x
913,15:36:00,33.520,63.320,61.290,45.110,43.680,31.220,1.019,16.379,17.445,0.660,0.994,635.600,934.300,1.470,10.809,17.342,0.721,1.086,20.066,21.234,0.747,0.752,10.810,17.340,0.189,8.999,9.820,0.018,4155.000,77.481,43.878,8.999,53.698,ON,Clear and warm; Hybrid loop operating; Ceff=1.47x
914,15:36:30,33.490,63.280,61.240,45.070,43.640,31.220,1.015,16.382,17.448,0.658,0.991,634.200,931.600,1.469,10.787,17.295,0.720,1.083,20.069,21.237,0.747,0.752,10.779,17.291,0.189,8.993,9.820,0.018,4155.000,77.177,43.833,8.993,53.653,ON,Clear and warm; Hybrid loop operating; Ceff=1.47x
915,15:37:00,33.460,63.230,61.180,45.030,43.590,31.210,1.012,16.386,17.450,0.658,0.989,633.300,929.800,1.468,10.775,17.264,0.719,1.081,20.072,21.240,0.747,0.752,10.782,17.258,0.189,9.008,9.821,0.018,4155.000,76.949,43.788,9.008,53.608,ON,Clear and warm; Hybrid loop operating; Ceff=1.47x
916,15:37:30,33.420,63.160,61.110,44.980,43.540,31.210,1.011,16.390,17.454,0.657,0.988,632.900,928.500,1.467,10.770,17.244,0.718,1.080,20.077,21.243,0.747,0.752,10.768,17.245,0.189,9.002,9.827,0.018,4155.000,76.873,43.806,9.002,53.632,ON,Clear and warm; Hybrid loop operating; Ceff=1.47x
917,15:38:00,33.390,63.080,61.030,44.920,43.480,31.210,1.009,16.395,17.457,0.657,0.987,632.600,927.500,1.466,10.769,17.229,0.718,1.079,20.082,21.247,0.747,0.752,10.772,17.230,0.189,9.009,9.829,0.018,4155.000,76.721,43.766,9.009,53.595,ON,Clear and warm; Hybrid loop operating; Ceff=1.47x
918,15:38:30,33.350,62.980,60.940,44.850,43.420,31.200,1.008,16.400,17.461,0.657,0.986,632.200,926.300,1.465,10.767,17.212,0.718,1.077,20.088,21.251,0.747,0.752,10.775,17.217,0.189,9.018,9.834,0.018,4155.000,76.645,43.779,9.018,53.613,ON,Clear and warm; Hybrid loop operating; Ceff=1.47x
919,15:39:00,33.320,62.870,60.830,44.780,43.350,31.200,1.006,16.407,17.465,0.656,0.984,631.500,924.600,1.464,10.760,17.186,0.717,1.075,20.095,21.256,0.747,0.752,10.763,17.186,0.189,9.018,9.834,0.018,4155.000,76.493,43.773,9.018,53.607,ON,Clear and warm; Hybrid loop operating; Ceff=1.46x
920,15:39:30,33.280,62.750,60.720,44.690,43.270,31.190,1.002,16.414,17.470,0.655,0.981,630.200,922.200,1.463,10.745,17.147,0.715,1.073,20.103,21.261,0.748,0.752,10.751,17.138,0.189,9.026,9.833,0.018,4155.000,76.189,43.712,9.026,53.545,ON,Clear and warm; Hybrid loop operating; Ceff=1.46x
921,15:40:00,33.250,62.620,60.600,44.610,43.190,31.190,0.998,16.421,17.475,0.653,0.978,628.400,918.900,1.462,10.719,17.091,0.713,1.069,20.111,21.267,0.748,0.752,10.723,17.091,0.189,9.028,9.841,0.018,4155.000,75.884,43.694,9.028,53.535,ON,Clear and warm; Hybrid loop operating; Ceff=1.46x
922,15:40:30,33.210,62.480,60.480,44.520,43.110,31.190,0.992,16.429,17.480,0.650,0.974,625.900,914.700,1.461,10.684,17.020,0.711,1.064,20.120,21.272,0.747,0.752,10.679,17.026,0.189,9.027,9.848,0.018,4155.000,75.428,43.631,9.027,53.479,ON,Clear and warm; Hybrid loop operating; Ceff=1.46x
923,15:41:00,33.180,62.350,60.350,44.420,43.030,31.180,0.986,16.436,17.485,0.647,0.969,623.100,909.900,1.460,10.641,16.937,0.708,1.059,20.128,21.278,0.747,0.752,10.634,16.943,0.189,9.030,9.852,0.018,4155.000,74.972,43.596,9.030,53.448,ON,Clear and warm; Hybrid loop operating; Ceff=1.46x
924,15:41:30,33.150,62.220,60.240,44.340,42.950,31.180,0.979,16.444,17.490,0.644,0.963,620.000,904.800,1.459,10.594,16.848,0.704,1.053,20.136,21.284,0.747,0.752,10.590,16.843,0.189,9.037,9.849,0.018,4155.000,74.440,43.530,9.037,53.379,ON,Clear and warm; Hybrid loop operating; Ceff=1.46x
925,15:42:00,33.110,62.100,60.120,44.260,42.870,31.180,0.973,16.450,17.495,0.641,0.958,616.900,899.800,1.459,10.547,16.759,0.701,1.047,20.144,21.289,0.747,0.752,10.544,16.760,0.189,9.044,9.855,0.018,4155.000,73.984,43.504,9.044,53.359,ON,Clear and warm; Hybrid loop operating; Ceff=1.46x
926,15:42:30,33.080,62.000,60.020,44.180,42.800,31.170,0.967,16.457,17.499,0.638,0.953,614.100,895.100,1.458,10.505,16.678,0.698,1.042,20.150,21.294,0.747,0.752,10.500,16.677,0.189,9.046,9.858,0.018,4155.000,73.527,43.463,9.046,53.320,ON,Clear and warm; Hybrid loop operating; Ceff=1.46x
927,15:43:00,33.040,61.910,59.930,44.120,42.730,31.170,0.961,16.462,17.503,0.636,0.949,611.800,891.200,1.457,10.470,16.610,0.695,1.037,20.156,21.298,0.747,0.752,10.470,16.610,0.189,9.055,9.861,0.018,4155.000,73.071,43.382,9.055,53.243,ON,Clear and warm; Hybrid loop operating; Ceff=1.46x
928,15:43:30,33.010,61.840,59.860,44.060,42.680,31.170,0.957,16.466,17.507,0.634,0.946,610.200,888.200,1.456,10.445,16.558,0.693,1.034,20.161,21.301,0.748,0.752,10.439,16.562,0.189,9.052,9.866,0.018,4155.000,72.767,43.347,9.052,53.213,ON,Clear and warm; Hybrid loop operating; Ceff=1.46x
929,15:44:00,32.980,61.780,59.800,44.020,42.630,31.160,0.955,16.470,17.509,0.633,0.944,609.100,886.100,1.455,10.430,16.521,0.692,1.031,20.165,21.304,0.747,0.752,10.426,16.528,0.189,9.056,9.869,0.018,4155.000,72.615,43.359,9.056,53.229,ON,Clear and warm; Hybrid loop operating; Ceff=1.45x
930,15:44:30,32.950,61.740,59.750,43.990,42.590,31.160,0.953,16.472,17.511,0.633,0.942,608.600,884.700,1.454,10.423,16.499,0.692,1.030,20.168,21.307,0.747,0.752,10.427,16.495,0.189,9.065,9.865,0.018,4155.000,72.463,43.337,9.065,53.202,ON,Clear and warm; Hybrid loop operating; Ceff=1.45x
931,15:45:00,32.910,61.710,59.710,43.960,42.560,31.150,0.952,16.475,17.513,0.633,0.941,608.400,883.800,1.453,10.421,16.484,0.691,1.029,20.170,21.309,0.748,0.752,10.429,16.480,0.189,9.069,9.866,0.018,4155.000,72.387,43.335,9.069,53.201,ON,Clear and warm; Hybrid loop operating; Ceff=1.45x
932,15:45:30,32.880,61.680,59.670,43.930,42.520,31.150,0.951,16.477,17.515,0.632,0.940,608.200,883.000,1.452,10.419,16.471,0.691,1.028,20.172,21.311,0.747,0.752,10.413,16.464,0.189,9.059,9.865,0.018,4155.000,72.311,43.329,9.059,53.195,ON,Clear and warm; Hybrid loop operating; Ceff=1.45x
933,15:46:00,32.850,61.660,59.630,43.910,42.490,31.150,0.949,16.478,17.517,0.632,0.939,607.900,882.000,1.451,10.415,16.453,0.691,1.027,20.174,21.312,0.747,0.752,10.414,16.448,0.189,9.064,9.867,0.018,4155.000,72.159,43.287,9.064,53.154,ON,Clear and warm; Hybrid loop operating; Ceff=1.45x
934,15:46:30,32.820,61.620,59.590,43.880,42.460,31.140,0.947,16.481,17.519,0.631,0.937,607.100,880.300,1.450,10.404,16.423,0.690,1.025,20.177,21.314,0.747,0.752,10.400,16.415,0.189,9.063,9.866,0.018,4155.000,72.007,43.279,9.063,53.146,ON,Clear and warm; Hybrid loop operating; Ceff=1.45x
935,15:47:00,32.790,61.570,59.540,43.850,42.420,31.140,0.944,16.484,17.521,0.630,0.935,605.800,877.700,1.449,10.383,16.379,0.688,1.022,20.180,21.317,0.748,0.752,10.385,16.382,0.189,9.070,9.876,0.018,4155.000,71.778,43.270,9.070,53.146,ON,Clear and warm; Hybrid loop operating; Ceff=1.45x
936,15:47:30,32.760,61.510,59.470,43.800,42.370,31.140,0.939,16.488,17.524,0.628,0.931,603.800,874.300,1.448,10.353,16.318,0.686,1.018,20.184,21.320,0.748,0.752,10.354,16.315,0.189,9.073,9.873,0.018,4155.000,71.398,43.208,9.073,53.081,ON,Clear and warm; Hybrid loop operating; Ceff=1.45x
937,15:48:00,32.730,61.430,59.390,43.740,42.310,31.130,0.934,16.493,17.527,0.625,0.927,601.300,870.100,1.447,10.314,16.244,0.683,1.013,20.190,21.324,0.748,0.752,10.308,16.248,0.189,9.070,9.880,0.018,4155.000,71.018,43.186,9.070,53.065,ON,Clear and warm; Hybrid loop operating; Ceff=1.45x
938,15:48:30,32.700,61.330,59.290,43.670,42.250,31.130,0.928,16.498,17.531,0.622,0.922,598.400,865.400,1.446,10.269,16.160,0.680,1.007,20.196,21.328,0.748,0.752,10.262,16.164,0.189,9.073,9.882,0.018,4155.000,70.562,43.141,9.073,53.023,ON,Clear and warm; Hybrid loop operating; Ceff=1.45x
939,15:49:00,32.670,61.210,59.180,43.590,42.170,31.120,0.921,16.505,17.536,0.619,0.917,595.400,860.500,1.445,10.223,16.074,0.677,1.002,20.204,21.333,0.747,0.752,10.217,16.081,0.189,9.079,9.888,0.018,4155.000,70.030,43.060,9.079,52.947,ON,Clear and warm; Hybrid loop operating; Ceff=1.45x
940,15:49:30,32.640,61.070,59.050,43.500,42.090,31.120,0.915,16.513,17.541,0.616,0.912,592.500,855.800,1.444,10.179,15.991,0.674,0.996,20.212,21.339,0.747,0.752,10.172,15.997,0.189,9.084,9.890,0.018,4155.000,69.573,43.014,9.084,52.904,ON,Clear and warm; Hybrid loop operating; Ceff=1.44x
941,15:50:00,32.610,60.930,58.920,43.410,42.000,31.110,0.910,16.521,17.546,0.614,0.907,590.000,851.600,1.443,10.142,15.919,0.671,0.992,20.221,21.345,0.747,0.752,10.144,15.914,0.189,9.097,9.888,0.018,4155.000,69.193,42.990,9.097,52.877,ON,Clear and warm; Hybrid loop operating; Ceff=1.44x
942,15:50:30,32.580,60.780,58.790,43.310,41.920,31.110,0.905,16.530,17.551,0.612,0.904,588.100,848.200,1.442,10.115,15.861,0.669,0.988,20.230,21.351,0.747,0.752,10.116,15.866,0.189,9.101,9.897,0.018,4155.000,68.813,42.925,9.101,52.822,ON,Clear and warm; Hybrid loop operating; Ceff=1.44x
943,15:51:00,32.560,60.640,58.660,43.220,41.830,31.100,0.902,16.538,17.557,0.611,0.901,586.700,845.600,1.441,10.098,15.820,0.667,0.985,20.239,21.356,0.748,0.752,10.105,15.819,0.189,9.113,9.898,0.018,4155.000,68.585,42.914,9.113,52.812,ON,Clear and warm; Hybrid loop operating; Ceff=1.44x
944,15:51:30,32.530,60.510,58.540,43.140,41.760,31.100,0.900,16.545,17.562,0.610,0.899,585.900,844.000,1.440,10.090,15.793,0.666,0.983,20.248,21.362,0.748,0.752,10.092,15.788,0.189,9.114,9.898,0.018,4155.000,68.433,42.900,9.114,52.798,ON,Clear and warm; Hybrid loop operating; Ceff=1.44x
945,15:52:00,32.510,60.390,58.420,43.060,41.690,31.090,0.899,16.552,17.566,0.610,0.898,585.600,842.900,1.439,10.089,15.779,0.666,0.982,20.255,21.366,0.748,0.752,10.097,15.774,0.189,9.123,9.902,0.018,4155.000,68.357,42.909,9.123,52.810,ON,Clear and warm; Hybrid loop operating; Ceff=1.44x
946,15:52:30,32.480,60.290,58.330,42.990,41.620,31.090,0.898,16.558,17.570,0.609,0.897,585.400,842.100,1.438,10.091,15.769,0.666,0.981,20.261,21.371,0.748,0.752,10.084,15.760,0.189,9.114,9.902,0.018,4155.000,68.281,42.902,9.114,52.804,ON,Clear and warm; Hybrid loop operating; Ceff=1.44x
947,15:53:00,32.450,60.210,58.250,42.940,41.570,31.080,0.897,16.563,17.573,0.609,0.897,585.300,841.300,1.438,10.092,15.757,0.666,0.980,20.266,21.374,0.748,0.752,10.087,15.763,0.189,9.118,9.913,0.018,4155.000,68.205,42.895,9.118,52.808,ON,Clear and warm; Hybrid loop operating; Ceff=1.44x
948,15:53:30,32.430,60.150,58.190,42.900,41.530,31.070,0.895,16.566,17.575,0.609,0.895,584.800,840.100,1.437,10.086,15.736,0.665,0.978,20.271,21.377,0.748,0.753,10.089,15.730,0.189,9.128,9.907,0.018,4155.000,68.053,42.860,9.128,52.767,ON,Clear and warm; Hybrid loop operating; Ceff=1.44x
949,15:54:00,32.410,60.100,58.140,42.870,41.500,31.070,0.892,16.569,17.577,0.608,0.893,583.800,838.100,1.436,10.071,15.700,0.664,0.976,20.274,21.379,0.748,0.752,10.074,15.696,0.189,9.130,9.909,0.018,4155.000,67.825,42.818,9.130,52.727,ON,Clear and warm; Hybrid loop operating; Ceff=1.44x
950,15:54:30,32.380,60.070,58.100,42.850,41.470,31.060,0.889,16.571,17.579,0.606,0.890,582.200,835.200,1.435,10.045,15.648,0.662,0.973,20.276,21.380,0.748,0.752,10.042,15.645,0.189,9.126,9.911,0.018,4155.000,67.596,42.822,9.126,52.734,ON,Clear and warm; Hybrid loop operating; Ceff=1.43x
951,15:55:00,32.360,60.050,58.070,42.830,41.440,31.050,0.884,16.573,17.580,0.604,0.886,579.900,831.400,1.434,10.008,15.580,0.660,0.969,20.278,21.382,0.748,0.752,10.010,15.576,0.189,9.133,9.912,0.018,4155.000,67.216,42.776,9.133,52.689,ON,Clear and warm; Hybrid loop operating; Ceff=1.43x
952,15:55:30,32.340,60.030,58.040,42.810,41.420,31.050,0.878,16.574,17.581,0.601,0.881,577.200,827.000,1.433,9.962,15.497,0.657,0.963,20.279,21.383,0.748,0.753,9.961,15.489,0.189,9.131,9.910,0.018,4155.000,66.760,42.712,9.131,52.621,ON,Clear and warm; Hybrid loop operating; Ceff=1.43x
953,15:56:00,32.320,60.000,58.000,42.790,41.390,31.040,0.872,16.576,17.583,0.598,0.876,574.200,822.100,1.432,9.911,15.407,0.653,0.958,20.281,21.385,0.748,0.752,9.912,15.403,0.189,9.134,9.913,0.018,4155.000,66.304,42.673,9.134,52.586,ON,Clear and warm; Hybrid loop operating; Ceff=1.43x
954,15:56:30,32.290,59.970,57.960,42.770,41.360,31.030,0.866,16.579,17.584,0.595,0.871,571.100,817.100,1.431,9.860,15.316,0.650,0.952,20.284,21.387,0.748,0.752,9.865,15.316,0.189,9.139,9.917,0.018,4155.000,65.848,42.639,9.139,52.556,ON,Clear and warm; Hybrid loop operating; Ceff=1.43x
955,15:57:00,32.270,59.920,57.900,42.730,41.320,31.020,0.860,16.582,17.587,0.592,0.866,568.200,812.500,1.430,9.812,15.232,0.647,0.947,20.287,21.389,0.748,0.752,9.817,15.230,0.189,9.141,9.918,0.018,4155.000,65.391,42.583,9.141,52.501,ON,Clear and warm; Hybrid loop operating; Ceff=1.43x
956,15:57:30,32.250,59.860,57.840,42.690,41.270,31.020,0.855,16.585,17.589,0.589,0.862,565.800,808.500,1.429,9.773,15.159,0.644,0.942,20.291,21.392,0.748,0.752,9.769,15.162,0.189,9.135,9.922,0.018,4155.000,65.011,42.545,9.135,52.467,ON,Clear and warm; Hybrid loop operating; Ceff=1.43x
957,15:58:00,32.230,59.780,57.760,42.640,41.220,31.010,0.851,16.590,17.592,0.587,0.858,563.900,805.300,1.428,9.744,15.102,0.642,0.938,20.297,21.395,0.748,0.753,9.738,15.094,0.189,9.137,9.917,0.018,4155.000,64.707,42.514,9.137,52.431,ON,Clear and warm; Hybrid loop operating; Ceff=1.43x
958,15:58:30,32.210,59.680,57.670,42.580,41.170,31.000,0.848,16.596,17.596,0.586,0.856,562.700,802.900,1.427,9.727,15.062,0.641,0.935,20.303,21.399,0.747,0.753,9.725,15.062,0.189,9.145,9.926,0.018,4155.000,64.479,42.491,9.145,52.417,ON,Clear and warm; Hybrid loop operating; Ceff=1.43x
959,15:59:00,32.190,59.580,57.560,42.510,41.100,30.990,0.846,16.602,17.600,0.585,0.854,561.900,801.300,1.426,9.718,15.036,0.640,0.934,20.310,21.403,0.748,0.752,9.712,15.030,0.189,9.145,9.925,0.018,4155.000,64.327,42.475,9.145,52.400,ON,Clear and warm; Hybrid loop operating; Ceff=1.43x
960,15:59:30,32.170,59.460,57.460,42.440,41.040,30.980,0.844,16.609,17.604,0.585,0.853,561.500,800.200,1.425,9.716,15.019,0.639,0.932,20.317,21.408,0.748,0.753,9.716,15.016,0.189,9.156,9.929,0.018,4155.000,64.175,42.433,9.156,52.362,ON,Clear and warm; Hybrid loop operating; Ceff=1.43x
961,16:00:00,32.150,59.340,57.340,42.370,40.970,30.970,0.843,16.616,17.608,0.585,0.852,561.200,799.200,1.424,9.716,15.006,0.639,0.931,20.325,21.412,0.748,0.753,9.720,15.002,0.189,9.164,9.932,0.018,4155.000,64.099,42.436,9.164,52.368,ON,Clear and warm; Hybrid loop operating; Ceff=1.42x
