No.,Time,T.amb (°C),T.D.REF – normal PV (°C),T.U.REF – normal PV (°C),T.D.CPV-HNEPCM-HNF (°C),T.U.CPV-HNEPCM-HNF (°C),T.F.IN Hybrid NF (°C),T.F.DELTA Hybrid NF (°C),V.REF – normal PV (V),V.CPV-Hybrid (V),I.REF – normal PV (A),I.CPV-Hybrid (A),Direct POA irradiance – reference (W/m²),Effective irradiance – CPV hybrid (W/m²),Ceff – mirrors,P(max) REF (W),P(max) CPV Hybrid (W),Isc REF (A),Isc CPV Hybrid (A),Voc REF (V),Voc CPV Hybrid (V),FF REF,FF CPV Hybrid,P.REF normal PV (W),P.CPV-HNEPCM-HNF (W),AREA (m²),?ele.REF (%),?ele.CPV-Hybrid (%),m Hybrid NF (kg/s),Cp Hybrid NF (J/kg·K),Q.CPV-Hybrid (W),?th.CPV-Hybrid (%),?total.REF (%),?total.CPV-Hybrid (%),Pump state,Simulation note
1,08:00:00,28.870,30.810,28.800,31.170,29.760,30.120,0.000,18.314,18.275,0.454,0.627,426.100,582.800,1.368,8.321,11.453,0.497,0.685,22.187,22.143,0.755,0.755,8.315,11.458,0.189,10.324,10.403,0.018,4155.000,0.000,0.000,10.324,10.403,OFF,Hazy with passing clouds; Below controller ON threshold; Ceff=1.37x
2,08:00:30,28.890,32.100,30.080,33.030,31.610,30.130,0.000,18.238,18.164,0.454,0.627,426.400,583.600,1.369,8.284,11.384,0.496,0.685,22.103,22.022,0.756,0.755,8.280,11.389,0.189,10.274,10.325,0.018,4155.000,0.000,0.000,10.274,10.325,OFF,Hazy with passing clouds; Below controller ON threshold; Ceff=1.37x
3,08:01:00,28.910,33.300,31.270,34.660,33.240,30.130,0.000,18.166,18.067,0.454,0.627,426.800,584.500,1.370,8.252,11.327,0.496,0.685,22.025,21.916,0.755,0.755,8.247,11.328,0.189,10.224,10.254,0.018,4155.000,0.000,0.000,10.224,10.254,OFF,Hazy with passing clouds; Below controller ON threshold; Ceff=1.37x
4,08:01:30,28.930,34.400,32.380,36.090,34.680,30.140,0.000,18.100,17.982,0.455,0.628,427.400,585.800,1.370,8.228,11.286,0.497,0.686,21.952,21.822,0.754,0.754,8.236,11.293,0.189,10.195,10.200,0.018,4155.000,0.000,0.000,10.195,10.200,OFF,Hazy with passing clouds; Below controller ON threshold; Ceff=1.37x
5,08:02:00,28.950,35.430,33.410,37.350,35.940,30.150,0.000,18.039,17.907,0.455,0.629,428.600,587.800,1.371,8.216,11.267,0.498,0.688,21.885,21.740,0.754,0.753,8.208,11.264,0.189,10.132,10.139,0.018,4155.000,0.000,0.000,10.132,10.139,OFF,Hazy with passing clouds; Below controller ON threshold; Ceff=1.37x
6,08:02:30,28.970,36.380,34.370,38.460,37.050,30.160,0.000,17.983,17.841,0.457,0.632,430.400,590.600,1.372,8.218,11.270,0.499,0.690,21.823,21.668,0.755,0.754,8.218,11.276,0.189,10.103,10.101,0.018,4155.000,0.000,0.000,10.103,10.101,OFF,Hazy with passing clouds; Below controller ON threshold; Ceff=1.37x
7,08:03:00,28.990,37.260,35.260,39.440,38.040,30.160,0.000,17.930,17.782,0.459,0.635,432.700,594.200,1.373,8.233,11.293,0.502,0.694,21.765,21.604,0.754,0.753,8.230,11.292,0.189,10.063,10.054,0.018,4155.000,0.000,0.000,10.063,10.054,OFF,Hazy with passing clouds; Below controller ON threshold; Ceff=1.37x
8,08:03:30,29.000,38.090,36.100,40.300,38.910,30.170,0.000,17.880,17.731,0.462,0.639,435.500,598.500,1.374,8.259,11.333,0.505,0.699,21.711,21.547,0.753,0.752,8.261,11.330,0.189,10.036,10.016,0.018,4155.000,0.000,0.000,10.036,10.016,OFF,Hazy with passing clouds; Below controller ON threshold; Ceff=1.37x
9,08:04:00,29.020,38.860,36.880,41.070,39.680,30.180,0.000,17.834,17.685,0.465,0.644,438.600,603.100,1.375,8.290,11.384,0.508,0.703,21.660,21.497,0.753,0.753,8.293,11.389,0.189,10.004,9.992,0.018,4155.000,0.000,0.000,10.004,9.992,OFF,Hazy with passing clouds; Below controller ON threshold; Ceff=1.38x
10,08:04:30,29.040,39.590,37.620,41.750,40.380,30.190,0.000,17.790,17.644,0.468,0.648,441.600,607.700,1.376,8.322,11.437,0.511,0.708,21.612,21.452,0.754,0.753,8.326,11.433,0.189,9.975,9.955,0.018,4155.000,0.000,0.000,9.975,9.955,OFF,Hazy with passing clouds; Below controller ON threshold; Ceff=1.38x
11,08:05:00,29.060,40.290,38.330,42.370,41.000,30.190,0.000,17.748,17.607,0.470,0.652,444.400,611.900,1.377,8.350,11.487,0.514,0.713,21.566,21.411,0.753,0.752,8.342,11.480,0.189,9.931,9.926,0.018,4155.000,0.000,0.000,9.931,9.926,OFF,Hazy with passing clouds; Below controller ON threshold; Ceff=1.38x
12,08:05:30,29.070,40.950,39.000,42.930,41.560,30.200,0.000,17.709,17.574,0.473,0.656,446.700,615.400,1.378,8.369,11.527,0.517,0.717,21.523,21.375,0.752,0.752,8.376,11.529,0.189,9.922,9.912,0.018,4155.000,0.000,0.000,9.922,9.912,OFF,Hazy with passing clouds; Below controller ON threshold; Ceff=1.38x
13,08:06:00,29.090,41.600,39.650,43.430,42.070,30.210,0.000,17.670,17.544,0.474,0.659,448.300,618.200,1.379,8.378,11.553,0.518,0.720,21.481,21.342,0.753,0.752,8.376,11.561,0.189,9.885,9.895,0.018,4155.000,0.000,0.000,9.885,9.895,OFF,Hazy with passing clouds; Below controller ON threshold; Ceff=1.38x
14,08:06:30,29.100,42.220,40.270,43.890,42.530,30.220,0.000,17.633,17.516,0.475,0.660,449.400,620.000,1.380,8.376,11.566,0.519,0.722,21.440,21.312,0.753,0.752,8.376,11.561,0.189,9.861,9.866,0.018,4155.000,0.000,0.000,9.861,9.866,OFF,Hazy with passing clouds; Below controller ON threshold; Ceff=1.38x
15,08:07:00,29.120,42.820,40.870,44.310,42.940,30.230,0.000,17.597,17.491,0.475,0.661,449.900,621.100,1.381,8.365,11.567,0.520,0.723,21.401,21.285,0.752,0.752,8.359,11.562,0.189,9.830,9.849,0.018,4155.000,0.000,0.000,9.830,9.849,OFF,Hazy with passing clouds; Below controller ON threshold; Ceff=1.38x
16,08:07:30,29.130,43.400,41.450,43.500,42.130,30.240,0.627,17.563,17.540,0.475,0.662,450.100,621.800,1.382,8.348,11.618,0.519,0.724,21.363,21.337,0.753,0.752,8.342,11.611,0.189,9.807,9.880,0.018,4155.000,47.675,40.567,9.807,50.448,ON,Hazy with passing clouds; Hybrid loop operating; Ceff=1.38x
17,08:08:00,29.140,43.970,42.000,42.800,41.430,30.250,0.627,17.530,17.581,0.475,0.663,450.200,622.300,1.382,8.330,11.662,0.519,0.725,21.327,21.383,0.753,0.752,8.327,11.656,0.189,9.786,9.910,0.018,4155.000,47.675,40.535,9.786,50.445,ON,Hazy with passing clouds; Hybrid loop operating; Ceff=1.38x
18,08:08:30,29.160,44.510,42.530,42.200,40.820,30.260,0.628,17.498,17.617,0.475,0.664,450.400,623.100,1.383,8.316,11.706,0.519,0.726,21.292,21.423,0.753,0.753,8.312,11.698,0.189,9.764,9.933,0.018,4155.000,47.751,40.547,9.764,50.480,ON,Hazy with passing clouds; Hybrid loop operating; Ceff=1.38x
19,08:09:00,29.170,45.020,43.030,41.680,40.280,30.270,0.630,17.467,17.649,0.476,0.666,451.100,624.400,1.384,8.310,11.757,0.520,0.728,21.258,21.457,0.752,0.753,8.314,11.754,0.189,9.752,9.960,0.018,4155.000,47.903,40.592,9.752,50.552,ON,Hazy with passing clouds; Hybrid loop operating; Ceff=1.38x
20,08:09:30,29.180,45.510,43.510,41.220,39.820,30.280,0.632,17.439,17.676,0.477,0.669,452.300,626.500,1.385,8.316,11.819,0.521,0.731,21.227,21.487,0.752,0.752,8.318,11.825,0.189,9.731,9.987,0.018,4155.000,48.055,40.584,9.731,50.571,ON,Hazy with passing clouds; Hybrid loop operating; Ceff=1.39x
21,08:10:00,29.200,45.970,43.960,40.830,39.420,30.290,0.636,17.412,17.700,0.479,0.672,454.100,629.500,1.386,8.333,11.894,0.523,0.734,21.197,21.513,0.752,0.753,8.340,11.894,0.189,9.718,9.997,0.018,4155.000,48.359,40.646,9.718,50.644,ON,Hazy with passing clouds; Hybrid loop operating; Ceff=1.39x
22,08:10:30,29.210,46.400,44.380,40.480,39.070,30.300,0.640,17.386,17.721,0.481,0.676,456.500,633.200,1.387,8.362,11.982,0.526,0.739,21.169,21.536,0.751,0.753,8.363,11.979,0.189,9.693,10.010,0.018,4155.000,48.663,40.663,9.693,50.673,ON,Hazy with passing clouds; Hybrid loop operating; Ceff=1.39x
23,08:11:00,29.220,46.800,44.770,40.180,38.760,30.310,0.645,17.363,17.739,0.484,0.681,459.300,637.500,1.388,8.399,12.078,0.529,0.744,21.144,21.556,0.751,0.753,8.404,12.080,0.189,9.681,10.026,0.018,4155.000,49.044,40.704,9.681,50.730,ON,Hazy with passing clouds; Hybrid loop operating; Ceff=1.39x
24,08:11:30,29.230,47.160,45.140,39.910,38.490,30.330,0.651,17.341,17.755,0.487,0.686,462.200,642.000,1.389,8.440,12.177,0.532,0.750,21.120,21.574,0.751,0.753,8.445,12.180,0.189,9.667,10.038,0.018,4155.000,49.500,40.795,9.667,50.833,ON,Hazy with passing clouds; Hybrid loop operating; Ceff=1.39x
25,08:12:00,29.240,47.490,45.470,39.670,38.250,30.340,0.656,17.322,17.769,0.490,0.691,465.100,646.300,1.390,8.479,12.272,0.535,0.755,21.098,21.589,0.751,0.753,8.488,12.278,0.189,9.656,10.052,0.018,4155.000,49.880,40.835,9.656,50.887,ON,Hazy with passing clouds; Hybrid loop operating; Ceff=1.39x
26,08:12:30,29.260,47.790,45.770,39.450,38.030,30.350,0.660,17.304,17.782,0.492,0.695,467.500,650.200,1.391,8.514,12.356,0.538,0.759,21.079,21.603,0.751,0.754,8.514,12.358,0.189,9.635,10.057,0.018,4155.000,50.184,40.837,9.635,50.894,ON,Hazy with passing clouds; Hybrid loop operating; Ceff=1.39x
27,08:13:00,29.270,48.060,46.050,39.250,37.840,30.360,0.664,17.287,17.794,0.494,0.698,469.500,653.300,1.392,8.539,12.426,0.540,0.763,21.061,21.616,0.751,0.753,8.540,12.420,0.189,9.624,10.059,0.018,4155.000,50.488,40.890,9.624,50.949,ON,Hazy with passing clouds; Hybrid loop operating; Ceff=1.39x
28,08:13:30,29.280,48.310,46.300,39.070,37.670,30.370,0.667,17.272,17.804,0.495,0.701,470.800,655.600,1.393,8.555,12.479,0.541,0.766,21.045,21.627,0.751,0.753,8.550,12.481,0.189,9.608,10.072,0.018,4155.000,50.716,40.931,9.608,51.003,ON,Hazy with passing clouds; Hybrid loop operating; Ceff=1.39x
29,08:14:00,29.290,48.530,46.540,38.920,37.520,30.390,0.669,17.259,17.813,0.496,0.703,471.600,657.100,1.393,8.560,12.515,0.542,0.768,21.030,21.637,0.751,0.753,8.560,12.523,0.189,9.604,10.083,0.018,4155.000,50.868,40.960,9.604,51.043,ON,Hazy with passing clouds; Hybrid loop operating; Ceff=1.39x
30,08:14:30,29.300,48.740,46.760,38.770,37.390,30.400,0.670,17.246,17.821,0.496,0.704,471.900,658.000,1.394,8.557,12.538,0.542,0.769,21.016,21.646,0.751,0.753,8.554,12.546,0.189,9.591,10.088,0.018,4155.000,50.944,40.965,9.591,51.053,ON,Hazy with passing clouds; Hybrid loop operating; Ceff=1.39x
31,08:15:00,29.310,48.940,46.970,38.650,37.270,30.410,0.670,17.234,17.828,0.496,0.704,472.000,658.500,1.395,8.551,12.554,0.542,0.770,21.002,21.654,0.751,0.753,8.548,12.551,0.189,9.582,10.085,0.018,4155.000,50.944,40.934,9.582,51.018,ON,Hazy with passing clouds; Hybrid loop operating; Ceff=1.4x
32,08:15:30,29.330,49.140,47.170,38.550,37.180,30.430,0.671,17.222,17.834,0.496,0.705,472.000,659.100,1.396,8.545,12.570,0.542,0.770,20.989,21.661,0.751,0.754,8.542,12.573,0.189,9.575,10.093,0.018,4155.000,51.020,40.957,9.575,51.050,ON,Hazy with passing clouds; Hybrid loop operating; Ceff=1.4x
33,08:16:00,29.340,49.340,47.380,38.470,37.100,30.440,0.672,17.210,17.839,0.497,0.706,472.400,660.000,1.397,8.545,12.592,0.543,0.771,20.976,21.666,0.750,0.754,8.553,12.594,0.189,9.580,10.096,0.018,4155.000,51.097,40.962,9.580,51.059,ON,Hazy with passing clouds; Hybrid loop operating; Ceff=1.4x
34,08:16:30,29.350,49.540,47.580,38.410,37.040,30.450,0.674,17.198,17.843,0.497,0.708,473.300,661.700,1.398,8.553,12.627,0.544,0.773,20.963,21.670,0.750,0.754,8.547,12.633,0.189,9.555,10.101,0.018,4155.000,51.249,40.979,9.555,51.080,ON,Hazy with passing clouds; Hybrid loop operating; Ceff=1.4x
35,08:17:00,29.360,49.760,47.790,38.370,37.000,30.470,0.677,17.185,17.845,0.499,0.710,474.700,664.100,1.399,8.571,12.676,0.545,0.776,20.949,21.672,0.751,0.754,8.575,12.670,0.189,9.558,10.094,0.018,4155.000,51.477,41.012,9.558,51.107,ON,Hazy with passing clouds; Hybrid loop operating; Ceff=1.4x
36,08:17:30,29.380,49.980,48.010,38.350,36.970,30.480,0.681,17.172,17.846,0.501,0.714,476.800,667.500,1.400,8.601,12.741,0.547,0.780,20.935,21.674,0.751,0.754,8.603,12.742,0.189,9.547,10.100,0.018,4155.000,51.781,41.045,9.547,51.145,ON,Hazy with passing clouds; Hybrid loop operating; Ceff=1.4x
37,08:18:00,29.390,50.210,48.230,38.350,36.970,30.490,0.686,17.159,17.846,0.504,0.718,479.400,671.600,1.401,8.640,12.819,0.550,0.785,20.920,21.674,0.751,0.753,8.648,12.813,0.189,9.545,10.095,0.018,4155.000,52.161,41.094,9.545,51.188,ON,Hazy with passing clouds; Hybrid loop operating; Ceff=1.4x
38,08:18:30,29.400,50.440,48.450,38.370,36.980,30.510,0.691,17.145,17.846,0.506,0.723,482.400,676.100,1.402,8.684,12.905,0.554,0.790,20.905,21.673,0.750,0.754,8.675,12.903,0.189,9.515,10.097,0.018,4155.000,52.541,41.118,9.515,51.215,ON,Hazy with passing clouds; Hybrid loop operating; Ceff=1.4x
39,08:19:00,29.420,50.670,48.670,38.400,36.990,30.520,0.697,17.132,17.844,0.510,0.728,485.300,680.700,1.403,8.729,12.993,0.557,0.796,20.890,21.672,0.750,0.753,8.737,12.990,0.189,9.526,10.097,0.018,4155.000,52.997,41.194,9.526,51.292,ON,Hazy with passing clouds; Hybrid loop operating; Ceff=1.4x
40,08:19:30,29.430,50.900,48.890,38.430,37.020,30.540,0.702,17.118,17.843,0.512,0.733,488.200,685.100,1.404,8.771,13.075,0.560,0.801,20.876,21.670,0.750,0.753,8.764,13.079,0.189,9.499,10.101,0.018,4155.000,53.378,41.223,9.499,51.324,ON,Hazy with passing clouds; Hybrid loop operating; Ceff=1.4x
41,08:20:00,29.440,51.120,49.090,38.470,37.050,30.550,0.707,17.106,17.841,0.515,0.737,490.500,688.900,1.404,8.806,13.145,0.563,0.805,20.862,21.668,0.750,0.754,8.810,13.149,0.189,9.503,10.099,0.018,4155.000,53.758,41.288,9.503,51.387,ON,Hazy with passing clouds; Hybrid loop operating; Ceff=1.4x
42,08:20:30,29.460,51.320,49.290,38.500,37.070,30.560,0.710,17.094,17.839,0.517,0.740,492.400,691.900,1.405,8.831,13.201,0.565,0.809,20.849,21.666,0.750,0.753,8.838,13.201,0.189,9.496,10.095,0.018,4155.000,53.986,41.283,9.496,51.378,ON,Hazy with passing clouds; Hybrid loop operating; Ceff=1.41x
43,08:21:00,29.470,51.510,49.460,38.530,37.100,30.580,0.713,17.083,17.837,0.518,0.742,493.600,694.100,1.406,8.846,13.241,0.566,0.811,20.837,21.664,0.750,0.754,8.849,13.235,0.189,9.485,10.089,0.018,4155.000,54.214,41.326,9.485,51.415,ON,Hazy with passing clouds; Hybrid loop operating; Ceff=1.41x
44,08:21:30,29.490,51.660,49.620,38.550,37.120,30.590,0.715,17.074,17.836,0.518,0.744,494.300,695.500,1.407,8.852,13.267,0.567,0.813,20.827,21.662,0.750,0.753,8.844,13.270,0.189,9.467,10.095,0.018,4155.000,54.366,41.359,9.467,51.454,ON,Hazy with passing clouds; Hybrid loop operating; Ceff=1.41x
45,08:22:00,29.500,51.800,49.750,38.560,37.130,30.610,0.716,17.066,17.835,0.519,0.745,494.600,696.400,1.408,8.853,13.283,0.567,0.814,20.818,21.662,0.750,0.753,8.857,13.287,0.189,9.475,10.095,0.018,4155.000,54.442,41.363,9.475,51.458,ON,Hazy with passing clouds; Hybrid loop operating; Ceff=1.41x
46,08:22:30,29.520,51.910,49.870,38.570,37.140,30.620,0.717,17.059,17.835,0.519,0.746,494.800,697.100,1.409,8.852,13.296,0.567,0.815,20.811,21.661,0.750,0.753,8.854,13.305,0.189,9.467,10.098,0.018,4155.000,54.518,41.379,9.467,51.478,ON,Hazy with passing clouds; Hybrid loop operating; Ceff=1.41x
47,08:23:00,29.540,51.990,49.960,38.560,37.140,30.640,0.718,17.054,17.835,0.519,0.746,495.100,698.000,1.410,8.854,13.313,0.567,0.816,20.805,21.662,0.751,0.753,8.851,13.305,0.189,9.459,10.085,0.018,4155.000,54.594,41.384,9.459,51.469,ON,Hazy with passing clouds; Hybrid loop operating; Ceff=1.41x
48,08:23:30,29.550,52.070,50.040,38.550,37.140,30.650,0.719,17.049,17.836,0.520,0.748,495.800,699.400,1.411,8.863,13.341,0.568,0.817,20.800,21.662,0.750,0.754,8.865,13.341,0.189,9.461,10.093,0.018,4155.000,54.670,41.358,9.461,51.451,ON,Hazy with passing clouds; Hybrid loop operating; Ceff=1.41x
49,08:24:00,29.570,52.130,50.120,38.540,37.130,30.660,0.722,17.045,17.836,0.521,0.750,497.000,701.600,1.412,8.883,13.383,0.570,0.820,20.795,21.662,0.749,0.753,8.880,13.377,0.189,9.454,10.088,0.018,4155.000,54.898,41.401,9.454,51.489,ON,Hazy with passing clouds; Hybrid loop operating; Ceff=1.41x
50,08:24:30,29.590,52.190,50.190,38.530,37.130,30.680,0.726,17.041,17.836,0.523,0.754,498.900,704.700,1.413,8.914,13.442,0.572,0.824,20.791,21.663,0.750,0.753,8.912,13.448,0.189,9.452,10.097,0.018,4155.000,55.202,41.447,9.452,51.544,ON,Hazy with passing clouds; Hybrid loop operating; Ceff=1.41x
51,08:25:00,29.610,52.250,50.260,38.530,37.140,30.690,0.731,17.037,17.836,0.526,0.758,501.300,708.600,1.414,8.955,13.517,0.574,0.828,20.787,21.663,0.751,0.754,8.961,13.520,0.189,9.458,10.095,0.018,4155.000,55.583,41.503,9.458,51.598,ON,Hazy with passing clouds; Hybrid loop operating; Ceff=1.41x
52,08:25:30,29.630,52.320,50.340,38.540,37.150,30.710,0.736,17.033,17.836,0.529,0.763,504.200,713.200,1.414,9.004,13.604,0.578,0.834,20.782,21.662,0.750,0.753,9.010,13.609,0.189,9.455,10.096,0.018,4155.000,55.963,41.517,9.455,51.613,ON,Hazy with passing clouds; Hybrid loop operating; Ceff=1.41x
53,08:26:00,29.640,52.410,50.430,38.560,37.170,30.720,0.742,17.028,17.834,0.532,0.768,507.400,718.100,1.415,9.057,13.696,0.581,0.839,20.776,21.661,0.750,0.754,9.059,13.697,0.189,9.446,10.092,0.018,4155.000,56.419,41.570,9.446,51.662,ON,Hazy with passing clouds; Hybrid loop operating; Ceff=1.42x
54,08:26:30,29.660,52.510,50.530,38.590,37.200,30.730,0.748,17.021,17.832,0.535,0.773,510.500,723.000,1.416,9.108,13.787,0.585,0.845,20.769,21.658,0.750,0.753,9.106,13.784,0.189,9.438,10.087,0.018,4155.000,56.875,41.622,9.438,51.709,ON,Hazy with passing clouds; Hybrid loop operating; Ceff=1.42x
55,08:27:00,29.690,52.630,50.650,38.630,37.250,30.750,0.753,17.014,17.830,0.538,0.778,513.300,727.400,1.417,9.153,13.869,0.588,0.850,20.762,21.656,0.750,0.753,9.154,13.872,0.189,9.435,10.090,0.018,4155.000,57.255,41.647,9.435,51.737,ON,Hazy with passing clouds; Hybrid loop operating; Ceff=1.42x
56,08:27:30,29.710,52.760,50.780,38.690,37.300,30.760,0.758,17.007,17.827,0.540,0.782,515.600,731.200,1.418,9.190,13.938,0.591,0.855,20.753,21.652,0.749,0.753,9.184,13.941,0.189,9.424,10.088,0.018,4155.000,57.636,41.706,9.424,51.793,ON,Hazy with passing clouds; Hybrid loop operating; Ceff=1.42x
57,08:28:00,29.730,52.910,50.910,38.750,37.360,30.770,0.762,16.998,17.823,0.542,0.785,517.400,734.100,1.419,9.215,13.990,0.592,0.858,20.744,21.648,0.750,0.753,9.213,13.991,0.189,9.421,10.084,0.018,4155.000,57.940,41.760,9.421,51.844,ON,Hazy with passing clouds; Hybrid loop operating; Ceff=1.42x
58,08:28:30,29.750,53.060,51.060,38.820,37.420,30.790,0.764,16.990,17.819,0.543,0.787,518.500,736.200,1.420,9.229,14.026,0.594,0.860,20.734,21.644,0.749,0.754,9.226,14.024,0.189,9.414,10.079,0.018,4155.000,58.092,41.750,9.414,51.829,ON,Hazy with passing clouds; Hybrid loop operating; Ceff=1.42x
59,08:29:00,29.770,53.210,51.200,38.900,37.490,30.800,0.766,16.981,17.815,0.544,0.789,519.100,737.600,1.421,9.234,14.048,0.594,0.862,20.725,21.639,0.750,0.753,9.238,14.056,0.189,9.416,10.083,0.018,4155.000,58.244,41.780,9.416,51.863,ON,Hazy with passing clouds; Hybrid loop operating; Ceff=1.42x
60,08:29:30,29.800,53.360,51.340,38.970,37.550,30.810,0.767,16.972,17.811,0.544,0.790,519.500,738.500,1.422,9.235,14.062,0.595,0.863,20.715,21.635,0.749,0.753,9.233,14.071,0.189,9.403,10.081,0.018,4155.000,58.320,41.784,9.403,51.865,ON,Hazy with passing clouds; Hybrid loop operating; Ceff=1.42x
61,08:30:00,29.820,53.510,51.470,39.040,37.610,30.830,0.768,16.964,17.807,0.544,0.790,519.800,739.400,1.423,9.235,14.076,0.595,0.864,20.706,21.630,0.750,0.753,9.228,14.068,0.189,9.394,10.066,0.018,4155.000,58.396,41.787,9.394,51.854,ON,Hazy with passing clouds; Hybrid loop operating; Ceff=1.42x
62,08:30:30,29.850,53.640,51.590,39.100,37.670,30.840,0.770,16.956,17.803,0.545,0.792,520.300,740.600,1.423,9.239,14.096,0.595,0.865,20.698,21.627,0.750,0.754,9.241,14.100,0.189,9.397,10.073,0.018,4155.000,58.548,41.828,9.397,51.901,ON,Hazy with passing clouds; Hybrid loop operating; Ceff=1.42x
63,08:31:00,29.870,53.750,51.700,39.160,37.720,30.850,0.772,16.950,17.800,0.546,0.794,521.300,742.500,1.424,9.252,14.128,0.597,0.867,20.691,21.623,0.749,0.754,9.255,14.133,0.189,9.393,10.071,0.018,4155.000,58.700,41.829,9.393,51.901,ON,Hazy with passing clouds; Hybrid loop operating; Ceff=1.42x
64,08:31:30,29.900,53.850,51.800,39.200,37.770,30.860,0.775,16.944,17.797,0.547,0.797,522.800,745.200,1.425,9.275,14.176,0.598,0.871,20.684,21.620,0.750,0.753,9.268,14.184,0.189,9.380,10.071,0.018,4155.000,58.928,41.840,9.380,51.911,ON,Hazy with passing clouds; Hybrid loop operating; Ceff=1.43x
65,08:32:00,29.920,53.930,51.880,39.240,37.810,30.870,0.780,16.939,17.795,0.550,0.800,525.000,748.700,1.426,9.310,14.242,0.601,0.875,20.679,21.618,0.749,0.753,9.316,14.236,0.189,9.389,10.060,0.018,4155.000,59.308,41.913,9.389,51.973,ON,Hazy with passing clouds; Hybrid loop operating; Ceff=1.43x
66,08:32:30,29.950,54.000,51.950,39.270,37.840,30.890,0.785,16.935,17.793,0.552,0.805,527.700,753.100,1.427,9.356,14.322,0.604,0.880,20.675,21.615,0.749,0.753,9.348,14.323,0.189,9.373,10.063,0.018,4155.000,59.689,41.935,9.373,51.998,ON,Hazy with passing clouds; Hybrid loop operating; Ceff=1.43x
67,08:33:00,29.970,54.050,52.010,39.300,37.870,30.900,0.791,16.932,17.792,0.556,0.810,530.800,757.900,1.428,9.408,14.413,0.607,0.885,20.671,21.614,0.750,0.753,9.414,14.412,0.189,9.384,10.061,0.018,4155.000,60.145,41.988,9.384,52.049,ON,Hazy with passing clouds; Hybrid loop operating; Ceff=1.43x
68,08:33:30,30.000,54.090,52.060,39.320,37.900,30.910,0.797,16.929,17.790,0.559,0.815,533.900,762.900,1.429,9.462,14.507,0.611,0.891,20.668,21.612,0.749,0.753,9.463,14.499,0.189,9.378,10.056,0.018,4155.000,60.601,42.029,9.378,52.085,ON,Hazy with passing clouds; Hybrid loop operating; Ceff=1.43x
69,08:34:00,30.030,54.130,52.110,39.340,37.920,30.920,0.803,16.926,17.789,0.562,0.821,537.000,767.700,1.430,9.514,14.597,0.614,0.897,20.665,21.611,0.750,0.753,9.512,14.605,0.189,9.372,10.066,0.018,4155.000,61.057,42.081,9.372,52.146,ON,Hazy with passing clouds; Hybrid loop operating; Ceff=1.43x
70,08:34:30,30.060,54.160,52.160,39.350,37.950,30.930,0.809,16.924,17.787,0.565,0.825,539.600,772.000,1.431,9.559,14.676,0.617,0.902,20.663,21.609,0.750,0.753,9.562,14.674,0.189,9.376,10.057,0.018,4155.000,61.514,42.159,9.376,52.216,ON,Hazy with passing clouds; Hybrid loop operating; Ceff=1.43x
71,08:35:00,30.090,54.200,52.210,39.370,37.980,30.940,0.813,16.921,17.786,0.567,0.829,541.700,775.400,1.432,9.594,14.740,0.620,0.906,20.660,21.608,0.749,0.753,9.594,14.745,0.189,9.371,10.061,0.018,4155.000,61.818,42.182,9.371,52.243,ON,Hazy with passing clouds; Hybrid loop operating; Ceff=1.43x
72,08:35:30,30.110,54.240,52.260,39.400,38.010,30.950,0.816,16.918,17.784,0.568,0.831,543.100,778.000,1.432,9.617,14.787,0.621,0.909,20.657,21.606,0.750,0.753,9.609,14.779,0.189,9.362,10.051,0.018,4155.000,62.046,42.196,9.362,52.246,ON,Hazy with passing clouds; Hybrid loop operating; Ceff=1.43x
73,08:36:00,30.140,54.300,52.320,39.430,38.050,30.960,0.818,16.915,17.782,0.569,0.833,544.000,779.700,1.433,9.630,14.818,0.622,0.911,20.653,21.604,0.750,0.753,9.625,14.812,0.189,9.361,10.052,0.018,4155.000,62.198,42.207,9.361,52.259,ON,Hazy with passing clouds; Hybrid loop operating; Ceff=1.43x
74,08:36:30,30.170,54.370,52.390,39.470,38.090,30.970,0.820,16.911,17.780,0.570,0.834,544.400,780.800,1.434,9.635,14.837,0.623,0.912,20.648,21.601,0.749,0.753,9.639,14.829,0.189,9.368,10.048,0.018,4155.000,62.350,42.251,9.368,52.299,ON,Hazy with passing clouds; Hybrid loop operating; Ceff=1.43x
75,08:37:00,30.200,54.450,52.480,39.510,38.140,30.980,0.821,16.906,17.777,0.570,0.835,544.600,781.600,1.435,9.635,14.849,0.623,0.913,20.643,21.598,0.749,0.753,9.636,14.844,0.189,9.362,10.048,0.018,4155.000,62.426,42.259,9.362,52.307,ON,Hazy with passing clouds; Hybrid loop operating; Ceff=1.44x
76,08:37:30,30.230,54.540,52.570,39.570,38.190,30.990,0.822,16.900,17.774,0.570,0.836,544.900,782.500,1.436,9.636,14.862,0.623,0.914,20.637,21.594,0.749,0.753,9.633,14.859,0.189,9.354,10.047,0.018,4155.000,62.502,42.262,9.354,52.309,ON,Hazy with passing clouds; Hybrid loop operating; Ceff=1.44x
77,08:38:00,30.260,54.650,52.670,39.630,38.250,31.000,0.823,16.894,17.770,0.571,0.838,545.500,783.800,1.437,9.641,14.883,0.624,0.915,20.630,21.590,0.749,0.753,9.646,14.891,0.189,9.356,10.052,0.018,4155.000,62.578,42.243,9.356,52.295,ON,Hazy with passing clouds; Hybrid loop operating; Ceff=1.44x
78,08:38:30,30.290,54.770,52.780,39.700,38.310,31.000,0.826,16.887,17.766,0.572,0.840,546.500,785.800,1.438,9.655,14.917,0.625,0.918,20.622,21.586,0.749,0.753,9.659,14.923,0.189,9.352,10.048,0.018,4155.000,62.806,42.289,9.352,52.337,ON,Hazy with passing clouds; Hybrid loop operating; Ceff=1.44x
79,08:39:00,30.320,54.890,52.900,39.780,38.380,31.010,0.830,16.880,17.762,0.573,0.843,548.200,788.700,1.439,9.679,14.967,0.627,0.921,20.615,21.581,0.749,0.753,9.672,14.973,0.189,9.335,10.045,0.018,4155.000,63.110,42.338,9.335,52.383,ON,Hazy with passing clouds; Hybrid loop operating; Ceff=1.44x
80,08:39:30,30.350,55.020,53.020,39.860,38.450,31.020,0.834,16.873,17.757,0.576,0.847,550.400,792.400,1.440,9.713,15.032,0.629,0.925,20.606,21.576,0.749,0.753,9.719,15.040,0.189,9.343,10.043,0.018,4155.000,63.414,42.343,9.343,52.386,ON,Hazy with passing clouds; Hybrid loop operating; Ceff=1.44x
81,08:40:00,30.380,55.150,53.140,39.940,38.530,31.030,0.840,16.865,17.753,0.578,0.851,553.100,796.800,1.441,9.756,15.111,0.632,0.930,20.598,21.571,0.749,0.753,9.748,15.108,0.189,9.325,10.032,0.018,4155.000,63.871,42.412,9.325,52.444,ON,Hazy with passing clouds; Hybrid loop operating; Ceff=1.44x
82,08:40:30,30.410,55.280,53.250,40.020,38.600,31.040,0.846,16.858,17.748,0.581,0.856,556.100,801.500,1.441,9.803,15.196,0.636,0.936,20.591,21.566,0.749,0.753,9.794,15.192,0.189,9.319,10.029,0.018,4155.000,64.327,42.465,9.319,52.494,ON,Hazy with passing clouds; Hybrid loop operating; Ceff=1.44x
83,08:41:00,30.450,55.390,53.360,40.090,38.670,31.040,0.852,16.852,17.744,0.585,0.861,559.000,806.300,1.442,9.850,15.282,0.639,0.941,20.583,21.562,0.749,0.753,9.858,15.278,0.189,9.331,10.025,0.018,4155.000,64.783,42.511,9.331,52.536,ON,Hazy with passing clouds; Hybrid loop operating; Ceff=1.44x
84,08:41:30,30.480,55.490,53.460,40.150,38.730,31.050,0.857,16.846,17.740,0.587,0.866,561.700,810.700,1.443,9.894,15.362,0.642,0.946,20.577,21.558,0.749,0.753,9.889,15.363,0.189,9.315,10.027,0.018,4155.000,65.163,42.529,9.315,52.555,ON,Hazy with passing clouds; Hybrid loop operating; Ceff=1.44x
85,08:42:00,30.510,55.580,53.540,40.210,38.790,31.060,0.862,16.841,17.737,0.590,0.870,564.000,814.400,1.444,9.929,15.428,0.644,0.951,20.571,21.554,0.749,0.753,9.936,15.431,0.189,9.321,10.025,0.018,4155.000,65.543,42.582,9.321,52.608,ON,Hazy with passing clouds; Hybrid loop operating; Ceff=1.44x
86,08:42:30,30.540,55.640,53.610,40.250,38.830,31.060,0.866,16.837,17.734,0.591,0.873,565.600,817.200,1.445,9.955,15.479,0.646,0.954,20.567,21.551,0.749,0.753,9.951,15.482,0.189,9.309,10.024,0.018,4155.000,65.848,42.633,9.309,52.657,ON,Hazy with passing clouds; Hybrid loop operating; Ceff=1.44x
87,08:43:00,30.570,55.690,53.670,40.290,38.870,31.070,0.868,16.833,17.732,0.592,0.875,566.600,819.200,1.446,9.970,15.514,0.647,0.956,20.563,21.549,0.749,0.753,9.965,15.516,0.189,9.306,10.021,0.018,4155.000,66.000,42.628,9.306,52.649,ON,Hazy with passing clouds; Hybrid loop operating; Ceff=1.45x
88,08:43:30,30.600,55.730,53.710,40.310,38.900,31.070,0.870,16.831,17.730,0.593,0.876,567.000,820.300,1.447,9.976,15.534,0.648,0.957,20.561,21.547,0.749,0.753,9.981,15.531,0.189,9.314,10.018,0.018,4155.000,66.152,42.668,9.314,52.686,ON,Hazy with passing clouds; Hybrid loop operating; Ceff=1.45x
89,08:44:00,30.630,55.750,53.750,40.330,38.930,31.080,0.871,16.829,17.729,0.593,0.877,567.100,821.000,1.448,9.976,15.544,0.648,0.958,20.559,21.545,0.749,0.753,9.980,15.548,0.189,9.311,10.020,0.018,4155.000,66.228,42.681,9.311,52.701,ON,Hazy with passing clouds; Hybrid loop operating; Ceff=1.45x
90,08:44:30,30.660,55.770,53.780,40.340,38.950,31.090,0.871,16.828,17.728,0.593,0.877,567.100,821.400,1.448,9.975,15.552,0.648,0.959,20.557,21.544,0.749,0.753,9.979,15.547,0.189,9.310,10.015,0.018,4155.000,66.228,42.660,9.310,52.675,ON,Hazy with passing clouds; Hybrid loop operating; Ceff=1.45x
91,08:45:00,30.690,55.780,53.810,40.360,38.980,31.090,0.872,16.827,17.727,0.593,0.878,567.200,822.100,1.449,9.976,15.564,0.648,0.960,20.556,21.543,0.749,0.753,9.978,15.564,0.189,9.308,10.017,0.018,4155.000,66.304,42.673,9.308,52.690,ON,Hazy with passing clouds; Hybrid loop operating; Ceff=1.45x
92,08:45:30,30.720,55.800,53.840,40.370,39.000,31.100,0.874,16.825,17.726,0.593,0.879,567.700,823.300,1.450,9.984,15.586,0.649,0.961,20.554,21.542,0.748,0.753,9.977,15.581,0.189,9.299,10.013,0.018,4155.000,66.456,42.708,9.299,52.722,ON,Hazy with passing clouds; Hybrid loop operating; Ceff=1.45x
93,08:46:00,30.750,55.840,53.880,40.400,39.030,31.100,0.876,16.823,17.724,0.594,0.881,568.800,825.400,1.451,10.001,15.623,0.650,0.963,20.552,21.540,0.749,0.753,9.993,15.615,0.189,9.295,10.009,0.018,4155.000,66.608,42.697,9.295,52.707,ON,Hazy with passing clouds; Hybrid loop operating; Ceff=1.45x
94,08:46:30,30.780,55.880,53.930,40.430,39.070,31.100,0.880,16.820,17.722,0.596,0.885,570.500,828.300,1.452,10.028,15.675,0.652,0.967,20.548,21.538,0.749,0.753,10.025,15.684,0.189,9.297,10.019,0.018,4155.000,66.912,42.742,9.297,52.761,ON,Hazy with passing clouds; Hybrid loop operating; Ceff=1.45x
95,08:47:00,30.800,55.950,54.000,40.480,39.110,31.110,0.885,16.816,17.719,0.598,0.888,572.700,832.000,1.453,10.064,15.743,0.654,0.971,20.544,21.535,0.749,0.753,10.056,15.734,0.189,9.290,10.006,0.018,4155.000,67.292,42.794,9.290,52.800,ON,Hazy with passing clouds; Hybrid loop operating; Ceff=1.45x
96,08:47:30,30.830,56.040,54.080,40.530,39.170,31.110,0.890,16.811,17.716,0.601,0.893,575.300,836.300,1.454,10.106,15.821,0.657,0.976,20.539,21.531,0.749,0.753,10.103,15.820,0.189,9.292,10.009,0.018,4155.000,67.672,42.814,9.292,52.823,ON,Hazy with passing clouds; Hybrid loop operating; Ceff=1.45x
97,08:48:00,30.860,56.140,54.180,40.600,39.230,31.120,0.896,16.805,17.712,0.604,0.898,578.100,840.900,1.455,10.150,15.902,0.660,0.981,20.532,21.527,0.749,0.753,10.150,15.905,0.189,9.290,10.008,0.018,4155.000,68.129,42.867,9.290,52.875,ON,Hazy with passing clouds; Hybrid loop operating; Ceff=1.45x
98,08:48:30,30.890,56.260,54.290,40.680,39.300,31.120,0.902,16.798,17.708,0.607,0.902,580.700,845.300,1.455,10.192,15.981,0.663,0.986,20.524,21.522,0.749,0.753,10.196,15.973,0.189,9.290,9.998,0.018,4155.000,68.585,42.930,9.290,52.927,ON,Hazy with passing clouds; Hybrid loop operating; Ceff=1.46x
99,08:49:00,30.910,56.390,54.410,40.760,39.380,31.130,0.907,16.790,17.703,0.609,0.907,583.100,849.200,1.456,10.228,16.049,0.666,0.991,20.516,21.517,0.749,0.753,10.225,16.057,0.189,9.278,10.004,0.018,4155.000,68.965,42.969,9.278,52.973,ON,Hazy with passing clouds; Hybrid loop operating; Ceff=1.46x
100,08:49:30,30.940,56.530,54.540,40.850,39.460,31.130,0.911,16.783,17.698,0.611,0.910,584.900,852.300,1.457,10.254,16.104,0.668,0.994,20.508,21.511,0.749,0.753,10.254,16.105,0.189,9.276,9.998,0.018,4155.000,69.269,43.002,9.276,53.000,ON,Hazy with passing clouds; Hybrid loop operating; Ceff=1.46x
101,08:50:00,30.970,56.660,54.660,40.930,39.540,31.130,0.914,16.775,17.693,0.612,0.912,586.100,854.600,1.458,10.269,16.141,0.669,0.997,20.500,21.506,0.749,0.753,10.266,16.136,0.189,9.268,9.990,0.018,4155.000,69.497,43.027,9.268,53.017,ON,Hazy with passing clouds; Hybrid loop operating; Ceff=1.46x
102,08:50:30,30.990,56.780,54.770,41.010,39.610,31.140,0.915,16.768,17.689,0.613,0.914,586.700,856.000,1.459,10.274,16.162,0.670,0.999,20.492,21.501,0.748,0.752,10.279,16.168,0.189,9.270,9.993,0.018,4155.000,69.573,43.004,9.270,52.997,ON,Hazy with passing clouds; Hybrid loop operating; Ceff=1.46x
103,08:51:00,31.020,56.890,54.880,41.080,39.670,31.140,0.916,16.762,17.685,0.613,0.914,586.800,856.700,1.460,10.271,16.170,0.670,0.999,20.485,21.497,0.748,0.753,10.275,16.164,0.189,9.265,9.983,0.018,4155.000,69.649,43.016,9.265,52.999,ON,Hazy with passing clouds; Hybrid loop operating; Ceff=1.46x
104,08:51:30,31.040,56.980,54.960,41.140,39.730,31.140,0.917,16.756,17.681,0.613,0.915,586.700,857.000,1.461,10.265,16.172,0.669,1.000,20.479,21.493,0.749,0.752,10.271,16.178,0.189,9.263,9.988,0.018,4155.000,69.725,43.048,9.263,53.036,ON,Hazy with passing clouds; Hybrid loop operating; Ceff=1.46x
105,08:52:00,31.070,57.060,55.040,41.190,39.770,31.150,0.917,16.752,17.679,0.612,0.915,586.600,857.300,1.462,10.259,16.175,0.669,1.000,20.474,21.490,0.749,0.753,10.252,16.176,0.189,9.247,9.984,0.018,4155.000,69.725,43.033,9.247,53.016,ON,Hazy with passing clouds; Hybrid loop operating; Ceff=1.46x
106,08:52:30,31.090,57.110,55.090,41.220,39.810,31.150,0.918,16.749,17.676,0.613,0.916,586.700,858.000,1.462,10.259,16.186,0.669,1.001,20.471,21.487,0.749,0.753,10.267,16.191,0.189,9.259,9.985,0.018,4155.000,69.802,43.044,9.259,53.029,ON,Hazy with passing clouds; Hybrid loop operating; Ceff=1.46x
107,08:53:00,31.110,57.150,55.130,41.250,39.840,31.150,0.920,16.746,17.675,0.613,0.917,587.300,859.400,1.463,10.268,16.210,0.670,1.002,20.468,21.486,0.749,0.753,10.265,16.208,0.189,9.248,9.979,0.018,4155.000,69.954,43.068,9.248,53.046,ON,Hazy with passing clouds; Hybrid loop operating; Ceff=1.46x
108,08:53:30,31.140,57.170,55.170,41.270,39.860,31.160,0.923,16.745,17.674,0.614,0.920,588.500,861.600,1.464,10.287,16.251,0.671,1.005,20.466,21.484,0.749,0.753,10.281,16.260,0.189,9.244,9.985,0.018,4155.000,70.182,43.098,9.244,53.083,ON,Hazy with passing clouds; Hybrid loop operating; Ceff=1.46x
109,08:54:00,31.160,57.190,55.190,41.280,39.880,31.160,0.927,16.744,17.673,0.616,0.923,590.300,864.800,1.465,10.318,16.310,0.673,1.009,20.465,21.483,0.749,0.752,10.314,16.312,0.189,9.245,9.980,0.018,4155.000,70.486,43.125,9.245,53.105,ON,Hazy with passing clouds; Hybrid loop operating; Ceff=1.47x
110,08:54:30,31.180,57.200,55.210,41.290,39.900,31.160,0.932,16.743,17.672,0.619,0.927,592.600,868.700,1.466,10.358,16.382,0.676,1.013,20.464,21.482,0.749,0.753,10.364,16.382,0.189,9.253,9.978,0.018,4155.000,70.866,43.162,9.253,53.140,ON,Hazy with passing clouds; Hybrid loop operating; Ceff=1.47x
111,08:55:00,31.200,57.210,55.240,41.300,39.920,31.160,0.938,16.741,17.671,0.621,0.932,595.300,873.100,1.467,10.403,16.464,0.679,1.018,20.463,21.481,0.749,0.753,10.396,16.469,0.189,9.240,9.980,0.018,4155.000,71.322,43.221,9.240,53.202,ON,Hazy with passing clouds; Hybrid loop operating; Ceff=1.47x
112,08:55:30,31.220,57.240,55.270,41.320,39.950,31.170,0.944,16.740,17.669,0.624,0.937,598.000,877.600,1.468,10.450,16.548,0.682,1.024,20.461,21.480,0.749,0.752,10.446,16.556,0.189,9.242,9.981,0.018,4155.000,71.778,43.275,9.242,53.256,ON,Hazy with passing clouds; Hybrid loop operating; Ceff=1.47x
113,08:56:00,31.240,57.270,55.310,41.350,39.980,31.170,0.949,16.737,17.668,0.627,0.941,600.600,881.900,1.468,10.493,16.626,0.685,1.028,20.458,21.478,0.749,0.753,10.494,16.626,0.189,9.245,9.975,0.018,4155.000,72.159,43.292,9.245,53.267,ON,Hazy with passing clouds; Hybrid loop operating; Ceff=1.47x
114,08:56:30,31.260,57.320,55.370,41.380,40.020,31.170,0.954,16.734,17.665,0.629,0.945,602.700,885.500,1.469,10.528,16.693,0.688,1.033,20.455,21.476,0.748,0.752,10.526,16.693,0.189,9.240,9.975,0.018,4155.000,72.539,43.343,9.240,53.318,ON,Hazy with passing clouds; Hybrid loop operating; Ceff=1.47x
115,08:57:00,31.280,57.390,55.440,41.430,40.060,31.180,0.958,16.730,17.663,0.631,0.948,604.300,888.400,1.470,10.552,16.743,0.689,1.036,20.450,21.473,0.749,0.753,10.557,16.745,0.189,9.243,9.972,0.018,4155.000,72.843,43.383,9.243,53.355,ON,Hazy with passing clouds; Hybrid loop operating; Ceff=1.47x
116,08:57:30,31.290,57.470,55.520,41.480,40.110,31.180,0.960,16.725,17.660,0.632,0.950,605.300,890.300,1.471,10.565,16.776,0.690,1.038,20.445,21.469,0.749,0.753,10.570,16.777,0.189,9.240,9.970,0.018,4155.000,72.995,43.381,9.240,53.351,ON,Hazy with passing clouds; Hybrid loop operating; Ceff=1.47x
117,08:58:00,31.310,57.570,55.610,41.540,40.170,31.180,0.962,16.720,17.656,0.632,0.951,605.700,891.500,1.472,10.568,16.794,0.691,1.039,20.439,21.465,0.748,0.753,10.567,16.791,0.189,9.231,9.965,0.018,4155.000,73.147,43.412,9.231,53.378,ON,Hazy with passing clouds; Hybrid loop operating; Ceff=1.47x
118,08:58:30,31.330,57.680,55.710,41.610,40.230,31.190,0.962,16.714,17.653,0.632,0.952,605.700,892.000,1.473,10.564,16.800,0.691,1.040,20.432,21.461,0.748,0.753,10.563,16.806,0.189,9.227,9.968,0.018,4155.000,73.147,43.388,9.227,53.357,ON,Hazy with passing clouds; Hybrid loop operating; Ceff=1.47x
119,08:59:00,31.340,57.790,55.810,41.680,40.290,31.190,0.963,16.707,17.649,0.632,0.952,605.600,892.400,1.474,10.557,16.802,0.691,1.040,20.425,21.457,0.748,0.753,10.559,16.802,0.189,9.225,9.962,0.018,4155.000,73.223,43.414,9.225,53.375,ON,Hazy with passing clouds; Hybrid loop operating; Ceff=1.47x
120,08:59:30,31.360,57.910,55.920,41.750,40.360,31.200,0.964,16.701,17.645,0.632,0.953,605.600,892.900,1.474,10.551,16.807,0.690,1.041,20.418,21.453,0.749,0.753,10.555,16.816,0.189,9.222,9.964,0.018,4155.000,73.299,43.434,9.222,53.399,ON,Hazy with passing clouds; Hybrid loop operating; Ceff=1.47x
121,09:00:00,31.380,58.020,56.020,41.820,40.420,31.200,0.965,16.694,17.641,0.632,0.954,606.000,893.900,1.475,10.553,16.822,0.691,1.042,20.410,21.448,0.748,0.753,10.551,16.830,0.189,9.212,9.961,0.018,4155.000,73.375,43.431,9.212,53.392,ON,Hazy with passing clouds; Hybrid loop operating; Ceff=1.48x
122,09:00:30,31.390,58.140,56.120,41.890,40.480,31.200,0.967,16.688,17.637,0.633,0.955,606.900,895.800,1.476,10.563,16.852,0.692,1.044,20.404,21.444,0.748,0.753,10.564,16.843,0.189,9.209,9.948,0.018,4155.000,73.527,43.429,9.209,53.377,ON,Hazy with passing clouds; Hybrid loop operating; Ceff=1.48x
123,09:01:00,31.400,58.240,56.210,41.950,40.530,31.210,0.971,16.682,17.634,0.635,0.958,608.400,898.500,1.477,10.585,16.900,0.693,1.047,20.397,21.440,0.749,0.753,10.593,16.893,0.189,9.212,9.948,0.018,4155.000,73.831,43.477,9.212,53.425,ON,Hazy with passing clouds; Hybrid loop operating; Ceff=1.48x
124,09:01:30,31.420,58.320,56.300,42.000,40.580,31.210,0.976,16.677,17.630,0.637,0.962,610.500,902.200,1.478,10.618,16.965,0.696,1.052,20.392,21.437,0.748,0.752,10.623,16.960,0.189,9.207,9.946,0.018,4155.000,74.212,43.522,9.207,53.468,ON,Hazy with passing clouds; Hybrid loop operating; Ceff=1.48x
125,09:02:00,31.430,58.400,56.370,42.050,40.620,31.220,0.982,16.673,17.628,0.639,0.967,613.100,906.500,1.479,10.660,17.043,0.699,1.057,20.387,21.434,0.748,0.752,10.654,17.046,0.189,9.194,9.949,0.018,4155.000,74.668,43.582,9.194,53.531,ON,Hazy with passing clouds; Hybrid loop operating; Ceff=1.48x
126,09:02:30,31.450,58.460,56.430,42.080,40.660,31.220,0.988,16.669,17.625,0.642,0.972,615.900,911.200,1.479,10.706,17.128,0.702,1.062,20.383,21.432,0.748,0.753,10.701,17.132,0.189,9.193,9.948,0.018,4155.000,75.124,43.622,9.193,53.569,ON,Hazy with passing clouds; Hybrid loop operating; Ceff=1.48x
127,09:03:00,31.460,58.500,56.480,42.110,40.690,31.230,0.994,16.666,17.624,0.645,0.977,618.700,915.800,1.480,10.752,17.214,0.705,1.067,20.380,21.430,0.748,0.753,10.750,17.219,0.189,9.193,9.948,0.018,4155.000,75.580,43.666,9.193,53.614,ON,Hazy with passing clouds; Hybrid loop operating; Ceff=1.48x
128,09:03:30,31.470,58.540,56.520,42.140,40.720,31.230,1.000,16.664,17.622,0.648,0.981,621.300,920.100,1.481,10.795,17.292,0.708,1.072,20.378,21.428,0.748,0.753,10.798,17.287,0.189,9.196,9.941,0.018,4155.000,76.037,43.725,9.196,53.665,ON,Hazy with passing clouds; Hybrid loop operating; Ceff=1.48x
129,09:04:00,31.480,58.560,56.550,42.150,40.740,31.240,1.004,16.662,17.621,0.650,0.985,623.300,923.700,1.482,10.829,17.357,0.710,1.077,20.376,21.427,0.749,0.752,10.830,17.357,0.189,9.194,9.942,0.018,4155.000,76.341,43.728,9.194,53.670,ON,Hazy with passing clouds; Hybrid loop operating; Ceff=1.48x
130,09:04:30,31.490,58.580,56.570,42.160,40.760,31.240,1.008,16.661,17.620,0.651,0.988,624.800,926.300,1.483,10.853,17.407,0.712,1.080,20.375,21.426,0.748,0.752,10.846,17.409,0.189,9.185,9.944,0.018,4155.000,76.645,43.779,9.185,53.723,ON,Hazy with passing clouds; Hybrid loop operating; Ceff=1.48x
131,09:05:00,31.510,58.590,56.600,42.170,40.780,31.250,1.010,16.660,17.620,0.652,0.990,625.600,928.100,1.483,10.867,17.439,0.713,1.082,20.373,21.425,0.748,0.752,10.862,17.444,0.189,9.187,9.945,0.018,4155.000,76.797,43.781,9.187,53.726,ON,Hazy with passing clouds; Hybrid loop operating; Ceff=1.48x
132,09:05:30,31.520,58.600,56.620,42.180,40.790,31.260,1.012,16.659,17.619,0.653,0.991,626.000,929.200,1.484,10.873,17.458,0.713,1.083,20.372,21.424,0.749,0.752,10.878,17.460,0.189,9.194,9.942,0.018,4155.000,76.949,43.816,9.194,53.758,ON,Hazy with passing clouds; Hybrid loop operating; Ceff=1.48x
133,09:06:00,31.530,58.620,56.650,42.190,40.810,31.260,1.012,16.657,17.618,0.653,0.991,626.000,929.700,1.485,10.872,17.468,0.713,1.084,20.370,21.423,0.749,0.752,10.877,17.459,0.189,9.193,9.936,0.018,4155.000,76.949,43.792,9.193,53.729,ON,Hazy with passing clouds; Hybrid loop operating; Ceff=1.49x
134,09:06:30,31.540,58.660,56.680,42.210,40.830,31.270,1.013,16.655,17.617,0.653,0.992,626.000,930.200,1.486,10.871,17.476,0.713,1.084,20.368,21.422,0.749,0.753,10.876,17.476,0.189,9.192,9.940,0.018,4155.000,77.025,43.812,9.192,53.752,ON,Hazy with passing clouds; Hybrid loop operating; Ceff=1.49x
135,09:07:00,31.550,58.700,56.730,42.230,40.860,31.280,1.014,16.653,17.615,0.653,0.993,626.200,931.100,1.487,10.872,17.489,0.714,1.085,20.365,21.420,0.748,0.753,10.874,17.492,0.189,9.188,9.940,0.018,4155.000,77.101,43.813,9.188,53.753,ON,Hazy with passing clouds; Hybrid loop operating; Ceff=1.49x
136,09:07:30,31.560,58.760,56.790,42.270,40.890,31.280,1.016,16.649,17.613,0.654,0.994,626.900,932.500,1.488,10.880,17.514,0.714,1.087,20.361,21.418,0.748,0.752,10.888,17.507,0.189,9.190,9.934,0.018,4155.000,77.253,43.833,9.190,53.767,ON,Hazy with passing clouds; Hybrid loop operating; Ceff=1.49x
137,09:08:00,31.570,58.840,56.860,42.310,40.930,31.290,1.019,16.645,17.611,0.655,0.997,628.100,934.800,1.488,10.898,17.554,0.716,1.089,20.357,21.415,0.748,0.753,10.902,17.558,0.189,9.184,9.938,0.018,4155.000,77.481,43.855,9.184,53.793,ON,Hazy with passing clouds; Hybrid loop operating; Ceff=1.49x
138,09:08:30,31.580,58.930,56.940,42.370,40.980,31.300,1.023,16.640,17.608,0.657,1.000,629.900,938.100,1.489,10.925,17.611,0.718,1.093,20.351,21.412,0.748,0.753,10.932,17.608,0.189,9.183,9.931,0.018,4155.000,77.785,43.872,9.183,53.803,ON,Hazy with passing clouds; Hybrid loop operating; Ceff=1.49x
139,09:09:00,31.590,59.030,57.040,42.430,41.030,31.310,1.029,16.634,17.604,0.659,1.004,632.300,942.100,1.490,10.962,17.683,0.720,1.098,20.344,21.408,0.748,0.752,10.962,17.674,0.189,9.173,9.926,0.018,4155.000,78.242,43.942,9.173,53.868,ON,Hazy with passing clouds; Hybrid loop operating; Ceff=1.49x
140,09:09:30,31.600,59.150,57.140,42.500,41.090,31.310,1.035,16.627,17.600,0.662,1.009,635.100,946.700,1.491,11.004,17.764,0.723,1.103,20.337,21.404,0.748,0.752,11.007,17.758,0.189,9.170,9.925,0.018,4155.000,78.698,43.983,9.170,53.908,ON,Hazy with passing clouds; Hybrid loop operating; Ceff=1.49x
141,09:10:00,31.610,59.260,57.250,42.570,41.150,31.320,1.041,16.621,17.596,0.665,1.014,637.900,951.500,1.491,11.048,17.849,0.726,1.109,20.330,21.400,0.749,0.752,11.053,17.842,0.189,9.168,9.922,0.018,4155.000,79.154,44.015,9.168,53.937,ON,Hazy with passing clouds; Hybrid loop operating; Ceff=1.49x
142,09:10:30,31.620,59.380,57.350,42.640,41.220,31.330,1.048,16.614,17.593,0.668,1.019,640.700,956.100,1.492,11.090,17.930,0.730,1.114,20.323,21.396,0.748,0.752,11.098,17.927,0.189,9.165,9.921,0.018,4155.000,79.686,44.098,9.165,54.019,ON,Hazy with passing clouds; Hybrid loop operating; Ceff=1.49x
143,09:11:00,31.630,59.490,57.450,42.700,41.270,31.340,1.053,16.608,17.589,0.670,1.023,643.000,960.100,1.493,11.126,18.001,0.732,1.119,20.316,21.391,0.748,0.752,11.127,17.994,0.189,9.156,9.916,0.018,4155.000,80.066,44.124,9.156,54.040,ON,Hazy with passing clouds; Hybrid loop operating; Ceff=1.49x
144,09:11:30,31.640,59.580,57.540,42.760,41.330,31.350,1.057,16.603,17.586,0.672,1.027,644.900,963.300,1.494,11.153,18.057,0.734,1.122,20.310,21.388,0.748,0.752,11.157,18.061,0.189,9.154,9.920,0.018,4155.000,80.371,44.144,9.154,54.064,ON,Hazy with passing clouds; Hybrid loop operating; Ceff=1.49x
145,09:12:00,31.660,59.660,57.610,42.810,41.370,31.360,1.060,16.598,17.583,0.673,1.029,646.000,965.600,1.495,11.170,18.096,0.735,1.125,20.305,21.385,0.748,0.752,11.170,18.093,0.189,9.149,9.914,0.018,4155.000,80.599,44.164,9.149,54.078,ON,Hazy with passing clouds; Hybrid loop operating; Ceff=1.49x
146,09:12:30,31.670,59.720,57.670,42.840,41.410,31.370,1.062,16.595,17.581,0.674,1.031,646.600,966.900,1.495,11.177,18.119,0.736,1.126,20.301,21.383,0.748,0.753,11.185,18.126,0.189,9.152,9.919,0.018,4155.000,80.751,44.188,9.152,54.107,ON,Hazy with passing clouds; Hybrid loop operating; Ceff=1.5x
147,09:13:00,31.680,59.760,57.710,42.870,41.430,31.380,1.063,16.592,17.579,0.674,1.031,646.800,967.600,1.496,11.177,18.131,0.736,1.127,20.299,21.381,0.748,0.752,11.183,18.124,0.189,9.148,9.910,0.018,4155.000,80.827,44.198,9.148,54.108,ON,Hazy with passing clouds; Hybrid loop operating; Ceff=1.5x
148,09:13:30,31.690,59.780,57.740,42.880,41.450,31.390,1.064,16.591,17.579,0.674,1.032,646.700,968.000,1.497,11.175,18.136,0.736,1.128,20.297,21.380,0.748,0.752,11.182,18.142,0.189,9.149,9.916,0.018,4155.000,80.903,44.221,9.149,54.137,ON,Hazy with passing clouds; Hybrid loop operating; Ceff=1.5x
149,09:14:00,31.700,59.780,57.750,42.880,41.450,31.400,1.064,16.590,17.578,0.673,1.032,646.600,968.400,1.498,11.173,18.143,0.736,1.128,20.297,21.380,0.748,0.752,11.165,18.140,0.189,9.136,9.911,0.018,4155.000,80.903,44.203,9.136,54.114,ON,Hazy with passing clouds; Hybrid loop operating; Ceff=1.5x
150,09:14:30,31.710,59.780,57.760,42.870,41.460,31.410,1.065,16.590,17.578,0.674,1.033,646.800,969.200,1.498,11.177,18.158,0.736,1.129,20.297,21.380,0.748,0.752,11.182,18.158,0.189,9.147,9.913,0.018,4155.000,80.979,44.208,9.147,54.120,ON,Hazy with passing clouds; Hybrid loop operating; Ceff=1.5x
151,09:15:00,31.730,59.770,57.760,42.870,41.460,31.420,1.067,16.590,17.578,0.674,1.035,647.500,970.700,1.499,11.189,18.187,0.737,1.131,20.297,21.380,0.748,0.752,11.182,18.193,0.189,9.137,9.917,0.018,4155.000,81.131,44.222,9.137,54.139,ON,Hazy with passing clouds; Hybrid loop operating; Ceff=1.5x
152,09:15:30,31.740,59.770,57.770,42.860,41.470,31.430,1.071,16.590,17.578,0.676,1.037,648.800,973.100,1.500,11.211,18.232,0.739,1.134,20.297,21.380,0.747,0.752,11.215,18.228,0.189,9.146,9.911,0.018,4155.000,81.435,44.278,9.146,54.190,ON,Hazy with passing clouds; Hybrid loop operating; Ceff=1.5x
153,09:16:00,31.750,59.770,57.780,42.870,41.470,31.440,1.075,16.590,17.578,0.678,1.041,650.700,976.400,1.501,11.243,18.292,0.741,1.137,20.296,21.380,0.748,0.752,11.248,18.299,0.189,9.146,9.916,0.018,4155.000,81.739,44.294,9.146,54.209,ON,Hazy with passing clouds; Hybrid loop operating; Ceff=1.5x
154,09:16:30,31.760,59.790,57.810,42.880,41.490,31.450,1.080,16.588,17.577,0.680,1.045,653.000,980.300,1.501,11.282,18.366,0.743,1.142,20.295,21.379,0.748,0.752,11.280,18.368,0.189,9.140,9.914,0.018,4155.000,82.119,44.323,9.140,54.236,ON,Hazy with passing clouds; Hybrid loop operating; Ceff=1.5x
155,09:17:00,31.780,59.820,57.840,42.900,41.520,31.460,1.086,16.586,17.576,0.683,1.049,655.600,984.700,1.502,11.325,18.446,0.746,1.147,20.292,21.377,0.748,0.752,11.328,18.437,0.189,9.142,9.907,0.018,4155.000,82.576,44.370,9.142,54.276,ON,Hazy with passing clouds; Hybrid loop operating; Ceff=1.5x
156,09:17:30,31.790,59.880,57.900,42.940,41.550,31.470,1.092,16.583,17.574,0.685,1.054,658.200,989.100,1.503,11.367,18.525,0.749,1.152,20.289,21.375,0.748,0.752,11.359,18.523,0.189,9.131,9.909,0.018,4155.000,83.032,44.416,9.131,54.325,ON,Hazy with passing clouds; Hybrid loop operating; Ceff=1.5x
157,09:18:00,31.810,59.950,57.970,42.980,41.590,31.480,1.098,16.579,17.571,0.688,1.058,660.500,993.000,1.503,11.404,18.596,0.752,1.157,20.284,21.372,0.748,0.752,11.406,18.590,0.189,9.137,9.905,0.018,4155.000,83.488,44.485,9.137,54.390,ON,Hazy with passing clouds; Hybrid loop operating; Ceff=1.5x
158,09:18:30,31.820,60.040,58.050,43.040,41.640,31.490,1.102,16.574,17.568,0.690,1.062,662.400,996.300,1.504,11.432,18.653,0.754,1.160,20.279,21.369,0.748,0.752,11.436,18.657,0.189,9.135,9.908,0.018,4155.000,83.792,44.499,9.135,54.407,ON,Hazy with passing clouds; Hybrid loop operating; Ceff=1.5x
159,09:19:00,31.840,60.140,58.140,43.100,41.700,31.500,1.105,16.568,17.564,0.691,1.064,663.700,998.700,1.505,11.448,18.692,0.755,1.163,20.272,21.365,0.748,0.752,11.448,18.688,0.189,9.127,9.901,0.018,4155.000,84.020,44.513,9.127,54.414,ON,Hazy with passing clouds; Hybrid loop operating; Ceff=1.5x
160,09:19:30,31.850,60.250,58.240,43.160,41.760,31.520,1.107,16.562,17.561,0.692,1.066,664.300,1000.000,1.505,11.454,18.713,0.756,1.165,20.266,21.361,0.748,0.752,11.461,18.720,0.189,9.128,9.905,0.018,4155.000,84.172,44.536,9.128,54.440,ON,Hazy with passing clouds; Hybrid loop operating; Ceff=1.51x
161,09:20:00,31.870,60.350,58.340,43.230,41.820,31.530,1.108,16.556,17.557,0.692,1.066,664.300,1000.500,1.506,11.449,18.718,0.756,1.165,20.259,21.357,0.748,0.752,11.457,18.716,0.189,9.125,9.898,0.018,4155.000,84.248,44.554,9.125,54.451,ON,Hazy with passing clouds; Hybrid loop operating; Ceff=1.51x
162,09:20:30,31.890,60.450,58.430,43.290,41.870,31.540,1.108,16.550,17.554,0.691,1.066,664.000,1000.400,1.507,11.438,18.711,0.755,1.165,20.253,21.353,0.748,0.752,11.436,18.713,0.189,9.113,9.897,0.018,4155.000,84.248,44.558,9.113,54.455,ON,Hazy with passing clouds; Hybrid loop operating; Ceff=1.51x
163,09:21:00,31.910,60.540,58.510,43.350,41.920,31.550,1.107,16.545,17.550,0.691,1.066,663.500,1000.100,1.507,11.425,18.701,0.755,1.165,20.247,21.349,0.747,0.752,11.433,18.708,0.189,9.117,9.898,0.018,4155.000,84.172,44.531,9.117,54.429,ON,Hazy with passing clouds; Hybrid loop operating; Ceff=1.51x
164,09:21:30,31.920,60.620,58.580,43.390,41.960,31.560,1.107,16.541,17.548,0.690,1.065,663.100,1000.000,1.508,11.415,18.695,0.754,1.164,20.242,21.346,0.748,0.752,11.413,18.689,0.189,9.107,9.888,0.018,4155.000,84.172,44.536,9.107,54.424,ON,Hazy with passing clouds; Hybrid loop operating; Ceff=1.51x
165,09:22:00,31.940,60.680,58.630,43.430,42.000,31.580,1.108,16.537,17.546,0.690,1.066,663.100,1000.400,1.509,11.411,18.699,0.754,1.165,20.239,21.344,0.748,0.752,11.411,18.704,0.189,9.105,9.892,0.018,4155.000,84.248,44.558,9.105,54.450,ON,Hazy with passing clouds; Hybrid loop operating; Ceff=1.51x
166,09:22:30,31.960,60.720,58.670,43.460,42.020,31.590,1.109,16.535,17.544,0.691,1.067,663.500,1001.500,1.509,11.418,18.719,0.755,1.166,20.236,21.342,0.747,0.752,11.426,18.719,0.189,9.111,9.890,0.018,4155.000,84.324,44.549,9.111,54.439,ON,Hazy with passing clouds; Hybrid loop operating; Ceff=1.51x
167,09:23:00,31.980,60.740,58.700,43.470,42.040,31.600,1.112,16.533,17.543,0.692,1.069,664.600,1003.500,1.510,11.435,18.755,0.756,1.168,20.234,21.341,0.748,0.752,11.441,18.753,0.189,9.108,9.888,0.018,4155.000,84.553,44.581,9.108,54.469,ON,Hazy with passing clouds; Hybrid loop operating; Ceff=1.51x
168,09:23:30,32.000,60.750,58.720,43.480,42.060,31.610,1.116,16.532,17.542,0.693,1.072,666.200,1006.400,1.511,11.462,18.807,0.758,1.172,20.233,21.340,0.747,0.752,11.457,18.805,0.189,9.099,9.886,0.018,4155.000,84.857,44.612,9.099,54.499,ON,Hazy with passing clouds; Hybrid loop operating; Ceff=1.51x
169,09:24:00,32.020,60.750,58.730,43.490,42.070,31.620,1.121,16.532,17.542,0.695,1.076,668.200,1009.800,1.511,11.496,18.871,0.760,1.176,20.233,21.340,0.748,0.752,11.490,18.875,0.189,9.098,9.890,0.018,4155.000,85.237,44.661,9.098,54.551,ON,Hazy with passing clouds; Hybrid loop operating; Ceff=1.51x
170,09:24:30,32.050,60.750,58.730,43.490,42.080,31.640,1.126,16.532,17.542,0.698,1.080,670.400,1013.400,1.512,11.533,18.938,0.762,1.180,20.233,21.340,0.748,0.752,11.539,18.945,0.189,9.107,9.891,0.018,4155.000,85.617,44.701,9.107,54.593,ON,Hazy with passing clouds; Hybrid loop operating; Ceff=1.51x
171,09:25:00,32.070,60.740,58.740,43.490,42.090,31.650,1.131,16.532,17.541,0.700,1.083,672.400,1016.900,1.512,11.568,19.003,0.765,1.184,20.233,21.339,0.747,0.752,11.572,18.997,0.189,9.106,9.884,0.018,4155.000,85.997,44.745,9.106,54.629,ON,Hazy with passing clouds; Hybrid loop operating; Ceff=1.51x
172,09:25:30,32.090,60.730,58.740,43.490,42.100,31.660,1.135,16.532,17.541,0.701,1.086,674.100,1019.900,1.513,11.597,19.058,0.767,1.187,20.233,21.339,0.747,0.752,11.589,19.050,0.189,9.096,9.882,0.018,4155.000,86.301,44.771,9.096,54.654,ON,Hazy with passing clouds; Hybrid loop operating; Ceff=1.51x
173,09:26:00,32.110,60.730,58.750,43.500,42.110,31.670,1.138,16.532,17.540,0.703,1.089,675.300,1022.000,1.513,11.617,19.097,0.768,1.190,20.233,21.338,0.748,0.752,11.622,19.101,0.189,9.106,9.889,0.018,4155.000,86.530,44.797,9.106,54.686,ON,Hazy with passing clouds; Hybrid loop operating; Ceff=1.51x
174,09:26:30,32.140,60.740,58.770,43.510,42.130,31.680,1.139,16.531,17.539,0.703,1.090,675.800,1023.100,1.514,11.625,19.117,0.769,1.191,20.232,21.337,0.747,0.752,11.621,19.118,0.189,9.099,9.887,0.018,4155.000,86.606,44.788,9.099,54.675,ON,Hazy with passing clouds; Hybrid loop operating; Ceff=1.51x
175,09:27:00,32.160,60.770,58.800,43.530,42.160,31.690,1.139,16.530,17.538,0.703,1.090,675.600,1023.300,1.515,11.621,19.118,0.768,1.191,20.230,21.336,0.748,0.752,11.621,19.116,0.189,9.101,9.884,0.018,4155.000,86.606,44.780,9.101,54.664,ON,Hazy with passing clouds; Hybrid loop operating; Ceff=1.51x
176,09:27:30,32.180,60.800,58.840,43.560,42.190,31.710,1.138,16.527,17.536,0.702,1.089,675.000,1022.700,1.515,11.608,19.104,0.768,1.191,20.228,21.334,0.747,0.752,11.602,19.097,0.189,9.094,9.880,0.018,4155.000,86.530,44.767,9.094,54.646,ON,Hazy with passing clouds; Hybrid loop operating; Ceff=1.52x
177,09:28:00,32.210,60.850,58.890,43.590,42.220,31.720,1.137,16.524,17.534,0.701,1.088,674.000,1021.600,1.516,11.589,19.081,0.766,1.189,20.225,21.332,0.748,0.752,11.583,19.077,0.189,9.093,9.880,0.018,4155.000,86.454,44.775,9.093,54.656,ON,Hazy with passing clouds; Hybrid loop operating; Ceff=1.52x
178,09:28:30,32.230,60.920,58.950,43.640,42.260,31.730,1.135,16.521,17.532,0.700,1.087,673.100,1020.500,1.516,11.569,19.057,0.765,1.188,20.221,21.329,0.748,0.752,11.565,19.057,0.189,9.091,9.881,0.018,4155.000,86.301,44.745,9.091,54.626,ON,Hazy with passing clouds; Hybrid loop operating; Ceff=1.52x
179,09:29:00,32.260,60.990,59.020,43.690,42.310,31.740,1.134,16.516,17.529,0.699,1.086,672.300,1019.600,1.517,11.552,19.037,0.764,1.187,20.216,21.326,0.748,0.752,11.545,19.036,0.189,9.086,9.879,0.018,4155.000,86.225,44.745,9.086,54.623,ON,Hazy with passing clouds; Hybrid loop operating; Ceff=1.52x
180,09:29:30,32.290,61.080,59.090,43.740,42.350,31.750,1.134,16.512,17.526,0.699,1.086,671.900,1019.400,1.517,11.542,19.029,0.764,1.187,20.211,21.322,0.747,0.752,11.542,19.033,0.189,9.089,9.879,0.018,4155.000,86.225,44.754,9.089,54.633,ON,Hazy with passing clouds; Hybrid loop operating; Ceff=1.52x
181,09:30:00,32.310,61.160,59.170,43.800,42.410,31.760,1.135,16.507,17.522,0.699,1.086,672.200,1020.100,1.518,11.541,19.037,0.764,1.187,20.205,21.319,0.748,0.752,11.538,19.029,0.189,9.082,9.870,0.018,4155.000,86.301,44.762,9.082,54.632,ON,Hazy with passing clouds; Hybrid loop operating; Ceff=1.52x
182,09:30:30,32.340,61.250,59.250,43.860,42.460,31.770,1.137,16.502,17.519,0.700,1.088,673.000,1021.600,1.518,11.551,19.062,0.765,1.189,20.200,21.315,0.747,0.752,11.551,19.061,0.189,9.082,9.872,0.018,4155.000,86.454,44.775,9.082,54.647,ON,Hazy with passing clouds; Hybrid loop operating; Ceff=1.52x
183,09:31:00,32.370,61.330,59.320,43.920,42.510,31.780,1.140,16.497,17.516,0.701,1.090,674.300,1023.900,1.519,11.569,19.100,0.766,1.192,20.195,21.312,0.748,0.752,11.564,19.092,0.189,9.074,9.866,0.018,4155.000,86.682,44.793,9.074,54.659,ON,Hazy with passing clouds; Hybrid loop operating; Ceff=1.52x
184,09:31:30,32.390,61.410,59.390,43.970,42.560,31.790,1.144,16.493,17.513,0.703,1.093,675.900,1026.700,1.519,11.593,19.147,0.768,1.195,20.190,21.308,0.748,0.752,11.595,19.142,0.189,9.076,9.865,0.018,4155.000,86.986,44.827,9.076,54.692,ON,Hazy with passing clouds; Hybrid loop operating; Ceff=1.52x
185,09:32:00,32.420,61.470,59.450,44.020,42.600,31.800,1.148,16.489,17.510,0.705,1.096,677.500,1029.500,1.519,11.618,19.196,0.770,1.198,20.186,21.305,0.747,0.752,11.625,19.191,0.189,9.078,9.863,0.018,4155.000,87.290,44.862,9.078,54.725,ON,Hazy with passing clouds; Hybrid loop operating; Ceff=1.52x
186,09:32:30,32.450,61.520,59.490,44.060,42.640,31.810,1.151,16.487,17.508,0.706,1.099,679.000,1032.100,1.520,11.641,19.241,0.772,1.201,20.183,21.303,0.747,0.752,11.640,19.241,0.189,9.070,9.864,0.018,4155.000,87.518,44.866,9.070,54.730,ON,Hazy with passing clouds; Hybrid loop operating; Ceff=1.52x
187,09:33:00,32.480,61.550,59.530,44.090,42.670,31.820,1.154,16.485,17.506,0.707,1.101,680.100,1033.900,1.520,11.658,19.273,0.773,1.203,20.181,21.301,0.747,0.752,11.655,19.274,0.189,9.067,9.864,0.018,4155.000,87.746,44.904,9.067,54.768,ON,Hazy with passing clouds; Hybrid loop operating; Ceff=1.52x
188,09:33:30,32.500,61.570,59.550,44.110,42.700,31.830,1.155,16.484,17.505,0.708,1.102,680.500,1034.900,1.521,11.665,19.290,0.773,1.204,20.180,21.299,0.748,0.752,11.671,19.291,0.189,9.074,9.862,0.018,4155.000,87.822,44.900,9.074,54.762,ON,Hazy with passing clouds; Hybrid loop operating; Ceff=1.52x
189,09:34:00,32.530,61.570,59.560,44.120,42.710,31.840,1.155,16.483,17.504,0.707,1.102,680.400,1034.900,1.521,11.661,19.289,0.773,1.204,20.179,21.298,0.748,0.752,11.653,19.289,0.189,9.062,9.862,0.018,4155.000,87.822,44.900,9.062,54.762,ON,Hazy with passing clouds; Hybrid loop operating; Ceff=1.52x
190,09:34:30,32.560,61.560,59.560,44.120,42.720,31.850,1.154,16.484,17.504,0.707,1.101,679.600,1034.100,1.522,11.649,19.272,0.772,1.203,20.180,21.298,0.748,0.752,11.654,19.272,0.189,9.073,9.861,0.018,4155.000,87.746,44.896,9.073,54.756,ON,Hazy with passing clouds; Hybrid loop operating; Ceff=1.52x
191,09:35:00,32.590,61.540,59.550,44.120,42.730,31.860,1.152,16.484,17.503,0.705,1.099,678.400,1032.500,1.522,11.629,19.243,0.771,1.202,20.181,21.298,0.747,0.752,11.621,19.236,0.189,9.064,9.857,0.018,4155.000,87.594,44.887,9.064,54.745,ON,Hazy with passing clouds; Hybrid loop operating; Ceff=1.52x
192,09:35:30,32.620,61.520,59.540,44.110,42.730,31.860,1.150,16.485,17.503,0.704,1.097,677.100,1030.700,1.522,11.606,19.209,0.769,1.199,20.182,21.298,0.748,0.752,11.605,19.201,0.189,9.069,9.857,0.018,4155.000,87.442,44.888,9.069,54.744,ON,Hazy with passing clouds; Hybrid loop operating; Ceff=1.52x
193,09:36:00,32.650,61.500,59.530,44.110,42.740,31.870,1.147,16.486,17.503,0.703,1.096,675.800,1028.900,1.523,11.585,19.176,0.768,1.197,20.183,21.298,0.747,0.752,11.590,19.183,0.189,9.074,9.865,0.018,4155.000,87.214,44.849,9.074,54.714,ON,Hazy with passing clouds; Hybrid loop operating; Ceff=1.52x
194,09:36:30,32.680,61.490,59.530,44.110,42.750,31.880,1.145,16.486,17.503,0.702,1.094,674.800,1027.700,1.523,11.568,19.153,0.767,1.196,20.183,21.297,0.747,0.752,11.573,19.148,0.189,9.074,9.858,0.018,4155.000,87.062,44.823,9.074,54.681,ON,Hazy with passing clouds; Hybrid loop operating; Ceff=1.52x
195,09:37:00,32.700,61.490,59.540,44.120,42.760,31.890,1.145,16.486,17.502,0.701,1.094,674.300,1027.200,1.523,11.560,19.142,0.766,1.195,20.183,21.297,0.748,0.752,11.557,19.147,0.189,9.068,9.863,0.018,4155.000,87.062,44.845,9.068,54.707,ON,Hazy with passing clouds; Hybrid loop operating; Ceff=1.52x
196,09:37:30,32.730,61.510,59.560,44.150,42.780,31.890,1.145,16.485,17.501,0.701,1.094,674.400,1027.600,1.524,11.561,19.149,0.766,1.196,20.181,21.295,0.748,0.752,11.556,19.146,0.189,9.066,9.858,0.018,4155.000,87.062,44.827,9.066,54.685,ON,Hazy with passing clouds; Hybrid loop operating; Ceff=1.52x
197,09:38:00,32.760,61.550,59.600,44.180,42.820,31.900,1.147,16.483,17.499,0.702,1.095,675.100,1028.900,1.524,11.571,19.170,0.767,1.197,20.179,21.293,0.748,0.752,11.571,19.161,0.189,9.069,9.854,0.018,4155.000,87.214,44.849,9.069,54.702,ON,Hazy with passing clouds; Hybrid loop operating; Ceff=1.52x
198,09:38:30,32.790,61.610,59.650,44.220,42.860,31.910,1.150,16.479,17.496,0.703,1.098,676.300,1030.900,1.524,11.588,19.204,0.769,1.200,20.175,21.290,0.747,0.752,11.585,19.211,0.189,9.063,9.860,0.018,4155.000,87.442,44.879,9.063,54.739,ON,Hazy with passing clouds; Hybrid loop operating; Ceff=1.52x
199,09:39:00,32.820,61.680,59.720,44.280,42.910,31.910,1.153,16.475,17.493,0.705,1.100,677.700,1033.200,1.525,11.608,19.243,0.770,1.202,20.171,21.287,0.747,0.752,11.615,19.242,0.189,9.068,9.854,0.018,4155.000,87.670,44.896,9.068,54.750,ON,Hazy with passing clouds; Hybrid loop operating; Ceff=1.52x
200,09:39:30,32.840,61.770,59.800,44.340,42.960,31.920,1.156,16.470,17.490,0.706,1.102,679.100,1035.500,1.525,11.628,19.281,0.772,1.205,20.165,21.283,0.747,0.752,11.628,19.274,0.189,9.059,9.848,0.018,4155.000,87.898,44.913,9.059,54.761,ON,Hazy with passing clouds; Hybrid loop operating; Ceff=1.52x
201,09:40:00,32.870,61.860,59.880,44.410,43.020,31.930,1.159,16.465,17.486,0.707,1.104,680.200,1037.400,1.525,11.642,19.311,0.773,1.207,20.160,21.279,0.747,0.752,11.641,19.305,0.189,9.055,9.846,0.018,4155.000,88.126,44.947,9.055,54.792,ON,Hazy with passing clouds; Hybrid loop operating; Ceff=1.53x
202,09:40:30,32.900,61.960,59.960,44.480,43.080,31.930,1.160,16.460,17.482,0.708,1.106,680.800,1038.600,1.525,11.648,19.327,0.773,1.208,20.154,21.274,0.748,0.752,11.654,19.335,0.189,9.057,9.850,0.018,4155.000,88.202,44.933,9.057,54.783,ON,Hazy with passing clouds; Hybrid loop operating; Ceff=1.53x
203,09:41:00,32.930,62.050,60.040,44.550,43.140,31.940,1.161,16.455,17.478,0.708,1.106,680.800,1038.800,1.526,11.644,19.326,0.773,1.208,20.148,21.270,0.748,0.752,11.650,19.331,0.189,9.054,9.846,0.018,4155.000,88.278,44.964,9.054,54.809,ON,Hazy with passing clouds; Hybrid loop operating; Ceff=1.53x
204,09:41:30,32.950,62.130,60.110,44.600,43.190,31.940,1.160,16.450,17.475,0.707,1.105,680.200,1038.100,1.526,11.630,19.308,0.773,1.208,20.143,21.267,0.747,0.752,11.630,19.310,0.189,9.047,9.842,0.018,4155.000,88.202,44.955,9.047,54.797,ON,Hazy with passing clouds; Hybrid loop operating; Ceff=1.53x
205,09:42:00,32.980,62.190,60.170,44.650,43.240,31.940,1.158,16.447,17.472,0.706,1.103,679.100,1036.500,1.526,11.608,19.276,0.771,1.206,20.139,21.264,0.748,0.752,11.612,19.272,0.189,9.047,9.838,0.018,4155.000,88.050,44.947,9.047,54.784,ON,Hazy with passing clouds; Hybrid loop operating; Ceff=1.53x
206,09:42:30,33.000,62.230,60.210,44.690,43.270,31.950,1.155,16.444,17.470,0.704,1.101,677.700,1034.500,1.527,11.581,19.236,0.770,1.203,20.136,21.262,0.747,0.752,11.577,19.234,0.189,9.038,9.838,0.018,4155.000,87.822,44.917,9.038,54.755,ON,Hazy with passing clouds; Hybrid loop operating; Ceff=1.53x
207,09:43:00,33.030,62.260,60.240,44.710,43.300,31.950,1.152,16.443,17.469,0.703,1.099,676.200,1032.400,1.527,11.554,19.194,0.768,1.201,20.135,21.260,0.747,0.752,11.559,19.198,0.189,9.045,9.839,0.018,4155.000,87.594,44.892,9.045,54.731,ON,Hazy with passing clouds; Hybrid loop operating; Ceff=1.53x
208,09:43:30,33.060,62.260,60.250,44.720,43.310,31.960,1.149,16.442,17.468,0.701,1.097,674.900,1030.600,1.527,11.531,19.159,0.766,1.199,20.134,21.259,0.748,0.752,11.526,19.162,0.189,9.036,9.838,0.018,4155.000,87.366,44.853,9.036,54.691,ON,Hazy with passing clouds; Hybrid loop operating; Ceff=1.53x
209,09:44:00,33.080,62.250,60.240,44.730,43.320,31.960,1.148,16.442,17.468,0.700,1.095,674.000,1029.300,1.527,11.516,19.136,0.765,1.197,20.135,21.259,0.748,0.752,11.509,19.127,0.189,9.035,9.832,0.018,4155.000,87.290,44.870,9.035,54.703,ON,Hazy with passing clouds; Hybrid loop operating; Ceff=1.53x
210,09:44:30,33.100,62.230,60.230,44.720,43.320,31.960,1.147,16.443,17.468,0.700,1.095,673.600,1029.000,1.528,11.511,19.130,0.765,1.197,20.136,21.259,0.747,0.752,11.510,19.127,0.189,9.041,9.835,0.018,4155.000,87.214,44.844,9.041,54.680,ON,Hazy with passing clouds; Hybrid loop operating; Ceff=1.53x
211,09:45:00,33.130,62.210,60.220,44.720,43.320,31.970,1.148,16.445,17.468,0.700,1.096,673.900,1029.600,1.528,11.517,19.141,0.765,1.198,20.137,21.259,0.748,0.752,11.512,19.145,0.189,9.038,9.838,0.018,4155.000,87.290,44.857,9.038,54.696,ON,Hazy with passing clouds; Hybrid loop operating; Ceff=1.53x
212,09:45:30,33.150,62.180,60.200,44.710,43.320,31.970,1.150,16.446,17.468,0.701,1.097,674.800,1031.100,1.528,11.533,19.169,0.766,1.199,20.139,21.259,0.748,0.752,11.529,19.162,0.189,9.039,9.833,0.018,4155.000,87.442,44.870,9.039,54.703,ON,Hazy with passing clouds; Hybrid loop operating; Ceff=1.53x
213,09:46:00,33.170,62.160,60.190,44.710,43.330,31.970,1.153,16.447,17.468,0.703,1.100,676.000,1033.100,1.528,11.555,19.207,0.768,1.202,20.140,21.259,0.747,0.752,11.562,19.215,0.189,9.050,9.841,0.018,4155.000,87.670,44.900,9.050,54.741,ON,Hazy with passing clouds; Hybrid loop operating; Ceff=1.53x
214,09:46:30,33.200,62.150,60.190,44.710,43.340,31.970,1.156,16.447,17.467,0.704,1.102,677.400,1035.400,1.528,11.579,19.249,0.769,1.204,20.140,21.258,0.748,0.752,11.579,19.249,0.189,9.044,9.836,0.018,4155.000,87.898,44.917,9.044,54.753,ON,Hazy with passing clouds; Hybrid loop operating; Ceff=1.53x
215,09:47:00,33.220,62.160,60.200,44.730,43.360,31.980,1.159,16.447,17.466,0.705,1.104,678.700,1037.600,1.529,11.601,19.287,0.771,1.207,20.139,21.257,0.747,0.752,11.595,19.282,0.189,9.039,9.833,0.018,4155.000,88.126,44.938,9.039,54.771,ON,Hazy with passing clouds; Hybrid loop operating; Ceff=1.53x
216,09:47:30,33.240,62.180,60.220,44.750,43.390,31.980,1.161,16.445,17.465,0.706,1.106,679.700,1039.200,1.529,11.616,19.315,0.772,1.209,20.138,21.256,0.747,0.752,11.610,19.316,0.189,9.038,9.835,0.018,4155.000,88.278,44.946,9.038,54.781,ON,Hazy with passing clouds; Hybrid loop operating; Ceff=1.53x
217,09:48:00,33.260,62.220,60.260,44.790,43.420,31.980,1.162,16.443,17.463,0.707,1.107,680.100,1040.000,1.529,11.621,19.327,0.772,1.210,20.135,21.253,0.748,0.752,11.625,19.332,0.189,9.044,9.835,0.018,4155.000,88.354,44.950,9.044,54.785,ON,Hazy with passing clouds; Hybrid loop operating; Ceff=1.53x
218,09:48:30,33.280,62.280,60.320,44.830,43.460,31.980,1.162,16.440,17.460,0.707,1.107,679.900,1039.900,1.529,11.615,19.322,0.772,1.209,20.132,21.251,0.747,0.752,11.623,19.328,0.189,9.045,9.834,0.018,4155.000,88.354,44.955,9.045,54.789,ON,Hazy with passing clouds; Hybrid loop operating; Ceff=1.53x
219,09:49:00,33.300,62.350,60.380,44.880,43.500,31.980,1.161,16.436,17.458,0.706,1.105,679.200,1038.900,1.530,11.599,19.299,0.771,1.208,20.127,21.248,0.747,0.752,11.604,19.291,0.189,9.039,9.825,0.018,4155.000,88.278,44.959,9.039,54.784,ON,Hazy with passing clouds; Hybrid loop operating; Ceff=1.53x
220,09:49:30,33.320,62.430,60.440,44.940,43.550,31.980,1.159,16.431,17.455,0.704,1.104,678.000,1037.200,1.530,11.574,19.264,0.770,1.206,20.123,21.244,0.747,0.752,11.567,19.270,0.189,9.027,9.830,0.018,4155.000,88.126,44.955,9.027,54.786,ON,Hazy with passing clouds; Hybrid loop operating; Ceff=1.53x
221,09:50:00,33.340,62.510,60.520,44.990,43.600,31.980,1.156,16.427,17.452,0.703,1.101,676.500,1035.200,1.530,11.546,19.222,0.768,1.204,20.118,21.241,0.747,0.752,11.548,19.215,0.189,9.032,9.821,0.018,4155.000,87.898,44.926,9.032,54.746,ON,Hazy with passing clouds; Hybrid loop operating; Ceff=1.53x
222,09:50:30,33.350,62.590,60.580,45.050,43.640,31.980,1.153,16.422,17.448,0.701,1.099,675.200,1033.200,1.530,11.519,19.182,0.767,1.201,20.113,21.238,0.747,0.752,11.512,19.175,0.189,9.021,9.820,0.018,4155.000,87.670,44.896,9.021,54.715,ON,Hazy with passing clouds; Hybrid loop operating; Ceff=1.53x
223,09:51:00,33.370,62.670,60.650,45.100,43.690,31.980,1.151,16.418,17.446,0.700,1.098,674.100,1031.800,1.531,11.497,19.151,0.765,1.200,20.108,21.235,0.747,0.752,11.493,19.156,0.189,9.021,9.823,0.018,4155.000,87.518,44.879,9.021,54.702,ON,Hazy with passing clouds; Hybrid loop operating; Ceff=1.53x
224,09:51:30,33.390,62.730,60.710,45.150,43.730,31.990,1.150,16.414,17.443,0.700,1.097,673.500,1031.100,1.531,11.484,19.134,0.765,1.199,20.104,21.232,0.747,0.752,11.490,19.135,0.189,9.026,9.819,0.018,4155.000,87.442,44.870,9.026,54.689,ON,Hazy with passing clouds; Hybrid loop operating; Ceff=1.53x
225,09:52:00,33.400,62.790,60.750,45.190,43.760,31.990,1.150,16.411,17.441,0.700,1.097,673.600,1031.300,1.531,11.482,19.136,0.765,1.199,20.101,21.229,0.747,0.752,11.488,19.133,0.189,9.023,9.816,0.018,4155.000,87.442,44.861,9.023,54.677,ON,Hazy with passing clouds; Hybrid loop operating; Ceff=1.53x
226,09:52:30,33.420,62.830,60.790,45.220,43.790,31.990,1.152,16.409,17.439,0.700,1.098,674.200,1032.500,1.531,11.491,19.156,0.765,1.200,20.098,21.228,0.747,0.752,11.486,19.148,0.189,9.014,9.812,0.018,4155.000,87.594,44.887,9.014,54.700,ON,Hazy with passing clouds; Hybrid loop operating; Ceff=1.53x
227,09:53:00,33.430,62.850,60.810,45.240,43.810,31.990,1.155,16.408,17.438,0.702,1.101,675.400,1034.500,1.532,11.510,19.191,0.767,1.203,20.097,21.226,0.747,0.752,11.518,19.199,0.189,9.023,9.820,0.018,4155.000,87.822,44.917,9.023,54.737,ON,Hazy with passing clouds; Hybrid loop operating; Ceff=1.53x
228,09:53:30,33.450,62.860,60.820,45.250,43.820,31.990,1.158,16.407,17.437,0.703,1.103,676.900,1037.000,1.532,11.535,19.236,0.768,1.206,20.096,21.225,0.747,0.751,11.534,19.233,0.189,9.016,9.813,0.018,4155.000,88.050,44.925,9.016,54.738,ON,Hazy with passing clouds; Hybrid loop operating; Ceff=1.53x
229,09:54:00,33.460,62.860,60.830,45.260,43.830,31.990,1.162,16.407,17.437,0.705,1.106,678.500,1039.600,1.532,11.562,19.284,0.770,1.209,20.096,21.225,0.747,0.751,11.567,19.285,0.189,9.020,9.815,0.018,4155.000,88.354,44.968,9.020,54.783,ON,Hazy with passing clouds; Hybrid loop operating; Ceff=1.53x
230,09:54:30,33.470,62.840,60.820,45.260,43.840,31.990,1.165,16.408,17.437,0.706,1.108,679.900,1041.900,1.532,11.586,19.327,0.772,1.211,20.097,21.224,0.747,0.752,11.584,19.320,0.189,9.015,9.811,0.018,4155.000,88.583,44.984,9.015,54.795,ON,Hazy with passing clouds; Hybrid loop operating; Ceff=1.53x
231,09:55:00,33.490,62.820,60.810,45.250,43.840,31.990,1.167,16.409,17.437,0.707,1.110,680.800,1043.600,1.533,11.603,19.358,0.773,1.213,20.098,21.225,0.747,0.752,11.601,19.355,0.189,9.016,9.813,0.018,4155.000,88.735,44.988,9.016,54.801,ON,Hazy with passing clouds; Hybrid loop operating; Ceff=1.53x
232,09:55:30,33.500,62.800,60.790,45.240,43.840,31.990,1.169,16.410,17.437,0.708,1.111,681.200,1044.400,1.533,11.611,19.374,0.773,1.214,20.099,21.225,0.747,0.752,11.618,19.373,0.189,9.024,9.814,0.018,4155.000,88.887,45.031,9.024,54.845,ON,Hazy with passing clouds; Hybrid loop operating; Ceff=1.53x
233,09:56:00,33.510,62.780,60.780,45.240,43.840,31.990,1.169,16.411,17.437,0.707,1.111,681.100,1044.400,1.533,11.609,19.373,0.773,1.214,20.100,21.225,0.747,0.752,11.603,19.373,0.189,9.013,9.814,0.018,4155.000,88.887,45.031,9.013,54.845,ON,Hazy with passing clouds; Hybrid loop operating; Ceff=1.53x
234,09:56:30,33.520,62.760,60.770,45.230,43.840,31.990,1.167,16.412,17.437,0.707,1.110,680.300,1043.500,1.534,11.598,19.357,0.772,1.213,20.101,21.225,0.747,0.752,11.603,19.355,0.189,9.024,9.814,0.018,4155.000,88.735,44.992,9.024,54.806,ON,Hazy with passing clouds; Hybrid loop operating; Ceff=1.53x
235,09:57:00,33.530,62.750,60.770,45.230,43.850,31.990,1.165,16.412,17.437,0.706,1.109,679.300,1042.100,1.534,11.580,19.331,0.771,1.212,20.101,21.225,0.747,0.751,11.587,19.338,0.189,9.025,9.818,0.018,4155.000,88.583,44.976,9.025,54.794,ON,Hazy with passing clouds; Hybrid loop operating; Ceff=1.53x
236,09:57:30,33.540,62.750,60.780,45.240,43.860,31.990,1.163,16.412,17.437,0.704,1.107,678.100,1040.600,1.535,11.560,19.302,0.770,1.210,20.101,21.225,0.747,0.752,11.554,19.303,0.189,9.015,9.815,0.018,4155.000,88.430,44.963,9.015,54.778,ON,Hazy with passing clouds; Hybrid loop operating; Ceff=1.53x
237,09:58:00,33.550,62.770,60.790,45.250,43.870,31.990,1.161,16.411,17.436,0.703,1.106,677.100,1039.300,1.535,11.541,19.277,0.769,1.208,20.100,21.224,0.747,0.752,11.537,19.284,0.189,9.015,9.817,0.018,4155.000,88.278,44.942,9.015,54.759,ON,Hazy with passing clouds; Hybrid loop operating; Ceff=1.53x
238,09:58:30,33.560,62.800,60.820,45.280,43.890,31.990,1.161,16.409,17.434,0.703,1.105,676.500,1038.600,1.535,11.529,19.263,0.768,1.208,20.098,21.222,0.747,0.751,11.536,19.265,0.189,9.022,9.814,0.018,4155.000,88.278,44.972,9.022,54.786,ON,Hazy with passing clouds; Hybrid loop operating; Ceff=1.54x
239,09:59:00,33.570,62.850,60.860,45.310,43.920,31.990,1.161,16.406,17.433,0.703,1.105,676.500,1038.800,1.536,11.527,19.264,0.768,1.208,20.095,21.220,0.747,0.752,11.533,19.263,0.189,9.020,9.812,0.018,4155.000,88.278,44.964,9.020,54.775,ON,Hazy with passing clouds; Hybrid loop operating; Ceff=1.54x
240,09:59:30,33.580,62.910,60.920,45.350,43.950,31.990,1.163,16.403,17.430,0.703,1.106,677.100,1040.100,1.536,11.534,19.284,0.768,1.209,20.091,21.218,0.748,0.752,11.531,19.278,0.189,9.011,9.807,0.018,4155.000,88.430,44.985,9.011,54.791,ON,Hazy with passing clouds; Hybrid loop operating; Ceff=1.54x
241,10:00:00,33.590,62.980,60.980,45.400,43.990,31.990,1.166,16.399,17.428,0.704,1.109,678.300,1042.200,1.537,11.551,19.321,0.770,1.212,20.087,21.215,0.747,0.751,11.545,19.328,0.189,9.005,9.812,0.018,4155.000,88.659,45.010,9.005,54.822,ON,Hazy with passing clouds; Hybrid loop operating; Ceff=1.54x
242,10:00:30,33.600,63.060,61.040,45.450,44.030,32.000,1.170,16.395,17.425,0.706,1.112,680.000,1045.100,1.537,11.576,19.370,0.772,1.215,20.082,21.212,0.747,0.752,11.575,19.377,0.189,9.006,9.810,0.018,4155.000,88.963,45.039,9.006,54.849,ON,Hazy with passing clouds; Hybrid loop operating; Ceff=1.54x
243,10:01:00,33.610,63.140,61.110,45.500,44.080,32.000,1.174,16.390,17.422,0.708,1.115,681.900,1048.400,1.537,11.605,19.427,0.774,1.219,20.078,21.209,0.747,0.751,11.604,19.426,0.189,9.004,9.804,0.018,4155.000,89.267,45.051,9.004,54.854,ON,Hazy with passing clouds; Hybrid loop operating; Ceff=1.54x
244,10:01:30,33.610,63.210,61.170,45.550,44.120,32.000,1.179,16.386,17.420,0.710,1.118,683.800,1051.600,1.538,11.634,19.484,0.776,1.222,20.073,21.206,0.747,0.752,11.634,19.476,0.189,9.002,9.799,0.018,4155.000,89.647,45.105,9.002,54.904,ON,Hazy with passing clouds; Hybrid loop operating; Ceff=1.54x
245,10:02:00,33.620,63.270,61.220,45.590,44.160,32.000,1.183,16.383,17.417,0.712,1.121,685.400,1054.500,1.538,11.658,19.533,0.778,1.226,20.070,21.203,0.747,0.751,11.665,19.524,0.189,9.005,9.796,0.018,4155.000,89.951,45.133,9.005,54.930,ON,Hazy with passing clouds; Hybrid loop operating; Ceff=1.54x
246,10:02:30,33.630,63.320,61.270,45.630,44.190,32.000,1.186,16.380,17.415,0.713,1.124,686.600,1056.600,1.539,11.676,19.570,0.779,1.228,20.067,21.201,0.747,0.752,11.679,19.574,0.189,9.000,9.802,0.018,4155.000,90.179,45.158,9.000,54.960,ON,Hazy with passing clouds; Hybrid loop operating; Ceff=1.54x
247,10:03:00,33.640,63.350,61.300,45.650,44.210,32.000,1.187,16.378,17.414,0.713,1.125,687.200,1057.900,1.540,11.684,19.592,0.780,1.230,20.065,21.200,0.747,0.751,11.678,19.591,0.189,8.991,9.798,0.018,4155.000,90.255,45.141,8.991,54.939,ON,Hazy with passing clouds; Hybrid loop operating; Ceff=1.54x
248,10:03:30,33.650,63.360,61.310,45.660,44.220,32.010,1.188,16.378,17.413,0.713,1.125,687.200,1058.300,1.540,11.684,19.598,0.780,1.230,20.064,21.199,0.747,0.752,11.678,19.590,0.189,8.991,9.794,0.018,4155.000,90.331,45.161,8.991,54.955,ON,Hazy with passing clouds; Hybrid loop operating; Ceff=1.54x
249,10:04:00,33.650,63.360,61.310,45.660,44.230,32.010,1.188,16.378,17.413,0.713,1.125,686.700,1058.100,1.541,11.676,19.593,0.779,1.230,20.064,21.199,0.747,0.751,11.678,19.590,0.189,8.997,9.796,0.018,4155.000,90.331,45.170,8.997,54.966,ON,Hazy with passing clouds; Hybrid loop operating; Ceff=1.54x
250,10:04:30,33.660,63.330,61.300,45.650,44.230,32.010,1.187,16.379,17.413,0.712,1.125,686.100,1057.400,1.541,11.666,19.582,0.778,1.229,20.065,21.199,0.747,0.752,11.662,19.590,0.189,8.993,9.802,0.018,4155.000,90.255,45.162,8.993,54.964,ON,Hazy with passing clouds; Hybrid loop operating; Ceff=1.54x
251,10:05:00,33.670,63.300,61.280,45.630,44.220,32.010,1.186,16.381,17.414,0.712,1.124,685.400,1056.800,1.542,11.656,19.572,0.778,1.228,20.067,21.200,0.747,0.752,11.663,19.573,0.189,9.004,9.800,0.018,4155.000,90.179,45.149,9.004,54.949,ON,Hazy with passing clouds; Hybrid loop operating; Ceff=1.54x
252,10:05:30,33.680,63.260,61.250,45.610,44.200,32.020,1.186,16.383,17.415,0.711,1.124,685.000,1056.600,1.542,11.651,19.570,0.777,1.228,20.069,21.201,0.747,0.752,11.648,19.574,0.189,8.997,9.802,0.018,4155.000,90.179,45.158,8.997,54.960,ON,Hazy with passing clouds; Hybrid loop operating; Ceff=1.54x
253,10:06:00,33.680,63.220,61.220,45.590,44.190,32.020,1.187,16.385,17.416,0.711,1.124,685.100,1057.200,1.543,11.655,19.582,0.777,1.229,20.071,21.202,0.747,0.751,11.650,19.576,0.189,8.997,9.797,0.018,4155.000,90.255,45.170,8.997,54.967,ON,Hazy with passing clouds; Hybrid loop operating; Ceff=1.54x
254,10:06:30,33.690,63.190,61.200,45.580,44.180,32.020,1.189,16.386,17.417,0.712,1.126,685.800,1058.800,1.544,11.668,19.612,0.778,1.231,20.073,21.203,0.747,0.751,11.667,19.612,0.189,9.001,9.800,0.018,4155.000,90.407,45.178,9.001,54.978,ON,Hazy with passing clouds; Hybrid loop operating; Ceff=1.54x
255,10:07:00,33.700,63.170,61.190,45.570,44.180,32.030,1.192,16.387,17.417,0.714,1.129,687.200,1061.400,1.544,11.693,19.661,0.780,1.234,20.074,21.203,0.747,0.751,11.700,19.664,0.189,9.009,9.802,0.018,4155.000,90.636,45.181,9.009,54.983,ON,Hazy with passing clouds; Hybrid loop operating; Ceff=1.54x
256,10:07:30,33.710,63.170,61.190,45.570,44.190,32.030,1.197,16.387,17.417,0.716,1.133,689.200,1064.900,1.545,11.726,19.726,0.782,1.238,20.074,21.203,0.747,0.751,11.733,19.733,0.189,9.008,9.805,0.018,4155.000,91.016,45.222,9.008,55.026,ON,Hazy with passing clouds; Hybrid loop operating; Ceff=1.55x
257,10:08:00,33.710,63.190,61.210,45.590,44.210,32.040,1.203,16.386,17.416,0.718,1.137,691.500,1069.100,1.546,11.765,19.801,0.785,1.243,20.073,21.202,0.747,0.751,11.765,19.802,0.189,9.002,9.800,0.018,4155.000,91.472,45.270,9.002,55.070,ON,Hazy with passing clouds; Hybrid loop operating; Ceff=1.55x
258,10:08:30,33.720,63.220,61.250,45.620,44.230,32.040,1.209,16.384,17.414,0.721,1.142,694.100,1073.400,1.547,11.806,19.880,0.788,1.248,20.070,21.200,0.746,0.751,11.813,19.887,0.189,9.005,9.803,0.018,4155.000,91.928,45.313,9.005,55.116,ON,Hazy with passing clouds; Hybrid loop operating; Ceff=1.55x
259,10:09:00,33.730,63.280,61.300,45.660,44.270,32.050,1.215,16.381,17.412,0.723,1.146,696.500,1077.700,1.547,11.844,19.955,0.790,1.253,20.067,21.197,0.747,0.751,11.843,19.954,0.189,8.997,9.797,0.018,4155.000,92.384,45.356,8.997,55.153,ON,Hazy with passing clouds; Hybrid loop operating; Ceff=1.55x
260,10:09:30,33.740,63.350,61.360,45.710,44.310,32.050,1.220,16.377,17.409,0.725,1.150,698.500,1081.400,1.548,11.875,20.020,0.793,1.257,20.062,21.194,0.746,0.751,11.873,20.020,0.189,8.994,9.795,0.018,4155.000,92.765,45.387,8.994,55.183,ON,Hazy with passing clouds; Hybrid loop operating; Ceff=1.55x
261,10:10:00,33.750,63.430,61.430,45.760,44.360,32.060,1.225,16.372,17.406,0.727,1.153,700.100,1084.300,1.549,11.897,20.070,0.794,1.260,20.057,21.191,0.747,0.752,11.902,20.069,0.189,8.995,9.793,0.018,4155.000,93.145,45.451,8.995,55.244,ON,Hazy with passing clouds; Hybrid loop operating; Ceff=1.55x
262,10:10:30,33.760,63.520,61.510,45.820,44.410,32.060,1.228,16.367,17.403,0.728,1.155,701.000,1086.400,1.550,11.909,20.103,0.795,1.263,20.052,21.187,0.747,0.751,11.915,20.100,0.189,8.993,9.789,0.018,4155.000,93.373,45.475,8.993,55.264,ON,Hazy with passing clouds; Hybrid loop operating; Ceff=1.55x
263,10:11:00,33.770,63.610,61.590,45.880,44.460,32.070,1.229,16.362,17.400,0.728,1.156,701.500,1087.700,1.551,11.913,20.122,0.796,1.264,20.047,21.184,0.747,0.751,11.912,20.114,0.189,8.984,9.784,0.018,4155.000,93.449,45.457,8.984,55.242,ON,Hazy with passing clouds; Hybrid loop operating; Ceff=1.55x
264,10:11:30,33.780,63.680,61.660,45.930,44.510,32.080,1.230,16.358,17.397,0.728,1.157,701.600,1088.400,1.551,11.910,20.131,0.796,1.265,20.042,21.181,0.747,0.751,11.909,20.128,0.189,8.981,9.785,0.018,4155.000,93.525,45.465,8.981,55.250,ON,Hazy with passing clouds; Hybrid loop operating; Ceff=1.55x
265,10:12:00,33.790,63.750,61.720,45.970,44.550,32.080,1.231,16.354,17.394,0.728,1.158,701.500,1088.900,1.552,11.906,20.137,0.796,1.265,20.038,21.178,0.746,0.752,11.906,20.142,0.189,8.980,9.787,0.018,4155.000,93.601,45.481,8.980,55.268,ON,Hazy with passing clouds; Hybrid loop operating; Ceff=1.55x
266,10:12:30,33.800,63.800,61.760,46.010,44.580,32.090,1.232,16.351,17.392,0.728,1.158,701.600,1089.600,1.553,11.904,20.147,0.796,1.266,20.035,21.176,0.746,0.752,11.904,20.140,0.189,8.977,9.780,0.018,4155.000,93.677,45.489,8.977,55.269,ON,Hazy with passing clouds; Hybrid loop operating; Ceff=1.55x
267,10:13:00,33.810,63.830,61.790,46.030,44.600,32.100,1.234,16.349,17.391,0.728,1.160,702.000,1090.800,1.554,11.909,20.168,0.796,1.267,20.033,21.174,0.747,0.752,11.902,20.174,0.189,8.971,9.785,0.018,4155.000,93.829,45.512,8.971,55.298,ON,Hazy with passing clouds; Hybrid loop operating; Ceff=1.55x
268,10:13:30,33.820,63.850,61.810,46.050,44.620,32.110,1.237,16.348,17.390,0.729,1.162,703.000,1093.000,1.555,11.925,20.207,0.797,1.270,20.031,21.173,0.747,0.751,11.918,20.207,0.189,8.970,9.782,0.018,4155.000,94.057,45.531,8.970,55.313,ON,Hazy with passing clouds; Hybrid loop operating; Ceff=1.55x
269,10:14:00,33.840,63.850,61.820,46.050,44.630,32.110,1.241,16.348,17.389,0.731,1.165,704.600,1096.200,1.556,11.953,20.265,0.799,1.274,20.031,21.173,0.747,0.751,11.950,20.258,0.189,8.974,9.778,0.018,4155.000,94.361,45.545,8.974,55.323,ON,Hazy with passing clouds; Hybrid loop operating; Ceff=1.56x
270,10:14:30,33.850,63.840,61.820,46.060,44.640,32.120,1.247,16.348,17.389,0.734,1.170,706.900,1100.400,1.557,11.992,20.342,0.802,1.279,20.031,21.172,0.746,0.751,11.999,20.345,0.189,8.981,9.782,0.018,4155.000,94.818,45.591,8.981,55.373,ON,Hazy with passing clouds; Hybrid loop operating; Ceff=1.56x
271,10:15:00,33.860,63.830,61.820,46.050,44.650,32.130,1.255,16.349,17.389,0.736,1.175,709.700,1105.400,1.558,12.040,20.435,0.805,1.284,20.032,21.172,0.747,0.752,12.033,20.432,0.189,8.971,9.780,0.018,4155.000,95.426,45.676,8.971,55.455,ON,Hazy with passing clouds; Hybrid loop operating; Ceff=1.56x
272,10:15:30,33.880,63.810,61.820,46.050,44.650,32.140,1.262,16.349,17.389,0.740,1.181,712.800,1110.900,1.558,12.093,20.536,0.808,1.291,20.033,21.172,0.747,0.751,12.098,20.536,0.189,8.980,9.781,0.018,4155.000,95.958,45.703,8.980,55.484,ON,Hazy with passing clouds; Hybrid loop operating; Ceff=1.56x
273,10:16:00,33.890,63.800,61.810,46.050,44.660,32.150,1.270,16.350,17.388,0.743,1.187,716.000,1116.500,1.559,12.147,20.639,0.812,1.297,20.033,21.172,0.747,0.752,12.148,20.640,0.189,8.977,9.781,0.018,4155.000,96.566,45.762,8.977,55.543,ON,Hazy with passing clouds; Hybrid loop operating; Ceff=1.56x
274,10:16:30,33.910,63.800,61.820,46.060,44.680,32.160,1.278,16.350,17.388,0.746,1.193,718.900,1121.800,1.560,12.197,20.736,0.815,1.303,20.033,21.171,0.747,0.752,12.197,20.744,0.189,8.977,9.784,0.018,4155.000,97.175,45.833,8.977,55.617,ON,Hazy with passing clouds; Hybrid loop operating; Ceff=1.56x
275,10:17:00,33.920,63.800,61.840,46.070,44.700,32.160,1.285,16.349,17.387,0.749,1.198,721.500,1126.400,1.561,12.240,20.821,0.818,1.309,20.032,21.170,0.747,0.751,12.245,20.830,0.189,8.980,9.784,0.018,4155.000,97.707,45.896,8.980,55.680,ON,Hazy with passing clouds; Hybrid loop operating; Ceff=1.56x
276,10:17:30,33.940,63.830,61.870,46.090,44.730,32.170,1.290,16.347,17.385,0.751,1.201,723.400,1130.200,1.562,12.272,20.888,0.820,1.313,20.031,21.168,0.747,0.752,12.277,20.879,0.189,8.979,9.775,0.018,4155.000,98.087,45.919,8.979,55.694,ON,Hazy with passing clouds; Hybrid loop operating; Ceff=1.56x
277,10:18:00,33.950,63.870,61.910,46.130,44.760,32.180,1.294,16.345,17.383,0.752,1.205,724.800,1133.100,1.563,12.293,20.939,0.822,1.316,20.028,21.166,0.747,0.752,12.291,20.947,0.189,8.973,9.781,0.018,4155.000,98.391,45.944,8.973,55.725,ON,Hazy with passing clouds; Hybrid loop operating; Ceff=1.56x
278,10:18:30,33.970,63.920,61.960,46.170,44.800,32.190,1.297,16.342,17.381,0.753,1.207,725.800,1135.300,1.564,12.305,20.975,0.823,1.319,20.024,21.163,0.747,0.751,12.306,20.979,0.189,8.971,9.777,0.018,4155.000,98.619,45.961,8.971,55.738,ON,Hazy with passing clouds; Hybrid loop operating; Ceff=1.56x
279,10:19:00,33.990,63.990,62.030,46.220,44.850,32.200,1.300,16.338,17.378,0.754,1.209,726.400,1136.900,1.565,12.312,21.002,0.824,1.321,20.020,21.160,0.746,0.751,12.319,21.010,0.189,8.973,9.778,0.018,4155.000,98.847,46.002,8.973,55.780,ON,Hazy with passing clouds; Hybrid loop operating; Ceff=1.57x
280,10:19:30,34.010,64.080,62.110,46.280,44.900,32.210,1.302,16.333,17.375,0.754,1.210,726.900,1138.600,1.566,12.317,21.026,0.824,1.323,20.014,21.157,0.747,0.751,12.315,21.024,0.189,8.964,9.770,0.018,4155.000,99.000,46.004,8.964,55.774,ON,Hazy with passing clouds; Hybrid loop operating; Ceff=1.57x
281,10:20:00,34.020,64.170,62.200,46.340,44.960,32.220,1.305,16.327,17.371,0.755,1.212,727.700,1140.500,1.567,12.325,21.057,0.825,1.325,20.008,21.153,0.747,0.751,12.327,21.054,0.189,8.963,9.767,0.018,4155.000,99.228,46.034,8.963,55.801,ON,Hazy with passing clouds; Hybrid loop operating; Ceff=1.57x
282,10:20:30,34.040,64.270,62.290,46.410,45.020,32.230,1.309,16.322,17.367,0.756,1.215,728.900,1143.100,1.568,12.340,21.100,0.826,1.328,20.002,21.148,0.747,0.751,12.339,21.101,0.189,8.957,9.767,0.018,4155.000,99.532,46.070,8.957,55.837,ON,Hazy with passing clouds; Hybrid loop operating; Ceff=1.57x
283,10:21:00,34.060,64.380,62.380,46.480,45.080,32.240,1.314,16.316,17.363,0.758,1.219,730.700,1146.700,1.569,12.365,21.159,0.828,1.332,19.996,21.144,0.747,0.751,12.368,21.165,0.189,8.955,9.766,0.018,4155.000,99.912,46.101,8.955,55.867,ON,Hazy with passing clouds; Hybrid loop operating; Ceff=1.57x
284,10:21:30,34.080,64.480,62.470,46.550,45.140,32.250,1.320,16.310,17.359,0.760,1.223,733.200,1151.300,1.570,12.401,21.238,0.831,1.337,19.989,21.140,0.747,0.751,12.396,21.230,0.189,8.945,9.757,0.018,4155.000,100.368,46.126,8.945,55.883,ON,Hazy with passing clouds; Hybrid loop operating; Ceff=1.57x
285,10:22:00,34.100,64.580,62.560,46.620,45.200,32.260,1.328,16.304,17.355,0.763,1.229,736.200,1156.800,1.571,12.447,21.334,0.834,1.343,19.983,21.136,0.747,0.752,12.440,21.329,0.189,8.940,9.756,0.018,4155.000,100.976,46.185,8.940,55.941,ON,Hazy with passing clouds; Hybrid loop operating; Ceff=1.57x
286,10:22:30,34.120,64.660,62.640,46.680,45.260,32.280,1.337,16.299,17.352,0.767,1.236,739.700,1163.000,1.572,12.500,21.443,0.838,1.351,19.978,21.132,0.747,0.751,12.501,21.447,0.189,8.942,9.757,0.018,4155.000,101.661,46.250,8.942,56.007,ON,Hazy with passing clouds; Hybrid loop operating; Ceff=1.57x
287,10:23:00,34.140,64.740,62.720,46.730,45.320,32.290,1.347,16.295,17.349,0.771,1.243,743.300,1169.500,1.573,12.558,21.557,0.842,1.358,19.973,21.128,0.747,0.751,12.563,21.565,0.189,8.943,9.756,0.018,4155.000,102.421,46.337,8.943,56.093,ON,Hazy with passing clouds; Hybrid loop operating; Ceff=1.57x
288,10:23:30,34.170,64.800,62.780,46.780,45.370,32.300,1.356,16.291,17.346,0.774,1.249,746.900,1175.800,1.574,12.614,21.670,0.846,1.365,19.969,21.125,0.747,0.752,12.609,21.665,0.189,8.932,9.749,0.018,4155.000,103.105,46.397,8.932,56.146,ON,Hazy with passing clouds; Hybrid loop operating; Ceff=1.57x
289,10:24:00,34.190,64.850,62.840,46.820,45.410,32.310,1.365,16.288,17.343,0.778,1.256,750.100,1181.700,1.575,12.666,21.775,0.850,1.372,19.965,21.122,0.746,0.751,12.672,21.783,0.189,8.939,9.753,0.018,4155.000,103.790,46.471,8.939,56.225,ON,Hazy with passing clouds; Hybrid loop operating; Ceff=1.58x
290,10:24:30,34.210,64.890,62.880,46.860,45.450,32.320,1.372,16.286,17.341,0.780,1.261,752.900,1186.800,1.576,12.710,21.865,0.853,1.378,19.963,21.120,0.746,0.751,12.703,21.867,0.189,8.927,9.749,0.018,4155.000,104.322,46.509,8.927,56.258,ON,Hazy with passing clouds; Hybrid loop operating; Ceff=1.58x
291,10:25:00,34.230,64.920,62.920,46.880,45.480,32.330,1.378,16.284,17.339,0.783,1.265,755.000,1190.900,1.577,12.744,21.938,0.855,1.383,19.961,21.118,0.747,0.751,12.750,21.934,0.189,8.935,9.745,0.018,4155.000,104.778,46.552,8.935,56.296,ON,Hazy with passing clouds; Hybrid loop operating; Ceff=1.58x
292,10:25:30,34.260,64.940,62.950,46.900,45.510,32.340,1.383,16.282,17.338,0.784,1.269,756.500,1194.100,1.578,12.769,21.995,0.857,1.386,19.959,21.116,0.747,0.752,12.765,22.002,0.189,8.928,9.749,0.018,4155.000,105.158,46.595,8.928,56.344,ON,Hazy with passing clouds; Hybrid loop operating; Ceff=1.58x
293,10:26:00,34.280,64.950,62.980,46.920,45.540,32.350,1.387,16.281,17.336,0.785,1.271,757.600,1196.600,1.579,12.786,22.039,0.858,1.389,19.958,21.115,0.747,0.751,12.781,22.034,0.189,8.926,9.743,0.018,4155.000,105.463,46.632,8.926,56.375,ON,Hazy with passing clouds; Hybrid loop operating; Ceff=1.58x
294,10:26:30,34.300,64.970,63.010,46.940,45.570,32.360,1.390,16.279,17.335,0.786,1.273,758.500,1198.700,1.580,12.799,22.075,0.859,1.392,19.956,21.113,0.747,0.751,12.795,22.067,0.189,8.926,9.740,0.018,4155.000,105.691,46.651,8.926,56.392,ON,Hazy with passing clouds; Hybrid loop operating; Ceff=1.58x
295,10:27:00,34.330,65.000,63.040,46.970,45.600,32.370,1.393,16.278,17.333,0.787,1.276,759.400,1200.900,1.581,12.812,22.112,0.860,1.394,19.954,21.111,0.747,0.751,12.811,22.117,0.189,8.926,9.744,0.018,4155.000,105.919,46.666,8.926,56.411,ON,Hazy with passing clouds; Hybrid loop operating; Ceff=1.58x
296,10:27:30,34.350,65.040,63.090,47.000,45.630,32.380,1.397,16.275,17.331,0.788,1.278,760.500,1203.500,1.582,12.829,22.156,0.861,1.397,19.951,21.109,0.747,0.751,12.825,22.149,0.189,8.922,9.737,0.018,4155.000,106.223,46.699,8.922,56.437,ON,Hazy with passing clouds; Hybrid loop operating; Ceff=1.58x
297,10:28:00,34.370,65.090,63.140,47.040,45.680,32.390,1.402,16.272,17.329,0.790,1.282,762.100,1206.800,1.583,12.853,22.214,0.863,1.401,19.947,21.106,0.747,0.751,12.855,22.216,0.189,8.925,9.740,0.018,4155.000,106.603,46.738,8.925,56.478,ON,Hazy with passing clouds; Hybrid loop operating; Ceff=1.58x
298,10:28:30,34.400,65.170,63.220,47.090,45.730,32.400,1.408,16.267,17.326,0.792,1.286,764.400,1211.000,1.584,12.886,22.287,0.866,1.406,19.943,21.103,0.746,0.751,12.883,22.281,0.189,8.918,9.735,0.018,4155.000,107.059,46.776,8.918,56.510,ON,Hazy with passing clouds; Hybrid loop operating; Ceff=1.58x
299,10:29:00,34.420,65.260,63.310,47.160,45.790,32.410,1.416,16.262,17.322,0.795,1.292,767.200,1216.300,1.585,12.928,22.377,0.869,1.412,19.937,21.099,0.746,0.751,12.928,22.380,0.189,8.916,9.735,0.018,4155.000,107.668,46.836,8.916,56.572,ON,Hazy with passing clouds; Hybrid loop operating; Ceff=1.59x
300,10:29:30,34.450,65.370,63.410,47.230,45.860,32.430,1.425,16.255,17.317,0.798,1.298,770.500,1222.300,1.586,12.977,22.481,0.873,1.419,19.930,21.094,0.746,0.751,12.971,22.477,0.189,8.907,9.730,0.018,4155.000,108.352,46.903,8.907,56.633,ON,Hazy with passing clouds; Hybrid loop operating; Ceff=1.59x
301,10:30:00,34.470,65.500,63.530,47.320,45.940,32.440,1.434,16.248,17.313,0.802,1.305,774.100,1228.800,1.587,13.031,22.592,0.877,1.426,19.922,21.089,0.746,0.751,13.031,22.593,0.189,8.907,9.728,0.018,4155.000,109.036,46.949,8.907,56.678,ON,Hazy with passing clouds; Hybrid loop operating; Ceff=1.59x
302,10:30:30,34.500,65.640,63.660,47.410,46.030,32.450,1.444,16.240,17.307,0.806,1.312,777.800,1235.300,1.588,13.085,22.704,0.881,1.434,19.913,21.083,0.746,0.751,13.089,22.707,0.189,8.904,9.726,0.018,4155.000,109.797,47.028,8.904,56.754,ON,Hazy with passing clouds; Hybrid loop operating; Ceff=1.59x
303,10:31:00,34.520,65.780,63.790,47.510,46.110,32.460,1.453,16.232,17.302,0.809,1.318,781.300,1241.600,1.589,13.135,22.810,0.884,1.441,19.904,21.077,0.747,0.751,13.132,22.804,0.189,8.893,9.718,0.018,4155.000,110.481,47.081,8.893,56.799,ON,Hazy with passing clouds; Hybrid loop operating; Ceff=1.59x
304,10:31:30,34.550,65.920,63.920,47.600,46.200,32.460,1.462,16.224,17.296,0.812,1.324,784.300,1247.100,1.590,13.177,22.903,0.888,1.447,19.895,21.071,0.746,0.751,13.174,22.900,0.189,8.887,9.716,0.018,4155.000,111.165,47.164,8.887,56.879,ON,Hazy with passing clouds; Hybrid loop operating; Ceff=1.59x
305,10:32:00,34.570,66.060,64.040,47.690,46.280,32.470,1.469,16.216,17.291,0.815,1.329,786.700,1251.700,1.591,13.210,22.979,0.890,1.452,19.887,21.065,0.746,0.751,13.216,22.980,0.189,8.889,9.714,0.018,4155.000,111.698,47.215,8.889,56.929,ON,Hazy with passing clouds; Hybrid loop operating; Ceff=1.59x
306,10:32:30,34.600,66.180,64.160,47.780,46.360,32.480,1.474,16.209,17.287,0.816,1.333,788.500,1255.300,1.592,13.233,23.036,0.892,1.456,19.879,21.060,0.746,0.751,13.227,23.044,0.189,8.875,9.713,0.018,4155.000,112.078,47.240,8.875,56.953,ON,Hazy with passing clouds; Hybrid loop operating; Ceff=1.59x
307,10:33:00,34.620,66.280,64.260,47.850,46.430,32.490,1.478,16.203,17.282,0.818,1.335,789.700,1257.900,1.593,13.247,23.078,0.893,1.459,19.872,21.056,0.746,0.751,13.254,23.071,0.189,8.880,9.704,0.018,4155.000,112.382,47.270,8.880,56.975,ON,Hazy with passing clouds; Hybrid loop operating; Ceff=1.59x
308,10:33:30,34.650,66.370,64.340,47.910,46.490,32.500,1.481,16.198,17.279,0.818,1.337,790.500,1259.900,1.594,13.255,23.108,0.894,1.462,19.867,21.052,0.746,0.751,13.250,23.102,0.189,8.869,9.702,0.018,4155.000,112.610,47.291,8.869,56.993,ON,Hazy with passing clouds; Hybrid loop operating; Ceff=1.59x
309,10:34:00,34.670,66.440,64.410,47.950,46.530,32.510,1.483,16.194,17.276,0.819,1.339,791.100,1261.600,1.595,13.261,23.135,0.895,1.464,19.862,21.049,0.746,0.751,13.263,23.133,0.189,8.870,9.702,0.018,4155.000,112.762,47.291,8.870,56.993,ON,Hazy with passing clouds; Hybrid loop operating; Ceff=1.59x
310,10:34:30,34.690,66.490,64.470,47.990,46.570,32.520,1.486,16.191,17.274,0.820,1.341,791.800,1263.400,1.596,13.269,23.165,0.896,1.466,19.859,21.046,0.746,0.751,13.277,23.164,0.189,8.872,9.701,0.018,4155.000,112.990,47.319,8.872,57.020,ON,Hazy with passing clouds; Hybrid loop operating; Ceff=1.6x
311,10:35:00,34.720,66.520,64.510,48.020,46.610,32.530,1.490,16.188,17.272,0.821,1.343,792.800,1265.700,1.596,13.284,23.204,0.897,1.468,19.856,21.044,0.746,0.751,13.290,23.196,0.189,8.870,9.697,0.018,4155.000,113.294,47.360,8.870,57.057,ON,Hazy with passing clouds; Hybrid loop operating; Ceff=1.6x
312,10:35:30,34.740,66.550,64.550,48.040,46.640,32.540,1.494,16.187,17.271,0.822,1.347,794.400,1268.900,1.597,13.308,23.259,0.899,1.472,19.854,21.043,0.746,0.751,13.306,23.264,0.189,8.862,9.701,0.018,4155.000,113.599,47.368,8.862,57.068,ON,Hazy with passing clouds; Hybrid loop operating; Ceff=1.6x
313,10:36:00,34.760,66.580,64.580,48.060,46.660,32.540,1.501,16.185,17.269,0.824,1.351,796.500,1272.900,1.598,13.342,23.331,0.901,1.477,19.852,21.041,0.746,0.751,13.336,23.330,0.189,8.859,9.698,0.018,4155.000,114.131,47.440,8.859,57.138,ON,Hazy with passing clouds; Hybrid loop operating; Ceff=1.6x
314,10:36:30,34.790,66.600,64.620,48.080,46.690,32.550,1.508,16.183,17.267,0.827,1.356,799.100,1277.900,1.599,13.384,23.419,0.904,1.482,19.850,21.039,0.746,0.751,13.383,23.414,0.189,8.861,9.694,0.018,4155.000,114.663,47.475,8.861,57.169,ON,Hazy with passing clouds; Hybrid loop operating; Ceff=1.6x
315,10:37:00,34.810,66.640,64.670,48.110,46.730,32.560,1.517,16.180,17.266,0.830,1.362,802.200,1283.400,1.600,13.433,23.518,0.907,1.489,19.847,21.037,0.746,0.751,13.429,23.516,0.189,8.858,9.695,0.018,4155.000,115.347,47.554,8.858,57.249,ON,Hazy with passing clouds; Hybrid loop operating; Ceff=1.6x
316,10:37:30,34.830,66.690,64.730,48.150,46.770,32.560,1.525,16.177,17.263,0.834,1.368,805.500,1289.300,1.601,13.484,23.622,0.911,1.495,19.844,21.034,0.746,0.751,13.492,23.616,0.189,8.862,9.691,0.018,4155.000,115.956,47.586,8.862,57.277,ON,Hazy with passing clouds; Hybrid loop operating; Ceff=1.6x
317,10:38:00,34.850,66.760,64.800,48.200,46.820,32.570,1.534,16.173,17.260,0.837,1.374,808.700,1295.100,1.602,13.533,23.722,0.914,1.502,19.839,21.031,0.746,0.751,13.537,23.715,0.189,8.857,9.689,0.018,4155.000,116.640,47.652,8.857,57.341,ON,Hazy with passing clouds; Hybrid loop operating; Ceff=1.6x
318,10:38:30,34.870,66.850,64.880,48.260,46.880,32.580,1.542,16.168,17.257,0.840,1.380,811.500,1300.300,1.602,13.575,23.811,0.918,1.508,19.833,21.027,0.746,0.751,13.581,23.815,0.189,8.855,9.690,0.018,4155.000,117.248,47.709,8.855,57.399,ON,Hazy with passing clouds; Hybrid loop operating; Ceff=1.6x
319,10:39:00,34.900,66.950,64.980,48.320,46.950,32.580,1.549,16.162,17.253,0.842,1.384,813.800,1304.600,1.603,13.607,23.884,0.920,1.513,19.827,21.023,0.746,0.751,13.608,23.878,0.189,8.848,9.684,0.018,4155.000,117.781,47.768,8.848,57.452,ON,Hazy with passing clouds; Hybrid loop operating; Ceff=1.6x
320,10:39:30,34.920,67.070,65.100,48.400,47.020,32.590,1.554,16.155,17.248,0.844,1.388,815.500,1307.900,1.604,13.628,23.937,0.922,1.517,19.819,21.018,0.746,0.751,13.635,23.940,0.189,8.846,9.685,0.018,4155.000,118.161,47.801,8.846,57.486,ON,Hazy with passing clouds; Hybrid loop operating; Ceff=1.6x
321,10:40:00,34.940,67.200,65.210,48.480,47.090,32.590,1.557,16.147,17.244,0.845,1.390,816.500,1310.200,1.605,13.637,23.970,0.923,1.519,19.811,21.013,0.746,0.751,13.644,23.969,0.189,8.842,9.680,0.018,4155.000,118.389,47.809,8.842,57.489,ON,Hazy with passing clouds; Hybrid loop operating; Ceff=1.6x
322,10:40:30,34.960,67.340,65.340,48.570,47.170,32.600,1.559,16.140,17.239,0.845,1.391,817.000,1311.600,1.605,13.637,23.988,0.923,1.521,19.803,21.008,0.746,0.751,13.638,23.979,0.189,8.832,9.673,0.018,4155.000,118.541,47.819,8.832,57.493,ON,Hazy with passing clouds; Hybrid loop operating; Ceff=1.61x
323,10:41:00,34.970,67.470,65.460,48.650,47.240,32.600,1.561,16.132,17.234,0.845,1.392,817.100,1312.400,1.606,13.631,23.995,0.923,1.522,19.794,21.003,0.746,0.751,13.632,23.990,0.189,8.827,9.672,0.018,4155.000,118.693,47.852,8.827,57.523,ON,Hazy with passing clouds; Hybrid loop operating; Ceff=1.61x
324,10:41:30,34.990,67.600,65.580,48.730,47.310,32.610,1.562,16.125,17.230,0.845,1.393,817.200,1313.100,1.607,13.624,23.999,0.923,1.522,19.786,20.998,0.746,0.751,13.626,24.001,0.189,8.822,9.671,0.018,4155.000,118.769,47.857,8.822,57.528,ON,Hazy with passing clouds; Hybrid loop operating; Ceff=1.61x
325,10:42:00,35.010,67.720,65.690,48.800,47.380,32.610,1.563,16.118,17.226,0.845,1.394,817.400,1314.100,1.608,13.621,24.010,0.924,1.523,19.779,20.993,0.745,0.751,13.620,24.013,0.189,8.816,9.668,0.018,4155.000,118.845,47.851,8.816,57.519,ON,Hazy with passing clouds; Hybrid loop operating; Ceff=1.61x
326,10:42:30,35.030,67.830,65.790,48.870,47.440,32.620,1.566,16.112,17.222,0.846,1.395,818.100,1315.600,1.608,13.625,24.032,0.924,1.525,19.772,20.989,0.746,0.751,13.631,24.025,0.189,8.816,9.662,0.018,4155.000,119.073,47.888,8.816,57.550,ON,Hazy with passing clouds; Hybrid loop operating; Ceff=1.61x
327,10:43:00,35.040,67.920,65.870,48.930,47.490,32.620,1.569,16.106,17.219,0.847,1.398,819.200,1318.100,1.609,13.639,24.072,0.925,1.528,19.766,20.986,0.746,0.751,13.642,24.072,0.189,8.811,9.663,0.018,4155.000,119.301,47.889,8.811,57.552,ON,Hazy with passing clouds; Hybrid loop operating; Ceff=1.61x
328,10:43:30,35.060,67.990,65.940,48.970,47.540,32.620,1.575,16.102,17.216,0.849,1.402,821.000,1321.500,1.610,13.663,24.129,0.927,1.532,19.762,20.983,0.746,0.751,13.671,24.137,0.189,8.810,9.664,0.018,4155.000,119.757,47.948,8.810,57.612,ON,Hazy with passing clouds; Hybrid loop operating; Ceff=1.61x
329,10:44:00,35.080,68.050,66.000,49.010,47.570,32.630,1.581,16.099,17.214,0.851,1.406,823.200,1325.600,1.610,13.697,24.201,0.930,1.537,19.758,20.980,0.745,0.751,13.700,24.203,0.189,8.806,9.660,0.018,4155.000,120.214,47.982,8.806,57.642,ON,Hazy with passing clouds; Hybrid loop operating; Ceff=1.61x
330,10:44:30,35.090,68.090,66.050,49.030,47.600,32.630,1.588,16.096,17.212,0.853,1.411,825.800,1330.300,1.611,13.737,24.284,0.933,1.542,19.755,20.978,0.745,0.751,13.730,24.286,0.189,8.797,9.659,0.018,4155.000,120.746,48.024,8.797,57.684,ON,Hazy with passing clouds; Hybrid loop operating; Ceff=1.61x
331,10:45:00,35.110,68.120,66.090,49.050,47.630,32.630,1.596,16.094,17.211,0.856,1.416,828.500,1335.200,1.612,13.779,24.369,0.936,1.547,19.753,20.977,0.745,0.751,13.776,24.371,0.189,8.798,9.657,0.018,4155.000,121.354,48.089,8.798,57.747,ON,Hazy with passing clouds; Hybrid loop operating; Ceff=1.61x
332,10:45:30,35.120,68.140,66.120,49.070,47.650,32.630,1.603,16.092,17.210,0.859,1.421,830.900,1339.700,1.612,13.819,24.450,0.938,1.553,19.751,20.976,0.746,0.751,13.823,24.455,0.189,8.802,9.658,0.018,4155.000,121.887,48.138,8.802,57.796,ON,Hazy with passing clouds; Hybrid loop operating; Ceff=1.61x
333,10:46:00,35.130,68.160,66.150,49.080,47.670,32.640,1.609,16.091,17.209,0.861,1.425,833.000,1343.600,1.613,13.852,24.519,0.941,1.557,19.749,20.975,0.745,0.751,13.854,24.523,0.189,8.800,9.657,0.018,4155.000,122.343,48.178,8.800,57.835,ON,Hazy with passing clouds; Hybrid loop operating; Ceff=1.61x
334,10:46:30,35.140,68.180,66.170,49.090,47.690,32.640,1.613,16.090,17.208,0.862,1.428,834.500,1346.500,1.614,13.875,24.571,0.942,1.561,19.748,20.974,0.746,0.750,13.870,24.573,0.189,8.794,9.656,0.018,4155.000,122.647,48.193,8.794,57.849,ON,Hazy with passing clouds; Hybrid loop operating; Ceff=1.61x
335,10:47:00,35.160,68.200,66.200,49.110,47.710,32.640,1.616,16.088,17.207,0.863,1.430,835.300,1348.300,1.614,13.888,24.603,0.943,1.563,19.746,20.973,0.746,0.751,13.884,24.606,0.189,8.794,9.656,0.018,4155.000,122.875,48.219,8.794,57.875,ON,Hazy with passing clouds; Hybrid loop operating; Ceff=1.61x
336,10:47:30,35.170,68.220,66.240,49.120,47.730,32.640,1.617,16.086,17.206,0.863,1.431,835.600,1349.200,1.615,13.889,24.617,0.944,1.564,19.744,20.971,0.745,0.751,13.882,24.622,0.189,8.790,9.656,0.018,4155.000,122.951,48.216,8.790,57.872,ON,Hazy with passing clouds; Hybrid loop operating; Ceff=1.61x
337,10:48:00,35.180,68.260,66.280,49.140,47.760,32.640,1.618,16.084,17.204,0.863,1.431,835.300,1349.300,1.615,13.883,24.617,0.943,1.564,19.742,20.970,0.746,0.751,13.880,24.619,0.189,8.792,9.654,0.018,4155.000,123.027,48.243,8.792,57.896,ON,Hazy with passing clouds; Hybrid loop operating; Ceff=1.62x
338,10:48:30,35.190,68.310,66.330,49.170,47.790,32.640,1.617,16.081,17.202,0.863,1.431,834.900,1349.100,1.616,13.872,24.609,0.943,1.563,19.739,20.968,0.745,0.751,13.878,24.616,0.189,8.795,9.654,0.018,4155.000,122.951,48.220,8.795,57.874,ON,Hazy with passing clouds; Hybrid loop operating; Ceff=1.62x
339,10:49:00,35.200,68.370,66.390,49.210,47.820,32.640,1.617,16.077,17.200,0.862,1.430,834.500,1348.900,1.616,13.861,24.601,0.942,1.563,19.735,20.966,0.746,0.751,13.858,24.596,0.189,8.787,9.648,0.018,4155.000,122.951,48.227,8.787,57.875,ON,Hazy with passing clouds; Hybrid loop operating; Ceff=1.62x
340,10:49:30,35.210,68.450,66.460,49.250,47.860,32.640,1.617,16.073,17.198,0.862,1.430,834.300,1349.100,1.617,13.854,24.601,0.942,1.563,19.730,20.963,0.745,0.751,13.855,24.593,0.189,8.787,9.645,0.018,4155.000,122.951,48.220,8.787,57.865,ON,Hazy with passing clouds; Hybrid loop operating; Ceff=1.62x
341,10:50:00,35.220,68.540,66.540,49.300,47.900,32.640,1.619,16.068,17.195,0.862,1.431,834.600,1350.100,1.618,13.854,24.614,0.942,1.564,19.724,20.960,0.746,0.751,13.851,24.606,0.189,8.781,9.643,0.018,4155.000,123.103,48.244,8.781,57.887,ON,Hazy with passing clouds; Hybrid loop operating; Ceff=1.62x
342,10:50:30,35.220,68.630,66.630,49.350,47.950,32.640,1.622,16.063,17.192,0.863,1.433,835.600,1352.000,1.618,13.863,24.644,0.943,1.567,19.718,20.957,0.746,0.750,13.862,24.636,0.189,8.778,9.641,0.018,4155.000,123.331,48.265,8.778,57.907,ON,Hazy with passing clouds; Hybrid loop operating; Ceff=1.62x
343,10:51:00,35.230,68.730,66.720,49.410,48.000,32.640,1.626,16.057,17.189,0.865,1.436,837.100,1354.900,1.619,13.882,24.691,0.945,1.570,19.712,20.953,0.745,0.751,13.889,24.683,0.189,8.779,9.639,0.018,4155.000,123.635,48.281,8.779,57.920,ON,Hazy with passing clouds; Hybrid loop operating; Ceff=1.62x
344,10:51:30,35.240,68.830,66.810,49.470,48.050,32.640,1.632,16.051,17.186,0.866,1.440,839.000,1358.500,1.619,13.908,24.751,0.947,1.574,19.706,20.950,0.745,0.751,13.900,24.748,0.189,8.766,9.639,0.018,4155.000,124.092,48.330,8.766,57.969,ON,Hazy with passing clouds; Hybrid loop operating; Ceff=1.62x
345,10:52:00,35.250,68.930,66.890,49.530,48.100,32.640,1.638,16.046,17.183,0.869,1.444,841.200,1362.500,1.620,13.939,24.818,0.949,1.579,19.700,20.946,0.746,0.750,13.944,24.812,0.189,8.771,9.635,0.018,4155.000,124.548,48.366,8.771,58.001,ON,Hazy with passing clouds; Hybrid loop operating; Ceff=1.62x
346,10:52:30,35.250,69.020,66.970,49.580,48.150,32.640,1.644,16.041,17.180,0.871,1.449,843.500,1366.500,1.620,13.970,24.886,0.952,1.583,19.694,20.943,0.745,0.751,13.972,24.894,0.189,8.764,9.639,0.018,4155.000,125.004,48.401,8.764,58.040,ON,Hazy with passing clouds; Hybrid loop operating; Ceff=1.62x
347,10:53:00,35.260,69.090,67.040,49.620,48.190,32.640,1.650,16.037,17.177,0.873,1.452,845.400,1370.200,1.621,13.998,24.948,0.954,1.587,19.690,20.940,0.745,0.751,14.000,24.941,0.189,8.762,9.631,0.018,4155.000,125.460,48.446,8.762,58.077,ON,Hazy with passing clouds; Hybrid loop operating; Ceff=1.62x
348,10:53:30,35.260,69.150,67.100,49.660,48.220,32.640,1.655,16.033,17.175,0.874,1.455,846.900,1373.000,1.621,14.019,24.996,0.956,1.591,19.686,20.938,0.745,0.750,14.013,24.990,0.189,8.755,9.630,0.018,4155.000,125.840,48.494,8.755,58.124,ON,Hazy with passing clouds; Hybrid loop operating; Ceff=1.62x
349,10:54:00,35.270,69.190,67.140,49.680,48.240,32.640,1.657,16.031,17.174,0.875,1.457,847.800,1374.900,1.622,14.032,25.028,0.957,1.593,19.683,20.937,0.745,0.750,14.027,25.023,0.189,8.754,9.629,0.018,4155.000,125.992,48.485,8.754,58.115,ON,Hazy with passing clouds; Hybrid loop operating; Ceff=1.62x
350,10:54:30,35.270,69.210,67.170,49.690,48.260,32.640,1.659,16.029,17.173,0.876,1.458,848.100,1375.700,1.622,14.035,25.042,0.957,1.594,19.682,20.936,0.745,0.750,14.041,25.038,0.189,8.760,9.630,0.018,4155.000,126.145,48.516,8.760,58.146,ON,Hazy with passing clouds; Hybrid loop operating; Ceff=1.62x
351,10:55:00,35.280,69.210,67.180,49.690,48.260,32.640,1.659,16.029,17.173,0.875,1.458,847.800,1375.700,1.623,14.030,25.041,0.957,1.594,19.682,20.936,0.745,0.750,14.025,25.038,0.189,8.753,9.630,0.018,4155.000,126.145,48.516,8.753,58.146,ON,Hazy with passing clouds; Hybrid loop operating; Ceff=1.62x
352,10:55:30,35.280,69.200,67.180,49.680,48.260,32.630,1.658,16.030,17.174,0.875,1.458,847.200,1375.100,1.623,14.020,25.031,0.956,1.593,19.682,20.936,0.745,0.751,14.026,25.040,0.189,8.760,9.635,0.018,4155.000,126.069,48.508,8.760,58.142,ON,Hazy with passing clouds; Hybrid loop operating; Ceff=1.62x
353,10:56:00,35.290,69.180,67.170,49.660,48.250,32.630,1.657,16.030,17.174,0.874,1.457,846.500,1374.300,1.623,14.009,25.017,0.955,1.592,19.683,20.937,0.745,0.751,14.010,25.023,0.189,8.757,9.634,0.018,4155.000,125.992,48.507,8.757,58.140,ON,Hazy with passing clouds; Hybrid loop operating; Ceff=1.62x
354,10:56:30,35.290,69.150,67.150,49.640,48.240,32.630,1.656,16.032,17.175,0.873,1.456,845.900,1373.700,1.624,14.001,25.009,0.954,1.591,19.684,20.938,0.746,0.751,13.996,25.007,0.189,8.754,9.632,0.018,4155.000,125.916,48.499,8.754,58.130,ON,Hazy with passing clouds; Hybrid loop operating; Ceff=1.62x
355,10:57:00,35.290,69.130,67.140,49.620,48.230,32.630,1.656,16.033,17.176,0.873,1.456,845.700,1373.800,1.624,13.999,25.012,0.954,1.591,19.686,20.939,0.745,0.751,13.997,25.008,0.189,8.757,9.632,0.018,4155.000,125.916,48.495,8.757,58.127,ON,Hazy with passing clouds; Hybrid loop operating; Ceff=1.62x
356,10:57:30,35.300,69.110,67.130,49.610,48.220,32.630,1.657,16.033,17.177,0.874,1.457,846.100,1374.700,1.625,14.006,25.030,0.955,1.593,19.686,20.940,0.745,0.750,14.013,25.027,0.189,8.763,9.632,0.018,4155.000,125.992,48.493,8.763,58.125,ON,Hazy with passing clouds; Hybrid loop operating; Ceff=1.62x
357,10:58:00,35.300,69.110,67.140,49.600,48.220,32.630,1.660,16.033,17.177,0.875,1.459,847.100,1376.700,1.625,14.022,25.066,0.956,1.595,19.686,20.940,0.745,0.750,14.029,25.061,0.189,8.762,9.632,0.018,4155.000,126.221,48.510,8.762,58.141,ON,Hazy with passing clouds; Hybrid loop operating; Ceff=1.63x
358,10:58:30,35.300,69.120,67.160,49.610,48.230,32.630,1.665,16.032,17.176,0.876,1.462,848.600,1379.600,1.626,14.046,25.117,0.958,1.598,19.685,20.939,0.745,0.751,14.044,25.111,0.189,8.756,9.631,0.018,4155.000,126.601,48.554,8.756,58.184,ON,Hazy with passing clouds; Hybrid loop operating; Ceff=1.63x
359,10:59:00,35.310,69.160,67.190,49.620,48.250,32.620,1.670,16.030,17.175,0.878,1.466,850.600,1383.100,1.626,14.077,25.180,0.960,1.602,19.683,20.938,0.745,0.751,14.074,25.179,0.189,8.755,9.632,0.018,4155.000,126.981,48.576,8.755,58.208,ON,Hazy with passing clouds; Hybrid loop operating; Ceff=1.63x
360,10:59:30,35.310,69.210,67.240,49.650,48.270,32.620,1.676,16.027,17.174,0.880,1.470,852.700,1386.900,1.626,14.109,25.246,0.962,1.607,19.680,20.936,0.745,0.750,14.104,25.246,0.189,8.751,9.631,0.018,4155.000,127.437,48.617,8.751,58.248,ON,Hazy with passing clouds; Hybrid loop operating; Ceff=1.63x
361,11:00:00,35.310,69.280,67.300,49.690,48.310,32.620,1.682,16.023,17.172,0.882,1.474,854.800,1390.600,1.627,14.139,25.310,0.964,1.611,19.675,20.934,0.745,0.750,14.132,25.312,0.189,8.748,9.631,0.018,4155.000,127.893,48.661,8.748,58.292,ON,Hazy with passing clouds; Hybrid loop operating; Ceff=1.63x
362,11:00:30,35.320,69.360,67.370,49.740,48.350,32.620,1.687,16.019,17.169,0.884,1.477,856.500,1393.800,1.627,14.162,25.362,0.966,1.614,19.671,20.931,0.745,0.751,14.161,25.359,0.189,8.748,9.626,0.018,4155.000,128.274,48.694,8.748,58.320,ON,Hazy with passing clouds; Hybrid loop operating; Ceff=1.63x
363,11:01:00,35.320,69.440,67.450,49.790,48.390,32.620,1.691,16.014,17.166,0.885,1.480,857.700,1396.100,1.628,14.177,25.399,0.968,1.617,19.665,20.928,0.745,0.751,14.172,25.406,0.189,8.743,9.628,0.018,4155.000,128.578,48.729,8.743,58.357,ON,Hazy with passing clouds; Hybrid loop operating; Ceff=1.63x
364,11:01:30,35.320,69.530,67.520,49.840,48.430,32.620,1.693,16.009,17.163,0.886,1.481,858.300,1397.400,1.628,14.181,25.418,0.968,1.619,19.660,20.925,0.745,0.750,14.184,25.418,0.189,8.744,9.624,0.018,4155.000,128.730,48.741,8.744,58.365,ON,Hazy with passing clouds; Hybrid loop operating; Ceff=1.63x
365,11:02:00,35.320,69.610,67.590,49.890,48.470,32.620,1.693,16.005,17.161,0.886,1.481,858.300,1397.700,1.628,14.177,25.419,0.968,1.619,19.655,20.922,0.745,0.750,14.180,25.415,0.189,8.742,9.621,0.018,4155.000,128.730,48.731,8.742,58.352,ON,Hazy with passing clouds; Hybrid loop operating; Ceff=1.63x
366,11:02:30,35.330,69.680,67.650,49.920,48.510,32.620,1.693,16.001,17.159,0.885,1.481,857.900,1397.300,1.629,14.165,25.408,0.967,1.618,19.651,20.920,0.745,0.751,14.161,25.412,0.189,8.734,9.623,0.018,4155.000,128.730,48.745,8.734,58.367,ON,Hazy with passing clouds; Hybrid loop operating; Ceff=1.63x
367,11:03:00,35.330,69.730,67.700,49.950,48.530,32.610,1.691,15.998,17.157,0.884,1.480,857.200,1396.400,1.629,14.149,25.389,0.967,1.617,19.647,20.918,0.745,0.751,14.142,25.392,0.189,8.729,9.621,0.018,4155.000,128.578,48.719,8.729,58.340,ON,Hazy with passing clouds; Hybrid loop operating; Ceff=1.63x
368,11:03:30,35.340,69.770,67.740,49.970,48.550,32.610,1.690,15.996,17.156,0.884,1.479,856.500,1395.600,1.629,14.135,25.372,0.966,1.616,19.645,20.917,0.745,0.751,14.140,25.374,0.189,8.735,9.620,0.018,4155.000,128.502,48.718,8.735,58.337,ON,Hazy with passing clouds; Hybrid loop operating; Ceff=1.63x
369,11:04:00,35.340,69.780,67.750,49.980,48.550,32.610,1.689,15.995,17.156,0.883,1.478,856.000,1395.100,1.630,14.127,25.363,0.965,1.616,19.644,20.917,0.745,0.750,14.124,25.357,0.189,8.730,9.617,0.018,4155.000,128.426,48.706,8.730,58.323,ON,Hazy with passing clouds; Hybrid loop operating; Ceff=1.63x
370,11:04:30,35.340,69.780,67.760,49.970,48.550,32.610,1.690,15.995,17.156,0.883,1.479,856.000,1395.400,1.630,14.127,25.369,0.965,1.616,19.644,20.917,0.745,0.751,14.124,25.374,0.189,8.730,9.621,0.018,4155.000,128.502,48.725,8.730,58.346,ON,Hazy with passing clouds; Hybrid loop operating; Ceff=1.63x
371,11:05:00,35.350,69.760,67.750,49.960,48.550,32.610,1.692,15.996,17.156,0.884,1.480,856.600,1396.700,1.630,14.138,25.393,0.966,1.618,19.645,20.918,0.745,0.750,14.140,25.391,0.189,8.734,9.619,0.018,4155.000,128.654,48.737,8.734,58.355,ON,Hazy with passing clouds; Hybrid loop operating; Ceff=1.63x
372,11:05:30,35.350,69.730,67.730,49.940,48.540,32.610,1.695,15.997,17.157,0.885,1.483,857.800,1399.000,1.631,14.159,25.436,0.967,1.620,19.647,20.918,0.745,0.751,14.157,25.444,0.189,8.732,9.623,0.018,4155.000,128.882,48.743,8.732,58.366,ON,Hazy with passing clouds; Hybrid loop operating; Ceff=1.63x
373,11:06:00,35.360,69.700,67.710,49.920,48.520,32.610,1.700,15.999,17.158,0.887,1.486,859.600,1402.100,1.631,14.190,25.495,0.969,1.624,19.648,20.920,0.745,0.750,14.191,25.497,0.189,8.735,9.622,0.018,4155.000,129.262,48.779,8.735,58.400,ON,Hazy with passing clouds; Hybrid loop operating; Ceff=1.63x
374,11:06:30,35.360,69.670,67.690,49.900,48.510,32.610,1.706,16.000,17.159,0.889,1.490,861.600,1405.800,1.631,14.226,25.563,0.972,1.628,19.650,20.921,0.745,0.751,14.224,25.567,0.189,8.735,9.623,0.018,4155.000,129.718,48.822,8.735,58.445,ON,Hazy with passing clouds; Hybrid loop operating; Ceff=1.63x
375,11:07:00,35.370,69.640,67.670,49.880,48.510,32.610,1.712,16.001,17.160,0.891,1.494,863.800,1409.500,1.632,14.263,25.633,0.974,1.633,19.651,20.921,0.745,0.750,14.257,25.637,0.189,8.733,9.624,0.018,4155.000,130.174,48.865,8.733,58.489,ON,Hazy with passing clouds; Hybrid loop operating; Ceff=1.63x
376,11:07:30,35.380,69.630,67.670,49.880,48.500,32.610,1.718,16.002,17.160,0.893,1.497,865.700,1413.000,1.632,14.296,25.696,0.976,1.637,19.652,20.922,0.745,0.750,14.290,25.689,0.189,8.734,9.619,0.018,4155.000,130.631,48.915,8.734,58.534,ON,Hazy with passing clouds; Hybrid loop operating; Ceff=1.63x
377,11:08:00,35.380,69.630,67.670,49.880,48.510,32.620,1.722,16.002,17.160,0.895,1.500,867.300,1415.800,1.632,14.321,25.747,0.978,1.640,19.652,20.921,0.745,0.750,14.322,25.740,0.189,8.737,9.619,0.018,4155.000,130.935,48.932,8.737,58.551,ON,Hazy with passing clouds; Hybrid loop operating; Ceff=1.63x
378,11:08:30,35.390,69.640,67.690,49.890,48.520,32.620,1.725,16.001,17.159,0.896,1.502,868.300,1417.700,1.633,14.336,25.779,0.979,1.642,19.651,20.921,0.745,0.750,14.337,25.773,0.189,8.736,9.619,0.018,4155.000,131.163,48.951,8.736,58.570,ON,Hazy with passing clouds; Hybrid loop operating; Ceff=1.63x
379,11:09:00,35.400,69.670,67.720,49.900,48.540,32.620,1.726,15.999,17.158,0.896,1.503,868.600,1418.500,1.633,14.340,25.792,0.980,1.643,19.649,20.919,0.745,0.750,14.335,25.788,0.189,8.732,9.619,0.018,4155.000,131.239,48.952,8.732,58.571,ON,Hazy with passing clouds; Hybrid loop operating; Ceff=1.63x
380,11:09:30,35.410,69.720,67.760,49.930,48.570,32.620,1.726,15.997,17.157,0.896,1.503,868.400,1418.400,1.633,14.333,25.788,0.979,1.643,19.646,20.918,0.745,0.750,14.333,25.787,0.189,8.733,9.619,0.018,4155.000,131.239,48.956,8.733,58.575,ON,Hazy with passing clouds; Hybrid loop operating; Ceff=1.63x
381,11:10:00,35.410,69.770,67.810,49.970,48.600,32.620,1.725,15.993,17.155,0.895,1.502,867.800,1417.600,1.634,14.319,25.770,0.978,1.642,19.642,20.916,0.745,0.750,14.314,25.767,0.189,8.727,9.617,0.018,4155.000,131.163,48.955,8.727,58.572,ON,Hazy with passing clouds; Hybrid loop operating; Ceff=1.63x
382,11:10:30,35.420,69.840,67.870,50.010,48.630,32.620,1.723,15.990,17.152,0.894,1.501,867.000,1416.600,1.634,14.302,25.747,0.978,1.641,19.638,20.913,0.745,0.750,14.295,25.745,0.189,8.724,9.616,0.018,4155.000,131.011,48.933,8.724,58.548,ON,Hazy with passing clouds; Hybrid loop operating; Ceff=1.63x
383,11:11:00,35.430,69.920,67.940,50.050,48.670,32.630,1.722,15.985,17.150,0.894,1.500,866.300,1415.700,1.634,14.286,25.726,0.977,1.639,19.634,20.910,0.745,0.751,14.291,25.725,0.189,8.728,9.614,0.018,4155.000,130.935,48.935,8.728,58.550,ON,Hazy with passing clouds; Hybrid loop operating; Ceff=1.63x
384,11:11:30,35.440,69.990,68.000,50.100,48.710,32.630,1.721,15.981,17.148,0.893,1.500,865.900,1415.300,1.634,14.275,25.715,0.976,1.639,19.629,20.908,0.745,0.750,14.271,25.722,0.189,8.720,9.616,0.018,4155.000,130.859,48.921,8.720,58.537,ON,Hazy with passing clouds; Hybrid loop operating; Ceff=1.63x
385,11:12:00,35.450,70.070,68.070,50.140,48.740,32.630,1.722,15.977,17.145,0.893,1.500,866.100,1415.800,1.635,14.273,25.719,0.976,1.639,19.625,20.905,0.745,0.751,14.267,25.718,0.189,8.716,9.611,0.018,4155.000,130.935,48.932,8.716,58.543,ON,Hazy with passing clouds; Hybrid loop operating; Ceff=1.63x
386,11:12:30,35.460,70.130,68.120,50.180,48.780,32.630,1.724,15.973,17.143,0.894,1.502,866.800,1417.300,1.635,14.281,25.742,0.977,1.641,19.621,20.903,0.745,0.750,14.280,25.749,0.189,8.717,9.612,0.018,4155.000,131.087,48.937,8.717,58.549,ON,Hazy with passing clouds; Hybrid loop operating; Ceff=1.64x
387,11:13:00,35.480,70.190,68.170,50.220,48.810,32.640,1.728,15.970,17.141,0.895,1.504,868.200,1419.700,1.635,14.299,25.782,0.979,1.644,19.617,20.900,0.745,0.750,14.293,25.780,0.189,8.711,9.608,0.018,4155.000,131.391,48.967,8.711,58.575,ON,Hazy with passing clouds; Hybrid loop operating; Ceff=1.64x
388,11:13:30,35.490,70.230,68.210,50.250,48.830,32.640,1.733,15.968,17.139,0.897,1.507,869.900,1422.800,1.636,14.326,25.835,0.980,1.647,19.614,20.899,0.745,0.751,14.323,25.828,0.189,8.712,9.605,0.018,4155.000,131.771,49.002,8.712,58.607,ON,Hazy with passing clouds; Hybrid loop operating; Ceff=1.64x
389,11:14:00,35.500,70.260,68.250,50.270,48.860,32.640,1.739,15.966,17.138,0.899,1.511,871.900,1426.300,1.636,14.356,25.896,0.983,1.651,19.612,20.897,0.745,0.751,14.353,25.896,0.189,8.710,9.606,0.018,4155.000,132.227,49.051,8.710,58.657,ON,Hazy with passing clouds; Hybrid loop operating; Ceff=1.64x
390,11:14:30,35.510,70.280,68.260,50.290,48.870,32.650,1.744,15.965,17.137,0.901,1.515,873.900,1429.700,1.636,14.387,25.956,0.985,1.655,19.611,20.896,0.745,0.751,14.384,25.963,0.189,8.709,9.608,0.018,4155.000,132.608,49.075,8.709,58.683,ON,Hazy with passing clouds; Hybrid loop operating; Ceff=1.64x
391,11:15:00,35.530,70.280,68.270,50.290,48.880,32.650,1.749,15.965,17.137,0.903,1.518,875.500,1432.600,1.636,14.414,26.008,0.987,1.659,19.611,20.896,0.745,0.750,14.416,26.014,0.189,8.712,9.608,0.018,4155.000,132.988,49.116,8.712,58.724,ON,Hazy with passing clouds; Hybrid loop operating; Ceff=1.64x
392,11:15:30,35.540,70.280,68.270,50.290,48.890,32.660,1.752,15.965,17.136,0.904,1.520,876.700,1434.700,1.637,14.433,26.046,0.988,1.661,19.611,20.895,0.745,0.750,14.432,26.047,0.189,8.710,9.606,0.018,4155.000,133.216,49.128,8.710,58.734,ON,Hazy with passing clouds; Hybrid loop operating; Ceff=1.64x
393,11:16:00,35.560,70.260,68.270,50.290,48.890,32.660,1.754,15.965,17.136,0.905,1.521,877.200,1435.800,1.637,14.443,26.065,0.989,1.662,19.612,20.896,0.745,0.751,14.448,26.064,0.189,8.715,9.605,0.018,4155.000,133.368,49.147,8.715,58.752,ON,Hazy with passing clouds; Hybrid loop operating; Ceff=1.64x
394,11:16:30,35.570,70.240,68.260,50.280,48.890,32.670,1.754,15.966,17.137,0.905,1.521,877.100,1435.800,1.637,14.442,26.067,0.989,1.662,19.613,20.896,0.745,0.751,14.449,26.065,0.189,8.716,9.605,0.018,4155.000,133.368,49.147,8.716,58.752,ON,Hazy with passing clouds; Hybrid loop operating; Ceff=1.64x
395,11:17:00,35.590,70.220,68.240,50.270,48.890,32.670,1.753,15.967,17.137,0.904,1.520,876.500,1435.000,1.637,14.433,26.052,0.988,1.661,19.614,20.896,0.745,0.751,14.434,26.048,0.189,8.713,9.604,0.018,4155.000,133.292,49.146,8.713,58.751,ON,Hazy with passing clouds; Hybrid loop operating; Ceff=1.64x
396,11:17:30,35.600,70.200,68.240,50.260,48.890,32.680,1.750,15.968,17.137,0.903,1.519,875.500,1433.600,1.637,14.418,26.027,0.987,1.660,19.615,20.896,0.745,0.750,14.419,26.031,0.189,8.714,9.607,0.018,4155.000,133.064,49.110,8.714,58.717,ON,Hazy with passing clouds; Hybrid loop operating; Ceff=1.64x
397,11:18:00,35.620,70.190,68.240,50.260,48.890,32.680,1.748,15.968,17.137,0.902,1.517,874.500,1432.100,1.638,14.401,25.999,0.986,1.658,19.615,20.896,0.745,0.750,14.403,25.997,0.189,8.714,9.605,0.018,4155.000,132.912,49.105,8.714,58.710,ON,Hazy with passing clouds; Hybrid loop operating; Ceff=1.64x
398,11:18:30,35.640,70.200,68.250,50.270,48.900,32.690,1.746,15.968,17.137,0.901,1.516,873.600,1430.800,1.638,14.386,25.976,0.985,1.657,19.615,20.896,0.745,0.750,14.387,25.980,0.189,8.714,9.607,0.018,4155.000,132.760,49.094,8.714,58.701,ON,Hazy with passing clouds; Hybrid loop operating; Ceff=1.64x
399,11:19:00,35.650,70.220,68.270,50.280,48.920,32.690,1.745,15.967,17.136,0.900,1.515,873.100,1430.200,1.638,14.377,25.963,0.984,1.656,19.613,20.895,0.745,0.750,14.370,25.961,0.189,8.708,9.604,0.018,4155.000,132.684,49.086,8.708,58.690,ON,Hazy with passing clouds; Hybrid loop operating; Ceff=1.64x
400,11:19:30,35.670,70.260,68.300,50.310,48.940,32.700,1.745,15.964,17.134,0.901,1.515,873.200,1430.500,1.638,14.376,25.966,0.984,1.656,19.611,20.893,0.745,0.750,14.384,25.958,0.189,8.715,9.601,0.018,4155.000,132.684,49.076,8.715,58.677,ON,Hazy with passing clouds; Hybrid loop operating; Ceff=1.64x
401,11:20:00,35.690,70.310,68.350,50.350,48.980,32.700,1.747,15.961,17.132,0.901,1.517,873.900,1431.800,1.638,14.384,25.985,0.985,1.658,19.607,20.891,0.745,0.750,14.381,25.989,0.189,8.707,9.604,0.018,4155.000,132.836,49.087,8.707,58.691,ON,Hazy with passing clouds; Hybrid loop operating; Ceff=1.64x
402,11:20:30,35.710,70.390,68.410,50.400,49.020,32.710,1.751,15.957,17.129,0.902,1.519,875.100,1433.900,1.639,14.399,26.019,0.986,1.660,19.603,20.888,0.745,0.750,14.393,26.019,0.189,8.702,9.601,0.018,4155.000,133.140,49.128,8.702,58.729,ON,Hazy with passing clouds; Hybrid loop operating; Ceff=1.64x
403,11:21:00,35.720,70.470,68.480,50.450,49.070,32.720,1.755,15.953,17.126,0.904,1.522,876.600,1436.600,1.639,14.419,26.062,0.988,1.663,19.598,20.884,0.745,0.750,14.422,26.066,0.189,8.705,9.600,0.018,4155.000,133.444,49.148,8.705,58.748,ON,Hazy with passing clouds; Hybrid loop operating; Ceff=1.64x
404,11:21:30,35.740,70.560,68.560,50.510,49.120,32.720,1.760,15.948,17.123,0.906,1.525,878.300,1439.500,1.639,14.441,26.108,0.990,1.666,19.592,20.881,0.745,0.750,14.449,26.113,0.189,8.704,9.598,0.018,4155.000,133.824,49.188,8.704,58.786,ON,Hazy with passing clouds; Hybrid loop operating; Ceff=1.64x
405,11:22:00,35.760,70.650,68.640,50.580,49.170,32.730,1.764,15.943,17.120,0.907,1.527,879.800,1442.100,1.639,14.460,26.149,0.991,1.669,19.587,20.877,0.745,0.750,14.460,26.142,0.189,8.696,9.591,0.018,4155.000,134.128,49.211,8.696,58.803,ON,Hazy with passing clouds; Hybrid loop operating; Ceff=1.64x
406,11:22:30,35.780,70.730,68.710,50.630,49.220,32.740,1.767,15.938,17.116,0.908,1.529,880.900,1444.100,1.639,14.473,26.178,0.992,1.672,19.582,20.874,0.745,0.750,14.472,26.170,0.189,8.692,9.589,0.018,4155.000,134.356,49.227,8.692,58.815,ON,Hazy with passing clouds; Hybrid loop operating; Ceff=1.64x
407,11:23:00,35.800,70.810,68.780,50.690,49.270,32.740,1.769,15.934,17.113,0.909,1.530,881.500,1445.100,1.639,14.477,26.191,0.993,1.673,19.577,20.870,0.745,0.750,14.484,26.183,0.189,8.694,9.586,0.018,4155.000,134.509,49.248,8.694,58.835,ON,Hazy with passing clouds; Hybrid loop operating; Ceff=1.64x
408,11:23:30,35.820,70.870,68.830,50.730,49.300,32.750,1.769,15.931,17.111,0.908,1.530,881.400,1445.100,1.640,14.472,26.186,0.993,1.673,19.574,20.868,0.745,0.750,14.465,26.180,0.189,8.683,9.585,0.018,4155.000,134.509,49.248,8.683,58.834,ON,Hazy with passing clouds; Hybrid loop operating; Ceff=1.64x
409,11:24:00,35.840,70.910,68.870,50.760,49.330,32.760,1.767,15.928,17.109,0.908,1.529,880.700,1444.100,1.640,14.457,26.164,0.992,1.671,19.571,20.866,0.745,0.750,14.463,26.160,0.189,8.689,9.585,0.018,4155.000,134.356,49.227,8.689,58.811,ON,Hazy with passing clouds; Hybrid loop operating; Ceff=1.64x
410,11:24:30,35.860,70.930,68.890,50.780,49.350,32.760,1.764,15.927,17.108,0.906,1.527,879.500,1442.200,1.640,14.437,26.129,0.991,1.669,19.570,20.864,0.744,0.750,14.430,26.124,0.189,8.681,9.584,0.018,4155.000,134.128,49.208,8.681,58.792,ON,Hazy with passing clouds; Hybrid loop operating; Ceff=1.64x
411,11:25:00,35.880,70.930,68.900,50.790,49.360,32.770,1.761,15.927,17.108,0.905,1.525,878.100,1440.000,1.640,14.413,26.088,0.989,1.667,19.569,20.864,0.745,0.750,14.414,26.090,0.189,8.685,9.586,0.018,4155.000,133.900,49.199,8.685,58.785,ON,Hazy with passing clouds; Hybrid loop operating; Ceff=1.64x
412,11:25:30,35.900,70.920,68.890,50.780,49.370,32.780,1.757,15.927,17.108,0.904,1.523,876.700,1437.800,1.640,14.391,26.048,0.987,1.664,19.570,20.864,0.745,0.750,14.398,26.055,0.189,8.689,9.588,0.018,4155.000,133.596,49.162,8.689,58.751,ON,Hazy with passing clouds; Hybrid loop operating; Ceff=1.64x
413,11:26:00,35.920,70.890,68.880,50.770,49.360,32.790,1.754,15.929,17.108,0.902,1.521,875.600,1436.100,1.640,14.374,26.017,0.986,1.662,19.571,20.864,0.745,0.750,14.368,26.021,0.189,8.682,9.587,0.018,4155.000,133.368,49.137,8.682,58.724,ON,Hazy with passing clouds; Hybrid loop operating; Ceff=1.64x
414,11:26:30,35.940,70.860,68.860,50.760,49.360,32.790,1.753,15.930,17.109,0.902,1.520,874.900,1435.100,1.640,14.365,26.000,0.985,1.661,19.573,20.865,0.745,0.750,14.369,26.006,0.189,8.690,9.588,0.018,4155.000,133.292,49.143,8.690,58.731,ON,Hazy with passing clouds; Hybrid loop operating; Ceff=1.64x
415,11:27:00,35.960,70.830,68.830,50.750,49.350,32.800,1.753,15.932,17.109,0.902,1.520,874.800,1435.000,1.640,14.365,26.001,0.985,1.661,19.575,20.866,0.745,0.750,14.371,26.006,0.189,8.692,9.589,0.018,4155.000,133.292,49.146,8.692,58.735,ON,Hazy with passing clouds; Hybrid loop operating; Ceff=1.64x
416,11:27:30,35.980,70.800,68.820,50.740,49.350,32.810,1.754,15.933,17.109,0.902,1.521,875.300,1435.900,1.640,14.375,26.017,0.986,1.662,19.576,20.866,0.745,0.750,14.372,26.023,0.189,8.687,9.589,0.018,4155.000,133.368,49.143,8.687,58.732,ON,Hazy with passing clouds; Hybrid loop operating; Ceff=1.64x
417,11:28:00,36.000,70.790,68.810,50.740,49.350,32.810,1.757,15.934,17.109,0.903,1.522,876.300,1437.600,1.641,14.391,26.047,0.987,1.664,19.577,20.866,0.745,0.750,14.388,26.040,0.189,8.688,9.584,0.018,4155.000,133.596,49.169,8.688,58.753,ON,Hazy with passing clouds; Hybrid loop operating; Ceff=1.64x
418,11:28:30,36.020,70.790,68.820,50.740,49.360,32.820,1.760,15.933,17.109,0.904,1.525,877.500,1439.700,1.641,14.411,26.084,0.988,1.666,19.577,20.865,0.745,0.750,14.403,26.091,0.189,8.685,9.589,0.018,4155.000,133.824,49.181,8.685,58.770,ON,Hazy with passing clouds; Hybrid loop operating; Ceff=1.64x
419,11:29:00,36.040,70.810,68.840,50.770,49.390,32.830,1.763,15.932,17.108,0.906,1.527,878.800,1441.800,1.641,14.430,26.119,0.990,1.669,19.575,20.864,0.745,0.750,14.434,26.124,0.189,8.691,9.587,0.018,4155.000,134.052,49.193,8.691,58.780,ON,Hazy with passing clouds; Hybrid loop operating; Ceff=1.64x
420,11:29:30,36.050,70.850,68.880,50.800,49.420,32.830,1.766,15.930,17.106,0.907,1.529,879.800,1443.500,1.641,14.444,26.147,0.991,1.671,19.573,20.862,0.745,0.750,14.449,26.155,0.189,8.689,9.587,0.018,4155.000,134.280,49.219,8.689,58.806,ON,Hazy with passing clouds; Hybrid loop operating; Ceff=1.64x
421,11:30:00,36.070,70.910,68.930,50.840,49.450,32.840,1.768,15.927,17.103,0.907,1.529,880.300,1444.400,1.641,14.449,26.159,0.992,1.672,19.569,20.859,0.744,0.750,14.446,26.150,0.189,8.683,9.579,0.018,4155.000,134.433,49.244,8.683,58.823,ON,Hazy with passing clouds; Hybrid loop operating; Ceff=1.64x
422,11:30:30,36.090,70.980,68.990,50.890,49.500,32.850,1.767,15.923,17.101,0.907,1.529,880.200,1444.300,1.641,14.444,26.152,0.991,1.671,19.565,20.856,0.745,0.750,14.442,26.147,0.189,8.681,9.579,0.018,4155.000,134.356,49.220,8.681,58.799,ON,Hazy with passing clouds; Hybrid loop operating; Ceff=1.64x
423,11:31:00,36.110,71.050,69.050,50.940,49.540,32.850,1.766,15.918,17.098,0.906,1.528,879.500,1443.200,1.641,14.427,26.126,0.991,1.670,19.560,20.853,0.744,0.750,14.422,26.126,0.189,8.676,9.578,0.018,4155.000,134.280,49.229,8.676,58.808,ON,Hazy with passing clouds; Hybrid loop operating; Ceff=1.64x
424,11:31:30,36.130,71.130,69.120,51.000,49.590,32.860,1.762,15.914,17.095,0.905,1.526,878.300,1441.100,1.641,14.401,26.083,0.989,1.668,19.555,20.850,0.745,0.750,14.402,26.087,0.189,8.676,9.578,0.018,4155.000,133.976,49.189,8.676,58.767,ON,Hazy with passing clouds; Hybrid loop operating; Ceff=1.64x
425,11:32:00,36.150,71.210,69.190,51.050,49.630,32.870,1.758,15.910,17.092,0.903,1.523,876.600,1438.400,1.641,14.370,26.029,0.987,1.664,19.551,20.847,0.745,0.750,14.367,26.031,0.189,8.672,9.575,0.018,4155.000,133.672,49.170,8.672,58.745,ON,Hazy with passing clouds; Hybrid loop operating; Ceff=1.64x
426,11:32:30,36.160,71.280,69.240,51.090,49.670,32.870,1.753,15.906,17.089,0.901,1.520,874.800,1435.500,1.641,14.336,25.971,0.985,1.661,19.547,20.844,0.745,0.750,14.331,25.975,0.189,8.668,9.574,0.018,4155.000,133.292,49.129,8.668,58.703,ON,Hazy with passing clouds; Hybrid loop operating; Ceff=1.64x
427,11:33:00,36.180,71.330,69.290,51.130,49.700,32.880,1.749,15.903,17.087,0.900,1.517,873.200,1432.700,1.641,14.305,25.918,0.983,1.658,19.543,20.842,0.745,0.750,14.313,25.921,0.189,8.673,9.573,0.018,4155.000,132.988,49.113,8.673,58.686,ON,Hazy with passing clouds; Hybrid loop operating; Ceff=1.64x
428,11:33:30,36.200,71.370,69.320,51.160,49.720,32.880,1.746,15.901,17.086,0.898,1.514,871.900,1430.600,1.641,14.282,25.876,0.982,1.655,19.541,20.840,0.744,0.750,14.279,25.868,0.189,8.665,9.567,0.018,4155.000,132.760,49.101,8.665,58.668,ON,Hazy with passing clouds; Hybrid loop operating; Ceff=1.64x
429,11:34:00,36.210,71.390,69.340,51.180,49.740,32.890,1.744,15.900,17.085,0.897,1.513,871.100,1429.300,1.641,14.268,25.851,0.981,1.654,19.540,20.839,0.744,0.750,14.262,25.850,0.189,8.663,9.569,0.018,4155.000,132.608,49.089,8.663,58.658,ON,Hazy with passing clouds; Hybrid loop operating; Ceff=1.64x
430,11:34:30,36.230,71.400,69.350,51.180,49.750,32.890,1.743,15.899,17.084,0.897,1.513,870.900,1429.000,1.641,14.265,25.845,0.981,1.653,19.539,20.838,0.744,0.750,14.261,25.848,0.189,8.664,9.570,0.018,4155.000,132.532,49.071,8.664,58.642,ON,Hazy with passing clouds; Hybrid loop operating; Ceff=1.64x
431,11:35:00,36.240,71.390,69.340,51.180,49.750,32.900,1.744,15.900,17.084,0.898,1.513,871.300,1429.600,1.641,14.272,25.856,0.981,1.654,19.540,20.838,0.745,0.750,14.278,25.848,0.189,8.670,9.566,0.018,4155.000,132.608,49.079,8.670,58.645,ON,Hazy with passing clouds; Hybrid loop operating; Ceff=1.64x
432,11:35:30,36.260,71.360,69.320,51.170,49.740,32.900,1.746,15.901,17.085,0.898,1.515,872.100,1430.900,1.641,14.286,25.879,0.982,1.655,19.541,20.839,0.744,0.750,14.279,25.884,0.189,8.663,9.571,0.018,4155.000,132.760,49.090,8.663,58.661,ON,Hazy with passing clouds; Hybrid loop operating; Ceff=1.64x
433,11:36:00,36.270,71.330,69.300,51.160,49.740,32.910,1.748,15.903,17.085,0.899,1.516,873.100,1432.400,1.641,14.304,25.908,0.983,1.657,19.543,20.839,0.745,0.750,14.297,25.901,0.189,8.664,9.567,0.018,4155.000,132.912,49.095,8.664,58.662,ON,Hazy with passing clouds; Hybrid loop operating; Ceff=1.64x
434,11:36:30,36.280,71.290,69.270,51.140,49.730,32.910,1.751,15.905,17.086,0.900,1.518,874.000,1433.800,1.641,14.321,25.935,0.984,1.659,19.545,20.840,0.745,0.750,14.315,25.937,0.189,8.666,9.571,0.018,4155.000,133.140,49.131,8.666,58.702,ON,Hazy with passing clouds; Hybrid loop operating; Ceff=1.64x
435,11:37:00,36.300,71.250,69.240,51.130,49.720,32.920,1.752,15.907,17.087,0.901,1.519,874.600,1434.700,1.640,14.333,25.952,0.985,1.660,19.548,20.841,0.744,0.750,14.332,25.955,0.189,8.670,9.572,0.018,4155.000,133.216,49.128,8.670,58.700,ON,Hazy with passing clouds; Hybrid loop operating; Ceff=1.64x
436,11:37:30,36.310,71.220,69.220,51.110,49.710,32.920,1.752,15.909,17.088,0.901,1.519,874.600,1434.700,1.640,14.336,25.953,0.985,1.660,19.550,20.842,0.744,0.750,14.334,25.957,0.189,8.672,9.573,0.018,4155.000,133.216,49.128,8.672,58.701,ON,Hazy with passing clouds; Hybrid loop operating; Ceff=1.64x
437,11:38:00,36.320,71.190,69.200,51.100,49.710,32.920,1.750,15.910,17.088,0.901,1.518,874.000,1433.600,1.640,14.328,25.935,0.984,1.659,19.551,20.842,0.745,0.750,14.335,25.940,0.189,8.678,9.574,0.018,4155.000,133.064,49.110,8.678,58.684,ON,Hazy with passing clouds; Hybrid loop operating; Ceff=1.64x
438,11:38:30,36.330,71.170,69.190,51.090,49.710,32.930,1.747,15.911,17.088,0.899,1.516,872.800,1431.500,1.640,14.309,25.898,0.983,1.656,19.552,20.843,0.744,0.750,14.304,25.905,0.189,8.671,9.575,0.018,4155.000,132.836,49.098,8.671,58.673,ON,Hazy with passing clouds; Hybrid loop operating; Ceff=1.64x
439,11:39:00,36.340,71.170,69.190,51.090,49.710,32.930,1.742,15.911,17.088,0.898,1.512,871.100,1428.700,1.640,14.282,25.845,0.981,1.653,19.552,20.843,0.745,0.750,14.288,25.837,0.189,8.678,9.568,0.018,4155.000,132.456,49.053,8.678,58.622,ON,Hazy with passing clouds; Hybrid loop operating; Ceff=1.64x
440,11:39:30,36.350,71.170,69.190,51.100,49.720,32.930,1.737,15.911,17.088,0.896,1.509,869.200,1425.300,1.640,14.248,25.784,0.979,1.649,19.552,20.842,0.744,0.750,14.256,25.786,0.189,8.678,9.572,0.018,4155.000,132.075,49.029,8.678,58.601,ON,Hazy with passing clouds; Hybrid loop operating; Ceff=1.64x
441,11:40:00,36.360,71.190,69.210,51.110,49.730,32.940,1.732,15.910,17.087,0.893,1.505,867.100,1421.800,1.640,14.214,25.720,0.976,1.645,19.550,20.841,0.745,0.750,14.208,25.716,0.189,8.669,9.570,0.018,4155.000,131.695,49.008,8.669,58.578,ON,Hazy with passing clouds; Hybrid loop operating; Ceff=1.64x
442,11:40:30,36.370,71.230,69.240,51.140,49.740,32.940,1.727,15.908,17.086,0.892,1.502,865.400,1418.700,1.639,14.183,25.662,0.974,1.641,19.549,20.840,0.745,0.750,14.190,25.663,0.189,8.676,9.571,0.018,4155.000,131.315,48.974,8.676,58.545,ON,Hazy with passing clouds; Hybrid loop operating; Ceff=1.64x
443,11:41:00,36.380,71.270,69.270,51.160,49.760,32.940,1.723,15.905,17.084,0.890,1.499,864.000,1416.400,1.639,14.158,25.616,0.973,1.639,19.546,20.839,0.744,0.750,14.155,25.609,0.189,8.669,9.566,0.018,4155.000,131.011,48.940,8.669,58.506,ON,Hazy with passing clouds; Hybrid loop operating; Ceff=1.64x
444,11:41:30,36.390,71.320,69.310,51.190,49.790,32.940,1.721,15.903,17.083,0.889,1.498,863.200,1414.900,1.639,14.142,25.587,0.972,1.637,19.543,20.837,0.744,0.750,14.138,25.590,0.189,8.666,9.569,0.018,4155.000,130.859,48.935,8.666,58.504,ON,Hazy with passing clouds; Hybrid loop operating; Ceff=1.64x
445,11:42:00,36.390,71.370,69.350,51.220,49.810,32.940,1.720,15.900,17.081,0.889,1.497,863.000,1414.400,1.639,14.136,25.576,0.972,1.636,19.540,20.835,0.744,0.750,14.135,25.570,0.189,8.666,9.565,0.018,4155.000,130.783,48.923,8.666,58.489,ON,Hazy with passing clouds; Hybrid loop operating; Ceff=1.64x
446,11:42:30,36.400,71.410,69.390,51.250,49.830,32.940,1.720,15.898,17.080,0.889,1.498,863.400,1414.800,1.639,14.139,25.579,0.972,1.637,19.538,20.833,0.745,0.750,14.133,25.586,0.189,8.661,9.568,0.018,4155.000,130.783,48.910,8.661,58.478,ON,Hazy with passing clouds; Hybrid loop operating; Ceff=1.64x
447,11:43:00,36.400,71.450,69.420,51.280,49.850,32.940,1.722,15.896,17.078,0.890,1.499,864.000,1415.700,1.638,14.147,25.592,0.973,1.638,19.535,20.832,0.744,0.750,14.147,25.600,0.189,8.664,9.568,0.018,4155.000,130.935,48.935,8.664,58.503,ON,Hazy with passing clouds; Hybrid loop operating; Ceff=1.64x
448,11:43:30,36.410,71.480,69.440,51.300,49.870,32.940,1.723,15.894,17.077,0.891,1.500,864.700,1416.600,1.638,14.157,25.608,0.973,1.639,19.534,20.831,0.745,0.750,14.162,25.616,0.189,8.665,9.567,0.018,4155.000,131.011,48.933,8.665,58.500,ON,Hazy with passing clouds; Hybrid loop operating; Ceff=1.64x
449,11:44:00,36.410,71.500,69.450,51.310,49.880,32.940,1.724,15.893,17.077,0.891,1.500,865.300,1417.300,1.638,14.165,25.619,0.974,1.640,19.533,20.830,0.745,0.750,14.161,25.616,0.189,8.659,9.563,0.018,4155.000,131.087,48.937,8.659,58.499,ON,Hazy with passing clouds; Hybrid loop operating; Ceff=1.64x
450,11:44:30,36.420,71.490,69.450,51.310,49.880,32.940,1.724,15.894,17.077,0.891,1.500,865.400,1417.300,1.638,14.167,25.618,0.974,1.640,19.533,20.830,0.745,0.750,14.162,25.616,0.189,8.658,9.563,0.018,4155.000,131.087,48.937,8.658,58.499,ON,Hazy with passing clouds; Hybrid loop operating; Ceff=1.64x
451,11:45:00,36.420,71.470,69.430,51.300,49.870,32.940,1.723,15.895,17.077,0.891,1.499,864.900,1416.300,1.637,14.161,25.601,0.974,1.638,19.534,20.831,0.744,0.750,14.162,25.598,0.189,8.664,9.563,0.018,4155.000,131.011,48.943,8.664,58.506,ON,Hazy with passing clouds; Hybrid loop operating; Ceff=1.64x
452,11:45:30,36.420,71.430,69.400,51.280,49.850,32.940,1.719,15.897,17.078,0.890,1.497,863.800,1414.200,1.637,14.145,25.566,0.972,1.636,19.536,20.832,0.745,0.750,14.148,25.566,0.189,8.666,9.565,0.018,4155.000,130.707,48.902,8.666,58.467,ON,Hazy with passing clouds; Hybrid loop operating; Ceff=1.64x
453,11:46:00,36.430,71.380,69.360,51.250,49.830,32.940,1.715,15.900,17.080,0.888,1.494,862.100,1411.200,1.637,14.121,25.514,0.971,1.633,19.540,20.834,0.744,0.750,14.119,25.518,0.189,8.665,9.567,0.018,4155.000,130.403,48.892,8.665,58.459,ON,Hazy with passing clouds; Hybrid loop operating; Ceff=1.64x
454,11:46:30,36.430,71.320,69.310,51.210,49.800,32.940,1.709,15.903,17.082,0.886,1.490,860.000,1407.400,1.637,14.090,25.450,0.968,1.628,19.543,20.836,0.745,0.750,14.090,25.452,0.189,8.669,9.569,0.018,4155.000,129.946,48.852,8.669,58.421,ON,Hazy with passing clouds; Hybrid loop operating; Ceff=1.64x
455,11:47:00,36.430,71.250,69.250,51.160,49.760,32.940,1.702,15.907,17.084,0.884,1.486,857.700,1403.300,1.636,14.056,25.380,0.966,1.624,19.548,20.839,0.744,0.750,14.062,25.387,0.189,8.674,9.572,0.018,4155.000,129.414,48.794,8.674,58.366,ON,Hazy with passing clouds; Hybrid loop operating; Ceff=1.64x
456,11:47:30,36.430,71.180,69.190,51.120,49.730,32.940,1.696,15.911,17.087,0.881,1.481,855.400,1399.300,1.636,14.023,25.312,0.963,1.619,19.552,20.841,0.745,0.750,14.018,25.306,0.189,8.670,9.569,0.018,4155.000,128.958,48.761,8.670,58.330,ON,Hazy with passing clouds; Hybrid loop operating; Ceff=1.64x
457,11:48:00,36.430,71.110,69.140,51.080,49.690,32.930,1.690,15.914,17.089,0.879,1.478,853.400,1395.800,1.635,13.994,25.252,0.961,1.615,19.556,20.844,0.745,0.750,13.988,25.258,0.189,8.673,9.574,0.018,4155.000,128.502,48.711,8.673,58.285,ON,Hazy with passing clouds; Hybrid loop operating; Ceff=1.64x
458,11:48:30,36.430,71.060,69.090,51.040,49.660,32.930,1.686,15.917,17.091,0.878,1.475,851.900,1393.000,1.635,13.974,25.206,0.959,1.612,19.559,20.846,0.745,0.750,13.975,25.209,0.189,8.680,9.575,0.018,4155.000,128.198,48.693,8.680,58.268,ON,Hazy with passing clouds; Hybrid loop operating; Ceff=1.64x
459,11:49:00,36.430,71.020,69.050,51.010,49.640,32.930,1.683,15.920,17.093,0.877,1.473,851.100,1391.200,1.635,13.961,25.177,0.958,1.610,19.562,20.847,0.745,0.750,13.962,25.178,0.189,8.680,9.576,0.018,4155.000,127.969,48.669,8.680,58.245,ON,Hazy with passing clouds; Hybrid loop operating; Ceff=1.63x
460,11:49:30,36.430,70.990,69.030,51.000,49.630,32.930,1.682,15.921,17.093,0.877,1.472,850.700,1390.400,1.634,13.957,25.163,0.958,1.609,19.563,20.848,0.745,0.750,13.963,25.161,0.189,8.684,9.575,0.018,4155.000,127.893,48.668,8.684,58.243,ON,Hazy with passing clouds; Hybrid loop operating; Ceff=1.63x
461,11:50:00,36.430,70.990,69.030,50.990,49.620,32.920,1.682,15.921,17.094,0.877,1.472,850.800,1390.200,1.634,13.960,25.160,0.958,1.609,19.563,20.849,0.745,0.750,13.963,25.162,0.189,8.683,9.577,0.018,4155.000,127.893,48.675,8.683,58.252,ON,Hazy with passing clouds; Hybrid loop operating; Ceff=1.63x
462,11:50:30,36.430,71.000,69.030,51.000,49.620,32.920,1.682,15.921,17.093,0.877,1.472,851.200,1390.400,1.634,13.964,25.163,0.959,1.609,19.563,20.848,0.744,0.750,13.963,25.161,0.189,8.679,9.575,0.018,4155.000,127.893,48.668,8.679,58.243,ON,Hazy with passing clouds; Hybrid loop operating; Ceff=1.63x
463,11:51:00,36.430,71.030,69.050,51.010,49.630,32.920,1.682,15.919,17.093,0.877,1.472,851.400,1390.500,1.633,13.967,25.163,0.959,1.609,19.561,20.848,0.745,0.750,13.961,25.161,0.189,8.676,9.574,0.018,4155.000,127.893,48.665,8.676,58.239,ON,Hazy with passing clouds; Hybrid loop operating; Ceff=1.63x
464,11:51:30,36.430,71.060,69.080,51.030,49.650,32.910,1.681,15.917,17.092,0.877,1.472,851.400,1390.100,1.633,13.965,25.154,0.959,1.608,19.559,20.847,0.745,0.750,13.959,25.159,0.189,8.675,9.576,0.018,4155.000,127.817,48.650,8.675,58.226,ON,Hazy with passing clouds; Hybrid loop operating; Ceff=1.63x
465,11:52:00,36.420,71.100,69.100,51.060,49.660,32.910,1.679,15.915,17.091,0.877,1.470,850.900,1388.800,1.632,13.954,25.130,0.958,1.607,19.557,20.845,0.745,0.750,13.957,25.124,0.189,8.679,9.572,0.018,4155.000,127.665,48.638,8.679,58.209,ON,Hazy with passing clouds; Hybrid loop operating; Ceff=1.63x
466,11:52:30,36.420,71.140,69.130,51.080,49.670,32.900,1.676,15.914,17.090,0.876,1.468,849.800,1386.600,1.632,13.934,25.087,0.957,1.604,19.555,20.844,0.745,0.750,13.941,25.088,0.189,8.680,9.573,0.018,4155.000,127.437,48.628,8.680,58.201,ON,Hazy with passing clouds; Hybrid loop operating; Ceff=1.63x
467,11:53:00,36.420,71.160,69.150,51.090,49.680,32.900,1.671,15.912,17.089,0.874,1.464,848.000,1383.200,1.631,13.903,25.025,0.955,1.600,19.554,20.844,0.745,0.750,13.907,25.018,0.189,8.677,9.570,0.018,4155.000,127.057,48.602,8.677,58.172,ON,Hazy with passing clouds; Hybrid loop operating; Ceff=1.63x
468,11:53:30,36.420,71.170,69.150,51.090,49.680,32.890,1.664,15.912,17.089,0.871,1.460,845.600,1379.000,1.631,13.864,24.948,0.952,1.596,19.553,20.844,0.745,0.750,13.859,24.950,0.189,8.672,9.573,0.018,4155.000,126.525,48.546,8.672,58.118,ON,Hazy with passing clouds; Hybrid loop operating; Ceff=1.63x
469,11:54:00,36.410,71.170,69.140,51.080,49.670,32.890,1.656,15.912,17.090,0.868,1.455,842.900,1374.100,1.630,13.820,24.861,0.949,1.590,19.554,20.844,0.745,0.750,13.812,24.866,0.189,8.670,9.575,0.018,4155.000,125.916,48.484,8.670,58.059,ON,Hazy with passing clouds; Hybrid loop operating; Ceff=1.63x
470,11:54:30,36.410,71.140,69.110,51.060,49.650,32.890,1.648,15.914,17.091,0.866,1.449,840.100,1369.100,1.630,13.775,24.772,0.946,1.584,19.556,20.846,0.745,0.750,13.782,24.765,0.189,8.680,9.571,0.018,4155.000,125.308,48.426,8.680,57.997,ON,Hazy with passing clouds; Hybrid loop operating; Ceff=1.63x
471,11:55:00,36.410,71.090,69.070,51.030,49.620,32.880,1.641,15.917,17.093,0.863,1.444,837.400,1364.300,1.629,13.734,24.689,0.943,1.579,19.559,20.848,0.745,0.750,13.736,24.682,0.189,8.679,9.572,0.018,4155.000,124.776,48.390,8.679,57.963,ON,Hazy with passing clouds; Hybrid loop operating; Ceff=1.63x
472,11:55:30,36.410,71.020,69.010,50.990,49.580,32.870,1.634,15.921,17.095,0.861,1.440,835.100,1360.100,1.629,13.701,24.617,0.940,1.574,19.563,20.850,0.745,0.750,13.708,24.617,0.189,8.685,9.576,0.018,4155.000,124.244,48.333,8.685,57.909,ON,Hazy with passing clouds; Hybrid loop operating; Ceff=1.63x
473,11:56:00,36.410,70.950,68.940,50.940,49.530,32.870,1.629,15.925,17.098,0.859,1.437,833.300,1356.700,1.628,13.676,24.562,0.939,1.570,19.567,20.853,0.744,0.750,13.680,24.570,0.189,8.686,9.582,0.018,4155.000,123.863,48.306,8.686,57.888,ON,Hazy with passing clouds; Hybrid loop operating; Ceff=1.63x
474,11:56:30,36.400,70.860,68.860,50.880,49.480,32.860,1.625,15.930,17.101,0.858,1.434,832.100,1354.300,1.628,13.662,24.524,0.937,1.567,19.573,20.857,0.745,0.750,13.668,24.523,0.189,8.691,9.581,0.018,4155.000,123.559,48.272,8.691,57.853,ON,Hazy with passing clouds; Hybrid loop operating; Ceff=1.63x
475,11:57:00,36.400,70.770,68.790,50.820,49.440,32.860,1.623,15.935,17.104,0.857,1.432,831.500,1352.800,1.627,13.657,24.501,0.937,1.566,19.578,20.860,0.744,0.750,13.656,24.493,0.189,8.690,9.580,0.018,4155.000,123.407,48.266,8.690,57.846,ON,Hazy with passing clouds; Hybrid loop operating; Ceff=1.63x
476,11:57:30,36.400,70.680,68.710,50.770,49.390,32.850,1.621,15.940,17.107,0.857,1.431,831.100,1351.800,1.626,13.657,24.489,0.936,1.564,19.584,20.864,0.745,0.750,13.661,24.480,0.189,8.697,9.582,0.018,4155.000,123.255,48.243,8.697,57.824,ON,Hazy with passing clouds; Hybrid loop operating; Ceff=1.63x
477,11:58:00,36.400,70.600,68.640,50.720,49.350,32.850,1.620,15.944,17.110,0.857,1.431,830.900,1351.000,1.626,13.658,24.479,0.936,1.564,19.588,20.867,0.745,0.750,13.664,24.484,0.189,8.701,9.589,0.018,4155.000,123.179,48.241,8.701,57.830,ON,Hazy with passing clouds; Hybrid loop operating; Ceff=1.63x
478,11:58:30,36.390,70.540,68.580,50.680,49.310,32.840,1.619,15.948,17.112,0.856,1.430,830.600,1349.900,1.625,13.657,24.464,0.936,1.562,19.593,20.869,0.745,0.750,13.651,24.470,0.189,8.696,9.591,0.018,4155.000,123.103,48.251,8.696,57.842,ON,Hazy with passing clouds; Hybrid loop operating; Ceff=1.63x
479,11:59:00,36.390,70.480,68.540,50.650,49.280,32.840,1.616,15.951,17.114,0.856,1.428,829.900,1348.200,1.625,13.648,24.436,0.935,1.560,19.596,20.871,0.745,0.751,13.654,24.439,0.189,8.705,9.591,0.018,4155.000,122.875,48.222,8.705,57.813,ON,Hazy with passing clouds; Hybrid loop operating; Ceff=1.62x
480,11:59:30,36.390,70.450,68.500,50.620,49.260,32.830,1.612,15.953,17.115,0.854,1.425,828.600,1345.600,1.624,13.629,24.391,0.934,1.557,19.598,20.872,0.745,0.751,13.624,24.389,0.189,8.699,9.590,0.018,4155.000,122.571,48.196,8.699,57.786,ON,Hazy with passing clouds; Hybrid loop operating; Ceff=1.62x
481,12:00:00,36.390,70.430,68.480,50.610,49.250,32.830,1.606,15.954,17.116,0.852,1.421,826.600,1341.900,1.623,13.598,24.326,0.931,1.553,19.599,20.873,0.745,0.750,13.593,24.322,0.189,8.701,9.590,0.018,4155.000,122.115,48.149,8.701,57.739,ON,Hazy with passing clouds; Hybrid loop operating; Ceff=1.62x
482,12:00:30,36.390,70.430,68.470,50.610,49.240,32.820,1.599,15.954,17.117,0.850,1.416,824.100,1337.200,1.623,13.556,24.242,0.929,1.548,19.600,20.874,0.744,0.750,13.561,24.238,0.189,8.707,9.590,0.018,4155.000,121.582,48.107,8.707,57.698,ON,Hazy with passing clouds; Hybrid loop operating; Ceff=1.62x
483,12:01:00,36.390,70.430,68.470,50.610,49.240,32.810,1.590,15.954,17.117,0.847,1.410,821.000,1331.800,1.622,13.506,24.143,0.925,1.542,19.600,20.874,0.745,0.750,13.513,24.135,0.189,8.709,9.588,0.018,4155.000,120.898,48.031,8.709,57.619,ON,Hazy with passing clouds; Hybrid loop operating; Ceff=1.62x
484,12:01:30,36.390,70.440,68.470,50.610,49.230,32.810,1.581,15.954,17.117,0.843,1.404,817.700,1325.900,1.621,13.451,24.036,0.921,1.535,19.599,20.874,0.745,0.750,13.449,24.032,0.189,8.702,9.590,0.018,4155.000,120.214,47.971,8.702,57.561,ON,Hazy with passing clouds; Hybrid loop operating; Ceff=1.62x
485,12:02:00,36.390,70.460,68.470,50.620,49.230,32.800,1.572,15.953,17.117,0.840,1.398,814.400,1320.000,1.621,13.396,23.929,0.918,1.528,19.599,20.874,0.745,0.750,13.401,23.930,0.189,8.706,9.592,0.018,4155.000,119.529,47.911,8.706,57.503,ON,Hazy with passing clouds; Hybrid loop operating; Ceff=1.62x
486,12:02:30,36.390,70.470,68.470,50.620,49.220,32.800,1.564,15.953,17.117,0.837,1.392,811.300,1314.500,1.620,13.345,23.829,0.914,1.521,19.598,20.874,0.745,0.751,13.353,23.827,0.189,8.708,9.591,0.018,4155.000,118.921,47.867,8.708,57.458,ON,Hazy with passing clouds; Hybrid loop operating; Ceff=1.62x
487,12:03:00,36.390,70.470,68.460,50.620,49.220,32.790,1.557,15.953,17.117,0.834,1.387,808.700,1309.700,1.619,13.303,23.744,0.911,1.516,19.598,20.874,0.745,0.750,13.305,23.741,0.189,8.705,9.591,0.018,4155.000,118.389,47.827,8.705,57.419,ON,Hazy with passing clouds; Hybrid loop operating; Ceff=1.62x
488,12:03:30,36.390,70.460,68.450,50.610,49.200,32.790,1.551,15.954,17.117,0.832,1.383,806.700,1305.900,1.619,13.270,23.675,0.909,1.512,19.599,20.875,0.745,0.750,13.274,23.673,0.189,8.706,9.591,0.018,4155.000,117.933,47.782,8.706,57.373,ON,Hazy with passing clouds; Hybrid loop operating; Ceff=1.62x
489,12:04:00,36.400,70.440,68.420,50.600,49.190,32.780,1.546,15.955,17.118,0.830,1.380,805.300,1303.100,1.618,13.248,23.625,0.907,1.508,19.601,20.876,0.745,0.750,13.243,23.623,0.189,8.701,9.592,0.018,4155.000,117.552,47.730,8.701,57.322,ON,Hazy with passing clouds; Hybrid loop operating; Ceff=1.62x
490,12:04:30,36.400,70.410,68.380,50.580,49.160,32.780,1.543,15.958,17.120,0.829,1.378,804.300,1301.000,1.617,13.235,23.590,0.906,1.506,19.603,20.877,0.745,0.750,13.229,23.591,0.189,8.703,9.594,0.018,4155.000,117.324,47.714,8.703,57.309,ON,Hazy with passing clouds; Hybrid loop operating; Ceff=1.62x
491,12:05:00,36.400,70.360,68.330,50.550,49.140,32.770,1.541,15.961,17.121,0.829,1.376,803.700,1299.400,1.617,13.227,23.563,0.906,1.504,19.606,20.879,0.745,0.750,13.232,23.558,0.189,8.711,9.593,0.018,4155.000,117.172,47.711,8.711,57.304,ON,Hazy with passing clouds; Hybrid loop operating; Ceff=1.62x
492,12:05:30,36.400,70.290,68.270,50.510,49.100,32.770,1.538,15.964,17.123,0.828,1.375,803.100,1297.800,1.616,13.221,23.539,0.905,1.502,19.611,20.881,0.745,0.751,13.218,23.544,0.189,8.708,9.599,0.018,4155.000,116.944,47.677,8.708,57.276,ON,Hazy with passing clouds; Hybrid loop operating; Ceff=1.62x
493,12:06:00,36.410,70.220,68.200,50.470,49.060,32.760,1.535,15.969,17.126,0.827,1.373,802.200,1295.900,1.615,13.212,23.508,0.904,1.500,19.615,20.884,0.745,0.750,13.206,23.514,0.189,8.710,9.600,0.018,4155.000,116.716,47.654,8.710,57.254,ON,Hazy with passing clouds; Hybrid loop operating; Ceff=1.62x
494,12:06:30,36.410,70.130,68.130,50.420,49.020,32.760,1.531,15.973,17.129,0.826,1.370,800.900,1293.300,1.615,13.195,23.465,0.903,1.497,19.621,20.887,0.745,0.750,13.194,23.467,0.189,8.716,9.600,0.018,4155.000,116.412,47.625,8.716,57.226,ON,Hazy with passing clouds; Hybrid loop operating; Ceff=1.61x
495,12:07:00,36.420,70.040,68.050,50.370,48.980,32.760,1.526,15.979,17.131,0.824,1.366,799.100,1289.700,1.614,13.170,23.405,0.901,1.493,19.626,20.890,0.745,0.750,13.167,23.401,0.189,8.718,9.600,0.018,4155.000,116.032,47.602,8.718,57.202,ON,Hazy with passing clouds; Hybrid loop operating; Ceff=1.61x
496,12:07:30,36.420,69.950,67.960,50.320,48.930,32.750,1.519,15.984,17.134,0.822,1.361,796.600,1285.100,1.613,13.135,23.327,0.898,1.488,19.632,20.893,0.745,0.750,13.139,23.319,0.189,8.727,9.601,0.018,4155.000,115.499,47.553,8.727,57.154,ON,Hazy with passing clouds; Hybrid loop operating; Ceff=1.61x
497,12:08:00,36.430,69.860,67.880,50.270,48.890,32.750,1.511,15.989,17.137,0.819,1.356,793.500,1279.700,1.613,13.090,23.233,0.895,1.482,19.637,20.896,0.745,0.750,13.095,23.238,0.189,8.732,9.608,0.018,4155.000,114.891,47.503,8.732,57.110,ON,Hazy with passing clouds; Hybrid loop operating; Ceff=1.61x
498,12:08:30,36.430,69.770,67.810,50.220,48.850,32.740,1.502,15.994,17.140,0.815,1.349,790.100,1273.600,1.612,13.038,23.128,0.891,1.475,19.643,20.899,0.745,0.750,13.035,23.122,0.189,8.729,9.606,0.018,4155.000,114.207,47.446,8.729,57.051,ON,Hazy with passing clouds; Hybrid loop operating; Ceff=1.61x
499,12:09:00,36.440,69.700,67.740,50.180,48.810,32.740,1.492,15.998,17.142,0.812,1.343,786.600,1267.400,1.611,12.984,23.018,0.887,1.468,19.647,20.902,0.745,0.750,12.990,23.022,0.189,8.738,9.611,0.018,4155.000,113.446,47.360,8.738,56.971,ON,Hazy with passing clouds; Hybrid loop operating; Ceff=1.61x
500,12:09:30,36.450,69.650,67.690,50.150,48.780,32.740,1.483,16.001,17.144,0.808,1.336,783.200,1261.400,1.611,12.931,22.912,0.883,1.461,19.651,20.904,0.745,0.750,12.929,22.904,0.189,8.734,9.607,0.018,4155.000,112.762,47.299,8.734,56.906,ON,Hazy with passing clouds; Hybrid loop operating; Ceff=1.61x
501,12:10:00,36.460,69.600,67.640,50.130,48.760,32.730,1.475,16.004,17.145,0.805,1.331,780.200,1256.000,1.610,12.884,22.816,0.880,1.454,19.654,20.905,0.745,0.751,12.883,22.820,0.189,8.737,9.613,0.018,4155.000,112.154,47.246,8.737,56.859,ON,Hazy with passing clouds; Hybrid loop operating; Ceff=1.61x
502,12:10:30,36.460,69.580,67.610,50.120,48.740,32.730,1.468,16.005,17.146,0.803,1.326,777.700,1251.500,1.609,12.845,22.735,0.877,1.449,19.655,20.906,0.745,0.751,12.852,22.736,0.189,8.744,9.612,0.018,4155.000,111.622,47.191,8.744,56.803,ON,Hazy with passing clouds; Hybrid loop operating; Ceff=1.61x
503,12:11:00,36.470,69.570,67.590,50.110,48.730,32.730,1.463,16.006,17.146,0.801,1.322,775.900,1248.000,1.608,12.815,22.672,0.875,1.445,19.656,20.906,0.745,0.751,12.821,22.667,0.189,8.743,9.610,0.018,4155.000,111.241,47.162,8.743,56.772,ON,Hazy with passing clouds; Hybrid loop operating; Ceff=1.61x
504,12:11:30,36.480,69.570,67.580,50.120,48.730,32.730,1.459,16.006,17.146,0.799,1.320,774.600,1245.400,1.608,12.795,22.626,0.874,1.442,19.657,20.906,0.745,0.751,12.789,22.633,0.189,8.736,9.615,0.018,4155.000,110.937,47.131,8.736,56.746,ON,Hazy with passing clouds; Hybrid loop operating; Ceff=1.61x
505,12:12:00,36.490,69.580,67.580,50.130,48.730,32.730,1.457,16.006,17.146,0.799,1.318,773.800,1243.700,1.607,12.782,22.593,0.873,1.440,19.656,20.906,0.745,0.750,12.789,22.598,0.189,8.745,9.614,0.018,4155.000,110.785,47.131,8.745,56.745,ON,Hazy with passing clouds; Hybrid loop operating; Ceff=1.61x
506,12:12:30,36.500,69.590,67.580,50.150,48.740,32.720,1.454,16.006,17.145,0.798,1.316,773.300,1242.300,1.606,12.773,22.567,0.872,1.439,19.656,20.905,0.745,0.750,12.773,22.563,0.189,8.739,9.610,0.018,4155.000,110.557,47.087,8.739,56.696,ON,Hazy with passing clouds; Hybrid loop operating; Ceff=1.61x
507,12:13:00,36.510,69.600,67.580,50.160,48.750,32.720,1.452,16.005,17.144,0.797,1.315,772.700,1240.900,1.606,12.763,22.540,0.871,1.437,19.656,20.904,0.745,0.750,12.756,22.544,0.189,8.735,9.613,0.018,4155.000,110.405,47.075,8.735,56.688,ON,Hazy with passing clouds; Hybrid loop operating; Ceff=1.61x
508,12:13:30,36.520,69.610,67.580,50.180,48.750,32.720,1.450,16.005,17.144,0.797,1.313,771.900,1239.000,1.605,12.749,22.506,0.871,1.435,19.656,20.904,0.745,0.750,12.756,22.510,0.189,8.744,9.613,0.018,4155.000,110.253,47.082,8.744,56.695,ON,Hazy with passing clouds; Hybrid loop operating; Ceff=1.61x
509,12:14:00,36.530,69.600,67.560,50.180,48.750,32.720,1.446,16.006,17.144,0.795,1.310,770.600,1236.400,1.604,12.728,22.458,0.869,1.432,19.656,20.904,0.745,0.750,12.725,22.459,0.189,8.737,9.611,0.018,4155.000,109.949,47.051,8.737,56.662,ON,Hazy with passing clouds; Hybrid loop operating; Ceff=1.6x
510,12:14:30,36.550,69.580,67.530,50.170,48.740,32.720,1.440,16.008,17.144,0.793,1.306,768.700,1232.900,1.604,12.699,22.395,0.867,1.428,19.658,20.904,0.745,0.750,12.694,22.390,0.189,8.738,9.609,0.018,4155.000,109.493,46.989,8.738,56.598,ON,Hazy with passing clouds; Hybrid loop operating; Ceff=1.6x
511,12:15:00,36.560,69.530,67.490,50.160,48.730,32.720,1.434,16.010,17.145,0.791,1.302,766.300,1228.500,1.603,12.661,22.317,0.864,1.423,19.661,20.905,0.745,0.750,12.664,22.323,0.189,8.744,9.614,0.018,4155.000,109.036,46.961,8.744,56.575,ON,Hazy with passing clouds; Hybrid loop operating; Ceff=1.6x
512,12:15:30,36.570,69.470,67.430,50.130,48.700,32.720,1.426,16.014,17.147,0.788,1.296,763.400,1223.400,1.603,12.617,22.227,0.861,1.417,19.665,20.907,0.745,0.750,12.619,22.223,0.189,8.746,9.611,0.018,4155.000,108.428,46.893,8.746,56.504,ON,Hazy with passing clouds; Hybrid loop operating; Ceff=1.6x
513,12:16:00,36.580,69.390,67.360,50.090,48.670,32.720,1.418,16.018,17.149,0.785,1.290,760.300,1217.900,1.602,12.570,22.131,0.858,1.410,19.670,20.909,0.745,0.751,12.574,22.122,0.189,8.750,9.611,0.018,4155.000,107.820,46.841,8.750,56.452,ON,Hazy with passing clouds; Hybrid loop operating; Ceff=1.6x
514,12:16:30,36.600,69.300,67.280,50.050,48.630,32.720,1.410,16.023,17.151,0.782,1.285,757.100,1212.500,1.601,12.523,22.035,0.854,1.404,19.675,20.912,0.745,0.750,12.530,22.039,0.189,8.757,9.617,0.018,4155.000,107.211,46.784,8.757,56.401,ON,Hazy with passing clouds; Hybrid loop operating; Ceff=1.6x
515,12:17:00,36.610,69.200,67.190,49.990,48.580,32.720,1.403,16.029,17.154,0.779,1.280,754.300,1207.500,1.601,12.482,21.949,0.851,1.398,19.681,20.915,0.745,0.751,12.487,21.957,0.189,8.759,9.621,0.018,4155.000,106.679,46.745,8.759,56.366,ON,Hazy with passing clouds; Hybrid loop operating; Ceff=1.6x
516,12:17:30,36.620,69.100,67.100,49.940,48.540,32.720,1.396,16.035,17.157,0.776,1.275,752.000,1203.300,1.600,12.449,21.877,0.848,1.394,19.688,20.918,0.746,0.750,12.443,21.875,0.189,8.755,9.619,0.018,4155.000,106.147,46.674,8.755,56.292,ON,Hazy with passing clouds; Hybrid loop operating; Ceff=1.6x
517,12:18:00,36.640,69.010,67.010,49.890,48.500,32.720,1.392,16.040,17.160,0.775,1.272,750.200,1200.100,1.600,12.426,21.824,0.847,1.390,19.694,20.921,0.745,0.750,12.431,21.828,0.189,8.767,9.623,0.018,4155.000,105.843,46.664,8.767,56.287,ON,Hazy with passing clouds; Hybrid loop operating; Ceff=1.6x
518,12:18:30,36.650,68.920,66.930,49.850,48.460,32.720,1.389,16.045,17.162,0.774,1.270,749.200,1198.000,1.599,12.413,21.790,0.846,1.388,19.699,20.924,0.745,0.750,12.419,21.796,0.189,8.770,9.626,0.018,4155.000,105.615,46.645,8.770,56.271,ON,Hazy with passing clouds; Hybrid loop operating; Ceff=1.6x
519,12:19:00,36.660,68.850,66.870,49.820,48.440,32.720,1.387,16.049,17.164,0.773,1.268,748.800,1196.900,1.598,12.410,21.772,0.845,1.386,19.703,20.926,0.745,0.751,12.406,21.764,0.189,8.766,9.621,0.018,4155.000,105.463,46.621,8.766,56.242,ON,Hazy with passing clouds; Hybrid loop operating; Ceff=1.6x
520,12:19:30,36.680,68.800,66.820,49.800,48.420,32.730,1.386,16.052,17.165,0.773,1.268,748.700,1196.400,1.598,12.412,21.765,0.845,1.386,19.707,20.927,0.745,0.750,12.408,21.765,0.189,8.769,9.626,0.018,4155.000,105.387,46.607,8.769,56.232,ON,Hazy with passing clouds; Hybrid loop operating; Ceff=1.6x
521,12:20:00,36.690,68.770,66.790,49.800,48.410,32.730,1.386,16.054,17.165,0.773,1.268,748.900,1196.300,1.597,12.417,21.763,0.845,1.386,19.709,20.927,0.746,0.750,12.410,21.765,0.189,8.768,9.626,0.018,4155.000,105.387,46.610,8.768,56.237,ON,Hazy with passing clouds; Hybrid loop operating; Ceff=1.6x
522,12:20:30,36.710,68.760,66.770,49.800,48.420,32.730,1.386,16.055,17.165,0.773,1.268,748.900,1196.000,1.597,12.418,21.757,0.845,1.385,19.710,20.927,0.746,0.751,12.411,21.765,0.189,8.768,9.629,0.018,4155.000,105.387,46.622,8.768,56.251,ON,Hazy with passing clouds; Hybrid loop operating; Ceff=1.6x
523,12:21:00,36.720,68.760,66.770,49.820,48.430,32.730,1.385,16.055,17.164,0.773,1.267,748.700,1195.200,1.596,12.414,21.741,0.845,1.384,19.710,20.926,0.745,0.751,12.411,21.747,0.189,8.770,9.627,0.018,4155.000,105.311,46.620,8.770,56.247,ON,Hazy with passing clouds; Hybrid loop operating; Ceff=1.6x
524,12:21:30,36.730,68.780,66.780,49.850,48.450,32.730,1.382,16.054,17.163,0.772,1.265,747.900,1193.600,1.596,12.400,21.711,0.844,1.383,19.709,20.924,0.745,0.750,12.394,21.711,0.189,8.768,9.624,0.018,4155.000,105.082,46.581,8.768,56.205,ON,Hazy with passing clouds; Hybrid loop operating; Ceff=1.6x
525,12:22:00,36.750,68.810,66.790,49.870,48.470,32.740,1.379,16.053,17.161,0.771,1.262,746.600,1191.200,1.595,12.377,21.664,0.843,1.380,19.707,20.923,0.745,0.750,12.377,21.657,0.189,8.771,9.620,0.018,4155.000,104.854,46.574,8.771,56.193,ON,Hazy with passing clouds; Hybrid loop operating; Ceff=1.6x
526,12:22:30,36.760,68.830,66.810,49.900,48.490,32.740,1.374,16.051,17.160,0.769,1.259,744.800,1187.900,1.595,12.346,21.603,0.841,1.376,19.706,20.921,0.745,0.750,12.343,21.604,0.189,8.769,9.623,0.018,4155.000,104.474,46.534,8.769,56.156,ON,Hazy with passing clouds; Hybrid loop operating; Ceff=1.6x
527,12:23:00,36.770,68.850,66.820,49.930,48.500,32.740,1.368,16.050,17.159,0.767,1.255,742.600,1184.200,1.595,12.309,21.532,0.838,1.371,19.705,20.920,0.745,0.751,12.310,21.535,0.189,8.771,9.622,0.018,4155.000,104.018,46.475,8.771,56.097,ON,Hazy with passing clouds; Hybrid loop operating; Ceff=1.59x
528,12:23:30,36.790,68.870,66.820,49.950,48.520,32.750,1.363,16.050,17.158,0.765,1.251,740.300,1180.200,1.594,12.271,21.459,0.836,1.367,19.704,20.919,0.745,0.750,12.278,21.465,0.189,8.775,9.623,0.018,4155.000,103.638,46.462,8.775,56.085,ON,Hazy with passing clouds; Hybrid loop operating; Ceff=1.59x
529,12:24:00,36.800,68.860,66.820,49.960,48.520,32.750,1.357,16.050,17.157,0.762,1.247,738.200,1176.500,1.594,12.235,21.390,0.833,1.363,19.705,20.918,0.745,0.750,12.230,21.395,0.189,8.766,9.622,0.018,4155.000,103.182,46.403,8.766,56.025,ON,Hazy with passing clouds; Hybrid loop operating; Ceff=1.59x
530,12:24:30,36.810,68.850,66.800,49.960,48.520,32.750,1.353,16.051,17.157,0.760,1.243,736.400,1173.300,1.593,12.207,21.334,0.831,1.359,19.706,20.918,0.745,0.750,12.199,21.326,0.189,8.765,9.617,0.018,4155.000,102.877,46.393,8.765,56.010,ON,Hazy with passing clouds; Hybrid loop operating; Ceff=1.59x
531,12:25:00,36.830,68.810,66.760,49.950,48.510,32.760,1.349,16.053,17.158,0.759,1.241,735.200,1171.200,1.593,12.189,21.295,0.830,1.356,19.708,20.919,0.745,0.751,12.184,21.293,0.189,8.769,9.619,0.018,4155.000,102.573,46.338,8.769,55.958,ON,Hazy with passing clouds; Hybrid loop operating; Ceff=1.59x
532,12:25:30,36.840,68.760,66.720,49.930,48.500,32.760,1.348,16.056,17.159,0.759,1.240,734.700,1170.100,1.593,12.183,21.277,0.829,1.355,19.711,20.920,0.746,0.751,12.187,21.277,0.189,8.776,9.621,0.018,4155.000,102.497,46.348,8.776,55.969,ON,Hazy with passing clouds; Hybrid loop operating; Ceff=1.59x
533,12:26:00,36.850,68.700,66.660,49.910,48.480,32.770,1.348,16.060,17.160,0.759,1.240,734.800,1170.100,1.592,12.189,21.279,0.830,1.355,19.715,20.922,0.745,0.751,12.190,21.278,0.189,8.777,9.622,0.018,4155.000,102.497,46.348,8.777,55.969,ON,Hazy with passing clouds; Hybrid loop operating; Ceff=1.59x
534,12:26:30,36.870,68.630,66.600,49.880,48.450,32.770,1.349,16.064,17.162,0.760,1.241,735.500,1171.000,1.592,12.205,21.298,0.830,1.356,19.719,20.923,0.746,0.751,12.209,21.298,0.189,8.783,9.623,0.018,4155.000,102.573,46.346,8.783,55.970,ON,Hazy with passing clouds; Hybrid loop operating; Ceff=1.59x
535,12:27:00,36.880,68.560,66.540,49.840,48.430,32.770,1.351,16.068,17.163,0.761,1.243,736.600,1172.400,1.592,12.226,21.326,0.832,1.358,19.724,20.925,0.745,0.750,12.228,21.334,0.189,8.783,9.628,0.018,4155.000,102.725,46.360,8.783,55.987,ON,Hazy with passing clouds; Hybrid loop operating; Ceff=1.59x
536,12:27:30,36.890,68.480,66.470,49.810,48.410,32.780,1.354,16.072,17.165,0.762,1.244,737.700,1174.000,1.591,12.248,21.358,0.833,1.360,19.728,20.927,0.745,0.750,12.247,21.353,0.189,8.784,9.624,0.018,4155.000,102.953,46.399,8.784,56.023,ON,Hazy with passing clouds; Hybrid loop operating; Ceff=1.59x
537,12:28:00,36.900,68.410,66.420,49.790,48.390,32.780,1.355,16.076,17.166,0.763,1.246,738.600,1175.300,1.591,12.267,21.383,0.834,1.361,19.732,20.928,0.745,0.751,12.266,21.389,0.189,8.787,9.629,0.018,4155.000,103.029,46.382,8.787,56.011,ON,Hazy with passing clouds; Hybrid loop operating; Ceff=1.59x
538,12:28:30,36.910,68.350,66.370,49.760,48.370,32.790,1.356,16.079,17.167,0.764,1.246,739.200,1176.000,1.591,12.279,21.397,0.835,1.362,19.736,20.930,0.745,0.751,12.284,21.390,0.189,8.793,9.624,0.018,4155.000,103.105,46.389,8.793,56.012,ON,Hazy with passing clouds; Hybrid loop operating; Ceff=1.59x
539,12:29:00,36.920,68.310,66.330,49.750,48.360,32.790,1.356,16.081,17.168,0.764,1.246,739.200,1175.800,1.591,12.282,21.396,0.835,1.362,19.739,20.930,0.745,0.751,12.286,21.391,0.189,8.794,9.626,0.018,4155.000,103.105,46.397,8.794,56.023,ON,Hazy with passing clouds; Hybrid loop operating; Ceff=1.59x
540,12:29:30,36.930,68.280,66.300,49.740,48.360,32.790,1.355,16.083,17.169,0.763,1.245,738.700,1174.800,1.591,12.275,21.378,0.834,1.361,19.741,20.931,0.746,0.750,12.271,21.375,0.189,8.789,9.627,0.018,4155.000,103.029,46.402,8.789,56.029,ON,Hazy with passing clouds; Hybrid loop operating; Ceff=1.59x
541,12:30:00,36.940,68.260,66.290,49.740,48.360,32.800,1.352,16.084,17.168,0.762,1.243,737.700,1173.100,1.590,12.259,21.347,0.833,1.359,19.742,20.931,0.745,0.750,12.256,21.340,0.189,8.790,9.625,0.018,4155.000,102.801,46.366,8.790,55.991,ON,Hazy with passing clouds; Hybrid loop operating; Ceff=1.59x
542,12:30:30,36.950,68.260,66.290,49.750,48.370,32.800,1.349,16.084,17.168,0.761,1.241,736.400,1171.000,1.590,12.238,21.307,0.832,1.356,19.742,20.930,0.745,0.751,12.240,21.305,0.189,8.794,9.627,0.018,4155.000,102.573,46.346,8.794,55.973,ON,Hazy with passing clouds; Hybrid loop operating; Ceff=1.59x
543,12:31:00,36.960,68.280,66.300,49.770,48.390,32.810,1.346,16.083,17.167,0.760,1.239,735.100,1168.800,1.590,12.216,21.266,0.830,1.354,19.741,20.929,0.746,0.750,12.223,21.270,0.189,8.798,9.629,0.018,4155.000,102.345,46.330,8.798,55.959,ON,Hazy with passing clouds; Hybrid loop operating; Ceff=1.59x
544,12:31:30,36.960,68.300,66.310,49.800,48.400,32.810,1.343,16.082,17.166,0.758,1.237,734.000,1167.000,1.590,12.197,21.231,0.829,1.352,19.739,20.927,0.745,0.750,12.190,21.234,0.189,8.787,9.627,0.018,4155.000,102.117,46.298,8.787,55.926,ON,Hazy with passing clouds; Hybrid loop operating; Ceff=1.59x
545,12:32:00,36.970,68.340,66.340,49.830,48.430,32.810,1.342,16.080,17.164,0.758,1.236,733.400,1166.000,1.590,12.185,21.209,0.828,1.350,19.737,20.926,0.746,0.751,12.189,21.215,0.189,8.793,9.627,0.018,4155.000,102.041,46.304,8.793,55.930,ON,Hazy with passing clouds; Hybrid loop operating; Ceff=1.59x
546,12:32:30,36.980,68.380,66.370,49.860,48.450,32.820,1.342,16.078,17.162,0.758,1.236,733.400,1165.900,1.590,12.183,21.206,0.828,1.350,19.735,20.924,0.746,0.751,12.187,21.212,0.189,8.792,9.626,0.018,4155.000,102.041,46.308,8.792,55.934,ON,Hazy with passing clouds; Hybrid loop operating; Ceff=1.59x
547,12:33:00,36.980,68.420,66.400,49.890,48.480,32.820,1.343,16.076,17.161,0.758,1.237,734.100,1166.900,1.590,12.192,21.222,0.829,1.352,19.733,20.922,0.745,0.750,12.186,21.228,0.189,8.783,9.625,0.018,4155.000,102.117,46.302,8.783,55.928,ON,Hazy with passing clouds; Hybrid loop operating; Ceff=1.59x
548,12:33:30,36.990,68.450,66.430,49.920,48.500,32.830,1.346,16.074,17.159,0.760,1.239,735.400,1169.000,1.590,12.212,21.257,0.830,1.354,19.731,20.920,0.746,0.750,12.216,21.260,0.189,8.789,9.622,0.018,4155.000,102.345,46.322,8.789,55.945,ON,Hazy with passing clouds; Hybrid loop operating; Ceff=1.59x
549,12:34:00,36.990,68.480,66.450,49.950,48.520,32.830,1.350,16.072,17.158,0.762,1.242,737.200,1171.800,1.590,12.240,21.305,0.832,1.357,19.729,20.919,0.746,0.751,12.247,21.310,0.189,8.790,9.622,0.018,4155.000,102.649,46.349,8.790,55.971,ON,Hazy with passing clouds; Hybrid loop operating; Ceff=1.59x
550,12:34:30,37.000,68.500,66.460,49.960,48.540,32.830,1.355,16.072,17.157,0.764,1.245,739.100,1174.900,1.590,12.272,21.361,0.835,1.361,19.728,20.918,0.745,0.750,12.279,21.360,0.189,8.790,9.619,0.018,4155.000,103.029,46.398,8.790,56.017,ON,Hazy with passing clouds; Hybrid loop operating; Ceff=1.59x
551,12:35:00,37.000,68.500,66.470,49.980,48.550,32.840,1.359,16.071,17.156,0.766,1.248,741.100,1178.000,1.590,12.304,21.416,0.837,1.364,19.728,20.917,0.745,0.751,12.310,21.411,0.189,8.789,9.617,0.018,4155.000,103.334,46.412,8.789,56.029,ON,Hazy with passing clouds; Hybrid loop operating; Ceff=1.59x
552,12:35:30,37.000,68.490,66.460,49.980,48.550,32.840,1.363,16.072,17.156,0.767,1.251,742.700,1180.600,1.590,12.332,21.463,0.839,1.367,19.728,20.917,0.745,0.751,12.327,21.462,0.189,8.782,9.619,0.018,4155.000,103.638,46.447,8.782,56.065,ON,Hazy with passing clouds; Hybrid loop operating; Ceff=1.59x
553,12:36:00,37.000,68.470,66.440,49.970,48.550,32.840,1.366,16.073,17.156,0.769,1.253,743.900,1182.500,1.590,12.353,21.498,0.840,1.370,19.730,20.917,0.745,0.750,12.360,21.496,0.189,8.791,9.618,0.018,4155.000,103.866,46.474,8.791,56.092,ON,Hazy with passing clouds; Hybrid loop operating; Ceff=1.59x
554,12:36:30,37.010,68.430,66.420,49.960,48.550,32.850,1.367,16.075,17.157,0.769,1.254,744.500,1183.500,1.590,12.364,21.517,0.841,1.371,19.732,20.918,0.745,0.750,12.362,21.515,0.189,8.785,9.619,0.018,4155.000,103.942,46.469,8.785,56.087,ON,Hazy with passing clouds; Hybrid loop operating; Ceff=1.59x
555,12:37:00,37.010,68.390,66.380,49.940,48.530,32.850,1.368,16.077,17.158,0.769,1.254,744.600,1183.700,1.590,12.368,21.522,0.841,1.371,19.734,20.919,0.745,0.750,12.363,21.516,0.189,8.785,9.617,0.018,4155.000,104.018,46.495,8.785,56.112,ON,Hazy with passing clouds; Hybrid loop operating; Ceff=1.59x
556,12:37:30,37.010,68.340,66.340,49.910,48.520,32.850,1.367,16.080,17.159,0.769,1.254,744.200,1183.100,1.590,12.364,21.514,0.840,1.370,19.737,20.920,0.746,0.751,12.366,21.517,0.189,8.791,9.623,0.018,4155.000,103.942,46.484,8.791,56.107,ON,Hazy with passing clouds; Hybrid loop operating; Ceff=1.59x
557,12:38:00,37.010,68.280,66.300,49.880,48.500,32.860,1.366,16.083,17.160,0.768,1.253,743.600,1182.300,1.590,12.358,21.501,0.840,1.369,19.740,20.922,0.745,0.751,12.352,21.501,0.189,8.789,9.622,0.018,4155.000,103.866,46.482,8.789,56.104,ON,Hazy with passing clouds; Hybrid loop operating; Ceff=1.59x
558,12:38:30,37.010,68.240,66.270,49.860,48.480,32.860,1.365,16.085,17.162,0.768,1.252,743.100,1181.600,1.590,12.351,21.490,0.839,1.369,19.743,20.923,0.746,0.750,12.353,21.487,0.189,8.796,9.621,0.018,4155.000,103.790,46.475,8.796,56.097,ON,Hazy with passing clouds; Hybrid loop operating; Ceff=1.59x
559,12:39:00,37.010,68.200,66.240,49.840,48.470,32.860,1.364,16.087,17.163,0.768,1.252,742.900,1181.300,1.590,12.350,21.487,0.839,1.368,19.745,20.924,0.746,0.751,12.355,21.488,0.189,8.799,9.624,0.018,4155.000,103.714,46.453,8.799,56.078,ON,Hazy with passing clouds; Hybrid loop operating; Ceff=1.59x
560,12:39:30,37.000,68.180,66.220,49.830,48.460,32.860,1.365,16.088,17.163,0.768,1.253,743.200,1181.900,1.590,12.356,21.498,0.839,1.369,19.746,20.925,0.746,0.750,12.356,21.505,0.189,8.796,9.627,0.018,4155.000,103.790,46.464,8.796,56.091,ON,Hazy with passing clouds; Hybrid loop operating; Ceff=1.59x
561,12:40:00,37.000,68.170,66.220,49.820,48.460,32.860,1.367,16.088,17.163,0.769,1.254,744.100,1183.500,1.590,12.371,21.527,0.840,1.371,19.747,20.925,0.746,0.750,12.372,21.522,0.189,8.797,9.622,0.018,4155.000,103.942,46.469,8.797,56.091,ON,Hazy with passing clouds; Hybrid loop operating; Ceff=1.59x
562,12:40:30,37.000,68.190,66.230,49.840,48.470,32.860,1.371,16.088,17.162,0.771,1.257,745.700,1186.100,1.591,12.397,21.574,0.842,1.374,19.746,20.924,0.746,0.750,12.404,21.573,0.189,8.801,9.623,0.018,4155.000,104.246,46.503,8.801,56.126,ON,Hazy with passing clouds; Hybrid loop operating; Ceff=1.59x
563,12:41:00,37.000,68.220,66.260,49.860,48.490,32.870,1.376,16.086,17.161,0.773,1.261,747.800,1189.700,1.591,12.430,21.636,0.845,1.378,19.744,20.923,0.745,0.750,12.434,21.640,0.189,8.798,9.624,0.018,4155.000,104.626,46.531,8.798,56.155,ON,Hazy with passing clouds; Hybrid loop operating; Ceff=1.59x
564,12:41:30,36.990,68.280,66.310,49.890,48.520,32.870,1.382,16.083,17.159,0.775,1.265,750.300,1193.700,1.591,12.468,21.707,0.847,1.383,19.740,20.921,0.746,0.750,12.464,21.706,0.189,8.790,9.621,0.018,4155.000,105.082,46.577,8.790,56.198,ON,Hazy with passing clouds; Hybrid loop operating; Ceff=1.59x
565,12:42:00,36.990,68.340,66.360,49.930,48.550,32.870,1.389,16.079,17.157,0.778,1.269,752.900,1198.000,1.591,12.507,21.781,0.850,1.387,19.736,20.918,0.746,0.751,12.509,21.772,0.189,8.791,9.616,0.018,4155.000,105.615,46.645,8.791,56.261,ON,Hazy with passing clouds; Hybrid loop operating; Ceff=1.59x
566,12:42:30,36.980,68.410,66.430,49.980,48.590,32.870,1.395,16.075,17.155,0.780,1.274,755.300,1202.000,1.591,12.543,21.849,0.853,1.392,19.732,20.915,0.745,0.750,12.539,21.855,0.189,8.783,9.620,0.018,4155.000,106.071,46.691,8.783,56.311,ON,Hazy with passing clouds; Hybrid loop operating; Ceff=1.59x
567,12:43:00,36.980,68.490,66.490,50.030,48.630,32.870,1.400,16.071,17.152,0.782,1.277,757.300,1205.300,1.592,12.572,21.907,0.855,1.396,19.727,20.913,0.745,0.750,12.568,21.903,0.189,8.781,9.615,0.018,4155.000,106.451,46.730,8.781,56.345,ON,Hazy with passing clouds; Hybrid loop operating; Ceff=1.59x
568,12:43:30,36.970,68.560,66.550,50.070,48.670,32.870,1.403,16.067,17.150,0.784,1.280,758.700,1207.800,1.592,12.593,21.949,0.857,1.399,19.723,20.910,0.745,0.750,12.597,21.952,0.189,8.785,9.617,0.018,4155.000,106.679,46.733,8.785,56.349,ON,Hazy with passing clouds; Hybrid loop operating; Ceff=1.59x
569,12:44:00,36.960,68.620,66.610,50.110,48.700,32.870,1.406,16.064,17.148,0.785,1.281,759.600,1209.400,1.592,12.604,21.974,0.857,1.400,19.719,20.908,0.746,0.751,12.610,21.967,0.189,8.784,9.610,0.018,4155.000,106.907,46.771,8.784,56.381,ON,Hazy with passing clouds; Hybrid loop operating; Ceff=1.59x
570,12:44:30,36.960,68.670,66.650,50.130,48.720,32.870,1.407,16.061,17.146,0.785,1.282,759.900,1210.100,1.592,12.607,21.985,0.858,1.401,19.717,20.906,0.745,0.751,12.608,21.981,0.189,8.779,9.611,0.018,4155.000,106.983,46.777,8.779,56.388,ON,Hazy with passing clouds; Hybrid loop operating; Ceff=1.59x
571,12:45:00,36.950,68.690,66.670,50.150,48.730,32.870,1.407,16.059,17.145,0.785,1.282,759.900,1210.300,1.593,12.604,21.987,0.858,1.401,19.715,20.905,0.745,0.751,12.606,21.980,0.189,8.777,9.609,0.018,4155.000,106.983,46.769,8.777,56.378,ON,Hazy with passing clouds; Hybrid loop operating; Ceff=1.59x
572,12:45:30,36.940,68.700,66.680,50.150,48.740,32.870,1.407,16.059,17.145,0.785,1.282,759.700,1210.300,1.593,12.601,21.985,0.858,1.401,19.714,20.905,0.745,0.751,12.606,21.980,0.189,8.780,9.609,0.018,4155.000,106.983,46.769,8.780,56.378,ON,Hazy with passing clouds; Hybrid loop operating; Ceff=1.59x
573,12:46:00,36.940,68.690,66.680,50.140,48.730,32.860,1.407,16.059,17.146,0.785,1.283,759.700,1210.400,1.593,12.601,21.989,0.858,1.402,19.715,20.906,0.745,0.750,12.606,21.998,0.189,8.780,9.616,0.018,4155.000,106.983,46.765,8.780,56.382,ON,Hazy with passing clouds; Hybrid loop operating; Ceff=1.59x
574,12:46:30,36.930,68.670,66.670,50.120,48.720,32.860,1.408,16.060,17.146,0.785,1.283,760.000,1211.200,1.594,12.608,22.005,0.858,1.403,19.716,20.907,0.745,0.750,12.607,21.998,0.189,8.777,9.610,0.018,4155.000,107.059,46.768,8.777,56.378,ON,Hazy with passing clouds; Hybrid loop operating; Ceff=1.59x
575,12:47:00,36.920,68.640,66.640,50.100,48.700,32.860,1.411,16.062,17.148,0.786,1.285,760.900,1212.900,1.594,12.625,22.037,0.859,1.405,19.718,20.908,0.745,0.750,12.625,22.035,0.189,8.779,9.612,0.018,4155.000,107.288,46.802,8.779,56.414,ON,Hazy with passing clouds; Hybrid loop operating; Ceff=1.59x
576,12:47:30,36.910,68.600,66.620,50.070,48.680,32.860,1.415,16.064,17.149,0.788,1.288,762.500,1215.600,1.594,12.652,22.088,0.861,1.408,19.720,20.909,0.745,0.750,12.658,22.088,0.189,8.784,9.614,0.018,4155.000,107.592,46.830,8.784,56.444,ON,Hazy with passing clouds; Hybrid loop operating; Ceff=1.59x
577,12:48:00,36.910,68.570,66.590,50.050,48.670,32.860,1.420,16.066,17.150,0.790,1.292,764.600,1219.200,1.595,12.689,22.156,0.863,1.412,19.722,20.911,0.746,0.750,12.692,22.158,0.189,8.783,9.616,0.018,4155.000,107.972,46.857,8.783,56.473,ON,Hazy with passing clouds; Hybrid loop operating; Ceff=1.59x
578,12:48:30,36.900,68.540,66.570,50.030,48.660,32.850,1.427,16.067,17.151,0.793,1.297,767.200,1223.600,1.595,12.733,22.237,0.866,1.417,19.723,20.912,0.745,0.750,12.741,22.245,0.189,8.787,9.619,0.018,4155.000,108.504,46.919,8.787,56.538,ON,Hazy with passing clouds; Hybrid loop operating; Ceff=1.59x
579,12:49:00,36.890,68.520,66.570,50.020,48.650,32.850,1.434,16.068,17.152,0.795,1.302,770.000,1228.400,1.595,12.781,22.325,0.869,1.423,19.724,20.912,0.746,0.750,12.774,22.332,0.189,8.778,9.619,0.018,4155.000,109.036,46.964,8.778,56.583,ON,Hazy with passing clouds; Hybrid loop operating; Ceff=1.6x
580,12:49:30,36.880,68.530,66.580,50.020,48.650,32.850,1.441,16.067,17.152,0.798,1.307,772.900,1233.100,1.596,12.827,22.411,0.873,1.428,19.723,20.912,0.745,0.750,12.821,22.418,0.189,8.777,9.619,0.018,4155.000,109.569,47.014,8.777,56.633,ON,Hazy with passing clouds; Hybrid loop operating; Ceff=1.6x
581,12:50:00,36.870,68.550,66.600,50.030,48.670,32.840,1.447,16.066,17.151,0.801,1.311,775.400,1237.400,1.596,12.868,22.488,0.875,1.433,19.722,20.911,0.746,0.750,12.869,22.485,0.189,8.781,9.614,0.018,4155.000,110.025,47.046,8.781,56.660,ON,Hazy with passing clouds; Hybrid loop operating; Ceff=1.6x
582,12:50:30,36.860,68.590,66.640,50.050,48.690,32.840,1.453,16.064,17.150,0.803,1.315,777.500,1241.000,1.596,12.900,22.551,0.878,1.437,19.719,20.910,0.745,0.751,12.899,22.552,0.189,8.778,9.615,0.018,4155.000,110.481,47.104,8.778,56.719,ON,Hazy with passing clouds; Hybrid loop operating; Ceff=1.6x
583,12:51:00,36.850,68.650,66.690,50.080,48.710,32.840,1.456,16.060,17.148,0.805,1.318,778.900,1243.600,1.597,12.921,22.596,0.879,1.440,19.716,20.908,0.746,0.751,12.928,22.601,0.189,8.782,9.616,0.018,4155.000,110.709,47.102,8.782,56.718,ON,Hazy with passing clouds; Hybrid loop operating; Ceff=1.6x
584,12:51:30,36.850,68.720,66.750,50.120,48.740,32.830,1.459,16.056,17.146,0.805,1.319,779.800,1245.300,1.597,12.932,22.622,0.880,1.442,19.711,20.906,0.746,0.750,12.925,22.616,0.189,8.770,9.609,0.018,4155.000,110.937,47.135,8.770,56.744,ON,Hazy with passing clouds; Hybrid loop operating; Ceff=1.6x
585,12:52:00,36.840,68.800,66.820,50.160,48.780,32.830,1.460,16.052,17.144,0.806,1.320,780.200,1246.100,1.597,12.933,22.634,0.881,1.443,19.707,20.903,0.745,0.750,12.938,22.630,0.189,8.774,9.609,0.018,4155.000,111.013,47.137,8.774,56.746,ON,Hazy with passing clouds; Hybrid loop operating; Ceff=1.6x
586,12:52:30,36.830,68.880,66.900,50.210,48.820,32.820,1.461,16.047,17.141,0.806,1.321,780.300,1246.600,1.598,12.930,22.638,0.881,1.443,19.701,20.901,0.745,0.751,12.934,22.643,0.189,8.770,9.611,0.018,4155.000,111.089,47.150,8.770,56.761,ON,Hazy with passing clouds; Hybrid loop operating; Ceff=1.6x
587,12:53:00,36.820,68.970,66.970,50.250,48.850,32.820,1.461,16.043,17.139,0.806,1.321,780.300,1246.900,1.598,12.926,22.640,0.881,1.444,19.696,20.898,0.745,0.750,12.931,22.641,0.189,8.768,9.607,0.018,4155.000,111.089,47.139,8.768,56.746,ON,Hazy with passing clouds; Hybrid loop operating; Ceff=1.6x
588,12:53:30,36.810,69.050,67.040,50.290,48.880,32.810,1.462,16.038,17.137,0.806,1.322,780.600,1247.600,1.598,12.926,22.650,0.881,1.444,19.692,20.896,0.745,0.751,12.927,22.655,0.189,8.762,9.608,0.018,4155.000,111.165,47.145,8.762,56.753,ON,Hazy with passing clouds; Hybrid loop operating; Ceff=1.6x
589,12:54:00,36.810,69.120,67.100,50.320,48.910,32.810,1.465,16.034,17.135,0.807,1.323,781.300,1249.000,1.599,12.934,22.672,0.882,1.446,19.687,20.894,0.745,0.750,12.939,22.670,0.189,8.763,9.603,0.018,4155.000,111.393,47.188,8.763,56.792,ON,Hazy with passing clouds; Hybrid loop operating; Ceff=1.6x
590,12:54:30,36.800,69.170,67.150,50.350,48.930,32.800,1.468,16.031,17.133,0.808,1.326,782.600,1251.300,1.599,12.953,22.712,0.883,1.449,19.684,20.892,0.745,0.750,12.953,22.718,0.189,8.757,9.606,0.018,4155.000,111.622,47.198,8.757,56.804,ON,Hazy with passing clouds; Hybrid loop operating; Ceff=1.6x
591,12:55:00,36.790,69.210,67.190,50.370,48.950,32.800,1.473,16.029,17.132,0.810,1.329,784.500,1254.700,1.599,12.982,22.771,0.885,1.453,19.681,20.891,0.745,0.750,12.983,22.768,0.189,8.757,9.601,0.018,4155.000,112.002,47.231,8.757,56.832,ON,Hazy with passing clouds; Hybrid loop operating; Ceff=1.6x
592,12:55:30,36.780,69.240,67.210,50.380,48.960,32.790,1.479,16.027,17.132,0.812,1.334,787.000,1258.900,1.600,13.021,22.846,0.888,1.457,19.679,20.890,0.745,0.751,13.014,22.854,0.189,8.749,9.605,0.018,4155.000,112.458,47.265,8.749,56.870,ON,Hazy with passing clouds; Hybrid loop operating; Ceff=1.6x
593,12:56:00,36.780,69.260,67.230,50.380,48.970,32.790,1.487,16.026,17.131,0.815,1.339,789.800,1263.700,1.600,13.067,22.933,0.891,1.463,19.678,20.890,0.745,0.750,13.061,22.938,0.189,8.750,9.604,0.018,4155.000,113.066,47.340,8.750,56.944,ON,Hazy with passing clouds; Hybrid loop operating; Ceff=1.6x
594,12:56:30,36.770,69.260,67.240,50.380,48.970,32.780,1.494,16.026,17.131,0.818,1.344,792.800,1268.700,1.600,13.116,23.024,0.894,1.469,19.678,20.890,0.746,0.750,13.109,23.024,0.189,8.749,9.602,0.018,4155.000,113.599,47.375,8.749,56.977,ON,Hazy with passing clouds; Hybrid loop operating; Ceff=1.6x
595,12:57:00,36.770,69.250,67.240,50.370,48.970,32.780,1.501,16.026,17.132,0.821,1.349,795.700,1273.500,1.601,13.163,23.111,0.898,1.474,19.678,20.890,0.745,0.751,13.157,23.111,0.189,8.749,9.602,0.018,4155.000,114.131,47.418,8.749,57.020,ON,Hazy with passing clouds; Hybrid loop operating; Ceff=1.6x
596,12:57:30,36.760,69.240,67.240,50.360,48.960,32.770,1.508,16.026,17.132,0.824,1.353,798.100,1277.700,1.601,13.204,23.188,0.900,1.479,19.679,20.891,0.746,0.750,13.205,23.180,0.189,8.755,9.599,0.018,4155.000,114.663,47.482,8.755,57.081,ON,Hazy with passing clouds; Hybrid loop operating; Ceff=1.6x
597,12:58:00,36.760,69.230,67.240,50.350,48.960,32.760,1.513,16.027,17.133,0.826,1.357,800.000,1281.000,1.601,13.236,23.249,0.903,1.483,19.679,20.891,0.745,0.750,13.238,23.249,0.189,8.755,9.603,0.018,4155.000,115.043,47.517,8.755,57.120,ON,Hazy with passing clouds; Hybrid loop operating; Ceff=1.6x
598,12:58:30,36.750,69.220,67.240,50.340,48.950,32.760,1.516,16.027,17.133,0.827,1.359,801.300,1283.300,1.601,13.258,23.292,0.904,1.486,19.679,20.892,0.745,0.750,13.254,23.284,0.189,8.752,9.600,0.018,4155.000,115.271,47.526,8.752,57.126,ON,Hazy with passing clouds; Hybrid loop operating; Ceff=1.6x
599,12:59:00,36.750,69.220,67.240,50.330,48.950,32.750,1.518,16.027,17.133,0.828,1.361,802.100,1284.700,1.602,13.270,23.317,0.905,1.487,19.679,20.892,0.745,0.751,13.270,23.318,0.189,8.754,9.603,0.018,4155.000,115.423,47.537,8.754,57.140,ON,Hazy with passing clouds; Hybrid loop operating; Ceff=1.6x
600,12:59:30,36.740,69.230,67.260,50.330,48.960,32.750,1.519,16.026,17.133,0.828,1.362,802.300,1285.400,1.602,13.274,23.329,0.905,1.488,19.678,20.892,0.745,0.750,13.270,23.335,0.189,8.751,9.605,0.018,4155.000,115.499,47.542,8.751,57.148,ON,Hazy with passing clouds; Hybrid loop operating; Ceff=1.6x
601,13:00:00,36.740,69.250,67.280,50.340,48.970,32.740,1.520,16.025,17.133,0.828,1.362,802.400,1285.700,1.602,13.274,23.335,0.905,1.489,19.677,20.891,0.745,0.750,13.269,23.335,0.189,8.749,9.603,0.018,4155.000,115.575,47.562,8.749,57.166,ON,Hazy with passing clouds; Hybrid loop operating; Ceff=1.6x
602,13:00:30,36.740,69.290,67.320,50.360,48.980,32.730,1.521,16.023,17.132,0.828,1.362,802.500,1286.100,1.603,13.273,23.340,0.905,1.489,19.675,20.890,0.745,0.750,13.267,23.334,0.189,8.747,9.600,0.018,4155.000,115.652,47.579,8.747,57.178,ON,Hazy with passing clouds; Hybrid loop operating; Ceff=1.6x
603,13:01:00,36.730,69.340,67.360,50.380,49.000,32.730,1.522,16.020,17.130,0.829,1.363,802.900,1287.000,1.603,13.277,23.354,0.906,1.490,19.671,20.889,0.745,0.750,13.281,23.348,0.189,8.752,9.599,0.018,4155.000,115.728,47.577,8.752,57.176,ON,Hazy with passing clouds; Hybrid loop operating; Ceff=1.6x
604,13:01:30,36.730,69.400,67.420,50.410,49.030,32.720,1.524,16.016,17.129,0.830,1.365,803.900,1288.600,1.603,13.288,23.381,0.907,1.492,19.667,20.887,0.745,0.750,13.293,23.381,0.189,8.749,9.600,0.018,4155.000,115.880,47.580,8.749,57.181,ON,Hazy with passing clouds; Hybrid loop operating; Ceff=1.6x
605,13:02:00,36.730,69.480,67.490,50.460,49.060,32.720,1.528,16.012,17.126,0.831,1.368,805.400,1291.300,1.603,13.309,23.425,0.908,1.495,19.662,20.884,0.745,0.750,13.306,23.428,0.189,8.741,9.600,0.018,4155.000,116.184,47.605,8.741,57.205,ON,Hazy with passing clouds; Hybrid loop operating; Ceff=1.6x
606,13:02:30,36.730,69.570,67.570,50.500,49.100,32.710,1.534,16.007,17.124,0.833,1.371,807.500,1294.800,1.604,13.338,23.485,0.911,1.499,19.657,20.882,0.745,0.750,13.334,23.477,0.189,8.737,9.594,0.018,4155.000,116.640,47.663,8.737,57.257,ON,Hazy with passing clouds; Hybrid loop operating; Ceff=1.6x
607,13:03:00,36.730,69.670,67.650,50.560,49.140,32.700,1.540,16.001,17.121,0.836,1.376,810.000,1299.100,1.604,13.375,23.558,0.914,1.504,19.651,20.879,0.745,0.750,13.377,23.558,0.189,8.738,9.595,0.018,4155.000,117.096,47.691,8.738,57.286,ON,Hazy with passing clouds; Hybrid loop operating; Ceff=1.6x
608,13:03:30,36.730,69.760,67.730,50.610,49.190,32.700,1.548,15.996,17.118,0.839,1.381,812.900,1303.900,1.604,13.416,23.639,0.917,1.509,19.646,20.875,0.745,0.750,13.421,23.640,0.189,8.735,9.593,0.018,4155.000,117.705,47.762,8.735,57.355,ON,Hazy with passing clouds; Hybrid loop operating; Ceff=1.6x
609,13:04:00,36.730,69.850,67.810,50.660,49.230,32.690,1.555,15.991,17.115,0.842,1.386,815.700,1308.600,1.604,13.458,23.720,0.920,1.515,19.640,20.872,0.745,0.750,13.464,23.721,0.189,8.734,9.591,0.018,4155.000,118.237,47.806,8.734,57.397,ON,Hazy with passing clouds; Hybrid loop operating; Ceff=1.6x
610,13:04:30,36.730,69.930,67.880,50.700,49.270,32.690,1.561,15.987,17.113,0.844,1.390,818.300,1312.900,1.604,13.496,23.795,0.923,1.520,19.635,20.870,0.745,0.750,13.493,23.787,0.189,8.724,9.586,0.018,4155.000,118.693,47.833,8.724,57.420,ON,Hazy with passing clouds; Hybrid loop operating; Ceff=1.6x
611,13:05:00,36.730,69.990,67.940,50.740,49.300,32.680,1.567,15.983,17.111,0.846,1.394,820.500,1316.500,1.605,13.528,23.856,0.925,1.524,19.631,20.867,0.745,0.750,13.522,23.853,0.189,8.719,9.586,0.018,4155.000,119.149,47.886,8.719,57.472,ON,Hazy with passing clouds; Hybrid loop operating; Ceff=1.6x
612,13:05:30,36.730,70.040,67.990,50.760,49.330,32.670,1.571,15.980,17.109,0.848,1.397,822.000,1319.100,1.605,13.550,23.900,0.927,1.527,19.628,20.866,0.745,0.750,13.551,23.901,0.189,8.722,9.587,0.018,4155.000,119.453,47.914,8.722,57.501,ON,Hazy with passing clouds; Hybrid loop operating; Ceff=1.6x
613,13:06:00,36.740,70.060,68.020,50.780,49.340,32.670,1.573,15.979,17.109,0.849,1.399,822.900,1320.700,1.605,13.563,23.927,0.928,1.528,19.626,20.865,0.745,0.750,13.566,23.935,0.189,8.723,9.589,0.018,4155.000,119.605,47.916,8.723,57.506,ON,Hazy with passing clouds; Hybrid loop operating; Ceff=1.6x
614,13:06:30,36.740,70.080,68.040,50.780,49.350,32.660,1.574,15.978,17.108,0.849,1.399,823.200,1321.300,1.605,13.567,23.939,0.928,1.529,19.625,20.865,0.745,0.750,13.565,23.934,0.189,8.719,9.584,0.018,4155.000,119.681,47.925,8.719,57.509,ON,Hazy with passing clouds; Hybrid loop operating; Ceff=1.61x
615,13:07:00,36.740,70.070,68.040,50.770,49.350,32.660,1.574,15.978,17.108,0.849,1.399,823.200,1321.400,1.605,13.567,23.940,0.928,1.529,19.625,20.865,0.745,0.750,13.565,23.934,0.189,8.719,9.583,0.018,4155.000,119.681,47.922,8.719,57.505,ON,Hazy with passing clouds; Hybrid loop operating; Ceff=1.61x
616,13:07:30,36.750,70.060,68.030,50.760,49.340,32.650,1.574,15.978,17.109,0.849,1.399,823.000,1321.200,1.605,13.565,23.938,0.928,1.529,19.626,20.866,0.745,0.750,13.565,23.935,0.189,8.721,9.585,0.018,4155.000,119.681,47.929,8.721,57.514,ON,Hazy with passing clouds; Hybrid loop operating; Ceff=1.61x
617,13:08:00,36.750,70.040,68.020,50.740,49.330,32.650,1.574,15.979,17.110,0.849,1.399,823.000,1321.200,1.605,13.565,23.940,0.928,1.529,19.627,20.866,0.745,0.750,13.566,23.937,0.189,8.722,9.586,0.018,4155.000,119.681,47.929,8.722,57.515,ON,Hazy with passing clouds; Hybrid loop operating; Ceff=1.61x
618,13:08:30,36.760,70.020,68.010,50.720,49.320,32.640,1.575,15.980,17.111,0.849,1.400,823.300,1321.800,1.606,13.571,23.952,0.928,1.530,19.628,20.867,0.745,0.750,13.567,23.955,0.189,8.719,9.589,0.018,4155.000,119.757,47.937,8.719,57.527,ON,Hazy with passing clouds; Hybrid loop operating; Ceff=1.61x
619,13:09:00,36.760,70.000,68.010,50.710,49.320,32.640,1.577,15.981,17.111,0.850,1.401,824.100,1323.200,1.606,13.585,23.979,0.929,1.532,19.629,20.868,0.745,0.750,13.584,23.973,0.189,8.721,9.586,0.018,4155.000,119.910,47.948,8.721,57.533,ON,Hazy with passing clouds; Hybrid loop operating; Ceff=1.61x
620,13:09:30,36.770,70.000,68.020,50.710,49.320,32.630,1.581,15.981,17.111,0.852,1.404,825.600,1325.600,1.606,13.609,24.022,0.931,1.534,19.628,20.868,0.745,0.750,13.616,24.024,0.189,8.726,9.589,0.018,4155.000,120.214,47.982,8.726,57.571,ON,Hazy with passing clouds; Hybrid loop operating; Ceff=1.61x
621,13:10:00,36.770,70.020,68.030,50.710,49.330,32.630,1.586,15.980,17.111,0.854,1.407,827.500,1328.800,1.606,13.640,24.079,0.933,1.538,19.627,20.868,0.745,0.750,13.647,24.075,0.189,8.726,9.586,0.018,4155.000,120.594,48.018,8.726,57.604,ON,Hazy with passing clouds; Hybrid loop operating; Ceff=1.61x
622,13:10:30,36.780,70.050,68.070,50.730,49.340,32.620,1.592,15.978,17.110,0.856,1.411,829.900,1332.600,1.606,13.677,24.147,0.936,1.542,19.625,20.866,0.745,0.750,13.677,24.142,0.189,8.720,9.586,0.018,4155.000,121.050,48.062,8.720,57.648,ON,Hazy with passing clouds; Hybrid loop operating; Ceff=1.61x
623,13:11:00,36.780,70.100,68.120,50.760,49.370,32.620,1.598,15.975,17.108,0.859,1.416,832.400,1336.700,1.606,13.715,24.217,0.938,1.547,19.622,20.865,0.745,0.750,13.723,24.225,0.189,8.722,9.589,0.018,4155.000,121.506,48.095,8.722,57.684,ON,Hazy with passing clouds; Hybrid loop operating; Ceff=1.61x
624,13:11:30,36.790,70.170,68.180,50.800,49.410,32.620,1.604,15.971,17.106,0.861,1.420,834.800,1340.500,1.606,13.750,24.283,0.941,1.551,19.617,20.862,0.745,0.750,13.751,24.291,0.189,8.715,9.588,0.018,4155.000,121.963,48.139,8.715,57.727,ON,Hazy with passing clouds; Hybrid loop operating; Ceff=1.61x
625,13:12:00,36.800,70.260,68.260,50.850,49.450,32.610,1.609,15.966,17.103,0.863,1.423,836.800,1343.800,1.606,13.778,24.337,0.943,1.555,19.612,20.859,0.745,0.750,13.779,24.338,0.189,8.712,9.583,0.018,4155.000,122.343,48.171,8.712,57.753,ON,Hazy with passing clouds; Hybrid loop operating; Ceff=1.61x
626,13:12:30,36.800,70.350,68.340,50.900,49.500,32.610,1.613,15.961,17.100,0.864,1.425,838.300,1346.200,1.606,13.796,24.375,0.945,1.558,19.606,20.856,0.745,0.750,13.790,24.368,0.189,8.704,9.577,0.018,4155.000,122.647,48.204,8.704,57.781,ON,Hazy with passing clouds; Hybrid loop operating; Ceff=1.61x
627,13:13:00,36.810,70.450,68.430,50.960,49.540,32.610,1.615,15.955,17.097,0.865,1.427,839.100,1347.500,1.606,13.804,24.393,0.946,1.559,19.601,20.852,0.744,0.750,13.801,24.397,0.189,8.702,9.580,0.018,4155.000,122.799,48.217,8.702,57.797,ON,Hazy with passing clouds; Hybrid loop operating; Ceff=1.61x
628,13:13:30,36.820,70.540,68.510,51.010,49.590,32.600,1.615,15.950,17.094,0.865,1.427,839.300,1347.800,1.606,13.802,24.393,0.946,1.560,19.595,20.849,0.745,0.750,13.797,24.393,0.189,8.698,9.576,0.018,4155.000,122.799,48.207,8.698,57.783,ON,Hazy with passing clouds; Hybrid loop operating; Ceff=1.61x
629,13:14:00,36.830,70.620,68.580,51.060,49.630,32.600,1.614,15.945,17.092,0.865,1.426,838.900,1347.200,1.606,13.791,24.379,0.945,1.559,19.590,20.846,0.745,0.750,13.792,24.373,0.189,8.699,9.572,0.018,4155.000,122.723,48.198,8.699,57.771,ON,Hazy with passing clouds; Hybrid loop operating; Ceff=1.61x
630,13:14:30,36.830,70.690,68.640,51.090,49.660,32.600,1.613,15.941,17.089,0.864,1.425,838.300,1346.200,1.606,13.776,24.356,0.944,1.558,19.586,20.844,0.745,0.750,13.773,24.352,0.189,8.693,9.571,0.018,4155.000,122.647,48.204,8.693,57.775,ON,Hazy with passing clouds; Hybrid loop operating; Ceff=1.61x
631,13:15:00,36.840,70.740,68.690,51.120,49.690,32.600,1.611,15.939,17.088,0.863,1.424,837.600,1345.000,1.606,13.762,24.333,0.944,1.556,19.582,20.842,0.744,0.750,13.755,24.333,0.189,8.689,9.572,0.018,4155.000,122.495,48.187,8.689,57.760,ON,Hazy with passing clouds; Hybrid loop operating; Ceff=1.61x
632,13:15:30,36.850,70.770,68.720,51.140,49.700,32.590,1.610,15.937,17.087,0.863,1.423,837.200,1344.200,1.606,13.752,24.316,0.943,1.555,19.580,20.841,0.745,0.750,13.754,24.315,0.189,8.692,9.571,0.018,4155.000,122.419,48.186,8.692,57.757,ON,Hazy with passing clouds; Hybrid loop operating; Ceff=1.61x
633,13:16:00,36.860,70.780,68.740,51.140,49.710,32.590,1.610,15.936,17.087,0.863,1.423,837.100,1344.100,1.606,13.751,24.313,0.943,1.555,19.579,20.841,0.745,0.750,13.753,24.315,0.189,8.693,9.571,0.018,4155.000,122.419,48.190,8.693,57.761,ON,Hazy with passing clouds; Hybrid loop operating; Ceff=1.61x
634,13:16:30,36.870,70.780,68.740,51.130,49.700,32.590,1.611,15.936,17.087,0.863,1.424,837.600,1344.800,1.606,13.759,24.327,0.944,1.556,19.579,20.841,0.744,0.750,13.753,24.332,0.189,8.687,9.573,0.018,4155.000,122.495,48.195,8.687,57.768,ON,Hazy with passing clouds; Hybrid loop operating; Ceff=1.61x
635,13:17:00,36.870,70.760,68.730,51.120,49.700,32.590,1.613,15.937,17.088,0.864,1.425,838.700,1346.400,1.605,13.777,24.357,0.945,1.558,19.580,20.842,0.745,0.750,13.770,24.350,0.189,8.687,9.569,0.018,4155.000,122.647,48.197,8.687,57.766,ON,Hazy with passing clouds; Hybrid loop operating; Ceff=1.61x
636,13:17:30,36.880,70.740,68.720,51.100,49.690,32.590,1.617,15.938,17.089,0.866,1.428,840.200,1348.800,1.605,13.804,24.402,0.947,1.561,19.582,20.843,0.744,0.750,13.802,24.403,0.189,8.692,9.573,0.018,4155.000,122.951,48.231,8.692,57.803,ON,Hazy with passing clouds; Hybrid loop operating; Ceff=1.61x
637,13:18:00,36.890,70.710,68.700,51.080,49.680,32.590,1.621,15.939,17.089,0.868,1.431,842.100,1351.600,1.605,13.835,24.455,0.949,1.564,19.583,20.844,0.744,0.750,13.835,24.454,0.189,8.693,9.573,0.018,4155.000,123.255,48.250,8.693,57.823,ON,Hazy with passing clouds; Hybrid loop operating; Ceff=1.61x
638,13:18:30,36.900,70.680,68.690,51.070,49.670,32.590,1.626,15.940,17.090,0.870,1.434,843.900,1354.500,1.605,13.868,24.508,0.951,1.567,19.584,20.845,0.745,0.750,13.868,24.507,0.189,8.695,9.573,0.018,4155.000,123.635,48.295,8.695,57.868,ON,Hazy with passing clouds; Hybrid loop operating; Ceff=1.61x
639,13:19:00,36.900,70.660,68.680,51.050,49.660,32.580,1.630,15.941,17.091,0.872,1.437,845.600,1357.100,1.605,13.896,24.555,0.953,1.570,19.585,20.845,0.745,0.750,13.901,24.560,0.189,8.698,9.575,0.018,4155.000,123.939,48.321,8.698,57.896,ON,Hazy with passing clouds; Hybrid loop operating; Ceff=1.6x
640,13:19:30,36.910,70.660,68.680,51.050,49.660,32.580,1.632,15.941,17.091,0.873,1.439,846.800,1358.900,1.605,13.916,24.588,0.954,1.572,19.585,20.846,0.745,0.750,13.916,24.594,0.189,8.695,9.576,0.018,4155.000,124.092,48.316,8.695,57.892,ON,Hazy with passing clouds; Hybrid loop operating; Ceff=1.6x
641,13:20:00,36.920,70.660,68.690,51.050,49.670,32.580,1.634,15.941,17.091,0.874,1.439,847.400,1359.700,1.605,13.925,24.602,0.955,1.573,19.585,20.845,0.745,0.750,13.932,24.594,0.189,8.699,9.570,0.018,4155.000,124.244,48.347,8.699,57.917,ON,Hazy with passing clouds; Hybrid loop operating; Ceff=1.6x
642,13:20:30,36.920,70.680,68.710,51.060,49.680,32.580,1.633,15.940,17.090,0.873,1.439,847.300,1359.400,1.604,13.922,24.596,0.955,1.573,19.584,20.845,0.744,0.750,13.916,24.593,0.189,8.690,9.572,0.018,4155.000,124.168,48.328,8.690,57.900,ON,Hazy with passing clouds; Hybrid loop operating; Ceff=1.6x
643,13:21:00,36.930,70.710,68.750,51.070,49.700,32.580,1.631,15.938,17.089,0.873,1.438,846.600,1358.100,1.604,13.909,24.571,0.954,1.571,19.581,20.844,0.745,0.750,13.914,24.574,0.189,8.696,9.574,0.018,4155.000,124.016,48.315,8.696,57.889,ON,Hazy with passing clouds; Hybrid loop operating; Ceff=1.6x
644,13:21:30,36.940,70.760,68.790,51.100,49.720,32.580,1.628,15.935,17.088,0.872,1.436,845.500,1356.200,1.604,13.888,24.533,0.952,1.569,19.578,20.842,0.745,0.750,13.895,24.538,0.189,8.695,9.573,0.018,4155.000,123.787,48.294,8.695,57.867,ON,Hazy with passing clouds; Hybrid loop operating; Ceff=1.6x
645,13:22:00,36.940,70.820,68.840,51.130,49.740,32.590,1.625,15.932,17.086,0.870,1.433,844.200,1353.800,1.604,13.862,24.488,0.951,1.566,19.575,20.840,0.745,0.750,13.861,24.484,0.189,8.687,9.569,0.018,4155.000,123.559,48.290,8.687,57.859,ON,Hazy with passing clouds; Hybrid loop operating; Ceff=1.6x
646,13:22:30,36.950,70.880,68.890,51.160,49.770,32.590,1.621,15.928,17.084,0.869,1.431,842.900,1351.600,1.603,13.838,24.445,0.949,1.564,19.571,20.838,0.745,0.750,13.841,24.447,0.189,8.688,9.570,0.018,4155.000,123.255,48.250,8.688,57.820,ON,Hazy with passing clouds; Hybrid loop operating; Ceff=1.6x
647,13:23:00,36.950,70.950,68.950,51.190,49.800,32.590,1.618,15.925,17.082,0.868,1.429,842.000,1349.900,1.603,13.818,24.410,0.948,1.562,19.567,20.836,0.745,0.750,13.823,24.410,0.189,8.686,9.568,0.018,4155.000,123.027,48.221,8.686,57.789,ON,Hazy with passing clouds; Hybrid loop operating; Ceff=1.6x
648,13:23:30,36.960,71.010,69.010,51.230,49.820,32.590,1.617,15.921,17.081,0.867,1.428,841.500,1348.900,1.603,13.806,24.389,0.948,1.561,19.563,20.834,0.744,0.750,13.804,24.392,0.189,8.679,9.568,0.018,4155.000,122.951,48.227,8.679,57.795,ON,Hazy with passing clouds; Hybrid loop operating; Ceff=1.6x
649,13:24:00,36.960,71.070,69.060,51.260,49.850,32.590,1.617,15.918,17.079,0.867,1.428,841.600,1348.800,1.603,13.804,24.385,0.948,1.560,19.560,20.833,0.744,0.750,13.801,24.389,0.189,8.676,9.567,0.018,4155.000,122.951,48.231,8.676,57.798,ON,Hazy with passing clouds; Hybrid loop operating; Ceff=1.6x
650,13:24:30,36.970,71.120,69.100,51.280,49.870,32.590,1.618,15.915,17.078,0.868,1.429,842.200,1349.600,1.602,13.812,24.397,0.948,1.561,19.557,20.831,0.745,0.750,13.814,24.404,0.189,8.679,9.568,0.018,4155.000,123.027,48.232,8.679,57.799,ON,Hazy with passing clouds; Hybrid loop operating; Ceff=1.6x
651,13:25:00,36.970,71.160,69.130,51.300,49.880,32.590,1.620,15.913,17.077,0.869,1.430,843.300,1351.100,1.602,13.827,24.422,0.950,1.563,19.554,20.830,0.744,0.750,13.828,24.420,0.189,8.676,9.563,0.018,4155.000,123.179,48.238,8.676,57.801,ON,Hazy with passing clouds; Hybrid loop operating; Ceff=1.6x
652,13:25:30,36.970,71.180,69.150,51.310,49.890,32.590,1.623,15.912,17.076,0.870,1.432,844.600,1352.900,1.602,13.846,24.454,0.951,1.565,19.553,20.829,0.745,0.750,13.843,24.453,0.189,8.672,9.563,0.018,4155.000,123.407,48.263,8.672,57.826,ON,Hazy with passing clouds; Hybrid loop operating; Ceff=1.6x
653,13:26:00,36.970,71.190,69.160,51.310,49.890,32.590,1.626,15.911,17.076,0.871,1.434,845.800,1354.600,1.602,13.866,24.484,0.952,1.567,19.552,20.829,0.745,0.750,13.858,24.487,0.189,8.669,9.565,0.018,4155.000,123.635,48.291,8.669,57.856,ON,Hazy with passing clouds; Hybrid loop operating; Ceff=1.6x
654,13:26:30,36.970,71.180,69.160,51.300,49.890,32.600,1.628,15.912,17.076,0.872,1.435,846.700,1355.800,1.601,13.881,24.507,0.953,1.568,19.553,20.830,0.745,0.750,13.875,24.504,0.189,8.671,9.563,0.018,4155.000,123.787,48.308,8.671,57.871,ON,Hazy with passing clouds; Hybrid loop operating; Ceff=1.6x
655,13:27:00,36.980,71.160,69.140,51.290,49.880,32.600,1.628,15.913,17.077,0.873,1.436,847.100,1356.200,1.601,13.889,24.516,0.954,1.569,19.554,20.831,0.745,0.750,13.892,24.523,0.189,8.677,9.567,0.018,4155.000,123.787,48.294,8.677,57.861,ON,Hazy with passing clouds; Hybrid loop operating; Ceff=1.6x
656,13:27:30,36.980,71.120,69.120,51.260,49.860,32.600,1.627,15.914,17.079,0.873,1.435,846.900,1355.600,1.601,13.888,24.507,0.954,1.568,19.556,20.832,0.744,0.750,13.893,24.508,0.189,8.680,9.566,0.018,4155.000,123.711,48.285,8.680,57.851,ON,Hazy with passing clouds; Hybrid loop operating; Ceff=1.6x
657,13:28:00,36.980,71.080,69.090,51.230,49.840,32.600,1.625,15.917,17.080,0.872,1.433,846.100,1353.900,1.600,13.876,24.480,0.953,1.566,19.558,20.834,0.744,0.750,13.880,24.476,0.189,8.679,9.565,0.018,4155.000,123.559,48.287,8.679,57.852,ON,Hazy with passing clouds; Hybrid loop operating; Ceff=1.6x
658,13:28:30,36.970,71.030,69.050,51.200,49.810,32.600,1.621,15.919,17.082,0.870,1.431,844.700,1351.400,1.600,13.856,24.437,0.951,1.563,19.561,20.836,0.745,0.750,13.850,24.444,0.189,8.675,9.570,0.018,4155.000,123.255,48.257,8.675,57.827,ON,Hazy with passing clouds; Hybrid loop operating; Ceff=1.6x
659,13:29:00,36.970,70.980,69.020,51.160,49.790,32.600,1.616,15.922,17.084,0.869,1.427,842.900,1348.400,1.600,13.831,24.385,0.949,1.560,19.564,20.838,0.745,0.750,13.836,24.379,0.189,8.685,9.566,0.018,4155.000,122.875,48.215,8.685,57.781,ON,Hazy with passing clouds; Hybrid loop operating; Ceff=1.6x
660,13:29:30,36.970,70.940,68.980,51.130,49.760,32.610,1.611,15.924,17.085,0.867,1.424,841.100,1345.100,1.599,13.803,24.330,0.947,1.556,19.566,20.840,0.745,0.750,13.806,24.329,0.189,8.685,9.570,0.018,4155.000,122.495,48.184,8.685,57.754,ON,Hazy with passing clouds; Hybrid loop operating; Ceff=1.6x
661,13:30:00,36.970,70.910,68.960,51.110,49.740,32.610,1.607,15.925,17.087,0.865,1.421,839.500,1342.200,1.599,13.778,24.279,0.946,1.553,19.568,20.841,0.744,0.750,13.775,24.281,0.189,8.682,9.572,0.018,4155.000,122.191,48.168,8.682,57.740,ON,Hazy with passing clouds; Hybrid loop operating; Ceff=1.6x
662,13:30:30,36.970,70.900,68.950,51.090,49.730,32.610,1.603,15.926,17.088,0.864,1.419,838.300,1339.900,1.598,13.759,24.239,0.944,1.550,19.569,20.842,0.745,0.750,13.760,24.248,0.189,8.685,9.575,0.018,4155.000,121.887,48.131,8.685,57.706,ON,Hazy with passing clouds; Hybrid loop operating; Ceff=1.6x
663,13:31:00,36.960,70.900,68.950,51.080,49.720,32.610,1.601,15.926,17.088,0.863,1.417,837.600,1338.500,1.598,13.748,24.215,0.943,1.549,19.569,20.843,0.745,0.750,13.744,24.214,0.189,8.682,9.572,0.018,4155.000,121.734,48.121,8.682,57.692,ON,Hazy with passing clouds; Hybrid loop operating; Ceff=1.6x
664,13:31:30,36.960,70.910,68.960,51.080,49.720,32.610,1.600,15.925,17.088,0.863,1.417,837.500,1338.000,1.598,13.745,24.206,0.943,1.548,19.568,20.843,0.745,0.750,13.743,24.214,0.189,8.682,9.575,0.018,4155.000,121.658,48.109,8.682,57.684,ON,Hazy with passing clouds; Hybrid loop operating; Ceff=1.6x
665,13:32:00,36.950,70.940,68.980,51.100,49.720,32.610,1.601,15.924,17.088,0.864,1.417,837.900,1338.400,1.597,13.751,24.212,0.944,1.549,19.566,20.842,0.744,0.750,13.758,24.214,0.189,8.688,9.572,0.018,4155.000,121.734,48.124,8.688,57.697,ON,Hazy with passing clouds; Hybrid loop operating; Ceff=1.6x
666,13:32:30,36.950,70.990,69.020,51.120,49.740,32.620,1.602,15.921,17.087,0.864,1.418,838.800,1339.400,1.597,13.762,24.228,0.945,1.550,19.563,20.841,0.744,0.750,13.756,24.229,0.189,8.677,9.571,0.018,4155.000,121.810,48.119,8.677,57.690,ON,Hazy with passing clouds; Hybrid loop operating; Ceff=1.6x
667,13:33:00,36.940,71.040,69.060,51.140,49.760,32.620,1.604,15.918,17.085,0.865,1.419,839.700,1340.600,1.596,13.774,24.247,0.946,1.551,19.560,20.839,0.744,0.750,13.769,24.244,0.189,8.676,9.568,0.018,4155.000,121.963,48.135,8.676,57.704,ON,Hazy with passing clouds; Hybrid loop operating; Ceff=1.6x
668,13:33:30,36.930,71.100,69.110,51.170,49.780,32.620,1.606,15.915,17.084,0.866,1.420,840.600,1341.500,1.596,13.785,24.262,0.947,1.552,19.557,20.838,0.744,0.750,13.782,24.259,0.189,8.675,9.568,0.018,4155.000,122.115,48.163,8.675,57.731,ON,Hazy with passing clouds; Hybrid loop operating; Ceff=1.6x
669,13:34:00,36.930,71.150,69.150,51.200,49.790,32.620,1.606,15.913,17.083,0.867,1.421,841.000,1341.900,1.596,13.789,24.266,0.947,1.552,19.554,20.836,0.745,0.750,13.797,24.275,0.189,8.680,9.571,0.018,4155.000,122.115,48.149,8.680,57.720,ON,Hazy with passing clouds; Hybrid loop operating; Ceff=1.6x
670,13:34:30,36.920,71.200,69.190,51.220,49.810,32.620,1.605,15.910,17.082,0.866,1.420,840.900,1341.400,1.595,13.785,24.255,0.947,1.552,19.551,20.835,0.745,0.750,13.778,24.256,0.189,8.669,9.568,0.018,4155.000,122.039,48.137,8.669,57.704,ON,Hazy with passing clouds; Hybrid loop operating; Ceff=1.6x
671,13:35:00,36.910,71.230,69.210,51.230,49.810,32.620,1.603,15.909,17.081,0.866,1.418,840.200,1339.900,1.595,13.772,24.227,0.946,1.550,19.550,20.835,0.745,0.750,13.777,24.221,0.189,8.676,9.564,0.018,4155.000,121.887,48.131,8.676,57.695,ON,Hazy with passing clouds; Hybrid loop operating; Ceff=1.59x
672,13:35:30,36.900,71.240,69.220,51.230,49.810,32.620,1.599,15.908,17.081,0.864,1.416,838.900,1337.400,1.594,13.750,24.183,0.945,1.547,19.549,20.835,0.744,0.750,13.745,24.187,0.189,8.669,9.569,0.018,4155.000,121.582,48.100,8.669,57.669,ON,Hazy with passing clouds; Hybrid loop operating; Ceff=1.59x
673,13:36:00,36.890,71.230,69.210,51.210,49.800,32.620,1.594,15.909,17.082,0.863,1.412,837.200,1334.200,1.594,13.721,24.127,0.943,1.544,19.549,20.836,0.744,0.750,13.729,24.120,0.189,8.677,9.565,0.018,4155.000,121.202,48.065,8.677,57.630,ON,Hazy with passing clouds; Hybrid loop operating; Ceff=1.59x
674,13:36:30,36.880,71.200,69.180,51.190,49.770,32.620,1.589,15.910,17.083,0.861,1.409,835.200,1330.700,1.593,13.691,24.065,0.940,1.540,19.551,20.837,0.745,0.750,13.699,24.070,0.189,8.678,9.570,0.018,4155.000,120.822,48.040,8.678,57.611,ON,Hazy with passing clouds; Hybrid loop operating; Ceff=1.59x
675,13:37:00,36.870,71.150,69.140,51.150,49.740,32.620,1.583,15.913,17.086,0.859,1.405,833.200,1327.200,1.593,13.662,24.006,0.938,1.536,19.554,20.840,0.745,0.750,13.669,24.006,0.189,8.680,9.570,0.018,4155.000,120.366,47.985,8.680,57.555,ON,Hazy with passing clouds; Hybrid loop operating; Ceff=1.59x
676,13:37:30,36.860,71.090,69.090,51.100,49.700,32.620,1.579,15.916,17.088,0.857,1.402,831.600,1324.200,1.592,13.638,23.956,0.936,1.532,19.558,20.843,0.745,0.750,13.640,23.957,0.189,8.678,9.572,0.018,4155.000,120.062,47.972,8.678,57.545,ON,Hazy with passing clouds; Hybrid loop operating; Ceff=1.59x
677,13:38:00,36.850,71.020,69.030,51.050,49.660,32.620,1.575,15.920,17.091,0.856,1.400,830.400,1321.900,1.592,13.623,23.920,0.935,1.530,19.562,20.846,0.745,0.750,13.628,23.927,0.189,8.683,9.577,0.018,4155.000,119.757,47.934,8.683,57.511,ON,Hazy with passing clouds; Hybrid loop operating; Ceff=1.59x
678,13:38:30,36.840,70.950,68.970,51.000,49.610,32.620,1.573,15.924,17.094,0.855,1.398,829.900,1320.700,1.591,13.619,23.902,0.935,1.528,19.566,20.849,0.744,0.750,13.615,23.897,0.189,8.680,9.574,0.018,4155.000,119.605,47.916,8.680,57.490,ON,Hazy with passing clouds; Hybrid loop operating; Ceff=1.59x
679,13:39:00,36.820,70.880,68.910,50.950,49.570,32.620,1.573,15.928,17.097,0.855,1.398,829.900,1320.300,1.591,13.623,23.900,0.935,1.528,19.570,20.852,0.745,0.750,13.618,23.902,0.189,8.682,9.578,0.018,4155.000,119.605,47.931,8.682,57.509,ON,Hazy with passing clouds; Hybrid loop operating; Ceff=1.59x
680,13:39:30,36.810,70.830,68.860,50.900,49.530,32.620,1.574,15.931,17.099,0.856,1.398,830.500,1320.800,1.590,13.636,23.913,0.935,1.528,19.574,20.854,0.745,0.750,13.637,23.904,0.189,8.688,9.576,0.018,4155.000,119.681,47.943,8.688,57.519,ON,Hazy with passing clouds; Hybrid loop operating; Ceff=1.59x
681,13:40:00,36.800,70.780,68.820,50.870,49.500,32.620,1.575,15.933,17.101,0.857,1.399,831.300,1321.700,1.590,13.652,23.933,0.936,1.530,19.577,20.857,0.745,0.750,13.655,23.924,0.189,8.691,9.577,0.018,4155.000,119.757,47.941,8.691,57.518,ON,Hazy with passing clouds; Hybrid loop operating; Ceff=1.59x
682,13:40:30,36.790,70.760,68.800,50.850,49.480,32.620,1.576,15.935,17.102,0.858,1.401,832.200,1322.700,1.589,13.669,23.953,0.937,1.531,19.578,20.858,0.745,0.750,13.672,23.960,0.189,8.693,9.584,0.018,4155.000,119.834,47.935,8.693,57.520,ON,Hazy with passing clouds; Hybrid loop operating; Ceff=1.59x
683,13:41:00,36.770,70.750,68.790,50.830,49.470,32.620,1.577,15.935,17.103,0.858,1.401,832.900,1323.300,1.589,13.680,23.966,0.938,1.531,19.579,20.859,0.745,0.750,13.672,23.961,0.189,8.685,9.581,0.018,4155.000,119.910,47.944,8.685,57.524,ON,Hazy with passing clouds; Hybrid loop operating; Ceff=1.59x
684,13:41:30,36.760,70.760,68.800,50.830,49.460,32.620,1.577,15.935,17.103,0.859,1.401,833.100,1323.200,1.588,13.683,23.965,0.938,1.531,19.578,20.859,0.745,0.750,13.688,23.961,0.189,8.693,9.581,0.018,4155.000,119.910,47.948,8.693,57.529,ON,Hazy with passing clouds; Hybrid loop operating; Ceff=1.59x
685,13:42:00,36.750,70.780,68.810,50.840,49.460,32.620,1.576,15.934,17.103,0.858,1.400,832.700,1322.200,1.588,13.676,23.946,0.938,1.530,19.577,20.859,0.745,0.750,13.671,23.944,0.189,8.687,9.582,0.018,4155.000,119.834,47.953,8.687,57.535,ON,Hazy with passing clouds; Hybrid loop operating; Ceff=1.59x
686,13:42:30,36.730,70.820,68.840,50.850,49.470,32.610,1.573,15.932,17.102,0.857,1.398,831.800,1320.300,1.587,13.659,23.910,0.937,1.528,19.575,20.858,0.745,0.750,13.654,23.909,0.189,8.685,9.581,0.018,4155.000,119.605,47.931,8.685,57.512,ON,Hazy with passing clouds; Hybrid loop operating; Ceff=1.59x
687,13:43:00,36.720,70.860,68.870,50.870,49.470,32.610,1.568,15.930,17.102,0.856,1.395,830.300,1317.400,1.587,13.632,23.857,0.935,1.525,19.573,20.858,0.745,0.750,13.636,23.857,0.189,8.689,9.582,0.018,4155.000,119.225,47.884,8.689,57.465,ON,Hazy with passing clouds; Hybrid loop operating; Ceff=1.59x
688,13:43:30,36.700,70.900,68.900,50.880,49.480,32.610,1.563,15.928,17.101,0.854,1.391,828.400,1314.000,1.586,13.599,23.794,0.933,1.521,19.571,20.857,0.745,0.750,13.603,23.787,0.189,8.688,9.578,0.018,4155.000,118.845,47.855,8.688,57.433,ON,Hazy with passing clouds; Hybrid loop operating; Ceff=1.59x
689,13:44:00,36.690,70.930,68.920,50.890,49.480,32.600,1.558,15.926,17.101,0.852,1.388,826.400,1310.400,1.586,13.564,23.728,0.931,1.516,19.569,20.857,0.745,0.750,13.569,23.736,0.189,8.687,9.584,0.018,4155.000,118.465,47.833,8.687,57.417,ON,Hazy with passing clouds; Hybrid loop operating; Ceff=1.59x
690,13:44:30,36.670,70.960,68.930,50.900,49.480,32.600,1.552,15.925,17.101,0.850,1.384,824.600,1307.000,1.585,13.532,23.667,0.929,1.513,19.567,20.857,0.744,0.750,13.536,23.668,0.189,8.685,9.581,0.018,4155.000,118.009,47.772,8.685,57.354,ON,Hazy with passing clouds; Hybrid loop operating; Ceff=1.59x
691,13:45:00,36.660,70.970,68.940,50.890,49.470,32.600,1.548,15.924,17.101,0.848,1.381,823.100,1304.200,1.585,13.508,23.617,0.927,1.509,19.567,20.857,0.745,0.750,13.504,23.616,0.189,8.680,9.581,0.018,4155.000,117.705,47.752,8.680,57.332,ON,Hazy with passing clouds; Hybrid loop operating; Ceff=1.58x
692,13:45:30,36.640,70.960,68.930,50.880,49.450,32.590,1.545,15.925,17.102,0.847,1.379,822.100,1302.300,1.584,13.493,23.583,0.926,1.507,19.567,20.858,0.745,0.750,13.488,23.584,0.189,8.681,9.582,0.018,4155.000,117.476,47.728,8.681,57.310,ON,Hazy with passing clouds; Hybrid loop operating; Ceff=1.58x
693,13:46:00,36.630,70.940,68.900,50.860,49.430,32.590,1.544,15.926,17.104,0.847,1.378,821.800,1301.300,1.583,13.489,23.568,0.926,1.506,19.569,20.860,0.744,0.750,13.489,23.569,0.189,8.685,9.583,0.018,4155.000,117.400,47.734,8.685,57.317,ON,Hazy with passing clouds; Hybrid loop operating; Ceff=1.58x
694,13:46:30,36.610,70.900,68.870,50.820,49.400,32.580,1.544,15.928,17.105,0.847,1.378,822.100,1301.300,1.583,13.496,23.570,0.926,1.506,19.571,20.862,0.745,0.750,13.491,23.571,0.189,8.683,9.584,0.018,4155.000,117.400,47.734,8.683,57.318,ON,Hazy with passing clouds; Hybrid loop operating; Ceff=1.58x
695,13:47:00,36.600,70.850,68.820,50.780,49.360,32.580,1.545,15.931,17.108,0.848,1.379,822.800,1301.900,1.582,13.510,23.585,0.927,1.507,19.574,20.864,0.745,0.750,13.509,23.592,0.189,8.687,9.588,0.018,4155.000,117.476,47.743,8.687,57.331,ON,Hazy with passing clouds; Hybrid loop operating; Ceff=1.58x
696,13:47:30,36.590,70.790,68.770,50.740,49.320,32.580,1.546,15.935,17.110,0.849,1.380,823.700,1302.800,1.582,13.528,23.606,0.928,1.508,19.578,20.867,0.745,0.750,13.529,23.612,0.189,8.690,9.589,0.018,4155.000,117.552,47.741,8.690,57.330,ON,Hazy with passing clouds; Hybrid loop operating; Ceff=1.58x
697,13:48:00,36.570,70.720,68.710,50.690,49.280,32.570,1.547,15.938,17.113,0.850,1.381,824.500,1303.600,1.581,13.546,23.625,0.929,1.509,19.582,20.870,0.745,0.750,13.547,23.633,0.189,8.694,9.592,0.018,4155.000,117.628,47.743,8.694,57.335,ON,Hazy with passing clouds; Hybrid loop operating; Ceff=1.58x
698,13:48:30,36.560,70.650,68.650,50.640,49.240,32.560,1.548,15.942,17.116,0.850,1.381,825.000,1303.900,1.581,13.558,23.635,0.929,1.509,19.586,20.873,0.745,0.750,13.551,23.637,0.189,8.691,9.592,0.018,4155.000,117.705,47.762,8.691,57.354,ON,Hazy with passing clouds; Hybrid loop operating; Ceff=1.58x
699,13:49:00,36.540,70.580,68.590,50.590,49.200,32.560,1.547,15.946,17.118,0.850,1.380,824.900,1303.400,1.580,13.562,23.630,0.929,1.509,19.591,20.876,0.745,0.750,13.554,23.623,0.189,8.694,9.589,0.018,4155.000,117.628,47.750,8.694,57.339,ON,Hazy with passing clouds; Hybrid loop operating; Ceff=1.58x
700,13:49:30,36.530,70.520,68.540,50.550,49.160,32.550,1.545,15.950,17.121,0.850,1.379,824.300,1301.900,1.579,13.555,23.607,0.929,1.507,19.594,20.878,0.745,0.750,13.558,23.610,0.189,8.702,9.595,0.018,4155.000,117.476,47.743,8.702,57.338,ON,Hazy with passing clouds; Hybrid loop operating; Ceff=1.58x
701,13:50:00,36.520,70.470,68.490,50.510,49.120,32.550,1.541,15.953,17.123,0.849,1.376,823.100,1299.400,1.579,13.538,23.566,0.927,1.504,19.598,20.881,0.745,0.750,13.544,23.561,0.189,8.706,9.594,0.018,4155.000,117.172,47.711,8.706,57.305,ON,Hazy with passing clouds; Hybrid loop operating; Ceff=1.58x
702,13:50:30,36.500,70.430,68.450,50.480,49.090,32.540,1.536,15.955,17.125,0.847,1.373,821.300,1296.100,1.578,13.511,23.511,0.926,1.500,19.600,20.883,0.744,0.751,13.514,23.513,0.189,8.706,9.598,0.018,4155.000,116.792,47.677,8.706,57.276,ON,Hazy with passing clouds; Hybrid loop operating; Ceff=1.58x
703,13:51:00,36.490,70.400,68.420,50.450,49.070,32.530,1.530,15.957,17.126,0.845,1.369,819.300,1292.400,1.578,13.480,23.446,0.923,1.496,19.602,20.884,0.745,0.750,13.484,23.445,0.189,8.708,9.598,0.018,4155.000,116.336,47.627,8.708,57.226,ON,Hazy with passing clouds; Hybrid loop operating; Ceff=1.58x
704,13:51:30,36.480,70.390,68.410,50.430,49.050,32.520,1.524,15.957,17.127,0.843,1.365,817.200,1288.700,1.577,13.447,23.380,0.921,1.492,19.603,20.886,0.745,0.750,13.452,23.378,0.189,8.709,9.598,0.018,4155.000,115.880,47.577,8.709,57.175,ON,Hazy with passing clouds; Hybrid loop operating; Ceff=1.58x
705,13:52:00,36.470,70.390,68.400,50.420,49.030,32.520,1.519,15.958,17.128,0.841,1.361,815.400,1285.200,1.576,13.416,23.319,0.919,1.488,19.603,20.886,0.745,0.750,13.421,23.311,0.189,8.708,9.597,0.018,4155.000,115.499,47.550,8.708,57.147,ON,Hazy with passing clouds; Hybrid loop operating; Ceff=1.58x
706,13:52:30,36.450,70.400,68.400,50.420,49.030,32.510,1.515,15.957,17.128,0.839,1.359,814.000,1282.500,1.576,13.393,23.270,0.917,1.485,19.603,20.887,0.745,0.750,13.388,23.277,0.189,8.702,9.603,0.018,4155.000,115.195,47.524,8.702,57.127,ON,Hazy with passing clouds; Hybrid loop operating; Ceff=1.58x
707,13:53:00,36.440,70.420,68.410,50.420,49.020,32.500,1.512,15.956,17.128,0.838,1.357,813.100,1280.700,1.575,13.378,23.237,0.916,1.483,19.602,20.887,0.745,0.750,13.371,23.243,0.189,8.701,9.602,0.018,4155.000,114.967,47.497,8.701,57.099,ON,Hazy with passing clouds; Hybrid loop operating; Ceff=1.58x
708,13:53:30,36.430,70.440,68.430,50.430,49.020,32.490,1.511,15.955,17.128,0.838,1.356,812.900,1279.800,1.574,13.373,23.220,0.916,1.482,19.601,20.887,0.745,0.750,13.370,23.226,0.189,8.702,9.602,0.018,4155.000,114.891,47.499,8.702,57.101,ON,Hazy with passing clouds; Hybrid loop operating; Ceff=1.57x
709,13:54:00,36.420,70.470,68.440,50.440,49.020,32.480,1.511,15.954,17.128,0.838,1.356,813.200,1279.700,1.574,13.376,23.218,0.916,1.481,19.599,20.886,0.745,0.751,13.369,23.226,0.189,8.699,9.603,0.018,4155.000,114.891,47.503,8.699,57.105,ON,Hazy with passing clouds; Hybrid loop operating; Ceff=1.57x
710,13:54:30,36.410,70.490,68.450,50.450,49.020,32.480,1.511,15.953,17.128,0.839,1.356,813.800,1280.100,1.573,13.385,23.225,0.917,1.482,19.598,20.886,0.745,0.750,13.385,23.226,0.189,8.702,9.600,0.018,4155.000,114.891,47.488,8.702,57.087,ON,Hazy with passing clouds; Hybrid loop operating; Ceff=1.57x
711,13:55:00,36.400,70.510,68.460,50.450,49.020,32.470,1.512,15.952,17.128,0.840,1.357,814.400,1280.700,1.572,13.396,23.235,0.918,1.483,19.597,20.886,0.745,0.750,13.400,23.243,0.189,8.706,9.602,0.018,4155.000,114.967,47.497,8.706,57.099,ON,Hazy with passing clouds; Hybrid loop operating; Ceff=1.57x
712,13:55:30,36.390,70.510,68.460,50.440,49.010,32.460,1.513,15.953,17.128,0.840,1.357,814.900,1280.900,1.572,13.404,23.240,0.918,1.483,19.598,20.887,0.745,0.750,13.401,23.243,0.189,8.701,9.601,0.018,4155.000,115.043,47.521,8.701,57.122,ON,Hazy with passing clouds; Hybrid loop operating; Ceff=1.57x
713,13:56:00,36.380,70.490,68.440,50.430,48.990,32.450,1.512,15.953,17.129,0.840,1.356,815.000,1280.500,1.571,13.406,23.234,0.918,1.482,19.599,20.888,0.745,0.751,13.401,23.227,0.189,8.700,9.597,0.018,4155.000,114.967,47.504,8.700,57.102,ON,Hazy with passing clouds; Hybrid loop operating; Ceff=1.57x
714,13:56:30,36.380,70.460,68.410,50.410,48.970,32.440,1.510,15.955,17.131,0.840,1.355,814.500,1279.100,1.570,13.400,23.212,0.918,1.481,19.601,20.889,0.745,0.750,13.402,23.213,0.189,8.706,9.602,0.018,4155.000,114.815,47.493,8.706,57.095,ON,Hazy with passing clouds; Hybrid loop operating; Ceff=1.57x
715,13:57:00,36.370,70.410,68.360,50.370,48.940,32.430,1.506,15.958,17.133,0.839,1.353,813.300,1276.800,1.570,13.384,23.173,0.917,1.478,19.604,20.891,0.745,0.750,13.389,23.181,0.189,8.710,9.606,0.018,4155.000,114.511,47.453,8.710,57.059,ON,Hazy with passing clouds; Hybrid loop operating; Ceff=1.57x
716,13:57:30,36.360,70.340,68.300,50.330,48.900,32.420,1.501,15.962,17.135,0.837,1.349,811.600,1273.500,1.569,13.359,23.117,0.915,1.474,19.608,20.894,0.745,0.751,13.360,23.115,0.189,8.710,9.604,0.018,4155.000,114.131,47.418,8.710,57.021,ON,Hazy with passing clouds; Hybrid loop operating; Ceff=1.57x
717,13:58:00,36.350,70.260,68.240,50.270,48.850,32.410,1.495,15.966,17.138,0.835,1.345,809.400,1269.500,1.568,13.328,23.050,0.912,1.470,19.613,20.897,0.745,0.750,13.332,23.051,0.189,8.715,9.607,0.018,4155.000,113.675,47.377,8.715,56.984,ON,Hazy with passing clouds; Hybrid loop operating; Ceff=1.57x
718,13:58:30,36.350,70.170,68.160,50.210,48.800,32.400,1.489,15.971,17.141,0.832,1.340,807.000,1265.200,1.568,13.293,22.977,0.910,1.465,19.618,20.901,0.745,0.750,13.288,22.969,0.189,8.712,9.605,0.018,4155.000,113.218,47.347,8.712,56.953,ON,Hazy with passing clouds; Hybrid loop operating; Ceff=1.57x
719,13:59:00,36.340,70.080,68.080,50.150,48.750,32.390,1.483,15.976,17.145,0.830,1.336,804.700,1261.000,1.567,13.260,22.906,0.907,1.460,19.624,20.904,0.745,0.751,13.260,22.906,0.189,8.719,9.611,0.018,4155.000,112.762,47.314,8.719,56.925,ON,Hazy with passing clouds; Hybrid loop operating; Ceff=1.57x
720,13:59:30,36.340,70.000,68.000,50.100,48.700,32.380,1.477,15.981,17.148,0.828,1.332,802.600,1257.200,1.566,13.232,22.842,0.905,1.456,19.629,20.908,0.745,0.750,13.232,22.841,0.189,8.723,9.613,0.018,4155.000,112.306,47.265,8.723,56.877,ON,Hazy with passing clouds; Hybrid loop operating; Ceff=1.57x
721,14:00:00,36.330,69.920,67.930,50.040,48.650,32.370,1.472,15.985,17.151,0.826,1.329,801.100,1254.200,1.566,13.210,22.793,0.903,1.452,19.634,20.911,0.745,0.751,13.204,22.794,0.189,8.721,9.616,0.018,4155.000,111.926,47.217,8.721,56.833,ON,Hazy with passing clouds; Hybrid loop operating; Ceff=1.57x
722,14:00:30,36.320,69.860,67.880,50.000,48.610,32.360,1.469,15.989,17.153,0.825,1.327,800.100,1252.100,1.565,13.198,22.759,0.902,1.450,19.638,20.914,0.745,0.750,13.191,22.762,0.189,8.723,9.619,0.018,4155.000,111.698,47.200,8.723,56.819,ON,Hazy with passing clouds; Hybrid loop operating; Ceff=1.56x
723,14:01:00,36.310,69.810,67.830,49.970,48.580,32.350,1.467,15.992,17.155,0.825,1.326,799.700,1250.900,1.564,13.194,22.740,0.902,1.449,19.641,20.916,0.745,0.750,13.193,22.748,0.189,8.729,9.622,0.018,4155.000,111.546,47.181,8.729,56.803,ON,Hazy with passing clouds; Hybrid loop operating; Ceff=1.56x
724,14:01:30,36.300,69.780,67.800,49.940,48.560,32.340,1.467,15.994,17.157,0.825,1.325,799.700,1250.400,1.563,13.197,22.732,0.902,1.448,19.643,20.918,0.745,0.750,13.195,22.733,0.189,8.730,9.619,0.018,4155.000,111.546,47.200,8.730,56.819,ON,Hazy with passing clouds; Hybrid loop operating; Ceff=1.56x
725,14:02:00,36.290,69.770,67.790,49.930,48.550,32.330,1.466,15.994,17.157,0.825,1.325,800.000,1250.200,1.563,13.202,22.730,0.902,1.448,19.644,20.918,0.745,0.750,13.195,22.733,0.189,8.727,9.621,0.018,4155.000,111.470,47.175,8.727,56.796,ON,Hazy with passing clouds; Hybrid loop operating; Ceff=1.56x
726,14:02:30,36.280,69.770,67.780,49.930,48.540,32.320,1.466,15.994,17.158,0.826,1.325,800.200,1249.900,1.562,13.205,22.726,0.902,1.448,19.643,20.919,0.745,0.750,13.211,22.734,0.189,8.735,9.624,0.018,4155.000,111.470,47.187,8.735,56.810,ON,Hazy with passing clouds; Hybrid loop operating; Ceff=1.56x
727,14:03:00,36.260,69.790,67.790,49.940,48.540,32.310,1.465,15.994,17.157,0.826,1.324,800.200,1249.200,1.561,13.204,22.713,0.902,1.447,19.643,20.919,0.745,0.750,13.211,22.716,0.189,8.735,9.621,0.018,4155.000,111.393,47.181,8.735,56.802,ON,Hazy with passing clouds; Hybrid loop operating; Ceff=1.56x
728,14:03:30,36.250,69.810,67.800,49.950,48.540,32.300,1.463,15.993,17.157,0.825,1.322,799.600,1247.700,1.560,13.193,22.686,0.902,1.445,19.642,20.918,0.745,0.751,13.194,22.682,0.189,8.731,9.618,0.018,4155.000,111.241,47.173,8.731,56.791,ON,Hazy with passing clouds; Hybrid loop operating; Ceff=1.56x
729,14:04:00,36.250,69.830,67.810,49.950,48.540,32.290,1.459,15.992,17.157,0.824,1.320,798.400,1245.300,1.560,13.173,22.640,0.900,1.442,19.641,20.918,0.745,0.751,13.177,22.647,0.189,8.733,9.622,0.018,4155.000,110.937,47.135,8.733,56.757,ON,Hazy with passing clouds; Hybrid loop operating; Ceff=1.56x
730,14:04:30,36.240,69.850,67.820,49.960,48.540,32.280,1.454,15.991,17.157,0.822,1.316,796.600,1241.800,1.559,13.142,22.577,0.898,1.438,19.640,20.918,0.745,0.751,13.145,22.579,0.189,8.731,9.620,0.018,4155.000,110.557,47.106,8.731,56.726,ON,Hazy with passing clouds; Hybrid loop operating; Ceff=1.56x
731,14:05:00,36.230,69.850,67.810,49.950,48.530,32.270,1.447,15.991,17.157,0.819,1.311,794.200,1237.400,1.558,13.103,22.499,0.895,1.433,19.640,20.918,0.745,0.751,13.097,22.493,0.189,8.725,9.618,0.018,4155.000,110.025,47.046,8.725,56.663,ON,Hazy with passing clouds; Hybrid loop operating; Ceff=1.56x
732,14:05:30,36.220,69.830,67.790,49.940,48.510,32.260,1.440,15.992,17.158,0.817,1.306,791.400,1232.500,1.557,13.059,22.411,0.892,1.427,19.641,20.920,0.745,0.751,13.065,22.408,0.189,8.735,9.620,0.018,4155.000,109.493,47.004,8.735,56.624,ON,Hazy with passing clouds; Hybrid loop operating; Ceff=1.56x
733,14:06:00,36.210,69.800,67.750,49.910,48.480,32.250,1.432,15.994,17.160,0.814,1.301,788.600,1227.400,1.557,13.014,22.322,0.889,1.422,19.644,20.921,0.745,0.750,13.019,22.325,0.189,8.735,9.624,0.018,4155.000,108.884,46.937,8.735,56.561,ON,Hazy with passing clouds; Hybrid loop operating; Ceff=1.56x
734,14:06:30,36.200,69.740,67.700,49.870,48.440,32.240,1.425,15.998,17.162,0.811,1.296,785.900,1222.600,1.556,12.972,22.237,0.886,1.416,19.647,20.924,0.745,0.751,12.974,22.242,0.189,8.735,9.626,0.018,4155.000,108.352,46.891,8.735,56.517,ON,Hazy with passing clouds; Hybrid loop operating; Ceff=1.56x
735,14:07:00,36.200,69.670,67.630,49.820,48.390,32.230,1.419,16.002,17.165,0.809,1.291,783.500,1218.300,1.555,12.938,22.164,0.884,1.411,19.652,20.927,0.745,0.751,12.946,22.160,0.189,8.742,9.624,0.018,4155.000,107.896,46.859,8.742,56.482,ON,Hazy with passing clouds; Hybrid loop operating; Ceff=1.55x
736,14:07:30,36.190,69.580,67.550,49.760,48.340,32.220,1.414,16.007,17.168,0.807,1.288,781.800,1214.900,1.554,12.914,22.107,0.882,1.407,19.657,20.931,0.745,0.751,12.918,22.112,0.189,8.742,9.630,0.018,4155.000,107.516,46.824,8.742,56.454,ON,Hazy with passing clouds; Hybrid loop operating; Ceff=1.55x
737,14:08:00,36.180,69.480,67.470,49.700,48.290,32.210,1.410,16.013,17.172,0.806,1.285,780.600,1212.400,1.553,12.900,22.067,0.880,1.404,19.663,20.935,0.746,0.751,12.906,22.066,0.189,8.748,9.630,0.018,4155.000,107.211,46.788,8.748,56.418,ON,Hazy with passing clouds; Hybrid loop operating; Ceff=1.55x
738,14:08:30,36.170,69.380,67.370,49.630,48.230,32.200,1.407,16.018,17.176,0.805,1.283,779.900,1210.700,1.552,12.895,22.042,0.880,1.403,19.670,20.939,0.745,0.750,12.894,22.037,0.189,8.748,9.631,0.018,4155.000,106.983,46.754,8.748,56.384,ON,Hazy with passing clouds; Hybrid loop operating; Ceff=1.55x
739,14:09:00,36.170,69.270,67.280,49.560,48.170,32.190,1.406,16.024,17.179,0.805,1.282,779.600,1209.500,1.552,12.895,22.027,0.880,1.401,19.676,20.943,0.745,0.751,12.899,22.023,0.189,8.755,9.634,0.018,4155.000,106.907,46.767,8.755,56.401,ON,Hazy with passing clouds; Hybrid loop operating; Ceff=1.55x
740,14:09:30,36.160,69.170,67.190,49.500,48.120,32.180,1.404,16.030,17.183,0.805,1.281,779.400,1208.600,1.551,12.898,22.015,0.879,1.400,19.682,20.946,0.746,0.751,12.904,22.011,0.189,8.760,9.636,0.018,4155.000,106.755,46.735,8.760,56.371,ON,Hazy with passing clouds; Hybrid loop operating; Ceff=1.55x
741,14:10:00,36.150,69.090,67.120,49.450,48.070,32.170,1.403,16.035,17.186,0.804,1.280,779.100,1207.400,1.550,12.898,21.999,0.879,1.399,19.688,20.950,0.745,0.751,12.892,21.998,0.189,8.755,9.640,0.018,4155.000,106.679,46.748,8.755,56.388,ON,Hazy with passing clouds; Hybrid loop operating; Ceff=1.55x
742,14:10:30,36.150,69.010,67.050,49.400,48.030,32.170,1.400,16.039,17.188,0.804,1.278,778.400,1205.700,1.549,12.891,21.971,0.878,1.397,19.692,20.953,0.746,0.751,12.895,21.966,0.189,8.765,9.640,0.018,4155.000,106.451,46.714,8.765,56.354,ON,Hazy with passing clouds; Hybrid loop operating; Ceff=1.55x
743,14:11:00,36.140,68.960,67.000,49.360,47.990,32.160,1.396,16.042,17.191,0.803,1.275,777.200,1203.100,1.548,12.874,21.927,0.877,1.394,19.696,20.955,0.745,0.751,12.882,21.919,0.189,8.770,9.639,0.018,4155.000,106.147,46.681,8.770,56.321,ON,Hazy with passing clouds; Hybrid loop operating; Ceff=1.55x
744,14:11:30,36.140,68.920,66.960,49.340,47.970,32.150,1.391,16.044,17.192,0.801,1.272,775.300,1199.400,1.547,12.845,21.863,0.875,1.390,19.698,20.957,0.745,0.751,12.851,21.868,0.189,8.770,9.647,0.018,4155.000,105.767,46.658,8.770,56.305,ON,Hazy with passing clouds; Hybrid loop operating; Ceff=1.55x
745,14:12:00,36.130,68.890,66.930,49.320,47.950,32.140,1.384,16.046,17.193,0.798,1.267,772.800,1194.900,1.546,12.806,21.782,0.872,1.385,19.700,20.958,0.745,0.750,12.805,21.784,0.189,8.767,9.646,0.018,4155.000,105.235,46.598,8.767,56.243,ON,Hazy with passing clouds; Hybrid loop operating; Ceff=1.55x
746,14:12:30,36.120,68.870,66.910,49.310,47.930,32.130,1.376,16.047,17.194,0.795,1.261,769.900,1189.500,1.545,12.758,21.686,0.869,1.378,19.701,20.959,0.745,0.751,12.757,21.682,0.189,8.767,9.644,0.018,4155.000,104.626,46.539,8.767,56.183,ON,Hazy with passing clouds; Hybrid loop operating; Ceff=1.55x
747,14:13:00,36.120,68.870,66.890,49.300,47.910,32.120,1.368,16.048,17.195,0.792,1.255,766.600,1183.800,1.544,12.705,21.582,0.865,1.372,19.702,20.960,0.746,0.750,12.710,21.580,0.189,8.772,9.645,0.018,4155.000,104.018,46.491,8.772,56.136,ON,Hazy with passing clouds; Hybrid loop operating; Ceff=1.54x
748,14:13:30,36.110,68.860,66.880,49.290,47.900,32.120,1.359,16.048,17.196,0.788,1.249,763.400,1178.100,1.543,12.651,21.479,0.862,1.365,19.703,20.960,0.745,0.751,12.646,21.478,0.189,8.765,9.646,0.018,4155.000,103.334,46.409,8.765,56.054,ON,Hazy with passing clouds; Hybrid loop operating; Ceff=1.54x
749,14:14:00,36.100,68.860,66.870,49.280,47.890,32.110,1.352,16.049,17.196,0.785,1.243,760.400,1172.700,1.542,12.602,21.382,0.858,1.359,19.703,20.961,0.745,0.751,12.598,21.375,0.189,8.766,9.644,0.018,4155.000,102.801,46.382,8.766,56.026,ON,Hazy with passing clouds; Hybrid loop operating; Ceff=1.54x
750,14:14:30,36.090,68.850,66.850,49.280,47.870,32.100,1.345,16.050,17.197,0.783,1.239,757.900,1168.100,1.541,12.561,21.298,0.855,1.354,19.704,20.962,0.746,0.750,12.567,21.307,0.189,8.773,9.651,0.018,4155.000,102.269,46.324,8.773,55.975,ON,Hazy with passing clouds; Hybrid loop operating; Ceff=1.54x
751,14:15:00,36.090,68.840,66.820,49.260,47.850,32.100,1.339,16.051,17.198,0.781,1.235,755.900,1164.300,1.540,12.530,21.231,0.853,1.349,19.705,20.963,0.745,0.751,12.536,21.240,0.189,8.775,9.652,0.018,4155.000,101.813,46.267,8.775,55.920,ON,Hazy with passing clouds; Hybrid loop operating; Ceff=1.54x
752,14:15:30,36.080,68.810,66.790,49.240,47.830,32.090,1.335,16.053,17.199,0.779,1.232,754.600,1161.400,1.539,12.509,21.181,0.852,1.346,19.707,20.964,0.745,0.751,12.505,21.189,0.189,8.768,9.653,0.018,4155.000,101.509,46.244,8.768,55.898,ON,Hazy with passing clouds; Hybrid loop operating; Ceff=1.54x
753,14:16:00,36.070,68.770,66.750,49.210,47.800,32.080,1.332,16.055,17.201,0.778,1.229,753.700,1159.300,1.538,12.497,21.145,0.851,1.343,19.710,20.966,0.745,0.751,12.491,21.140,0.189,8.769,9.648,0.018,4155.000,101.281,46.224,8.769,55.872,ON,Hazy with passing clouds; Hybrid loop operating; Ceff=1.54x
754,14:16:30,36.060,68.710,66.690,49.180,47.760,32.080,1.330,16.058,17.203,0.778,1.228,753.100,1157.600,1.537,12.491,21.117,0.850,1.342,19.714,20.969,0.745,0.750,12.493,21.125,0.189,8.777,9.656,0.018,4155.000,101.129,46.223,8.777,55.878,ON,Hazy with passing clouds; Hybrid loop operating; Ceff=1.54x
755,14:17:00,36.050,68.640,66.620,49.130,47.720,32.070,1.327,16.063,17.206,0.777,1.226,752.500,1156.000,1.536,12.486,21.091,0.850,1.340,19.718,20.971,0.745,0.751,12.481,21.095,0.189,8.776,9.655,0.018,4155.000,100.900,46.182,8.776,55.837,ON,Hazy with passing clouds; Hybrid loop operating; Ceff=1.54x
756,14:17:30,36.050,68.550,66.540,49.080,47.670,32.060,1.324,16.067,17.209,0.777,1.224,751.800,1154.000,1.535,12.478,21.059,0.849,1.337,19.724,20.975,0.745,0.751,12.484,21.064,0.189,8.786,9.658,0.018,4155.000,100.672,46.158,8.786,55.815,ON,Hazy with passing clouds; Hybrid loop operating; Ceff=1.54x
757,14:18:00,36.040,68.460,66.460,49.020,47.620,32.060,1.320,16.073,17.212,0.775,1.221,750.500,1151.300,1.534,12.463,21.015,0.847,1.334,19.730,20.978,0.746,0.751,12.457,21.016,0.189,8.782,9.658,0.018,4155.000,100.368,46.126,8.782,55.784,ON,Hazy with passing clouds; Hybrid loop operating; Ceff=1.53x
758,14:18:30,36.030,68.350,66.360,48.960,47.560,32.050,1.315,16.079,17.216,0.774,1.217,748.700,1147.600,1.533,12.438,20.954,0.845,1.330,19.736,20.982,0.746,0.751,12.445,20.952,0.189,8.795,9.660,0.018,4155.000,99.988,46.099,8.795,55.759,ON,Hazy with passing clouds; Hybrid loop operating; Ceff=1.53x
759,14:19:00,36.020,68.240,66.270,48.890,47.500,32.050,1.309,16.085,17.219,0.771,1.212,746.200,1143.000,1.532,12.403,20.876,0.843,1.325,19.743,20.986,0.745,0.751,12.402,20.869,0.189,8.793,9.661,0.018,4155.000,99.532,46.074,8.793,55.734,ON,Hazy with passing clouds; Hybrid loop operating; Ceff=1.53x
760,14:19:30,36.010,68.140,66.170,48.820,47.440,32.040,1.301,16.091,17.223,0.768,1.207,743.200,1137.600,1.531,12.359,20.781,0.839,1.319,19.750,20.991,0.746,0.751,12.358,20.788,0.189,8.798,9.669,0.018,4155.000,98.923,46.010,8.798,55.678,ON,Hazy with passing clouds; Hybrid loop operating; Ceff=1.53x
761,14:20:00,35.990,68.030,66.070,48.750,47.380,32.040,1.292,16.097,17.227,0.765,1.200,739.800,1131.500,1.529,12.307,20.676,0.836,1.312,19.756,20.995,0.745,0.751,12.314,20.672,0.189,8.807,9.667,0.018,4155.000,98.239,45.938,8.807,55.604,ON,Hazy with passing clouds; Hybrid loop operating; Ceff=1.53x
762,14:20:30,35.980,67.940,65.990,48.690,47.330,32.030,1.283,16.102,17.230,0.761,1.194,736.200,1125.100,1.528,12.253,20.565,0.832,1.304,19.762,20.999,0.745,0.751,12.254,20.573,0.189,8.807,9.675,0.018,4155.000,97.555,45.877,8.807,55.552,ON,Hazy with passing clouds; Hybrid loop operating; Ceff=1.53x
763,14:21:00,35.970,67.860,65.910,48.640,47.280,32.030,1.274,16.107,17.234,0.757,1.187,732.700,1119.000,1.527,12.200,20.457,0.828,1.297,19.767,21.002,0.745,0.751,12.193,20.457,0.189,8.805,9.673,0.018,4155.000,96.871,45.804,8.805,55.476,ON,Hazy with passing clouds; Hybrid loop operating; Ceff=1.53x
764,14:21:30,35.960,67.790,65.840,48.590,47.230,32.020,1.266,16.111,17.236,0.754,1.181,729.600,1113.300,1.526,12.151,20.358,0.824,1.291,19.772,21.005,0.746,0.751,12.148,20.356,0.189,8.809,9.674,0.018,4155.000,96.262,45.749,8.809,55.423,ON,Hazy with passing clouds; Hybrid loop operating; Ceff=1.53x
765,14:22:00,35.950,67.740,65.790,48.560,47.190,32.020,1.259,16.114,17.238,0.752,1.176,727.000,1108.500,1.525,12.111,20.272,0.821,1.285,19.775,21.007,0.746,0.751,12.118,20.272,0.189,8.819,9.676,0.018,4155.000,95.730,45.693,8.819,55.369,ON,Hazy with passing clouds; Hybrid loop operating; Ceff=1.52x
766,14:22:30,35.930,67.700,65.740,48.530,47.160,32.020,1.253,16.117,17.240,0.750,1.172,725.000,1104.500,1.524,12.079,20.203,0.819,1.281,19.778,21.009,0.746,0.751,12.088,20.205,0.189,8.822,9.679,0.018,4155.000,95.274,45.640,8.822,55.319,ON,Hazy with passing clouds; Hybrid loop operating; Ceff=1.52x
767,14:23:00,35.920,67.680,65.710,48.510,47.140,32.010,1.249,16.118,17.241,0.748,1.169,723.500,1101.400,1.522,12.057,20.148,0.818,1.277,19.779,21.011,0.745,0.751,12.056,20.155,0.189,8.817,9.682,0.018,4155.000,94.970,45.622,8.817,55.304,ON,Hazy with passing clouds; Hybrid loop operating; Ceff=1.52x
768,14:23:30,35.900,67.670,65.690,48.500,47.120,32.010,1.245,16.119,17.242,0.747,1.166,722.500,1099.000,1.521,12.041,20.105,0.816,1.274,19.780,21.012,0.746,0.751,12.041,20.104,0.189,8.818,9.679,0.018,4155.000,94.665,45.576,8.818,55.254,ON,Hazy with passing clouds; Hybrid loop operating; Ceff=1.52x
769,14:24:00,35.890,67.660,65.670,48.490,47.100,32.000,1.242,16.120,17.243,0.746,1.164,721.700,1096.800,1.520,12.028,20.066,0.815,1.272,19.781,21.012,0.746,0.751,12.026,20.071,0.189,8.816,9.682,0.018,4155.000,94.437,45.557,8.816,55.239,ON,Hazy with passing clouds; Hybrid loop operating; Ceff=1.52x
770,14:24:30,35.870,67.650,65.650,48.490,47.090,32.000,1.239,16.121,17.244,0.745,1.161,720.800,1094.600,1.519,12.014,20.026,0.814,1.269,19.782,21.013,0.746,0.751,12.010,20.020,0.189,8.816,9.677,0.018,4155.000,94.209,45.538,8.816,55.216,ON,Hazy with passing clouds; Hybrid loop operating; Ceff=1.52x
771,14:25:00,35.850,67.640,65.630,48.470,47.070,32.000,1.235,16.122,17.245,0.744,1.158,719.600,1091.900,1.517,11.995,19.978,0.813,1.266,19.783,21.014,0.746,0.751,11.995,19.970,0.189,8.819,9.677,0.018,4155.000,93.905,45.503,8.819,55.180,ON,Hazy with passing clouds; Hybrid loop operating; Ceff=1.52x
772,14:25:30,35.840,67.620,65.600,48.460,47.040,31.990,1.230,16.124,17.246,0.742,1.155,717.900,1088.400,1.516,11.968,19.915,0.811,1.262,19.785,21.016,0.746,0.751,11.964,19.919,0.189,8.818,9.683,0.018,4155.000,93.525,45.465,8.818,55.148,ON,Hazy with passing clouds; Hybrid loop operating; Ceff=1.52x
773,14:26:00,35.820,67.580,65.550,48.430,47.010,31.990,1.224,16.126,17.248,0.740,1.150,715.600,1083.900,1.515,11.931,19.837,0.809,1.257,19.788,21.018,0.745,0.751,11.933,19.835,0.189,8.823,9.682,0.018,4155.000,93.069,45.431,8.823,55.113,ON,Hazy with passing clouds; Hybrid loop operating; Ceff=1.51x
774,14:26:30,35.800,67.520,65.490,48.390,46.970,31.990,1.216,16.130,17.250,0.737,1.144,712.600,1078.500,1.513,11.886,19.742,0.805,1.251,19.792,21.020,0.746,0.751,11.888,19.734,0.189,8.827,9.681,0.018,4155.000,92.460,45.360,8.827,55.041,ON,Hazy with passing clouds; Hybrid loop operating; Ceff=1.51x
775,14:27:00,35.780,67.440,65.410,48.330,46.920,31.990,1.208,16.134,17.253,0.733,1.138,709.200,1072.400,1.512,11.832,19.634,0.801,1.244,19.797,21.024,0.746,0.751,11.826,19.634,0.189,8.823,9.687,0.018,4155.000,91.852,45.318,8.823,55.005,ON,Hazy with passing clouds; Hybrid loop operating; Ceff=1.51x
776,14:27:30,35.760,67.340,65.320,48.270,46.850,31.980,1.198,16.140,17.257,0.730,1.131,705.400,1065.800,1.511,11.775,19.518,0.797,1.236,19.803,21.028,0.746,0.751,11.782,19.518,0.189,8.837,9.689,0.018,4155.000,91.092,45.221,8.837,54.910,ON,Hazy with passing clouds; Hybrid loop operating; Ceff=1.51x
777,14:28:00,35.740,67.220,65.210,48.190,46.780,31.980,1.189,16.147,17.262,0.726,1.124,701.600,1059.100,1.510,11.717,19.402,0.793,1.228,19.811,21.033,0.746,0.751,11.723,19.402,0.189,8.841,9.693,0.018,4155.000,90.407,45.165,8.841,54.858,ON,Hazy with passing clouds; Hybrid loop operating; Ceff=1.51x
778,14:28:30,35.720,67.100,65.100,48.110,46.710,31.980,1.180,16.154,17.266,0.722,1.117,698.000,1052.800,1.508,11.664,19.292,0.789,1.221,19.818,21.038,0.746,0.751,11.663,19.286,0.189,8.841,9.693,0.018,4155.000,89.723,45.092,8.841,54.784,ON,Hazy with passing clouds; Hybrid loop operating; Ceff=1.51x
779,14:29:00,35.700,66.960,64.970,48.020,46.630,31.980,1.172,16.162,17.271,0.719,1.111,694.800,1047.100,1.507,11.618,19.195,0.786,1.215,19.827,21.043,0.746,0.751,11.620,19.188,0.189,8.849,9.696,0.018,4155.000,89.115,45.030,8.849,54.726,ON,Hazy with passing clouds; Hybrid loop operating; Ceff=1.51x
780,14:29:30,35.680,66.830,64.850,47.930,46.550,31.970,1.166,16.169,17.276,0.716,1.106,692.300,1042.200,1.506,11.582,19.113,0.783,1.209,19.835,21.049,0.746,0.751,11.577,19.107,0.189,8.848,9.700,0.018,4155.000,88.659,45.010,8.848,54.710,ON,Hazy with passing clouds; Hybrid loop operating; Ceff=1.51x
781,14:30:00,35.650,66.710,64.730,47.850,46.470,31.970,1.160,16.176,17.281,0.714,1.102,690.300,1038.300,1.504,11.555,19.048,0.781,1.205,19.843,21.054,0.746,0.751,11.550,19.044,0.189,8.853,9.704,0.018,4155.000,88.202,44.946,8.853,54.651,ON,Hazy with passing clouds; Hybrid loop operating; Ceff=1.5x
782,14:30:30,35.630,66.590,64.630,47.780,46.400,31.970,1.156,16.183,17.285,0.713,1.099,688.800,1035.200,1.503,11.537,18.997,0.779,1.201,19.850,21.059,0.746,0.751,11.538,18.996,0.189,8.863,9.709,0.018,4155.000,87.898,44.926,8.863,54.635,ON,Hazy with passing clouds; Hybrid loop operating; Ceff=1.5x
783,14:31:00,35.610,66.500,64.530,47.710,46.340,31.970,1.152,16.188,17.289,0.712,1.096,687.700,1032.700,1.502,11.523,18.955,0.778,1.198,19.856,21.063,0.746,0.751,11.526,18.949,0.189,8.868,9.708,0.018,4155.000,87.594,44.879,8.868,54.587,ON,Hazy with passing clouds; Hybrid loop operating; Ceff=1.5x
784,14:31:30,35.580,66.420,64.460,47.660,46.290,31.960,1.149,16.193,17.292,0.711,1.094,686.800,1030.300,1.500,11.511,18.915,0.777,1.195,19.861,21.066,0.746,0.751,11.513,18.917,0.189,8.870,9.715,0.018,4155.000,87.366,44.866,8.870,54.581,ON,Hazy with passing clouds; Hybrid loop operating; Ceff=1.5x
785,14:32:00,35.560,66.360,64.390,47.620,46.240,31.960,1.145,16.197,17.295,0.710,1.091,685.600,1027.700,1.499,11.495,18.870,0.776,1.192,19.865,21.069,0.746,0.751,11.500,18.869,0.189,8.875,9.714,0.018,4155.000,87.062,44.823,8.875,54.537,ON,Hazy with passing clouds; Hybrid loop operating; Ceff=1.5x
786,14:32:30,35.530,66.320,64.340,47.580,46.200,31.960,1.141,16.200,17.297,0.708,1.088,684.100,1024.500,1.498,11.472,18.815,0.774,1.189,19.869,21.071,0.746,0.751,11.470,18.819,0.189,8.871,9.719,0.018,4155.000,86.758,44.806,8.871,54.525,ON,Hazy with passing clouds; Hybrid loop operating; Ceff=1.5x
787,14:33:00,35.510,66.290,64.300,47.560,46.170,31.960,1.135,16.202,17.299,0.706,1.084,682.000,1020.400,1.496,11.440,18.743,0.772,1.184,19.871,21.073,0.746,0.751,11.439,18.752,0.189,8.874,9.723,0.018,4155.000,86.301,44.749,8.874,54.473,ON,Hazy with passing clouds; Hybrid loop operating; Ceff=1.5x
788,14:33:30,35.480,66.260,64.270,47.540,46.140,31.960,1.129,16.203,17.300,0.703,1.078,679.300,1015.500,1.495,11.396,18.654,0.769,1.178,19.873,21.075,0.746,0.751,11.391,18.649,0.189,8.872,9.717,0.018,4155.000,85.845,44.727,8.872,54.444,ON,Hazy with passing clouds; Hybrid loop operating; Ceff=1.49x
789,14:34:00,35.460,66.240,64.240,47.520,46.110,31.950,1.121,16.205,17.301,0.700,1.072,676.100,1009.700,1.493,11.343,18.550,0.765,1.172,19.874,21.076,0.746,0.751,11.344,18.547,0.189,8.877,9.719,0.018,4155.000,85.237,44.666,8.877,54.384,ON,Hazy with passing clouds; Hybrid loop operating; Ceff=1.49x
790,14:34:30,35.430,66.220,64.200,47.500,46.080,31.950,1.112,16.207,17.303,0.696,1.065,672.400,1003.300,1.492,11.283,18.435,0.761,1.164,19.876,21.078,0.746,0.751,11.280,18.428,0.189,8.876,9.718,0.018,4155.000,84.553,44.590,8.876,54.308,ON,Hazy with passing clouds; Hybrid loop operating; Ceff=1.49x
791,14:35:00,35.400,66.180,64.150,47.470,46.050,31.950,1.103,16.209,17.305,0.692,1.058,668.500,996.700,1.491,11.220,18.315,0.756,1.157,19.879,21.080,0.747,0.751,11.217,18.309,0.189,8.878,9.719,0.018,4155.000,83.868,44.522,8.878,54.241,ON,Hazy with passing clouds; Hybrid loop operating; Ceff=1.49x
792,14:35:30,35.380,66.130,64.100,47.430,46.000,31.950,1.094,16.212,17.308,0.688,1.051,664.800,990.100,1.489,11.159,18.198,0.752,1.149,19.882,21.083,0.746,0.751,11.154,18.191,0.189,8.877,9.721,0.018,4155.000,83.184,44.453,8.877,54.174,ON,Hazy with passing clouds; Hybrid loop operating; Ceff=1.49x
793,14:36:00,35.350,66.070,64.030,47.380,45.950,31.940,1.086,16.216,17.310,0.685,1.045,661.300,984.100,1.488,11.104,18.091,0.748,1.142,19.887,21.086,0.746,0.751,11.108,18.089,0.189,8.887,9.726,0.018,4155.000,82.576,44.397,8.887,54.122,ON,Hazy with passing clouds; Hybrid loop operating; Ceff=1.49x
794,14:36:30,35.320,65.990,63.940,47.320,45.890,31.940,1.078,16.221,17.314,0.682,1.040,658.300,978.800,1.487,11.059,17.999,0.745,1.136,19.892,21.090,0.746,0.751,11.063,18.007,0.189,8.892,9.734,0.018,4155.000,81.967,44.308,8.892,54.042,ON,Hazy with passing clouds; Hybrid loop operating; Ceff=1.49x
795,14:37:00,35.290,65.890,63.840,47.250,45.820,31.940,1.073,16.227,17.318,0.679,1.035,656.000,974.500,1.486,11.025,17.925,0.743,1.131,19.899,21.095,0.746,0.751,11.018,17.924,0.189,8.887,9.732,0.018,4155.000,81.587,44.297,8.887,54.029,ON,Hazy with passing clouds; Hybrid loop operating; Ceff=1.49x
796,14:37:30,35.260,65.770,63.730,47.180,45.750,31.930,1.068,16.234,17.323,0.678,1.032,654.300,971.100,1.484,11.002,17.868,0.741,1.127,19.906,21.100,0.746,0.751,11.007,17.877,0.189,8.901,9.740,0.018,4155.000,81.207,44.245,8.901,53.986,ON,Hazy with passing clouds; Hybrid loop operating; Ceff=1.48x
797,14:38:00,35.240,65.650,63.610,47.090,45.670,31.930,1.064,16.241,17.327,0.677,1.029,653.100,968.500,1.483,10.988,17.826,0.739,1.124,19.914,21.105,0.747,0.751,10.995,17.829,0.189,8.908,9.740,0.018,4155.000,80.903,44.198,8.908,53.938,ON,Hazy with passing clouds; Hybrid loop operating; Ceff=1.48x
798,14:38:30,35.210,65.510,63.490,47.010,45.590,31.930,1.061,16.249,17.332,0.676,1.027,652.200,966.300,1.482,10.979,17.792,0.738,1.122,19.923,21.110,0.747,0.751,10.984,17.800,0.189,8.911,9.746,0.018,4155.000,80.675,44.174,8.911,53.920,ON,Hazy with passing clouds; Hybrid loop operating; Ceff=1.48x
799,14:39:00,35.180,65.370,63.360,46.920,45.510,31.920,1.059,16.257,17.338,0.675,1.024,651.300,964.200,1.480,10.971,17.759,0.738,1.119,19.931,21.116,0.746,0.752,10.973,17.754,0.189,8.915,9.742,0.018,4155.000,80.523,44.186,8.915,53.929,ON,Hazy with passing clouds; Hybrid loop operating; Ceff=1.48x
800,14:39:30,35.150,65.230,63.230,46.830,45.420,31.920,1.055,16.265,17.343,0.674,1.022,650.200,961.700,1.479,10.959,17.720,0.736,1.117,19.940,21.122,0.747,0.751,10.963,17.725,0.189,8.921,9.752,0.018,4155.000,80.219,44.134,8.921,53.886,ON,Hazy with passing clouds; Hybrid loop operating; Ceff=1.48x
801,14:40:00,35.120,65.100,63.110,46.740,45.350,31.920,1.051,16.272,17.347,0.672,1.019,648.700,958.700,1.478,10.940,17.670,0.735,1.113,19.948,21.127,0.746,0.751,10.935,17.677,0.189,8.919,9.756,0.018,4155.000,79.914,44.104,8.919,53.860,ON,Hazy with passing clouds; Hybrid loop operating; Ceff=1.48x
802,14:40:30,35.090,64.980,62.990,46.660,45.270,31.910,1.046,16.280,17.352,0.670,1.015,646.600,954.800,1.477,10.910,17.604,0.732,1.109,19.956,21.132,0.747,0.751,10.908,17.612,0.189,8.925,9.760,0.018,4155.000,79.534,44.074,8.925,53.834,ON,Hazy with passing clouds; Hybrid loop operating; Ceff=1.48x
803,14:41:00,35.060,64.870,62.890,46.590,45.200,31.910,1.040,16.286,17.356,0.667,1.010,643.900,950.100,1.475,10.871,17.522,0.729,1.103,19.963,21.137,0.747,0.752,10.863,17.530,0.189,8.926,9.762,0.018,4155.000,79.078,44.038,8.926,53.800,ON,Hazy with passing clouds; Hybrid loop operating; Ceff=1.48x
804,14:41:30,35.040,64.770,62.790,46.520,45.140,31.900,1.032,16.292,17.360,0.664,1.004,640.700,944.600,1.474,10.822,17.427,0.726,1.097,19.969,21.141,0.746,0.751,10.818,17.429,0.189,8.934,9.763,0.018,4155.000,78.470,43.953,8.934,53.716,ON,Hazy with passing clouds; Hybrid loop operating; Ceff=1.47x
805,14:42:00,35.010,64.690,62.710,46.470,45.080,31.900,1.024,16.297,17.364,0.661,0.998,637.300,938.700,1.473,10.767,17.323,0.722,1.090,19.975,21.145,0.747,0.752,10.772,17.329,0.189,8.943,9.768,0.018,4155.000,77.861,43.887,8.943,53.654,ON,Hazy with passing clouds; Hybrid loop operating; Ceff=1.47x
806,14:42:30,34.980,64.620,62.630,46.420,45.030,31.890,1.016,16.301,17.367,0.657,0.991,633.700,932.800,1.472,10.711,17.217,0.718,1.083,19.980,21.148,0.747,0.752,10.710,17.211,0.189,8.942,9.762,0.018,4155.000,77.253,43.819,8.942,53.582,ON,Hazy with passing clouds; Hybrid loop operating; Ceff=1.47x
807,14:43:00,34.950,64.560,62.570,46.380,44.980,31.890,1.009,16.305,17.369,0.654,0.985,630.400,927.200,1.471,10.658,17.117,0.714,1.077,19.984,21.151,0.747,0.751,10.663,17.108,0.189,8.950,9.763,0.018,4155.000,76.721,43.780,8.950,53.543,ON,Hazy with passing clouds; Hybrid loop operating; Ceff=1.47x
808,14:43:30,34.920,64.510,62.510,46.340,44.940,31.880,1.002,16.308,17.372,0.651,0.980,627.500,922.300,1.470,10.612,17.029,0.711,1.071,19.987,21.153,0.747,0.752,10.617,17.025,0.189,8.952,9.767,0.018,4155.000,76.189,43.707,8.952,53.474,ON,Hazy with passing clouds; Hybrid loop operating; Ceff=1.47x
809,14:44:00,34.890,64.470,62.460,46.310,44.900,31.880,0.997,16.311,17.374,0.648,0.976,625.200,918.200,1.469,10.576,16.957,0.709,1.067,19.990,21.156,0.746,0.751,10.570,16.957,0.189,8.945,9.771,0.018,4155.000,75.808,43.684,8.945,53.455,ON,Hazy with passing clouds; Hybrid loop operating; Ceff=1.47x
810,14:44:30,34.870,64.430,62.410,46.280,44.860,31.870,0.993,16.313,17.376,0.647,0.973,623.600,915.200,1.468,10.551,16.903,0.707,1.063,19.993,21.158,0.746,0.752,10.555,16.907,0.189,8.955,9.774,0.018,4155.000,75.504,43.651,8.955,53.425,ON,Hazy with passing clouds; Hybrid loop operating; Ceff=1.47x
811,14:45:00,34.840,64.390,62.350,46.250,44.820,31.870,0.990,16.316,17.378,0.646,0.971,622.700,913.100,1.466,10.537,16.867,0.706,1.061,19.996,21.160,0.746,0.751,10.540,16.874,0.189,8.956,9.778,0.018,4155.000,75.276,43.619,8.956,53.397,ON,Hazy with passing clouds; Hybrid loop operating; Ceff=1.47x
812,14:45:30,34.810,64.340,62.300,46.210,44.780,31.860,0.988,16.319,17.380,0.645,0.969,622.100,911.700,1.465,10.530,16.843,0.705,1.059,20.000,21.163,0.747,0.752,10.526,16.841,0.189,8.952,9.774,0.018,4155.000,75.124,43.598,8.952,53.372,ON,Hazy with passing clouds; Hybrid loop operating; Ceff=1.47x
813,14:46:00,34.790,64.280,62.230,46.170,44.730,31.860,0.987,16.323,17.383,0.645,0.968,621.800,910.600,1.464,10.528,16.827,0.705,1.058,20.004,21.165,0.747,0.751,10.528,16.827,0.189,8.959,9.777,0.018,4155.000,75.048,43.606,8.959,53.383,ON,Hazy with passing clouds; Hybrid loop operating; Ceff=1.46x
814,14:46:30,34.760,64.210,62.160,46.120,44.690,31.850,0.986,16.327,17.385,0.645,0.967,621.500,909.500,1.463,10.526,16.810,0.705,1.057,20.009,21.169,0.746,0.751,10.531,16.811,0.189,8.965,9.780,0.018,4155.000,74.972,43.615,8.965,53.395,ON,Hazy with passing clouds; Hybrid loop operating; Ceff=1.46x
815,14:47:00,34.730,64.120,62.070,46.070,44.630,31.840,0.984,16.333,17.389,0.644,0.965,620.900,908.000,1.462,10.520,16.786,0.704,1.055,20.014,21.172,0.747,0.752,10.518,16.780,0.189,8.963,9.778,0.018,4155.000,74.820,43.598,8.963,53.376,ON,Hazy with passing clouds; Hybrid loop operating; Ceff=1.46x
816,14:47:30,34.710,64.020,61.970,46.000,44.570,31.830,0.981,16.339,17.393,0.643,0.963,619.800,905.900,1.462,10.507,16.751,0.703,1.053,20.021,21.176,0.747,0.751,10.506,16.749,0.189,8.969,9.783,0.018,4155.000,74.592,43.566,8.969,53.349,ON,Hazy with passing clouds; Hybrid loop operating; Ceff=1.46x
817,14:48:00,34.680,63.900,61.860,45.930,44.500,31.830,0.977,16.345,17.397,0.641,0.960,618.200,902.900,1.461,10.484,16.701,0.701,1.049,20.028,21.181,0.747,0.752,10.477,16.701,0.189,8.967,9.787,0.018,4155.000,74.288,43.533,8.967,53.320,ON,Hazy with passing clouds; Hybrid loop operating; Ceff=1.46x
818,14:48:30,34.660,63.770,61.740,45.850,44.430,31.820,0.972,16.353,17.401,0.639,0.956,616.000,899.200,1.460,10.454,16.638,0.699,1.045,20.037,21.186,0.746,0.752,10.450,16.635,0.189,8.975,9.788,0.018,4155.000,73.907,43.488,8.975,53.277,ON,Hazy with passing clouds; Hybrid loop operating; Ceff=1.46x
819,14:49:00,34.630,63.630,61.610,45.760,44.350,31.810,0.966,16.361,17.406,0.637,0.952,613.500,895.000,1.459,10.417,16.565,0.696,1.040,20.045,21.191,0.747,0.752,10.422,16.571,0.189,8.988,9.796,0.018,4155.000,73.451,43.422,8.988,53.219,ON,Hazy with passing clouds; Hybrid loop operating; Ceff=1.46x
820,14:49:30,34.610,63.490,61.480,45.670,44.270,31.800,0.960,16.369,17.411,0.634,0.947,610.700,890.400,1.458,10.377,16.487,0.693,1.035,20.054,21.197,0.747,0.751,10.378,16.488,0.189,8.991,9.798,0.018,4155.000,72.995,43.376,8.991,53.173,ON,Hazy with passing clouds; Hybrid loop operating; Ceff=1.46x
821,14:50:00,34.580,63.350,61.360,45.590,44.190,31.800,0.955,16.377,17.416,0.631,0.942,608.000,886.000,1.457,10.337,16.412,0.690,1.030,20.063,21.202,0.747,0.752,10.334,16.406,0.189,8.993,9.797,0.018,4155.000,72.615,43.364,8.993,53.161,ON,Hazy with passing clouds; Hybrid loop operating; Ceff=1.46x
822,14:50:30,34.560,63.220,61.230,45.500,44.120,31.790,0.950,16.384,17.421,0.629,0.938,605.700,882.100,1.456,10.304,16.345,0.687,1.025,20.071,21.207,0.747,0.752,10.306,16.341,0.189,9.002,9.802,0.018,4155.000,72.235,43.328,9.002,53.129,ON,Hazy with passing clouds; Hybrid loop operating; Ceff=1.46x
823,14:51:00,34.540,63.100,61.120,45.430,44.050,31.780,0.945,16.391,17.425,0.627,0.935,603.900,879.100,1.456,10.278,16.293,0.685,1.022,20.078,21.212,0.747,0.752,10.277,16.292,0.189,9.004,9.806,0.018,4155.000,71.854,43.247,9.004,53.053,ON,Hazy with passing clouds; Hybrid loop operating; Ceff=1.46x
824,14:51:30,34.520,63.000,61.030,45.370,43.990,31.770,0.943,16.397,17.429,0.626,0.933,602.800,876.900,1.455,10.263,16.258,0.684,1.019,20.085,21.216,0.747,0.752,10.265,16.261,0.189,9.010,9.812,0.018,4155.000,71.702,43.264,9.010,53.075,ON,Hazy with passing clouds; Hybrid loop operating; Ceff=1.45x
825,14:52:00,34.490,62.920,60.950,45.320,43.940,31.760,0.941,16.402,17.432,0.626,0.932,602.300,875.800,1.454,10.259,16.241,0.684,1.018,20.090,21.219,0.747,0.752,10.268,16.247,0.189,9.020,9.815,0.018,4155.000,71.550,43.226,9.020,53.041,ON,Hazy with passing clouds; Hybrid loop operating; Ceff=1.45x
826,14:52:30,34.470,62.860,60.880,45.280,43.900,31.750,0.941,16.406,17.434,0.626,0.931,602.400,875.600,1.453,10.264,16.239,0.684,1.018,20.094,21.222,0.747,0.752,10.270,16.231,0.189,9.020,9.808,0.018,4155.000,71.550,43.236,9.020,53.044,ON,Hazy with passing clouds; Hybrid loop operating; Ceff=1.45x
827,14:53:00,34.450,62.810,60.830,45.250,43.870,31.740,0.941,16.408,17.436,0.626,0.932,602.900,875.900,1.453,10.275,16.247,0.684,1.018,20.097,21.224,0.747,0.752,10.271,16.250,0.189,9.014,9.816,0.018,4155.000,71.550,43.221,9.014,53.037,ON,Hazy with passing clouds; Hybrid loop operating; Ceff=1.45x
828,14:53:30,34.430,62.790,60.800,45.240,43.850,31.730,0.942,16.410,17.437,0.627,0.932,603.600,876.500,1.452,10.288,16.259,0.685,1.019,20.099,21.225,0.747,0.752,10.289,16.251,0.189,9.019,9.810,0.018,4155.000,71.626,43.237,9.019,53.047,ON,Hazy with passing clouds; Hybrid loop operating; Ceff=1.45x
829,14:54:00,34.410,62.770,60.780,45.230,43.830,31.720,0.943,16.411,17.437,0.627,0.933,604.100,876.900,1.452,10.298,16.267,0.686,1.020,20.100,21.226,0.747,0.751,10.290,16.269,0.189,9.012,9.816,0.018,4155.000,71.702,43.264,9.012,53.080,ON,Hazy with passing clouds; Hybrid loop operating; Ceff=1.45x
830,14:54:30,34.390,62.770,60.760,45.230,43.820,31.710,0.943,16.412,17.438,0.628,0.933,604.300,876.800,1.451,10.302,16.266,0.686,1.019,20.101,21.226,0.747,0.752,10.307,16.270,0.189,9.024,9.818,0.018,4155.000,71.702,43.268,9.024,53.086,ON,Hazy with passing clouds; Hybrid loop operating; Ceff=1.45x
831,14:55:00,34.380,62.760,60.740,45.220,43.810,31.700,0.941,16.413,17.438,0.627,0.932,604.000,876.000,1.450,10.297,16.251,0.686,1.018,20.102,21.227,0.747,0.752,10.291,16.252,0.189,9.015,9.816,0.018,4155.000,71.550,43.216,9.015,53.032,ON,Hazy with passing clouds; Hybrid loop operating; Ceff=1.45x
832,14:55:30,34.360,62.740,60.710,45.210,43.790,31.690,0.939,16.414,17.439,0.626,0.930,603.100,874.400,1.450,10.283,16.222,0.685,1.017,20.104,21.228,0.747,0.751,10.275,16.218,0.189,9.014,9.814,0.018,4155.000,71.398,43.203,9.014,53.017,ON,Hazy with passing clouds; Hybrid loop operating; Ceff=1.45x
833,14:56:00,34.340,62.710,60.680,45.190,43.770,31.680,0.936,16.416,17.440,0.625,0.928,601.800,872.100,1.449,10.261,16.181,0.683,1.014,20.106,21.229,0.747,0.752,10.260,16.184,0.189,9.021,9.819,0.018,4155.000,71.170,43.179,9.021,52.998,ON,Hazy with passing clouds; Hybrid loop operating; Ceff=1.45x
834,14:56:30,34.320,62.660,60.630,45.170,43.740,31.670,0.933,16.419,17.442,0.623,0.925,600.100,869.300,1.449,10.235,16.132,0.681,1.011,20.109,21.231,0.747,0.752,10.229,16.134,0.189,9.019,9.820,0.018,4155.000,70.942,43.179,9.019,52.999,ON,Hazy with passing clouds; Hybrid loop operating; Ceff=1.45x
835,14:57:00,34.310,62.600,60.570,45.130,43.700,31.660,0.929,16.423,17.444,0.622,0.922,598.300,866.400,1.448,10.207,16.081,0.679,1.007,20.113,21.233,0.747,0.752,10.215,16.083,0.189,9.034,9.822,0.018,4155.000,70.638,43.138,9.034,52.960,ON,Hazy with passing clouds; Hybrid loop operating; Ceff=1.45x
836,14:57:30,34.290,62.520,60.490,45.080,43.660,31.650,0.926,16.427,17.447,0.620,0.919,596.700,863.800,1.448,10.183,16.035,0.677,1.004,20.118,21.236,0.748,0.752,10.185,16.034,0.189,9.031,9.821,0.018,4155.000,70.410,43.128,9.031,52.949,ON,Hazy with passing clouds; Hybrid loop operating; Ceff=1.45x
837,14:58:00,34.270,62.420,60.400,45.020,43.610,31.640,0.923,16.433,17.450,0.619,0.917,595.500,861.800,1.447,10.167,16.001,0.676,1.002,20.124,21.240,0.747,0.752,10.172,16.002,0.189,9.038,9.824,0.018,4155.000,70.182,43.088,9.038,52.912,ON,Hazy with passing clouds; Hybrid loop operating; Ceff=1.45x
838,14:58:30,34.260,62.310,60.300,44.960,43.550,31.630,0.922,16.439,17.454,0.618,0.916,594.800,860.600,1.447,10.161,15.984,0.676,1.001,20.131,21.244,0.747,0.752,10.159,15.988,0.189,9.037,9.829,0.018,4155.000,70.106,43.101,9.037,52.931,ON,Hazy with passing clouds; Hybrid loop operating; Ceff=1.45x
839,14:59:00,34.240,62.200,60.200,44.890,43.490,31.620,0.921,16.445,17.458,0.618,0.916,594.900,860.400,1.446,10.167,15.985,0.676,1.001,20.138,21.248,0.747,0.752,10.163,15.992,0.189,9.039,9.834,0.018,4155.000,70.030,43.065,9.039,52.898,ON,Hazy with passing clouds; Hybrid loop operating; Ceff=1.45x
840,14:59:30,34.230,62.090,60.110,44.830,43.430,31.610,0.922,16.451,17.461,0.619,0.916,595.600,861.200,1.446,10.183,16.003,0.677,1.002,20.145,21.252,0.747,0.752,10.183,15.994,0.189,9.046,9.826,0.018,4155.000,70.106,43.071,9.046,52.898,ON,Hazy with passing clouds; Hybrid loop operating; Ceff=1.45x
841,15:00:00,34.210,61.990,60.010,44.760,43.380,31.600,0.924,16.457,17.465,0.620,0.918,596.800,862.700,1.446,10.208,16.034,0.678,1.003,20.151,21.255,0.747,0.752,10.203,16.033,0.189,9.046,9.833,0.018,4155.000,70.258,43.090,9.046,52.923,ON,Hazy with passing clouds; Hybrid loop operating; Ceff=1.45x
842,15:00:30,34.200,61.900,59.930,44.710,43.340,31.590,0.927,16.462,17.468,0.622,0.920,598.200,864.600,1.445,10.237,16.072,0.680,1.006,20.157,21.259,0.747,0.752,10.239,16.071,0.189,9.057,9.835,0.018,4155.000,70.486,43.135,9.057,52.969,ON,Hazy with passing clouds; Hybrid loop operating; Ceff=1.45x
843,15:01:00,34.190,61.820,59.870,44.670,43.300,31.570,0.929,16.467,17.470,0.623,0.922,599.700,866.500,1.445,10.266,16.110,0.681,1.008,20.161,21.261,0.748,0.752,10.259,16.107,0.189,9.051,9.835,0.018,4155.000,70.638,43.133,9.051,52.968,ON,Hazy with passing clouds; Hybrid loop operating; Ceff=1.44x
844,15:01:30,34.170,61.770,59.810,44.640,43.270,31.560,0.931,16.470,17.472,0.625,0.924,600.900,868.000,1.444,10.290,16.142,0.683,1.010,20.165,21.263,0.747,0.752,10.294,16.144,0.189,9.064,9.841,0.018,4155.000,70.790,43.151,9.064,52.992,ON,Hazy with passing clouds; Hybrid loop operating; Ceff=1.44x
845,15:02:00,34.160,61.730,59.780,44.620,43.250,31.550,0.932,16.472,17.473,0.626,0.925,601.700,869.000,1.444,10.305,16.160,0.684,1.011,20.167,21.264,0.747,0.752,10.311,16.163,0.189,9.067,9.841,0.018,4155.000,70.866,43.148,9.067,52.988,ON,Hazy with passing clouds; Hybrid loop operating; Ceff=1.44x
846,15:02:30,34.150,61.710,59.760,44.610,43.240,31.540,0.932,16.473,17.473,0.626,0.925,602.000,869.100,1.444,10.309,16.163,0.684,1.011,20.168,21.265,0.747,0.752,10.312,16.163,0.189,9.063,9.840,0.018,4155.000,70.866,43.143,9.063,52.982,ON,Hazy with passing clouds; Hybrid loop operating; Ceff=1.44x
847,15:03:00,34.130,61.710,59.750,44.610,43.240,31.530,0.932,16.473,17.474,0.625,0.924,601.600,868.400,1.443,10.304,16.150,0.684,1.010,20.168,21.265,0.747,0.752,10.296,16.146,0.189,9.055,9.837,0.018,4155.000,70.866,43.177,9.055,53.015,ON,Hazy with passing clouds; Hybrid loop operating; Ceff=1.44x
848,15:03:30,34.120,61.730,59.760,44.620,43.240,31.520,0.930,16.473,17.473,0.625,0.923,600.800,867.000,1.443,10.289,16.124,0.683,1.008,20.168,21.265,0.747,0.752,10.296,16.128,0.189,9.067,9.842,0.018,4155.000,70.714,43.154,9.067,52.996,ON,Hazy with passing clouds; Hybrid loop operating; Ceff=1.44x
849,15:04:00,34.110,61.740,59.770,44.630,43.250,31.510,0.927,16.472,17.473,0.623,0.921,599.700,865.200,1.443,10.269,16.090,0.681,1.006,20.167,21.264,0.748,0.752,10.262,16.093,0.189,9.054,9.841,0.018,4155.000,70.486,43.105,9.054,52.946,ON,Hazy with passing clouds; Hybrid loop operating; Ceff=1.44x
850,15:04:30,34.100,61.770,59.780,44.640,43.250,31.500,0.925,16.471,17.472,0.622,0.919,598.500,863.400,1.442,10.249,16.055,0.680,1.004,20.166,21.264,0.747,0.752,10.245,16.057,0.189,9.057,9.840,0.018,4155.000,70.334,43.101,9.057,52.941,ON,Hazy with passing clouds; Hybrid loop operating; Ceff=1.44x
851,15:05:00,34.090,61.790,59.790,44.650,43.260,31.480,0.923,16.470,17.472,0.621,0.917,597.600,861.900,1.442,10.233,16.027,0.679,1.003,20.165,21.263,0.747,0.751,10.228,16.022,0.189,9.056,9.835,0.018,4155.000,70.182,43.083,9.056,52.918,ON,Hazy with passing clouds; Hybrid loop operating; Ceff=1.44x
852,15:05:30,34.070,61.800,59.790,44.660,43.260,31.470,0.922,16.469,17.472,0.621,0.916,597.200,861.000,1.442,10.224,16.011,0.678,1.002,20.164,21.263,0.748,0.751,10.227,16.004,0.189,9.061,9.835,0.018,4155.000,70.106,43.081,9.061,52.916,ON,Hazy with passing clouds; Hybrid loop operating; Ceff=1.44x
853,15:06:00,34.060,61.810,59.790,44.660,43.250,31.460,0.922,16.469,17.472,0.621,0.916,597.300,861.000,1.442,10.226,16.011,0.679,1.002,20.164,21.263,0.747,0.751,10.227,16.004,0.189,9.060,9.835,0.018,4155.000,70.106,43.081,9.060,52.916,ON,Hazy with passing clouds; Hybrid loop operating; Ceff=1.44x
854,15:06:30,34.050,61.800,59.780,44.660,43.250,31.450,0.923,16.470,17.472,0.622,0.917,598.000,861.900,1.441,10.240,16.028,0.679,1.003,20.165,21.263,0.748,0.752,10.244,16.022,0.189,9.064,9.835,0.018,4155.000,70.182,43.083,9.064,52.918,ON,Hazy with passing clouds; Hybrid loop operating; Ceff=1.44x
855,15:07:00,34.040,61.780,59.760,44.650,43.230,31.440,0.925,16.471,17.473,0.623,0.919,599.300,863.600,1.441,10.263,16.061,0.681,1.005,20.166,21.264,0.747,0.752,10.261,16.058,0.189,9.059,9.838,0.018,4155.000,70.334,43.091,9.059,52.929,ON,Hazy with passing clouds; Hybrid loop operating; Ceff=1.44x
856,15:07:30,34.030,61.750,59.730,44.630,43.210,31.430,0.928,16.473,17.474,0.625,0.922,601.000,865.900,1.441,10.293,16.104,0.683,1.007,20.168,21.265,0.747,0.752,10.296,16.111,0.189,9.064,9.845,0.018,4155.000,70.562,43.116,9.064,52.961,ON,Hazy with passing clouds; Hybrid loop operating; Ceff=1.44x
857,15:08:00,34.010,61.700,59.690,44.600,43.190,31.420,0.931,16.475,17.475,0.627,0.924,602.800,868.300,1.440,10.326,16.151,0.685,1.010,20.171,21.267,0.747,0.752,10.330,16.147,0.189,9.067,9.839,0.018,4155.000,70.790,43.136,9.067,52.975,ON,Hazy with passing clouds; Hybrid loop operating; Ceff=1.44x
858,15:08:30,34.000,61.650,59.650,44.570,43.170,31.410,0.934,16.478,17.477,0.629,0.927,604.500,870.600,1.440,10.357,16.194,0.687,1.013,20.174,21.269,0.747,0.752,10.365,16.201,0.189,9.072,9.846,0.018,4155.000,71.018,43.161,9.072,53.007,ON,Hazy with passing clouds; Hybrid loop operating; Ceff=1.44x
859,15:09:00,33.990,61.590,59.600,44.530,43.140,31.400,0.937,16.481,17.479,0.630,0.928,605.800,872.200,1.440,10.382,16.228,0.688,1.015,20.178,21.271,0.748,0.752,10.383,16.221,0.189,9.068,9.840,0.018,4155.000,71.246,43.220,9.068,53.060,ON,Hazy with passing clouds; Hybrid loop operating; Ceff=1.44x
860,15:09:30,33.980,61.530,59.540,44.490,43.110,31.390,0.938,16.485,17.481,0.631,0.929,606.500,873.100,1.440,10.397,16.247,0.689,1.016,20.181,21.273,0.748,0.752,10.402,16.240,0.189,9.075,9.841,0.018,4155.000,71.322,43.221,9.075,53.063,ON,Hazy with passing clouds; Hybrid loop operating; Ceff=1.44x
861,15:10:00,33.960,61.470,59.490,44.450,43.080,31.380,0.938,16.488,17.483,0.631,0.929,606.600,873.100,1.439,10.402,16.249,0.689,1.016,20.185,21.276,0.748,0.752,10.404,16.242,0.189,9.075,9.843,0.018,4155.000,71.322,43.221,9.075,53.064,ON,Hazy with passing clouds; Hybrid loop operating; Ceff=1.44x
862,15:10:30,33.950,61.410,59.450,44.420,43.050,31.370,0.937,16.491,17.485,0.630,0.929,606.200,872.200,1.439,10.396,16.235,0.689,1.015,20.188,21.278,0.747,0.752,10.389,16.244,0.189,9.068,9.854,0.018,4155.000,71.246,43.220,9.068,53.074,ON,Hazy with passing clouds; Hybrid loop operating; Ceff=1.44x
863,15:11:00,33.940,61.360,59.410,44.390,43.020,31.360,0.935,16.494,17.487,0.629,0.927,605.200,870.700,1.439,10.382,16.208,0.688,1.013,20.191,21.280,0.747,0.752,10.375,16.210,0.189,9.070,9.851,0.018,4155.000,71.094,43.202,9.070,53.053,ON,Hazy with passing clouds; Hybrid loop operating; Ceff=1.44x
864,15:11:30,33.930,61.330,59.380,44.360,43.000,31.350,0.932,16.496,17.488,0.628,0.925,604.100,868.800,1.438,10.363,16.175,0.687,1.011,20.193,21.281,0.747,0.752,10.359,16.176,0.189,9.073,9.851,0.018,4155.000,70.866,43.158,9.073,53.009,ON,Hazy with passing clouds; Hybrid loop operating; Ceff=1.44x
865,15:12:00,33.910,61.310,59.360,44.340,42.980,31.340,0.930,16.497,17.489,0.627,0.923,602.900,867.000,1.438,10.345,16.142,0.685,1.009,20.195,21.282,0.748,0.752,10.344,16.142,0.189,9.077,9.851,0.018,4155.000,70.714,43.154,9.077,53.005,ON,Hazy with passing clouds; Hybrid loop operating; Ceff=1.44x
866,15:12:30,33.900,61.300,59.350,44.340,42.970,31.330,0.928,16.497,17.490,0.626,0.921,602.000,865.500,1.438,10.330,16.115,0.684,1.007,20.195,21.283,0.748,0.752,10.327,16.108,0.189,9.077,9.847,0.018,4155.000,70.562,43.136,9.077,52.984,ON,Hazy with passing clouds; Hybrid loop operating; Ceff=1.44x
867,15:13:00,33.880,61.310,59.350,44.340,42.970,31.320,0.927,16.497,17.490,0.626,0.921,601.600,864.700,1.437,10.323,16.101,0.684,1.006,20.194,21.283,0.747,0.752,10.327,16.108,0.189,9.083,9.856,0.018,4155.000,70.486,43.130,9.083,52.986,ON,Hazy with passing clouds; Hybrid loop operating; Ceff=1.44x
868,15:13:30,33.870,61.340,59.370,44.350,42.970,31.310,0.927,16.496,17.489,0.626,0.921,601.800,864.800,1.437,10.324,16.101,0.684,1.006,20.193,21.283,0.747,0.752,10.326,16.107,0.189,9.079,9.855,0.018,4155.000,70.486,43.125,9.079,52.979,ON,Hazy with passing clouds; Hybrid loop operating; Ceff=1.44x
869,15:14:00,33.850,61.380,59.400,44.360,42.980,31.300,0.928,16.494,17.489,0.627,0.922,602.500,865.600,1.437,10.336,16.116,0.685,1.007,20.191,21.282,0.747,0.752,10.342,16.125,0.189,9.082,9.856,0.018,4155.000,70.562,43.131,9.082,52.988,ON,Hazy with passing clouds; Hybrid loop operating; Ceff=1.44x
870,15:14:30,33.840,61.420,59.430,44.390,42.990,31.290,0.930,16.491,17.488,0.628,0.923,603.700,867.100,1.436,10.354,16.143,0.686,1.009,20.188,21.281,0.748,0.752,10.356,16.141,0.189,9.077,9.849,0.018,4155.000,70.714,43.149,9.077,52.999,ON,Hazy with passing clouds; Hybrid loop operating; Ceff=1.44x
871,15:15:00,33.820,61.470,59.470,44.410,43.010,31.280,0.932,16.489,17.487,0.629,0.925,605.200,869.000,1.436,10.377,16.176,0.688,1.011,20.186,21.279,0.747,0.752,10.372,16.175,0.189,9.067,9.849,0.018,4155.000,70.866,43.148,9.067,52.996,ON,Hazy with passing clouds; Hybrid loop operating; Ceff=1.44x
872,15:15:30,33.800,61.520,59.500,44.430,43.020,31.270,0.935,16.487,17.486,0.631,0.927,606.600,870.800,1.436,10.400,16.209,0.689,1.013,20.183,21.278,0.748,0.752,10.403,16.210,0.189,9.074,9.849,0.018,4155.000,71.094,43.197,9.074,53.046,ON,Hazy with passing clouds; Hybrid loop operating; Ceff=1.44x
873,15:16:00,33.790,61.550,59.530,44.450,43.030,31.270,0.937,16.485,17.485,0.632,0.928,607.800,872.200,1.435,10.418,16.235,0.691,1.015,20.181,21.277,0.747,0.752,10.419,16.226,0.189,9.070,9.843,0.018,4155.000,71.246,43.220,9.070,53.063,ON,Hazy with passing clouds; Hybrid loop operating; Ceff=1.44x
874,15:16:30,33.770,61.580,59.550,44.450,43.030,31.260,0.938,16.483,17.484,0.633,0.929,608.400,872.900,1.435,10.429,16.248,0.691,1.016,20.180,21.277,0.748,0.752,10.434,16.243,0.189,9.074,9.845,0.018,4155.000,71.322,43.231,9.074,53.077,ON,Hazy with passing clouds; Hybrid loop operating; Ceff=1.43x
875,15:17:00,33.750,61.580,59.550,44.450,43.030,31.250,0.937,16.483,17.485,0.633,0.929,608.500,872.800,1.434,10.429,16.244,0.692,1.015,20.179,21.277,0.747,0.752,10.434,16.244,0.189,9.072,9.847,0.018,4155.000,71.246,43.190,9.072,53.037,ON,Hazy with passing clouds; Hybrid loop operating; Ceff=1.43x
876,15:17:30,33.730,61.570,59.540,44.430,43.010,31.240,0.936,16.484,17.486,0.632,0.928,607.900,871.600,1.434,10.419,16.224,0.691,1.014,20.180,21.278,0.747,0.752,10.418,16.227,0.189,9.067,9.851,0.018,4155.000,71.170,43.204,9.067,53.054,ON,Hazy with passing clouds; Hybrid loop operating; Ceff=1.43x
877,15:18:00,33.710,61.540,59.510,44.410,42.990,31.240,0.933,16.486,17.487,0.631,0.926,606.700,869.600,1.433,10.400,16.189,0.689,1.012,20.182,21.280,0.748,0.752,10.403,16.193,0.189,9.072,9.852,0.018,4155.000,70.942,43.164,9.072,53.017,ON,Hazy with passing clouds; Hybrid loop operating; Ceff=1.43x
878,15:18:30,33.690,61.490,59.470,44.370,42.950,31.230,0.930,16.488,17.489,0.629,0.923,605.100,867.100,1.433,10.375,16.144,0.688,1.009,20.185,21.282,0.747,0.752,10.371,16.142,0.189,9.068,9.850,0.018,4155.000,70.714,43.149,9.068,52.999,ON,Hazy with passing clouds; Hybrid loop operating; Ceff=1.43x
879,15:19:00,33.670,61.430,59.410,44.320,42.910,31.220,0.926,16.492,17.492,0.627,0.920,603.300,864.300,1.433,10.347,16.095,0.686,1.006,20.189,21.285,0.747,0.752,10.340,16.093,0.189,9.069,9.851,0.018,4155.000,70.410,43.103,9.069,52.954,ON,Hazy with passing clouds; Hybrid loop operating; Ceff=1.43x
880,15:19:30,33.650,61.350,59.350,44.260,42.860,31.220,0.923,16.496,17.495,0.626,0.917,601.700,861.600,1.432,10.322,16.049,0.684,1.003,20.193,21.289,0.747,0.752,10.326,16.043,0.189,9.081,9.852,0.018,4155.000,70.182,43.098,9.081,52.950,ON,Hazy with passing clouds; Hybrid loop operating; Ceff=1.43x
881,15:20:00,33.630,61.280,59.290,44.210,42.810,31.210,0.920,16.500,17.498,0.624,0.915,600.300,859.500,1.432,10.303,16.012,0.682,1.000,20.198,21.292,0.748,0.752,10.296,16.011,0.189,9.075,9.856,0.018,4155.000,69.954,43.063,9.075,52.919,ON,Hazy with passing clouds; Hybrid loop operating; Ceff=1.43x
882,15:20:30,33.610,61.210,59.230,44.150,42.770,31.200,0.918,16.504,17.501,0.624,0.914,599.500,858.000,1.431,10.292,15.989,0.682,0.998,20.202,21.295,0.747,0.752,10.298,15.996,0.189,9.089,9.864,0.018,4155.000,69.802,43.044,9.089,52.908,ON,Hazy with passing clouds; Hybrid loop operating; Ceff=1.43x
883,15:21:00,33.580,61.150,59.170,44.100,42.720,31.200,0.917,16.507,17.504,0.623,0.913,599.300,857.400,1.431,10.291,15.980,0.681,0.998,20.206,21.299,0.748,0.752,10.284,15.981,0.189,9.079,9.862,0.018,4155.000,69.725,43.028,9.079,52.889,ON,Hazy with passing clouds; Hybrid loop operating; Ceff=1.43x
884,15:21:30,33.560,61.100,59.130,44.060,42.690,31.190,0.917,16.510,17.506,0.624,0.913,599.600,857.500,1.430,10.298,15.984,0.682,0.998,20.209,21.301,0.747,0.752,10.302,15.983,0.189,9.091,9.862,0.018,4155.000,69.725,43.022,9.091,52.884,ON,Hazy with passing clouds; Hybrid loop operating; Ceff=1.43x
885,15:22:00,33.540,61.070,59.100,44.030,42.660,31.190,0.918,16.512,17.508,0.624,0.914,600.300,858.100,1.430,10.311,15.998,0.682,0.999,20.211,21.303,0.748,0.752,10.303,16.002,0.189,9.081,9.867,0.018,4155.000,69.802,43.039,9.081,52.906,ON,Hazy with passing clouds; Hybrid loop operating; Ceff=1.43x
886,15:22:30,33.510,61.060,59.080,44.020,42.640,31.180,0.919,16.513,17.509,0.625,0.915,601.100,858.900,1.429,10.325,16.015,0.683,1.000,20.212,21.304,0.748,0.752,10.321,16.021,0.189,9.084,9.869,0.018,4155.000,69.878,43.046,9.084,52.915,ON,Hazy with passing clouds; Hybrid loop operating; Ceff=1.43x
887,15:23:00,33.490,61.060,59.080,44.010,42.630,31.180,0.920,16.512,17.510,0.626,0.915,601.800,859.600,1.428,10.337,16.028,0.684,1.000,20.212,21.305,0.748,0.752,10.337,16.022,0.189,9.088,9.862,0.018,4155.000,69.954,43.058,9.088,52.919,ON,Hazy with passing clouds; Hybrid loop operating; Ceff=1.43x
888,15:23:30,33.460,61.080,59.100,44.010,42.620,31.170,0.920,16.512,17.510,0.626,0.916,602.100,859.700,1.428,10.342,16.030,0.685,1.001,20.210,21.305,0.747,0.752,10.337,16.039,0.189,9.083,9.871,0.018,4155.000,69.954,43.053,9.083,52.924,ON,Hazy with passing clouds; Hybrid loop operating; Ceff=1.43x
889,15:24:00,33.440,61.110,59.120,44.010,42.620,31.170,0.919,16.510,17.510,0.626,0.915,601.900,859.100,1.427,10.337,16.018,0.684,1.000,20.209,21.305,0.748,0.752,10.335,16.022,0.189,9.085,9.867,0.018,4155.000,69.878,43.036,9.085,52.903,ON,Hazy with passing clouds; Hybrid loop operating; Ceff=1.43x
890,15:24:30,33.410,61.150,59.140,44.020,42.620,31.160,0.917,16.508,17.510,0.625,0.913,601.000,857.500,1.427,10.321,15.988,0.683,0.998,20.207,21.305,0.748,0.752,10.318,15.987,0.189,9.083,9.864,0.018,4155.000,69.725,43.022,9.083,52.887,ON,Hazy with passing clouds; Hybrid loop operating; Ceff=1.43x
891,15:25:00,33.380,61.180,59.160,44.030,42.610,31.160,0.914,16.507,17.510,0.624,0.910,599.500,854.900,1.426,10.294,15.940,0.682,0.995,20.205,21.305,0.747,0.752,10.300,15.934,0.189,9.091,9.862,0.018,4155.000,69.497,43.012,9.091,52.874,ON,Hazy with passing clouds; Hybrid loop operating; Ceff=1.43x
892,15:25:30,33.350,61.200,59.170,44.030,42.610,31.160,0.910,16.506,17.510,0.621,0.907,597.500,851.700,1.425,10.258,15.880,0.679,0.991,20.204,21.305,0.748,0.752,10.250,15.882,0.189,9.077,9.866,0.018,4155.000,69.193,42.985,9.077,52.851,ON,Hazy with passing clouds; Hybrid loop operating; Ceff=1.43x
893,15:26:00,33.320,61.210,59.170,44.020,42.590,31.150,0.905,16.505,17.510,0.619,0.903,595.100,848.000,1.425,10.218,15.812,0.677,0.987,20.204,21.306,0.747,0.752,10.217,15.812,0.189,9.084,9.865,0.018,4155.000,68.813,42.935,9.084,52.801,ON,Hazy with passing clouds; Hybrid loop operating; Ceff=1.42x
894,15:26:30,33.300,61.210,59.160,44.000,42.570,31.150,0.900,16.506,17.512,0.617,0.899,592.700,844.200,1.424,10.177,15.743,0.674,0.982,20.204,21.307,0.747,0.752,10.184,15.743,0.189,9.091,9.867,0.018,4155.000,68.433,42.890,9.091,52.757,ON,Hazy with passing clouds; Hybrid loop operating; Ceff=1.42x
895,15:27:00,33.270,61.180,59.130,43.970,42.530,31.140,0.896,16.508,17.514,0.614,0.895,590.600,840.700,1.424,10.141,15.680,0.671,0.978,20.206,21.309,0.748,0.752,10.136,15.675,0.189,9.080,9.865,0.018,4155.000,68.129,42.877,9.080,52.742,ON,Hazy with passing clouds; Hybrid loop operating; Ceff=1.42x
896,15:27:30,33.240,61.130,59.080,43.930,42.490,31.140,0.892,16.510,17.516,0.613,0.892,588.800,837.900,1.423,10.114,15.630,0.669,0.975,20.209,21.312,0.748,0.752,10.121,15.624,0.189,9.094,9.866,0.018,4155.000,67.825,42.829,9.094,52.695,ON,Hazy with passing clouds; Hybrid loop operating; Ceff=1.42x
897,15:28:00,33.210,61.070,59.020,43.870,42.440,31.140,0.889,16.514,17.519,0.611,0.890,587.700,835.800,1.422,10.096,15.595,0.668,0.973,20.213,21.315,0.748,0.752,10.090,15.592,0.189,9.084,9.870,0.018,4155.000,67.596,42.792,9.084,52.662,ON,Hazy with passing clouds; Hybrid loop operating; Ceff=1.42x
898,15:28:30,33.180,60.990,58.950,43.810,42.380,31.130,0.888,16.519,17.523,0.611,0.889,587.100,834.600,1.422,10.090,15.575,0.668,0.971,20.218,21.319,0.747,0.752,10.093,15.578,0.189,9.096,9.876,0.018,4155.000,67.520,42.805,9.096,52.681,ON,Hazy with passing clouds; Hybrid loop operating; Ceff=1.42x
899,15:29:00,33.140,60.900,58.870,43.740,42.320,31.130,0.887,16.524,17.527,0.611,0.888,587.000,834.000,1.421,10.092,15.570,0.667,0.971,20.224,21.324,0.748,0.752,10.096,15.564,0.189,9.100,9.874,0.018,4155.000,67.444,42.788,9.100,52.662,ON,Hazy with passing clouds; Hybrid loop operating; Ceff=1.42x
900,15:29:30,33.110,60.800,58.780,43.670,42.250,31.130,0.887,16.529,17.531,0.611,0.888,587.200,833.900,1.420,10.100,15.572,0.668,0.971,20.230,21.328,0.747,0.752,10.099,15.568,0.189,9.100,9.877,0.018,4155.000,67.444,42.793,9.100,52.670,ON,Hazy with passing clouds; Hybrid loop operating; Ceff=1.42x
901,15:30:00,33.080,60.700,58.700,43.600,42.190,31.120,0.887,16.535,17.535,0.611,0.888,587.500,833.900,1.419,10.109,15.576,0.668,0.971,20.236,21.332,0.748,0.752,10.103,15.571,0.189,9.099,9.880,0.018,4155.000,67.444,42.793,9.099,52.672,ON,Hazy with passing clouds; Hybrid loop operating; Ceff=1.42x
902,15:30:30,33.050,60.610,58.610,43.530,42.130,31.120,0.887,16.540,17.539,0.612,0.888,587.600,833.600,1.419,10.114,15.575,0.668,0.971,20.242,21.337,0.748,0.752,10.122,15.575,0.189,9.115,9.885,0.018,4155.000,67.444,42.808,9.115,52.694,ON,Hazy with passing clouds; Hybrid loop operating; Ceff=1.42x
903,15:31:00,33.020,60.520,58.530,43.460,42.070,31.120,0.886,16.545,17.543,0.611,0.887,587.200,832.700,1.418,10.112,15.562,0.668,0.970,20.247,21.341,0.748,0.752,10.109,15.561,0.189,9.109,9.887,0.018,4155.000,67.368,42.806,9.109,52.693,ON,Hazy with passing clouds; Hybrid loop operating; Ceff=1.42x
904,15:31:30,32.980,60.450,58.470,43.400,42.010,31.120,0.883,16.549,17.546,0.610,0.885,586.300,831.000,1.417,10.100,15.533,0.667,0.968,20.252,21.345,0.748,0.752,10.095,15.528,0.189,9.110,9.887,0.018,4155.000,67.140,42.748,9.110,52.635,ON,Hazy with passing clouds; Hybrid loop operating; Ceff=1.42x
905,15:32:00,32.950,60.390,58.410,43.350,41.960,31.110,0.880,16.553,17.549,0.609,0.883,584.800,828.300,1.417,10.076,15.487,0.665,0.964,20.256,21.348,0.748,0.753,10.081,15.496,0.189,9.121,9.898,0.018,4155.000,66.912,42.742,9.121,52.640,ON,Hazy with passing clouds; Hybrid loop operating; Ceff=1.42x
906,15:32:30,32.920,60.340,58.360,43.310,41.920,31.110,0.875,16.556,17.552,0.607,0.879,582.600,824.900,1.416,10.041,15.425,0.663,0.961,20.259,21.351,0.748,0.752,10.049,15.428,0.189,9.127,9.896,0.018,4155.000,66.532,42.674,9.127,52.570,ON,Hazy with passing clouds; Hybrid loop operating; Ceff=1.42x
907,15:33:00,32.880,60.300,58.320,43.270,41.880,31.110,0.870,16.558,17.554,0.604,0.875,580.100,820.800,1.415,9.999,15.352,0.660,0.956,20.261,21.353,0.748,0.752,10.001,15.360,0.189,9.122,9.901,0.018,4155.000,66.152,42.642,9.122,52.544,ON,Hazy with passing clouds; Hybrid loop operating; Ceff=1.41x
908,15:33:30,32.850,60.280,58.290,43.240,41.850,31.100,0.865,16.559,17.556,0.601,0.870,577.300,816.500,1.414,9.953,15.274,0.657,0.951,20.263,21.355,0.748,0.752,9.952,15.274,0.189,9.121,9.898,0.018,4155.000,65.772,42.621,9.121,52.518,ON,Hazy with passing clouds; Hybrid loop operating; Ceff=1.41x
909,15:34:00,32.820,60.260,58.260,43.210,41.810,31.100,0.859,16.561,17.558,0.598,0.866,574.700,812.300,1.413,9.908,15.197,0.654,0.946,20.264,21.357,0.748,0.752,9.903,15.205,0.189,9.118,9.904,0.018,4155.000,65.315,42.544,9.118,52.448,ON,Hazy with passing clouds; Hybrid loop operating; Ceff=1.41x
910,15:34:30,32.780,60.250,58.240,43.190,41.780,31.100,0.855,16.562,17.559,0.596,0.862,572.400,808.600,1.413,9.869,15.129,0.651,0.942,20.265,21.359,0.748,0.752,9.871,15.136,0.189,9.124,9.904,0.018,4155.000,65.011,42.540,9.124,52.444,ON,Hazy with passing clouds; Hybrid loop operating; Ceff=1.41x
911,15:35:00,32.750,60.240,58.220,43.170,41.750,31.090,0.851,16.563,17.561,0.594,0.858,570.600,805.600,1.412,9.838,15.074,0.649,0.938,20.267,21.361,0.748,0.752,9.838,15.067,0.189,9.123,9.896,0.018,4155.000,64.707,42.498,9.123,52.394,ON,Hazy with passing clouds; Hybrid loop operating; Ceff=1.41x
912,15:35:30,32.720,60.220,58.190,43.140,41.720,31.090,0.848,16.564,17.562,0.593,0.856,569.400,803.400,1.411,9.819,15.036,0.648,0.936,20.268,21.363,0.748,0.752,9.822,15.033,0.189,9.127,9.900,0.018,4155.000,64.479,42.464,9.127,52.365,ON,Hazy with passing clouds; Hybrid loop operating; Ceff=1.41x
913,15:36:00,32.680,60.200,58.160,43.110,41.690,31.090,0.847,16.565,17.564,0.592,0.855,568.800,802.100,1.410,9.809,15.013,0.647,0.934,20.270,21.365,0.748,0.752,9.806,15.017,0.189,9.122,9.906,0.018,4155.000,64.403,42.483,9.122,52.389,ON,Hazy with passing clouds; Hybrid loop operating; Ceff=1.41x
914,15:36:30,32.650,60.170,58.130,43.080,41.650,31.090,0.846,16.568,17.566,0.592,0.854,568.600,801.400,1.409,9.808,15.002,0.647,0.933,20.272,21.367,0.748,0.753,9.808,15.001,0.189,9.127,9.904,0.018,4155.000,64.327,42.470,9.127,52.374,ON,Hazy with passing clouds; Hybrid loop operating; Ceff=1.41x
915,15:37:00,32.620,60.120,58.080,43.040,41.610,31.080,0.845,16.570,17.569,0.592,0.854,568.700,801.100,1.409,9.812,14.999,0.647,0.933,20.275,21.370,0.748,0.752,9.809,15.004,0.189,9.126,9.910,0.018,4155.000,64.251,42.436,9.126,52.345,ON,Hazy with passing clouds; Hybrid loop operating; Ceff=1.41x
916,15:37:30,32.580,60.060,58.020,42.990,41.560,31.080,0.845,16.574,17.572,0.592,0.853,568.800,800.700,1.408,9.816,14.995,0.647,0.933,20.279,21.373,0.748,0.752,9.812,14.989,0.189,9.127,9.905,0.018,4155.000,64.251,42.457,9.127,52.361,ON,Hazy with passing clouds; Hybrid loop operating; Ceff=1.41x
917,15:38:00,32.550,59.980,57.940,42.930,41.500,31.070,0.844,16.578,17.575,0.592,0.853,568.600,800.000,1.407,9.816,14.985,0.647,0.932,20.284,21.377,0.748,0.752,9.814,14.991,0.189,9.132,9.915,0.018,4155.000,64.175,42.444,9.132,52.359,ON,Hazy with passing clouds; Hybrid loop operating; Ceff=1.41x
918,15:38:30,32.520,59.890,57.860,42.860,41.440,31.070,0.842,16.584,17.579,0.591,0.851,567.900,798.500,1.406,9.808,14.962,0.646,0.930,20.290,21.381,0.748,0.752,9.801,14.960,0.189,9.132,9.913,0.018,4155.000,64.023,42.423,9.132,52.335,ON,Hazy with passing clouds; Hybrid loop operating; Ceff=1.41x
919,15:39:00,32.480,59.790,57.760,42.790,41.370,31.070,0.839,16.590,17.583,0.590,0.849,566.600,796.300,1.405,9.791,14.924,0.645,0.928,20.296,21.386,0.748,0.752,9.788,14.928,0.189,9.140,9.919,0.018,4155.000,63.795,42.388,9.140,52.307,ON,Hazy with passing clouds; Hybrid loop operating; Ceff=1.41x
920,15:39:30,32.450,59.670,57.660,42.710,41.300,31.060,0.835,16.596,17.588,0.588,0.845,564.700,793.200,1.404,9.763,14.871,0.643,0.924,20.304,21.391,0.748,0.752,9.758,14.862,0.189,9.143,9.914,0.018,4155.000,63.490,42.351,9.143,52.265,ON,Hazy with passing clouds; Hybrid loop operating; Ceff=1.4x
921,15:40:00,32.420,59.550,57.540,42.620,41.220,31.060,0.830,16.603,17.593,0.586,0.841,562.400,789.300,1.404,9.727,14.804,0.640,0.920,20.311,21.396,0.748,0.752,9.729,14.796,0.189,9.153,9.918,0.018,4155.000,63.110,42.305,9.153,52.224,ON,Hazy with passing clouds; Hybrid loop operating; Ceff=1.4x
922,15:40:30,32.390,59.420,57.430,42.530,41.140,31.050,0.825,16.610,17.598,0.583,0.837,559.600,785.000,1.403,9.685,14.729,0.637,0.915,20.319,21.402,0.748,0.752,9.684,14.730,0.189,9.156,9.928,0.018,4155.000,62.730,42.281,9.156,52.209,ON,Hazy with passing clouds; Hybrid loop operating; Ceff=1.4x
923,15:41:00,32.360,59.300,57.320,42.450,41.060,31.050,0.820,16.617,17.603,0.580,0.832,556.900,780.700,1.402,9.642,14.652,0.634,0.910,20.326,21.407,0.748,0.752,9.638,14.646,0.189,9.157,9.926,0.018,4155.000,62.350,42.256,9.157,52.182,ON,Hazy with passing clouds; Hybrid loop operating; Ceff=1.4x
924,15:41:30,32.320,59.190,57.220,42.370,40.990,31.040,0.814,16.624,17.607,0.578,0.828,554.300,776.600,1.401,9.602,14.580,0.631,0.905,20.333,21.412,0.748,0.752,9.609,14.579,0.189,9.172,9.932,0.018,4155.000,61.894,42.168,9.172,52.101,ON,Hazy with passing clouds; Hybrid loop operating; Ceff=1.4x
925,15:42:00,32.290,59.090,57.130,42.290,40.920,31.040,0.810,16.629,17.612,0.575,0.824,552.100,773.100,1.400,9.569,14.518,0.629,0.901,20.340,21.416,0.748,0.752,9.562,14.512,0.189,9.163,9.932,0.018,4155.000,61.590,42.151,9.163,52.083,ON,Hazy with passing clouds; Hybrid loop operating; Ceff=1.4x
926,15:42:30,32.260,59.010,57.050,42.230,40.860,31.030,0.807,16.634,17.615,0.574,0.822,550.600,770.400,1.399,9.545,14.471,0.627,0.898,20.345,21.420,0.748,0.752,9.548,14.480,0.189,9.175,9.944,0.018,4155.000,61.361,42.142,9.175,52.087,ON,Hazy with passing clouds; Hybrid loop operating; Ceff=1.4x
927,15:43:00,32.230,58.950,56.980,42.180,40.810,31.030,0.804,16.638,17.618,0.573,0.820,549.600,768.600,1.398,9.531,14.440,0.626,0.896,20.349,21.424,0.748,0.752,9.534,14.447,0.189,9.178,9.945,0.018,4155.000,61.133,42.084,9.178,52.029,ON,Hazy with passing clouds; Hybrid loop operating; Ceff=1.4x
928,15:43:30,32.200,58.900,56.930,42.140,40.770,31.020,0.803,16.641,17.621,0.572,0.819,549.200,767.500,1.398,9.526,14.422,0.626,0.895,20.352,21.426,0.748,0.752,9.519,14.432,0.189,9.170,9.949,0.018,4155.000,61.057,42.092,9.170,52.041,ON,Hazy with passing clouds; Hybrid loop operating; Ceff=1.4x
929,15:44:00,32.170,58.870,56.890,42.120,40.730,31.020,0.802,16.643,17.622,0.572,0.818,549.200,767.000,1.397,9.527,14.415,0.626,0.894,20.355,21.428,0.748,0.752,9.520,14.415,0.189,9.171,9.944,0.018,4155.000,60.981,42.067,9.171,52.011,ON,Hazy with passing clouds; Hybrid loop operating; Ceff=1.4x
930,15:44:30,32.150,58.850,56.860,42.100,40.710,31.010,0.802,16.644,17.624,0.573,0.818,549.300,766.700,1.396,9.530,14.410,0.626,0.894,20.356,21.430,0.748,0.752,9.537,14.416,0.189,9.186,9.949,0.018,4155.000,60.981,42.083,9.186,52.032,ON,Hazy with passing clouds; Hybrid loop operating; Ceff=1.4x
931,15:45:00,32.120,58.840,56.840,42.080,40.680,31.000,0.801,16.645,17.625,0.573,0.817,549.300,766.200,1.395,9.531,14.403,0.626,0.893,20.357,21.431,0.748,0.753,9.538,14.400,0.189,9.187,9.944,0.018,4155.000,60.905,42.058,9.187,52.002,ON,Hazy with passing clouds; Hybrid loop operating; Ceff=1.39x
932,15:45:30,32.090,58.820,56.820,42.060,40.660,31.000,0.800,16.646,17.626,0.572,0.816,549.000,765.300,1.394,9.526,14.386,0.625,0.892,20.358,21.432,0.749,0.753,9.522,14.383,0.189,9.176,9.944,0.018,4155.000,60.829,42.055,9.176,51.999,ON,Hazy with passing clouds; Hybrid loop operating; Ceff=1.39x
933,15:46:00,32.060,58.810,56.790,42.050,40.630,30.990,0.798,16.648,17.627,0.571,0.814,548.100,763.600,1.393,9.512,14.355,0.624,0.890,20.360,21.434,0.749,0.753,9.506,14.348,0.189,9.176,9.942,0.018,4155.000,60.677,42.043,9.176,51.985,ON,Hazy with passing clouds; Hybrid loop operating; Ceff=1.39x
934,15:46:30,32.030,58.780,56.760,42.020,40.600,30.980,0.795,16.650,17.629,0.570,0.812,546.600,761.000,1.392,9.487,14.309,0.623,0.887,20.362,21.436,0.748,0.753,9.491,14.315,0.189,9.187,9.953,0.018,4155.000,60.449,42.028,9.187,51.981,ON,Hazy with passing clouds; Hybrid loop operating; Ceff=1.39x
935,15:47:00,32.010,58.730,56.710,41.980,40.560,30.980,0.791,16.653,17.631,0.568,0.808,544.500,757.600,1.391,9.453,14.247,0.620,0.883,20.365,21.438,0.749,0.753,9.459,14.246,0.189,9.191,9.949,0.018,4155.000,60.145,42.005,9.191,51.954,ON,Hazy with passing clouds; Hybrid loop operating; Ceff=1.39x
936,15:47:30,31.980,58.670,56.640,41.940,40.520,30.970,0.786,16.656,17.634,0.565,0.804,542.000,753.600,1.390,9.412,14.175,0.618,0.878,20.369,21.441,0.748,0.753,9.411,14.178,0.189,9.187,9.954,0.018,4155.000,59.765,41.961,9.187,51.915,ON,Hazy with passing clouds; Hybrid loop operating; Ceff=1.39x
937,15:48:00,31.960,58.580,56.560,41.880,40.460,30.960,0.780,16.661,17.638,0.562,0.799,539.200,749.300,1.390,9.368,14.097,0.614,0.873,20.375,21.445,0.749,0.753,9.363,14.093,0.189,9.188,9.951,0.018,4155.000,59.308,41.879,9.188,51.831,ON,Hazy with passing clouds; Hybrid loop operating; Ceff=1.39x
938,15:48:30,31.930,58.480,56.470,41.810,40.400,30.950,0.775,16.667,17.642,0.559,0.795,536.500,745.000,1.389,9.324,14.020,0.611,0.869,20.381,21.449,0.749,0.752,9.317,14.025,0.189,9.188,9.961,0.018,4155.000,58.928,41.851,9.188,51.812,ON,Hazy with passing clouds; Hybrid loop operating; Ceff=1.39x
939,15:49:00,31.910,58.360,56.360,41.730,40.320,30.940,0.770,16.674,17.646,0.557,0.791,534.100,741.100,1.388,9.286,13.952,0.609,0.864,20.388,21.454,0.748,0.753,9.287,13.958,0.189,9.200,9.965,0.018,4155.000,58.548,41.800,9.200,51.765,ON,Hazy with passing clouds; Hybrid loop operating; Ceff=1.39x
940,15:49:30,31.880,58.240,56.240,41.650,40.250,30.930,0.766,16.681,17.651,0.555,0.787,532.100,737.900,1.387,9.257,13.896,0.607,0.860,20.396,21.459,0.748,0.753,9.258,13.891,0.189,9.206,9.961,0.018,4155.000,58.244,41.763,9.206,51.724,ON,Hazy with passing clouds; Hybrid loop operating; Ceff=1.39x
941,15:50:00,31.860,58.110,56.120,41.560,40.170,30.930,0.763,16.689,17.656,0.554,0.785,530.700,735.600,1.386,9.239,13.856,0.605,0.858,20.405,21.465,0.748,0.752,9.246,13.860,0.189,9.218,9.969,0.018,4155.000,58.016,41.729,9.218,51.699,ON,Hazy with passing clouds; Hybrid loop operating; Ceff=1.39x
942,15:50:30,31.840,57.980,56.000,41.480,40.100,30.920,0.762,16.696,17.660,0.553,0.783,530.000,734.000,1.385,9.230,13.831,0.604,0.856,20.413,21.470,0.749,0.753,9.233,13.828,0.189,9.217,9.968,0.018,4155.000,57.940,41.766,9.217,51.733,ON,Hazy with passing clouds; Hybrid loop operating; Ceff=1.39x
943,15:51:00,31.820,57.860,55.900,41.400,40.030,30.910,0.761,16.703,17.665,0.553,0.782,529.700,733.100,1.384,9.230,13.819,0.604,0.855,20.420,21.475,0.748,0.753,9.237,13.814,0.189,9.226,9.970,0.018,4155.000,57.864,41.762,9.226,51.732,ON,Hazy with passing clouds; Hybrid loop operating; Ceff=1.38x
944,15:51:30,31.790,57.750,55.800,41.330,39.960,30.900,0.760,16.709,17.669,0.553,0.782,529.700,732.700,1.383,9.235,13.815,0.604,0.854,20.427,21.479,0.749,0.753,9.240,13.817,0.189,9.230,9.978,0.018,4155.000,57.788,41.730,9.230,51.708,ON,Hazy with passing clouds; Hybrid loop operating; Ceff=1.38x
945,15:52:00,31.770,57.660,55.710,41.270,39.910,30.890,0.759,16.714,17.672,0.553,0.781,529.700,732.300,1.382,9.239,13.810,0.604,0.854,20.432,21.483,0.749,0.753,9.243,13.802,0.189,9.232,9.972,0.018,4155.000,57.712,41.698,9.232,51.670,ON,Hazy with passing clouds; Hybrid loop operating; Ceff=1.38x
946,15:52:30,31.750,57.590,55.650,41.230,39.870,30.880,0.759,16.718,17.675,0.553,0.781,529.600,731.600,1.381,9.239,13.799,0.604,0.853,20.437,21.486,0.748,0.753,9.245,13.804,0.189,9.236,9.983,0.018,4155.000,57.712,41.738,9.236,51.721,ON,Hazy with passing clouds; Hybrid loop operating; Ceff=1.38x
947,15:53:00,31.730,57.540,55.590,41.190,39.830,30.860,0.757,16.721,17.677,0.552,0.779,529.000,730.200,1.380,9.230,13.776,0.603,0.852,20.440,21.488,0.749,0.752,9.230,13.770,0.189,9.232,9.978,0.018,4155.000,57.560,41.708,9.232,51.685,ON,Hazy with passing clouds; Hybrid loop operating; Ceff=1.38x
948,15:53:30,31.710,57.510,55.550,41.170,39.800,30.850,0.754,16.723,17.678,0.551,0.777,527.700,728.100,1.380,9.211,13.737,0.602,0.849,20.443,21.489,0.748,0.753,9.214,13.736,0.189,9.239,9.982,0.018,4155.000,57.332,41.662,9.239,51.644,ON,Hazy with passing clouds; Hybrid loop operating; Ceff=1.38x
949,15:54:00,31.690,57.490,55.530,41.150,39.780,30.840,0.751,16.725,17.679,0.549,0.774,525.900,725.000,1.379,9.179,13.681,0.600,0.846,20.444,21.491,0.748,0.752,9.182,13.684,0.189,9.238,9.986,0.018,4155.000,57.103,41.674,9.238,51.660,ON,Hazy with passing clouds; Hybrid loop operating; Ceff=1.38x
950,15:54:30,31.670,57.480,55.500,41.140,39.760,30.830,0.746,16.726,17.680,0.546,0.770,523.500,721.300,1.378,9.138,13.610,0.597,0.841,20.445,21.492,0.749,0.753,9.132,13.614,0.189,9.230,9.986,0.018,4155.000,56.723,41.609,9.230,51.595,ON,Hazy with passing clouds; Hybrid loop operating; Ceff=1.38x
951,15:55:00,31.650,57.470,55.480,41.130,39.740,30.820,0.741,16.727,17.681,0.543,0.765,520.700,716.900,1.377,9.090,13.529,0.594,0.836,20.446,21.493,0.748,0.753,9.083,13.526,0.189,9.229,9.983,0.018,4155.000,56.343,41.583,9.229,51.566,ON,Hazy with passing clouds; Hybrid loop operating; Ceff=1.38x
952,15:55:30,31.630,57.450,55.460,41.120,39.720,30.810,0.735,16.728,17.682,0.540,0.760,517.800,712.400,1.376,9.040,13.445,0.591,0.831,20.447,21.494,0.748,0.753,9.033,13.438,0.189,9.230,9.981,0.018,4155.000,55.887,41.507,9.230,51.488,ON,Hazy with passing clouds; Hybrid loop operating; Ceff=1.38x
953,15:56:00,31.620,57.440,55.430,41.110,39.700,30.790,0.730,16.729,17.683,0.537,0.756,515.000,708.100,1.375,8.992,13.365,0.587,0.826,20.449,21.495,0.749,0.753,8.983,13.368,0.189,9.229,9.989,0.018,4155.000,55.507,41.475,9.229,51.464,ON,Hazy with passing clouds; Hybrid loop operating; Ceff=1.38x
954,15:56:30,31.600,57.410,55.390,41.080,39.670,30.780,0.725,16.731,17.685,0.535,0.752,512.500,704.300,1.374,8.950,13.294,0.585,0.822,20.451,21.496,0.748,0.752,8.951,13.299,0.189,9.241,9.991,0.018,4155.000,55.126,41.413,9.241,51.404,ON,Hazy with passing clouds; Hybrid loop operating; Ceff=1.37x
955,15:57:00,31.580,57.360,55.340,41.060,39.640,30.770,0.721,16.734,17.686,0.533,0.748,510.600,701.200,1.373,8.919,13.237,0.582,0.818,20.454,21.499,0.749,0.753,8.919,13.229,0.189,9.242,9.982,0.018,4155.000,54.822,41.367,9.242,51.349,ON,Hazy with passing clouds; Hybrid loop operating; Ceff=1.37x
956,15:57:30,31.560,57.310,55.280,41.020,39.600,30.760,0.719,16.737,17.689,0.532,0.746,509.300,698.900,1.372,8.898,13.196,0.581,0.815,20.458,21.501,0.749,0.753,8.904,13.196,0.189,9.250,9.990,0.018,4155.000,54.670,41.388,9.250,51.378,ON,Hazy with passing clouds; Hybrid loop operating; Ceff=1.37x
957,15:58:00,31.550,57.230,55.210,40.970,39.560,30.740,0.717,16.742,17.691,0.531,0.744,508.600,697.400,1.371,8.888,13.170,0.580,0.814,20.463,21.504,0.749,0.752,8.890,13.162,0.189,9.248,9.986,0.018,4155.000,54.518,41.362,9.248,51.347,ON,Hazy with passing clouds; Hybrid loop operating; Ceff=1.37x
958,15:58:30,31.530,57.150,55.130,40.920,39.510,30.730,0.716,16.747,17.695,0.531,0.743,508.200,696.500,1.370,8.885,13.155,0.580,0.813,20.468,21.507,0.748,0.752,8.893,13.147,0.189,9.258,9.987,0.018,4155.000,54.442,41.357,9.258,51.345,ON,Hazy with passing clouds; Hybrid loop operating; Ceff=1.37x
959,15:59:00,31.510,57.050,55.040,40.860,39.450,30.720,0.715,16.752,17.698,0.530,0.743,508.100,695.800,1.370,8.886,13.146,0.580,0.812,20.474,21.511,0.748,0.753,8.879,13.150,0.189,9.246,9.999,0.018,4155.000,54.366,41.341,9.246,51.340,ON,Hazy with passing clouds; Hybrid loop operating; Ceff=1.37x
960,15:59:30,31.500,56.940,54.940,40.800,39.390,30.700,0.714,16.758,17.702,0.530,0.742,507.800,695.000,1.369,8.887,13.135,0.580,0.811,20.481,21.515,0.748,0.753,8.882,13.135,0.189,9.254,10.000,0.018,4155.000,54.290,41.331,9.254,51.330,ON,Hazy with passing clouds; Hybrid loop operating; Ceff=1.37x
961,16:00:00,31.480,56.830,54.840,40.730,39.340,30.690,0.713,16.765,17.705,0.530,0.741,507.300,693.800,1.368,8.881,13.115,0.579,0.810,20.488,21.519,0.749,0.752,8.885,13.119,0.189,9.267,10.005,0.018,4155.000,54.214,41.344,9.267,51.349,ON,Hazy with passing clouds; Hybrid loop operating; Ceff=1.37x
