No.,Time,T.amb (°C),T.D.REF – normal PV (°C),T.U.REF – normal PV (°C),T.D.CPV-HNEPCM-HNF (°C),T.U.CPV-HNEPCM-HNF (°C),T.F.IN Hybrid NF (°C),T.F.DELTA Hybrid NF (°C),V.REF – normal PV (V),V.CPV-Hybrid (V),I.REF – normal PV (A),I.CPV-Hybrid (A),Direct POA irradiance – reference (W/m²),Effective irradiance – CPV hybrid (W/m²),Ceff – mirrors,P(max) REF (W),P(max) CPV Hybrid (W),Isc REF (A),Isc CPV Hybrid (A),Voc REF (V),Voc CPV Hybrid (V),FF REF,FF CPV Hybrid,P.REF normal PV (W),P.CPV-HNEPCM-HNF (W),AREA (m²),?ele.REF (%),?ele.CPV-Hybrid (%),m Hybrid NF (kg/s),Cp Hybrid NF (J/kg·K),Q.CPV-Hybrid (W),?th.CPV-Hybrid (%),?total.REF (%),?total.CPV-Hybrid (%),Pump state,Simulation note
1,08:00:00,29.250,31.330,29.320,31.810,30.400,30.280,0.000,18.283,18.237,0.517,0.742,484.900,690.600,1.424,9.450,13.537,0.565,0.811,22.153,22.102,0.755,0.755,9.452,13.532,0.189,10.314,10.367,0.018,4155.000,0.000,0.000,10.314,10.367,OFF,Clear sky; Below controller ON threshold; Ceff=1.42x
2,08:00:30,29.270,32.720,30.700,33.860,32.450,30.290,0.000,18.201,18.114,0.517,0.743,485.700,692.100,1.425,9.412,13.455,0.565,0.812,22.062,21.968,0.755,0.754,9.410,13.459,0.189,10.251,10.289,0.018,4155.000,0.000,0.000,10.251,10.289,OFF,Clear sky; Below controller ON threshold; Ceff=1.43x
3,08:01:00,29.290,34.010,31.990,35.680,34.260,30.300,0.000,18.124,18.007,0.518,0.744,486.900,694.300,1.426,9.386,13.399,0.566,0.813,21.978,21.850,0.755,0.754,9.388,13.397,0.189,10.202,10.210,0.018,4155.000,0.000,0.000,10.202,10.210,OFF,Clear sky; Below controller ON threshold; Ceff=1.43x
4,08:01:30,29.310,35.210,33.190,37.270,35.860,30.320,0.000,18.052,17.912,0.519,0.746,488.600,697.300,1.427,9.375,13.370,0.568,0.816,21.899,21.746,0.754,0.753,9.369,13.362,0.189,10.146,10.139,0.018,4155.000,0.000,0.000,10.146,10.139,OFF,Clear sky; Below controller ON threshold; Ceff=1.43x
5,08:02:00,29.320,36.330,34.310,38.670,37.260,30.330,0.000,17.986,17.828,0.521,0.750,491.000,701.100,1.428,9.378,13.367,0.570,0.819,21.827,21.654,0.754,0.754,9.371,13.371,0.189,10.098,10.091,0.018,4155.000,0.000,0.000,10.098,10.091,OFF,Clear sky; Below controller ON threshold; Ceff=1.43x
6,08:02:30,29.340,37.360,35.360,39.910,38.510,30.340,0.000,17.924,17.754,0.524,0.754,493.900,705.700,1.429,9.393,13.385,0.573,0.824,21.759,21.573,0.753,0.753,9.392,13.387,0.189,10.062,10.037,0.018,4155.000,0.000,0.000,10.062,10.037,OFF,Clear sky; Below controller ON threshold; Ceff=1.43x
7,08:03:00,29.360,38.330,36.330,41.010,39.610,30.350,0.000,17.866,17.689,0.527,0.759,497.100,710.800,1.430,9.416,13.420,0.576,0.829,21.695,21.501,0.754,0.753,9.415,13.426,0.189,10.021,9.994,0.018,4155.000,0.000,0.000,10.021,9.994,OFF,Clear sky; Below controller ON threshold; Ceff=1.43x
8,08:03:30,29.370,39.240,37.250,41.980,40.590,30.360,0.000,17.812,17.631,0.530,0.764,500.400,716.000,1.431,9.443,13.463,0.579,0.835,21.636,21.437,0.754,0.752,9.440,13.470,0.189,9.982,9.954,0.018,4155.000,0.000,0.000,9.982,9.954,OFF,Clear sky; Below controller ON threshold; Ceff=1.43x
9,08:04:00,29.390,40.090,38.120,42.850,41.470,30.380,0.000,17.761,17.579,0.533,0.768,503.500,720.900,1.432,9.468,13.507,0.583,0.840,21.580,21.381,0.753,0.752,9.467,13.501,0.189,9.948,9.909,0.018,4155.000,0.000,0.000,9.948,9.909,OFF,Clear sky; Below controller ON threshold; Ceff=1.43x
10,08:04:30,29.400,40.900,38.930,43.620,42.250,30.390,0.000,17.712,17.533,0.536,0.772,506.200,725.200,1.433,9.487,13.544,0.585,0.844,21.527,21.330,0.753,0.752,9.494,13.535,0.189,9.923,9.875,0.018,4155.000,0.000,0.000,9.923,9.875,OFF,Clear sky; Below controller ON threshold; Ceff=1.43x
11,08:05:00,29.410,41.670,39.710,44.320,42.940,30.400,0.000,17.666,17.491,0.538,0.776,508.300,728.700,1.434,9.496,13.570,0.587,0.848,21.476,21.284,0.753,0.752,9.504,13.573,0.189,9.893,9.855,0.018,4155.000,0.000,0.000,9.893,9.855,OFF,Clear sky; Below controller ON threshold; Ceff=1.43x
12,08:05:30,29.430,42.410,40.460,43.630,42.260,30.420,0.758,17.622,17.532,0.539,0.779,509.800,731.300,1.435,9.494,13.658,0.589,0.851,21.428,21.329,0.752,0.752,9.498,13.657,0.189,9.858,9.881,0.018,4155.000,57.636,41.700,9.858,51.581,ON,Clear sky; Hybrid loop operating; Ceff=1.43x
13,08:06:00,29.440,43.130,41.170,43.040,41.670,30.430,0.761,17.579,17.567,0.539,0.781,510.700,733.100,1.436,9.483,13.725,0.590,0.854,21.381,21.368,0.752,0.752,9.475,13.720,0.189,9.816,9.902,0.018,4155.000,57.864,41.762,9.816,51.664,ON,Clear sky; Hybrid loop operating; Ceff=1.44x
14,08:06:30,29.460,43.810,41.850,42.530,41.160,30.440,0.762,17.539,17.598,0.540,0.783,511.200,734.400,1.437,9.465,13.777,0.590,0.856,21.337,21.401,0.752,0.752,9.471,13.779,0.189,9.803,9.927,0.018,4155.000,57.940,41.743,9.803,51.670,ON,Clear sky; Hybrid loop operating; Ceff=1.44x
15,08:07:00,29.470,44.470,42.510,42.090,40.720,30.460,0.763,17.500,17.624,0.540,0.784,511.500,735.300,1.438,9.445,13.820,0.590,0.857,21.294,21.430,0.752,0.752,9.450,13.817,0.189,9.775,9.942,0.018,4155.000,58.016,41.747,9.775,51.689,ON,Clear sky; Hybrid loop operating; Ceff=1.44x
16,08:07:30,29.480,45.110,43.140,41.720,40.340,30.470,0.764,17.462,17.646,0.540,0.786,511.900,736.400,1.438,9.427,13.862,0.590,0.859,21.252,21.454,0.752,0.752,9.429,13.870,0.189,9.746,9.965,0.018,4155.000,58.092,41.739,9.746,51.704,ON,Clear sky; Hybrid loop operating; Ceff=1.44x
17,08:08:00,29.490,45.720,43.740,41.410,40.020,30.480,0.766,17.426,17.665,0.540,0.787,512.600,737.900,1.439,9.416,13.909,0.591,0.861,21.213,21.475,0.751,0.752,9.410,13.902,0.189,9.713,9.968,0.018,4155.000,58.244,41.763,9.713,51.731,ON,Clear sky; Hybrid loop operating; Ceff=1.44x
18,08:08:30,29.510,46.310,44.310,41.140,39.740,30.500,0.769,17.391,17.681,0.541,0.790,513.900,740.200,1.440,9.416,13.968,0.592,0.863,21.175,21.492,0.751,0.753,9.409,13.968,0.189,9.687,9.984,0.018,4155.000,58.472,41.796,9.687,51.781,ON,Clear sky; Hybrid loop operating; Ceff=1.44x
19,08:09:00,29.520,46.870,44.860,40.910,39.510,30.510,0.773,17.358,17.695,0.543,0.793,515.700,743.300,1.441,9.428,14.041,0.594,0.867,21.139,21.507,0.751,0.753,9.425,14.032,0.189,9.670,9.988,0.018,4155.000,58.776,41.838,9.670,51.827,ON,Clear sky; Hybrid loop operating; Ceff=1.44x
20,08:09:30,29.530,47.400,45.380,40.720,39.310,30.530,0.778,17.327,17.706,0.545,0.798,518.200,747.300,1.442,9.451,14.128,0.596,0.872,21.105,21.520,0.751,0.753,9.443,14.129,0.189,9.642,10.004,0.018,4155.000,59.156,41.884,9.642,51.888,ON,Clear sky; Hybrid loop operating; Ceff=1.44x
21,08:10:00,29.550,47.890,45.860,40.560,39.140,30.540,0.784,17.298,17.716,0.548,0.803,521.100,752.000,1.443,9.485,14.226,0.599,0.878,21.073,21.531,0.751,0.753,9.479,14.226,0.189,9.625,10.009,0.018,4155.000,59.613,41.943,9.625,51.952,ON,Clear sky; Hybrid loop operating; Ceff=1.44x
22,08:10:30,29.560,48.350,46.310,40.420,38.990,30.560,0.790,17.271,17.725,0.551,0.809,524.200,757.100,1.444,9.523,14.331,0.603,0.884,21.043,21.541,0.750,0.753,9.516,14.340,0.189,9.605,10.021,0.018,4155.000,60.069,41.979,9.605,52.000,ON,Clear sky; Hybrid loop operating; Ceff=1.44x
23,08:11:00,29.570,48.770,46.740,40.290,38.860,30.570,0.796,17.246,17.733,0.555,0.814,527.400,762.100,1.445,9.563,14.434,0.606,0.890,21.015,21.549,0.751,0.753,9.572,14.435,0.189,9.602,10.022,0.018,4155.000,60.525,42.021,9.602,52.042,ON,Clear sky; Hybrid loop operating; Ceff=1.45x
24,08:11:30,29.580,49.160,47.120,40.170,38.750,30.590,0.802,17.223,17.739,0.557,0.819,530.200,766.800,1.446,9.600,14.529,0.609,0.895,20.990,21.556,0.751,0.753,9.593,14.528,0.189,9.573,10.025,0.018,4155.000,60.981,42.078,9.573,52.102,ON,Clear sky; Hybrid loop operating; Ceff=1.45x
25,08:12:00,29.600,49.510,47.480,40.070,38.640,30.600,0.807,17.202,17.746,0.560,0.823,532.700,770.800,1.447,9.628,14.611,0.612,0.900,20.967,21.563,0.750,0.753,9.633,14.605,0.189,9.568,10.025,0.018,4155.000,61.361,42.120,9.568,52.146,ON,Clear sky; Hybrid loop operating; Ceff=1.45x
26,08:12:30,29.610,49.830,47.800,39.970,38.550,30.610,0.811,17.182,17.751,0.561,0.827,534.500,773.900,1.448,9.648,14.676,0.614,0.904,20.946,21.570,0.750,0.753,9.639,14.680,0.189,9.542,10.036,0.018,4155.000,61.666,42.160,9.542,52.196,ON,Clear sky; Hybrid loop operating; Ceff=1.45x
27,08:13:00,29.620,50.120,48.100,39.880,38.460,30.630,0.814,17.165,17.757,0.563,0.829,535.700,776.200,1.449,9.657,14.724,0.615,0.906,20.927,21.575,0.750,0.753,9.664,14.721,0.189,9.545,10.034,0.018,4155.000,61.894,42.190,9.545,52.224,ON,Clear sky; Hybrid loop operating; Ceff=1.45x
28,08:13:30,29.630,50.380,48.370,39.790,38.390,30.640,0.816,17.149,17.761,0.563,0.831,536.400,777.700,1.450,9.659,14.758,0.616,0.908,20.909,21.581,0.750,0.753,9.655,14.759,0.189,9.524,10.041,0.018,4155.000,62.046,42.212,9.524,52.254,ON,Clear sky; Hybrid loop operating; Ceff=1.45x
29,08:14:00,29.650,50.630,48.630,39.720,38.320,30.660,0.817,17.134,17.766,0.564,0.832,536.700,778.800,1.451,9.655,14.783,0.616,0.909,20.893,21.585,0.750,0.753,9.664,14.781,0.189,9.527,10.042,0.018,4155.000,62.122,42.204,9.527,52.246,ON,Clear sky; Hybrid loop operating; Ceff=1.45x
30,08:14:30,29.660,50.860,48.870,39.650,38.260,30.670,0.818,17.120,17.769,0.564,0.833,537.100,779.700,1.452,9.651,14.805,0.616,0.911,20.878,21.589,0.750,0.753,9.656,14.802,0.189,9.512,10.044,0.018,4155.000,62.198,42.207,9.512,52.251,ON,Clear sky; Hybrid loop operating; Ceff=1.45x
31,08:15:00,29.680,51.090,49.100,39.600,38.210,30.690,0.820,17.106,17.772,0.564,0.835,537.600,781.000,1.453,9.651,14.832,0.617,0.912,20.863,21.593,0.750,0.753,9.648,14.840,0.189,9.495,10.053,0.018,4155.000,62.350,42.240,9.495,52.293,ON,Clear sky; Hybrid loop operating; Ceff=1.45x
32,08:15:30,29.690,51.310,49.330,39.560,38.180,30.700,0.822,17.093,17.774,0.565,0.837,538.500,782.900,1.454,9.658,14.870,0.618,0.914,20.848,21.595,0.750,0.753,9.658,14.877,0.189,9.489,10.054,0.018,4155.000,62.502,42.240,9.489,52.294,ON,Clear sky; Hybrid loop operating; Ceff=1.45x
33,08:16:00,29.700,51.540,49.560,39.540,38.160,30.710,0.826,17.079,17.776,0.567,0.839,540.000,785.600,1.455,9.676,14.922,0.619,0.917,20.833,21.596,0.750,0.754,9.684,14.914,0.189,9.488,10.045,0.018,4155.000,62.806,42.300,9.488,52.344,ON,Clear sky; Hybrid loop operating; Ceff=1.45x
34,08:16:30,29.720,51.770,49.800,39.540,38.150,30.730,0.830,17.065,17.776,0.569,0.843,542.200,789.200,1.456,9.704,14.992,0.621,0.922,20.818,21.597,0.751,0.753,9.710,14.985,0.189,9.475,10.046,0.018,4155.000,63.110,42.311,9.475,52.357,ON,Clear sky; Hybrid loop operating; Ceff=1.46x
35,08:17:00,29.730,52.020,50.030,39.550,38.160,30.740,0.836,17.051,17.775,0.571,0.848,544.900,793.700,1.457,9.743,15.076,0.624,0.927,20.802,21.596,0.751,0.753,9.736,15.073,0.189,9.454,10.048,0.018,4155.000,63.567,42.375,9.454,52.423,ON,Clear sky; Hybrid loop operating; Ceff=1.46x
36,08:17:30,29.750,52.270,50.280,39.580,38.190,30.760,0.842,17.036,17.774,0.575,0.854,548.000,798.700,1.458,9.788,15.170,0.628,0.933,20.786,21.594,0.750,0.753,9.796,15.179,0.189,9.458,10.055,0.018,4155.000,64.023,42.412,9.458,52.467,ON,Clear sky; Hybrid loop operating; Ceff=1.46x
37,08:18:00,29.770,52.520,50.520,39.620,38.220,30.770,0.849,17.021,17.771,0.578,0.859,551.300,804.000,1.459,9.835,15.268,0.632,0.939,20.769,21.592,0.749,0.753,9.838,15.265,0.189,9.442,10.046,0.018,4155.000,64.555,42.483,9.442,52.529,ON,Clear sky; Hybrid loop operating; Ceff=1.46x
38,08:18:30,29.780,52.780,50.770,39.670,38.260,30.780,0.856,17.006,17.769,0.581,0.865,554.400,809.200,1.459,9.881,15.363,0.635,0.945,20.753,21.589,0.750,0.753,9.880,15.370,0.189,9.430,10.050,0.018,4155.000,65.087,42.558,9.430,52.608,ON,Clear sky; Hybrid loop operating; Ceff=1.46x
39,08:19:00,29.800,53.030,51.010,39.730,38.310,30.800,0.861,16.992,17.765,0.584,0.870,557.300,813.800,1.460,9.921,15.448,0.638,0.950,20.737,21.585,0.750,0.753,9.923,15.456,0.189,9.421,10.049,0.018,4155.000,65.467,42.564,9.421,52.613,ON,Clear sky; Hybrid loop operating; Ceff=1.46x
40,08:19:30,29.820,53.270,51.240,39.790,38.360,30.810,0.866,16.978,17.762,0.586,0.874,559.600,817.700,1.461,9.952,15.519,0.641,0.955,20.722,21.582,0.749,0.753,9.949,15.524,0.189,9.407,10.045,0.018,4155.000,65.848,42.607,9.407,52.652,ON,Clear sky; Hybrid loop operating; Ceff=1.46x
41,08:20:00,29.830,53.500,51.450,39.840,38.410,30.820,0.870,16.965,17.759,0.588,0.877,561.300,820.800,1.462,9.972,15.573,0.642,0.958,20.707,21.578,0.750,0.753,9.975,15.575,0.189,9.403,10.040,0.018,4155.000,66.152,42.642,9.403,52.682,ON,Clear sky; Hybrid loop operating; Ceff=1.46x
42,08:20:30,29.850,53.700,51.650,39.890,38.450,30.840,0.873,16.953,17.757,0.589,0.879,562.400,822.900,1.463,9.984,15.611,0.644,0.961,20.694,21.575,0.749,0.753,9.985,15.608,0.189,9.394,10.036,0.018,4155.000,66.380,42.680,9.394,52.716,ON,Clear sky; Hybrid loop operating; Ceff=1.46x
43,08:21:00,29.870,53.880,51.830,39.930,38.490,30.850,0.875,16.942,17.754,0.590,0.881,563.100,824.500,1.464,9.988,15.638,0.644,0.963,20.683,21.573,0.750,0.753,9.996,15.641,0.189,9.392,10.037,0.018,4155.000,66.532,42.695,9.392,52.732,ON,Clear sky; Hybrid loop operating; Ceff=1.46x
44,08:21:30,29.890,54.030,51.980,39.960,38.520,30.860,0.877,16.933,17.753,0.590,0.882,563.500,825.700,1.465,9.990,15.659,0.645,0.964,20.673,21.571,0.749,0.753,9.990,15.658,0.189,9.381,10.034,0.018,4155.000,66.684,42.730,9.381,52.764,ON,Clear sky; Hybrid loop operating; Ceff=1.47x
45,08:22:00,29.910,54.160,52.110,39.970,38.540,30.870,0.878,16.925,17.752,0.590,0.883,564.100,827.000,1.466,9.993,15.682,0.645,0.966,20.664,21.570,0.750,0.753,9.986,15.675,0.189,9.366,10.029,0.018,4155.000,66.760,42.712,9.366,52.741,ON,Clear sky; Hybrid loop operating; Ceff=1.47x
46,08:22:30,29.930,54.270,52.230,39.980,38.550,30.880,0.880,16.919,17.751,0.591,0.885,564.900,828.700,1.467,10.002,15.714,0.646,0.968,20.657,21.569,0.750,0.753,9.999,15.710,0.189,9.365,10.030,0.018,4155.000,66.912,42.721,9.365,52.752,ON,Clear sky; Hybrid loop operating; Ceff=1.47x
47,08:23:00,29.950,54.360,52.330,39.990,38.560,30.900,0.884,16.913,17.750,0.593,0.888,566.200,831.100,1.468,10.021,15.760,0.648,0.970,20.651,21.569,0.749,0.753,10.029,15.762,0.189,9.372,10.035,0.018,4155.000,67.216,42.792,9.372,52.826,ON,Clear sky; Hybrid loop operating; Ceff=1.47x
48,08:23:30,29.970,54.440,52.420,39.990,38.570,30.910,0.888,16.908,17.750,0.594,0.891,568.100,834.500,1.469,10.051,15.823,0.650,0.974,20.645,21.568,0.749,0.753,10.043,15.815,0.189,9.354,10.027,0.018,4155.000,67.520,42.810,9.354,52.838,ON,Clear sky; Hybrid loop operating; Ceff=1.47x
49,08:24:00,30.000,54.510,52.500,39.990,38.580,30.920,0.893,16.903,17.750,0.597,0.896,570.600,838.700,1.470,10.093,15.904,0.653,0.979,20.640,21.568,0.749,0.753,10.091,15.904,0.189,9.357,10.033,0.018,4155.000,67.901,42.836,9.357,52.869,ON,Clear sky; Hybrid loop operating; Ceff=1.47x
50,08:24:30,30.020,54.580,52.590,39.990,38.600,30.930,0.900,16.899,17.749,0.600,0.901,573.600,843.700,1.471,10.143,15.998,0.656,0.985,20.635,21.567,0.749,0.753,10.139,15.992,0.189,9.353,10.029,0.018,4155.000,68.433,42.916,9.353,52.944,ON,Clear sky; Hybrid loop operating; Ceff=1.47x
51,08:25:00,30.040,54.670,52.680,40.010,38.620,30.940,0.907,16.893,17.748,0.604,0.907,577.000,849.200,1.472,10.198,16.100,0.660,0.991,20.629,21.566,0.749,0.753,10.203,16.097,0.189,9.356,10.030,0.018,4155.000,68.965,42.969,9.356,52.999,ON,Clear sky; Hybrid loop operating; Ceff=1.47x
52,08:25:30,30.060,54.760,52.780,40.030,38.650,30.950,0.914,16.888,17.746,0.607,0.913,580.400,854.800,1.473,10.254,16.204,0.664,0.998,20.623,21.564,0.749,0.753,10.251,16.202,0.189,9.345,10.029,0.018,4155.000,69.497,43.017,9.345,53.046,ON,Clear sky; Hybrid loop operating; Ceff=1.47x
53,08:26:00,30.090,54.870,52.890,40.070,38.690,30.960,0.921,16.881,17.744,0.610,0.919,583.600,860.000,1.474,10.305,16.301,0.667,1.004,20.616,21.562,0.749,0.753,10.297,16.307,0.189,9.336,10.032,0.018,4155.000,70.030,43.085,9.336,53.117,ON,Clear sky; Hybrid loop operating; Ceff=1.47x
54,08:26:30,30.110,54.990,53.020,40.120,38.740,30.970,0.927,16.874,17.741,0.613,0.924,586.400,864.700,1.475,10.349,16.386,0.670,1.009,20.608,21.559,0.750,0.753,10.344,16.393,0.189,9.333,10.031,0.018,4155.000,70.486,43.130,9.333,53.160,ON,Clear sky; Hybrid loop operating; Ceff=1.47x
55,08:27:00,30.140,55.130,53.150,40.180,38.790,30.980,0.932,16.866,17.738,0.616,0.928,588.500,868.500,1.476,10.381,16.453,0.673,1.014,20.599,21.555,0.749,0.753,10.389,16.461,0.189,9.341,10.028,0.018,4155.000,70.866,43.172,9.341,53.201,ON,Clear sky; Hybrid loop operating; Ceff=1.48x
56,08:27:30,30.160,55.280,53.290,40.250,38.860,30.990,0.935,16.857,17.734,0.617,0.931,590.100,871.300,1.477,10.402,16.504,0.674,1.017,20.589,21.550,0.750,0.753,10.401,16.510,0.189,9.326,10.026,0.018,4155.000,71.094,43.172,9.326,53.198,ON,Clear sky; Hybrid loop operating; Ceff=1.48x
57,08:28:00,30.190,55.440,53.440,40.320,38.930,31.000,0.938,16.848,17.730,0.618,0.933,591.200,873.400,1.477,10.413,16.538,0.676,1.019,20.579,21.546,0.749,0.753,10.412,16.542,0.189,9.318,10.021,0.018,4155.000,71.322,43.207,9.318,53.228,ON,Clear sky; Hybrid loop operating; Ceff=1.48x
58,08:28:30,30.220,55.600,53.600,40.400,39.000,31.010,0.940,16.838,17.725,0.619,0.934,591.800,875.000,1.478,10.418,16.562,0.676,1.021,20.569,21.541,0.749,0.753,10.423,16.555,0.189,9.318,10.011,0.018,4155.000,71.474,43.220,9.318,53.230,ON,Clear sky; Hybrid loop operating; Ceff=1.48x
59,08:29:00,30.240,55.760,53.750,40.480,39.070,31.020,0.942,16.829,17.721,0.619,0.936,592.400,876.300,1.479,10.420,16.583,0.677,1.023,20.559,21.536,0.749,0.753,10.417,16.587,0.189,9.304,10.015,0.018,4155.000,71.626,43.247,9.304,53.262,ON,Clear sky; Hybrid loop operating; Ceff=1.48x
60,08:29:30,30.270,55.910,53.890,40.550,39.140,31.020,0.944,16.820,17.716,0.620,0.937,593.000,877.800,1.480,10.425,16.607,0.677,1.024,20.549,21.531,0.749,0.753,10.428,16.600,0.189,9.305,10.006,0.018,4155.000,71.778,43.265,9.305,53.271,ON,Clear sky; Hybrid loop operating; Ceff=1.48x
61,08:30:00,30.300,56.060,54.020,40.620,39.200,31.030,0.947,16.812,17.712,0.621,0.940,594.000,879.900,1.481,10.437,16.641,0.678,1.027,20.540,21.527,0.749,0.753,10.440,16.649,0.189,9.300,10.012,0.018,4155.000,72.007,43.299,9.300,53.310,ON,Clear sky; Hybrid loop operating; Ceff=1.48x
62,08:30:30,30.330,56.180,54.150,40.690,39.260,31.040,0.950,16.804,17.709,0.622,0.943,595.600,882.800,1.482,10.458,16.692,0.680,1.030,20.532,21.523,0.749,0.753,10.452,16.700,0.189,9.285,10.009,0.018,4155.000,72.235,43.293,9.285,53.302,ON,Clear sky; Hybrid loop operating; Ceff=1.48x
63,08:31:00,30.360,56.300,54.260,40.750,39.320,31.050,0.955,16.798,17.705,0.625,0.947,597.800,886.600,1.483,10.491,16.759,0.683,1.035,20.524,21.519,0.748,0.752,10.499,16.767,0.189,9.292,10.006,0.018,4155.000,72.615,43.335,9.292,53.341,ON,Clear sky; Hybrid loop operating; Ceff=1.48x
64,08:31:30,30.390,56.400,54.360,40.800,39.370,31.060,0.961,16.792,17.702,0.627,0.952,600.600,891.300,1.484,10.535,16.844,0.686,1.040,20.518,21.516,0.748,0.753,10.529,16.852,0.189,9.275,10.004,0.018,4155.000,73.071,43.377,9.275,53.381,ON,Clear sky; Hybrid loop operating; Ceff=1.48x
65,08:32:00,30.420,56.480,54.440,40.840,39.410,31.060,0.968,16.787,17.700,0.631,0.957,603.700,896.500,1.485,10.587,16.941,0.689,1.046,20.512,21.513,0.749,0.753,10.593,16.939,0.189,9.284,9.997,0.018,4155.000,73.603,43.440,9.284,53.437,ON,Clear sky; Hybrid loop operating; Ceff=1.48x
66,08:32:30,30.450,56.550,54.520,40.870,39.450,31.070,0.976,16.783,17.698,0.634,0.963,607.100,902.100,1.486,10.643,17.044,0.693,1.053,20.508,21.511,0.749,0.752,10.640,17.043,0.189,9.273,9.996,0.018,4155.000,74.212,43.527,9.273,53.523,ON,Clear sky; Hybrid loop operating; Ceff=1.49x
67,08:33:00,30.480,56.600,54.590,40.900,39.490,31.080,0.983,16.779,17.696,0.638,0.969,610.400,907.600,1.487,10.698,17.146,0.697,1.059,20.504,21.509,0.749,0.753,10.705,17.147,0.189,9.279,9.996,0.018,4155.000,74.744,43.573,9.279,53.570,ON,Clear sky; Hybrid loop operating; Ceff=1.49x
68,08:33:30,30.510,56.650,54.650,40.930,39.520,31.080,0.990,16.776,17.694,0.641,0.974,613.400,912.700,1.488,10.748,17.239,0.700,1.065,20.500,21.507,0.749,0.753,10.753,17.234,0.189,9.276,9.991,0.018,4155.000,75.276,43.638,9.276,53.629,ON,Clear sky; Hybrid loop operating; Ceff=1.49x
69,08:34:00,30.540,56.700,54.700,40.950,39.560,31.090,0.995,16.773,17.692,0.643,0.979,615.900,917.000,1.489,10.790,17.318,0.703,1.070,20.497,21.505,0.749,0.753,10.785,17.320,0.189,9.265,9.994,0.018,4155.000,75.656,43.653,9.265,53.647,ON,Clear sky; Hybrid loop operating; Ceff=1.49x
70,08:34:30,30.570,56.740,54.760,40.980,39.590,31.090,1.000,16.770,17.690,0.645,0.982,617.800,920.300,1.490,10.820,17.379,0.705,1.074,20.493,21.503,0.749,0.753,10.817,17.372,0.189,9.264,9.987,0.018,4155.000,76.037,43.715,9.264,53.702,ON,Clear sky; Hybrid loop operating; Ceff=1.49x
71,08:35:00,30.600,56.790,54.820,41.000,39.620,31.100,1.003,16.766,17.688,0.646,0.985,619.100,922.800,1.491,10.839,17.423,0.707,1.077,20.490,21.501,0.748,0.752,10.831,17.423,0.189,9.256,9.990,0.018,4155.000,76.265,43.727,9.256,53.717,ON,Clear sky; Hybrid loop operating; Ceff=1.49x
72,08:35:30,30.630,56.850,54.890,41.040,39.660,31.100,1.005,16.763,17.686,0.647,0.987,619.800,924.500,1.492,10.850,17.453,0.707,1.078,20.486,21.498,0.749,0.753,10.846,17.456,0.189,9.259,9.990,0.018,4155.000,76.417,43.734,9.259,53.724,ON,Clear sky; Hybrid loop operating; Ceff=1.49x
73,08:36:00,30.660,56.920,54.960,41.080,39.710,31.110,1.007,16.758,17.684,0.648,0.988,620.300,925.800,1.492,10.854,17.474,0.708,1.080,20.481,21.496,0.749,0.753,10.859,17.472,0.189,9.263,9.985,0.018,4155.000,76.569,43.760,9.263,53.745,ON,Clear sky; Hybrid loop operating; Ceff=1.49x
74,08:36:30,30.690,57.010,55.050,41.130,39.760,31.110,1.009,16.753,17.681,0.648,0.989,620.700,927.000,1.493,10.857,17.493,0.708,1.081,20.475,21.492,0.749,0.753,10.856,17.487,0.189,9.254,9.981,0.018,4155.000,76.721,43.790,9.254,53.770,ON,Clear sky; Hybrid loop operating; Ceff=1.49x
75,08:37:00,30.730,57.100,55.140,41.180,39.810,31.120,1.011,16.747,17.678,0.649,0.991,621.300,928.500,1.494,10.864,17.517,0.709,1.083,20.469,21.489,0.749,0.753,10.869,17.519,0.189,9.256,9.983,0.018,4155.000,76.873,43.806,9.256,53.789,ON,Clear sky; Hybrid loop operating; Ceff=1.49x
76,08:37:30,30.760,57.220,55.250,41.250,39.880,31.120,1.014,16.741,17.674,0.650,0.993,622.400,930.700,1.495,10.877,17.554,0.710,1.085,20.462,21.485,0.749,0.753,10.882,17.550,0.189,9.250,9.977,0.018,4155.000,77.101,43.832,9.250,53.809,ON,Clear sky; Hybrid loop operating; Ceff=1.5x
77,08:38:00,30.790,57.340,55.370,41.320,39.950,31.130,1.018,16.734,17.669,0.651,0.996,624.000,933.700,1.496,10.900,17.605,0.712,1.089,20.454,21.480,0.748,0.753,10.894,17.598,0.189,9.237,9.972,0.018,4155.000,77.405,43.863,9.237,53.836,ON,Clear sky; Hybrid loop operating; Ceff=1.5x
78,08:38:30,30.820,57.480,55.500,41.410,40.020,31.130,1.023,16.726,17.665,0.654,1.000,626.300,937.600,1.497,10.933,17.674,0.714,1.093,20.446,21.475,0.749,0.753,10.939,17.665,0.189,9.241,9.969,0.018,4155.000,77.785,43.895,9.241,53.864,ON,Clear sky; Hybrid loop operating; Ceff=1.5x
79,08:39:00,30.850,57.620,55.630,41.490,40.100,31.140,1.029,16.718,17.660,0.656,1.005,629.000,942.300,1.498,10.974,17.756,0.717,1.099,20.437,21.469,0.749,0.753,10.967,17.748,0.189,9.225,9.966,0.018,4155.000,78.242,43.933,9.225,53.898,ON,Clear sky; Hybrid loop operating; Ceff=1.5x
80,08:39:30,30.880,57.760,55.760,41.580,40.180,31.140,1.036,16.710,17.655,0.660,1.011,632.100,947.500,1.499,11.021,17.848,0.721,1.105,20.428,21.464,0.748,0.753,11.029,17.849,0.189,9.232,9.967,0.018,4155.000,78.774,43.989,9.232,53.956,ON,Clear sky; Hybrid loop operating; Ceff=1.5x
81,08:40:00,30.910,57.900,55.890,41.670,40.260,31.140,1.043,16.702,17.650,0.663,1.017,635.300,952.900,1.500,11.070,17.943,0.724,1.111,20.419,21.458,0.749,0.753,11.073,17.950,0.189,9.222,9.967,0.018,4155.000,79.306,44.035,9.222,54.002,ON,Clear sky; Hybrid loop operating; Ceff=1.5x
82,08:40:30,30.940,58.030,56.010,41.750,40.340,31.150,1.050,16.694,17.645,0.666,1.022,638.300,958.000,1.501,11.116,18.033,0.728,1.117,20.411,21.453,0.748,0.753,11.118,18.033,0.189,9.216,9.960,0.018,4155.000,79.838,44.094,9.216,54.054,ON,Clear sky; Hybrid loop operating; Ceff=1.5x
83,08:41:00,30.980,58.150,56.130,41.830,40.410,31.150,1.056,16.687,17.641,0.669,1.027,640.900,962.500,1.502,11.156,18.112,0.731,1.122,20.403,21.448,0.748,0.753,11.164,18.117,0.189,9.216,9.959,0.018,4155.000,80.295,44.139,9.216,54.098,ON,Clear sky; Hybrid loop operating; Ceff=1.5x
84,08:41:30,31.010,58.250,56.230,41.890,40.470,31.160,1.061,16.681,17.637,0.671,1.031,643.000,966.200,1.503,11.186,18.176,0.733,1.126,20.397,21.444,0.748,0.753,11.193,18.184,0.189,9.210,9.958,0.018,4155.000,80.675,44.178,9.210,54.136,ON,Clear sky; Hybrid loop operating; Ceff=1.5x
85,08:42:00,31.040,58.330,56.310,41.940,40.530,31.160,1.065,16.676,17.634,0.672,1.033,644.400,968.900,1.504,11.206,18.223,0.734,1.129,20.391,21.441,0.749,0.753,11.206,18.216,0.189,9.201,9.947,0.018,4155.000,80.979,44.221,9.201,54.169,ON,Clear sky; Hybrid loop operating; Ceff=1.5x
86,08:42:30,31.070,58.390,56.380,41.990,40.580,31.160,1.067,16.672,17.631,0.673,1.035,645.200,970.700,1.505,11.217,18.254,0.735,1.131,20.387,21.438,0.749,0.753,11.220,18.248,0.189,9.201,9.947,0.018,4155.000,81.131,44.222,9.201,54.169,ON,Clear sky; Hybrid loop operating; Ceff=1.5x
87,08:43:00,31.100,58.440,56.440,42.020,40.610,31.170,1.069,16.669,17.629,0.673,1.037,645.600,971.900,1.505,11.221,18.273,0.736,1.133,20.383,21.435,0.748,0.752,11.218,18.281,0.189,9.194,9.952,0.018,4155.000,81.283,44.250,9.194,54.203,ON,Clear sky; Hybrid loop operating; Ceff=1.51x
88,08:43:30,31.130,58.480,56.480,42.040,40.650,31.170,1.070,16.667,17.627,0.673,1.037,645.700,972.700,1.506,11.222,18.287,0.736,1.134,20.381,21.434,0.748,0.752,11.217,18.279,0.189,9.191,9.943,0.018,4155.000,81.359,44.255,9.191,54.198,ON,Clear sky; Hybrid loop operating; Ceff=1.51x
89,08:44:00,31.150,58.500,56.520,42.060,40.670,31.170,1.071,16.665,17.626,0.674,1.038,646.000,973.700,1.507,11.225,18.303,0.736,1.135,20.379,21.432,0.748,0.752,11.232,18.296,0.189,9.200,9.942,0.018,4155.000,81.435,44.251,9.200,54.193,ON,Clear sky; Hybrid loop operating; Ceff=1.51x
90,08:44:30,31.180,58.530,56.550,42.080,40.700,31.180,1.073,16.663,17.625,0.674,1.040,646.500,975.100,1.508,11.233,18.328,0.737,1.137,20.377,21.431,0.748,0.752,11.231,18.330,0.189,9.191,9.946,0.018,4155.000,81.587,44.270,9.191,54.216,ON,Clear sky; Hybrid loop operating; Ceff=1.51x
91,08:45:00,31.210,58.560,56.590,42.100,40.730,31.180,1.076,16.661,17.623,0.675,1.042,647.600,977.300,1.509,11.250,18.368,0.738,1.139,20.375,21.429,0.748,0.753,11.246,18.363,0.189,9.188,9.942,0.018,4155.000,81.815,44.294,9.188,54.236,ON,Clear sky; Hybrid loop operating; Ceff=1.51x
92,08:45:30,31.240,58.600,56.640,42.120,40.760,31.180,1.080,16.659,17.621,0.677,1.046,649.200,980.400,1.510,11.276,18.423,0.740,1.143,20.372,21.427,0.748,0.752,11.278,18.432,0.189,9.192,9.947,0.018,4155.000,82.119,44.318,9.192,54.265,ON,Clear sky; Hybrid loop operating; Ceff=1.51x
93,08:46:00,31.270,58.650,56.700,42.160,40.800,31.190,1.086,16.655,17.619,0.679,1.050,651.500,984.300,1.511,11.312,18.495,0.742,1.147,20.368,21.425,0.748,0.753,11.309,18.500,0.189,9.184,9.944,0.018,4155.000,82.576,44.388,9.184,54.332,ON,Clear sky; Hybrid loop operating; Ceff=1.51x
94,08:46:30,31.290,58.720,56.770,42.210,40.850,31.190,1.092,16.651,17.616,0.682,1.055,654.200,989.000,1.512,11.355,18.579,0.745,1.153,20.363,21.422,0.748,0.752,11.356,18.585,0.189,9.184,9.943,0.018,4155.000,83.032,44.421,9.184,54.363,ON,Clear sky; Hybrid loop operating; Ceff=1.51x
95,08:47:00,31.320,58.810,56.860,42.270,40.910,31.190,1.099,16.645,17.613,0.685,1.060,657.100,994.100,1.513,11.402,18.670,0.749,1.158,20.357,21.418,0.748,0.753,11.402,18.670,0.189,9.181,9.937,0.018,4155.000,83.564,44.476,9.181,54.413,ON,Clear sky; Hybrid loop operating; Ceff=1.51x
96,08:47:30,31.350,58.930,56.970,42.340,40.970,31.200,1.106,16.639,17.609,0.688,1.065,660.100,999.200,1.514,11.448,18.760,0.752,1.164,20.350,21.413,0.748,0.753,11.448,18.754,0.189,9.176,9.930,0.018,4155.000,84.096,44.531,9.176,54.462,ON,Clear sky; Hybrid loop operating; Ceff=1.51x
97,08:48:00,31.370,59.050,57.090,42.420,41.050,31.200,1.113,16.632,17.604,0.691,1.070,662.800,1003.800,1.515,11.488,18.842,0.755,1.170,20.342,21.408,0.748,0.752,11.493,18.836,0.189,9.174,9.929,0.018,4155.000,84.629,44.608,9.174,54.536,ON,Clear sky; Hybrid loop operating; Ceff=1.51x
98,08:48:30,31.400,59.190,57.220,42.510,41.130,31.210,1.118,16.624,17.599,0.693,1.074,665.000,1007.800,1.516,11.520,18.910,0.757,1.174,20.334,21.402,0.748,0.753,11.520,18.901,0.189,9.166,9.923,0.018,4155.000,85.009,44.630,9.166,54.553,ON,Clear sky; Hybrid loop operating; Ceff=1.52x
99,08:49:00,31.420,59.330,57.350,42.600,41.210,31.210,1.122,16.616,17.594,0.695,1.078,666.600,1010.900,1.516,11.541,18.961,0.759,1.178,20.325,21.397,0.748,0.752,11.548,18.966,0.189,9.166,9.927,0.018,4155.000,85.313,44.652,9.166,54.579,ON,Clear sky; Hybrid loop operating; Ceff=1.52x
100,08:49:30,31.440,59.470,57.480,42.690,41.290,31.210,1.125,16.608,17.589,0.696,1.080,667.700,1013.100,1.517,11.552,18.994,0.760,1.180,20.316,21.391,0.748,0.752,11.559,18.996,0.189,9.160,9.921,0.018,4155.000,85.541,44.675,9.160,54.595,ON,Clear sky; Hybrid loop operating; Ceff=1.52x
101,08:50:00,31.470,59.610,57.600,42.770,41.370,31.220,1.127,16.600,17.584,0.696,1.081,668.100,1014.400,1.518,11.554,19.013,0.761,1.182,20.307,21.386,0.748,0.752,11.554,19.008,0.189,9.150,9.915,0.018,4155.000,85.693,44.697,9.150,54.611,ON,Clear sky; Hybrid loop operating; Ceff=1.52x
102,08:50:30,31.490,59.730,57.710,42.850,41.440,31.220,1.128,16.593,17.580,0.696,1.082,668.300,1015.300,1.519,11.550,19.023,0.761,1.183,20.300,21.381,0.748,0.752,11.549,19.022,0.189,9.143,9.913,0.018,4155.000,85.769,44.697,9.143,54.609,ON,Clear sky; Hybrid loop operating; Ceff=1.52x
103,08:51:00,31.510,59.830,57.810,42.920,41.500,31.230,1.129,16.587,17.576,0.696,1.083,668.400,1016.000,1.520,11.546,19.031,0.761,1.183,20.293,21.377,0.748,0.753,11.545,19.035,0.189,9.139,9.913,0.018,4155.000,85.845,44.705,9.139,54.618,ON,Clear sky; Hybrid loop operating; Ceff=1.52x
104,08:51:30,31.530,59.920,57.900,42.970,41.550,31.230,1.131,16.582,17.573,0.696,1.084,668.600,1016.900,1.521,11.546,19.045,0.761,1.184,20.287,21.374,0.748,0.753,11.541,19.049,0.189,9.133,9.911,0.018,4155.000,85.997,44.745,9.133,54.656,ON,Clear sky; Hybrid loop operating; Ceff=1.52x
105,08:52:00,31.560,59.990,57.960,43.010,41.590,31.240,1.133,16.578,17.570,0.697,1.085,669.300,1018.500,1.522,11.553,19.072,0.762,1.186,20.283,21.371,0.747,0.752,11.555,19.063,0.189,9.134,9.903,0.018,4155.000,86.149,44.754,9.134,54.657,ON,Clear sky; Hybrid loop operating; Ceff=1.52x
106,08:52:30,31.580,60.040,58.020,43.040,41.630,31.240,1.136,16.575,17.568,0.698,1.088,670.500,1021.000,1.523,11.572,19.115,0.763,1.189,20.280,21.369,0.748,0.752,11.569,19.114,0.189,9.130,9.905,0.018,4155.000,86.377,44.762,9.130,54.668,ON,Clear sky; Hybrid loop operating; Ceff=1.52x
107,08:53:00,31.600,60.080,58.060,43.070,41.660,31.250,1.141,16.572,17.567,0.700,1.092,672.300,1024.400,1.524,11.601,19.177,0.765,1.193,20.277,21.367,0.748,0.752,11.600,19.183,0.189,9.130,9.908,0.018,4155.000,86.758,44.810,9.130,54.718,ON,Clear sky; Hybrid loop operating; Ceff=1.52x
108,08:53:30,31.610,60.100,58.100,43.090,41.680,31.250,1.147,16.570,17.565,0.703,1.096,674.700,1028.600,1.525,11.641,19.255,0.768,1.198,20.275,21.366,0.748,0.752,11.649,19.251,0.189,9.135,9.903,0.018,4155.000,87.214,44.862,9.135,54.764,ON,Clear sky; Hybrid loop operating; Ceff=1.52x
109,08:54:00,31.630,60.130,58.130,43.100,41.710,31.260,1.154,16.569,17.564,0.705,1.101,677.500,1033.500,1.525,11.688,19.345,0.771,1.204,20.273,21.364,0.748,0.752,11.681,19.338,0.189,9.123,9.900,0.018,4155.000,87.746,44.922,9.123,54.822,ON,Clear sky; Hybrid loop operating; Ceff=1.53x
110,08:54:30,31.650,60.150,58.160,43.120,41.730,31.260,1.161,16.567,17.563,0.709,1.107,680.500,1038.700,1.526,11.738,19.440,0.774,1.210,20.271,21.363,0.748,0.752,11.746,19.442,0.189,9.133,9.904,0.018,4155.000,88.278,44.968,9.133,54.872,ON,Clear sky; Hybrid loop operating; Ceff=1.53x
111,08:55:00,31.670,60.180,58.200,43.140,41.760,31.270,1.168,16.565,17.561,0.712,1.112,683.400,1043.700,1.527,11.786,19.532,0.778,1.216,20.269,21.361,0.747,0.752,11.794,19.528,0.189,9.131,9.900,0.018,4155.000,88.811,45.022,9.131,54.922,ON,Clear sky; Hybrid loop operating; Ceff=1.53x
112,08:55:30,31.690,60.220,58.250,43.170,41.790,31.280,1.174,16.562,17.560,0.714,1.117,686.000,1048.300,1.528,11.828,19.614,0.781,1.221,20.266,21.359,0.747,0.752,11.825,19.615,0.189,9.121,9.900,0.018,4155.000,89.267,45.055,9.121,54.955,ON,Clear sky; Hybrid loop operating; Ceff=1.53x
113,08:56:00,31.700,60.270,58.300,43.200,41.830,31.280,1.179,16.559,17.557,0.716,1.121,688.000,1052.000,1.529,11.861,19.681,0.783,1.225,20.263,21.357,0.748,0.752,11.856,19.681,0.189,9.118,9.899,0.018,4155.000,89.647,45.088,9.118,54.986,ON,Clear sky; Hybrid loop operating; Ceff=1.53x
114,08:56:30,31.720,60.340,58.370,43.250,41.870,31.290,1.183,16.555,17.555,0.718,1.124,689.500,1054.800,1.530,11.882,19.730,0.784,1.228,20.258,21.354,0.748,0.752,11.886,19.732,0.189,9.121,9.898,0.018,4155.000,89.951,45.121,9.121,55.018,ON,Clear sky; Hybrid loop operating; Ceff=1.53x
115,08:57:00,31.740,60.420,58.450,43.300,41.920,31.300,1.186,16.550,17.552,0.719,1.126,690.300,1056.800,1.531,11.892,19.762,0.785,1.231,20.253,21.351,0.748,0.752,11.899,19.764,0.189,9.121,9.895,0.018,4155.000,90.179,45.149,9.121,55.044,ON,Clear sky; Hybrid loop operating; Ceff=1.53x
116,08:57:30,31.750,60.510,58.540,43.360,41.980,31.300,1.188,16.545,17.548,0.719,1.127,690.700,1058.000,1.532,11.894,19.781,0.786,1.232,20.247,21.347,0.747,0.752,11.896,19.777,0.189,9.113,9.890,0.018,4155.000,90.331,45.174,9.113,55.064,ON,Clear sky; Hybrid loop operating; Ceff=1.53x
117,08:58:00,31.770,60.620,58.640,43.420,42.040,31.310,1.189,16.539,17.545,0.719,1.128,690.900,1058.900,1.533,11.892,19.792,0.786,1.233,20.240,21.343,0.748,0.752,11.892,19.791,0.189,9.107,9.889,0.018,4155.000,90.407,45.174,9.107,55.063,ON,Clear sky; Hybrid loop operating; Ceff=1.53x
118,08:58:30,31.780,60.740,58.750,43.490,42.100,31.320,1.190,16.532,17.541,0.719,1.129,691.100,1059.800,1.534,11.889,19.804,0.786,1.234,20.233,21.339,0.748,0.752,11.887,19.804,0.189,9.100,9.887,0.018,4155.000,90.483,45.173,9.100,55.060,ON,Clear sky; Hybrid loop operating; Ceff=1.53x
119,08:59:00,31.790,60.860,58.860,43.560,42.160,31.330,1.192,16.525,17.537,0.720,1.130,691.600,1061.200,1.534,11.891,19.824,0.786,1.235,20.226,21.334,0.748,0.752,11.898,19.817,0.189,9.102,9.880,0.018,4155.000,90.636,45.190,9.102,55.070,ON,Clear sky; Hybrid loop operating; Ceff=1.53x
120,08:59:30,31.810,60.980,58.970,43.640,42.230,31.340,1.195,16.518,17.533,0.721,1.133,692.500,1063.300,1.535,11.902,19.857,0.787,1.238,20.218,21.330,0.748,0.752,11.909,19.865,0.189,9.099,9.885,0.018,4155.000,90.864,45.214,9.099,55.099,ON,Clear sky; Hybrid loop operating; Ceff=1.54x
121,09:00:00,31.820,61.100,59.070,43.710,42.290,31.350,1.199,16.512,17.529,0.722,1.136,694.100,1066.300,1.536,11.923,19.908,0.789,1.241,20.211,21.326,0.748,0.752,11.922,19.913,0.189,9.088,9.881,0.018,4155.000,91.168,45.238,9.088,55.119,ON,Clear sky; Hybrid loop operating; Ceff=1.54x
122,09:00:30,31.830,61.210,59.170,43.770,42.350,31.350,1.205,16.505,17.525,0.724,1.140,696.300,1070.300,1.537,11.955,19.978,0.792,1.246,20.204,21.322,0.747,0.752,11.950,19.979,0.189,9.080,9.876,0.018,4155.000,91.624,45.294,9.080,55.170,ON,Clear sky; Hybrid loop operating; Ceff=1.54x
123,09:01:00,31.850,61.310,59.270,43.830,42.400,31.360,1.212,16.500,17.522,0.727,1.145,699.000,1075.100,1.538,11.997,20.062,0.795,1.251,20.198,21.318,0.747,0.752,11.996,20.063,0.189,9.080,9.874,0.018,4155.000,92.156,45.354,9.080,55.228,ON,Clear sky; Hybrid loop operating; Ceff=1.54x
124,09:01:30,31.860,61.390,59.350,43.890,42.450,31.370,1.219,16.495,17.519,0.730,1.151,702.100,1080.400,1.539,12.044,20.157,0.798,1.257,20.192,21.314,0.747,0.752,12.041,20.164,0.189,9.074,9.875,0.018,4155.000,92.688,45.392,9.074,55.267,ON,Clear sky; Hybrid loop operating; Ceff=1.54x
125,09:02:00,31.870,61.460,59.420,43.930,42.500,31.380,1.227,16.491,17.516,0.733,1.156,705.200,1085.800,1.540,12.094,20.255,0.802,1.264,20.187,21.312,0.747,0.752,12.088,20.248,0.189,9.069,9.867,0.018,4155.000,93.297,45.463,9.069,55.330,ON,Clear sky; Hybrid loop operating; Ceff=1.54x
126,09:02:30,31.880,61.520,59.480,43.970,42.530,31.390,1.234,16.487,17.514,0.736,1.162,708.100,1091.000,1.541,12.141,20.347,0.805,1.270,20.184,21.309,0.747,0.752,12.134,20.351,0.189,9.067,9.870,0.018,4155.000,93.829,45.504,9.067,55.374,ON,Clear sky; Hybrid loop operating; Ceff=1.54x
127,09:03:00,31.890,61.560,59.520,43.990,42.560,31.400,1.240,16.485,17.512,0.739,1.167,710.700,1095.500,1.541,12.182,20.429,0.808,1.275,20.181,21.307,0.747,0.752,12.182,20.437,0.189,9.070,9.870,0.018,4155.000,94.285,45.538,9.070,55.408,ON,Clear sky; Hybrid loop operating; Ceff=1.54x
128,09:03:30,31.910,61.590,59.560,44.010,42.590,31.410,1.246,16.483,17.511,0.741,1.170,712.600,1099.100,1.542,12.214,20.495,0.810,1.279,20.179,21.306,0.747,0.752,12.214,20.488,0.189,9.069,9.863,0.018,4155.000,94.741,45.608,9.069,55.471,ON,Clear sky; Hybrid loop operating; Ceff=1.54x
129,09:04:00,31.920,61.610,59.590,44.020,42.610,31.420,1.249,16.481,17.510,0.742,1.173,714.000,1101.800,1.543,12.235,20.544,0.811,1.282,20.177,21.305,0.748,0.752,12.229,20.539,0.189,9.062,9.863,0.018,4155.000,94.970,45.606,9.062,55.469,ON,Clear sky; Hybrid loop operating; Ceff=1.54x
130,09:04:30,31.930,61.620,59.610,44.030,42.630,31.430,1.252,16.480,17.509,0.743,1.175,714.800,1103.700,1.544,12.248,20.578,0.812,1.284,20.176,21.304,0.748,0.752,12.245,20.573,0.189,9.064,9.862,0.018,4155.000,95.198,45.637,9.064,55.499,ON,Clear sky; Hybrid loop operating; Ceff=1.54x
131,09:05:00,31.940,61.640,59.640,44.040,42.640,31.440,1.254,16.479,17.508,0.744,1.177,715.200,1105.000,1.545,12.254,20.601,0.813,1.286,20.175,21.303,0.747,0.752,12.260,20.607,0.189,9.070,9.867,0.018,4155.000,95.350,45.656,9.070,55.523,ON,Clear sky; Hybrid loop operating; Ceff=1.54x
132,09:05:30,31.950,61.660,59.670,44.050,42.660,31.450,1.255,16.477,17.508,0.744,1.178,715.500,1106.000,1.546,12.258,20.619,0.813,1.287,20.173,21.302,0.747,0.752,12.259,20.624,0.189,9.065,9.867,0.018,4155.000,95.426,45.651,9.065,55.517,ON,Clear sky; Hybrid loop operating; Ceff=1.55x
133,09:06:00,31.960,61.680,59.700,44.070,42.680,31.470,1.257,16.476,17.507,0.744,1.179,715.900,1107.300,1.547,12.263,20.641,0.813,1.289,20.171,21.301,0.748,0.752,12.258,20.641,0.189,9.060,9.863,0.018,4155.000,95.578,45.670,9.060,55.533,ON,Clear sky; Hybrid loop operating; Ceff=1.55x
134,09:06:30,31.970,61.720,59.740,44.090,42.700,31.480,1.260,16.473,17.505,0.745,1.181,716.600,1109.100,1.548,12.274,20.672,0.814,1.291,20.168,21.300,0.748,0.752,12.272,20.673,0.189,9.061,9.862,0.018,4155.000,95.806,45.705,9.061,55.567,ON,Clear sky; Hybrid loop operating; Ceff=1.55x
135,09:07:00,31.990,61.780,59.800,44.120,42.740,31.490,1.264,16.470,17.503,0.746,1.184,717.900,1111.700,1.548,12.293,20.719,0.816,1.294,20.165,21.298,0.747,0.752,12.287,20.724,0.189,9.055,9.863,0.018,4155.000,96.110,45.742,9.055,55.606,ON,Clear sky; Hybrid loop operating; Ceff=1.55x
136,09:07:30,32.000,61.850,59.870,44.160,42.780,31.500,1.269,16.465,17.501,0.748,1.188,719.900,1115.300,1.549,12.322,20.782,0.818,1.298,20.160,21.295,0.747,0.752,12.316,20.791,0.189,9.052,9.863,0.018,4155.000,96.490,45.775,9.052,55.639,ON,Clear sky; Hybrid loop operating; Ceff=1.55x
137,09:08:00,32.010,61.940,59.950,44.220,42.830,31.510,1.275,16.460,17.498,0.751,1.192,722.400,1119.800,1.550,12.360,20.861,0.821,1.303,20.154,21.291,0.747,0.752,12.361,20.858,0.189,9.054,9.855,0.018,4155.000,96.947,45.807,9.054,55.662,ON,Clear sky; Hybrid loop operating; Ceff=1.55x
138,09:08:30,32.020,62.050,60.050,44.280,42.880,31.520,1.283,16.454,17.494,0.754,1.198,725.300,1125.000,1.551,12.404,20.953,0.824,1.309,20.148,21.287,0.747,0.752,12.406,20.958,0.189,9.050,9.857,0.018,4155.000,97.555,45.881,9.050,55.738,ON,Clear sky; Hybrid loop operating; Ceff=1.55x
139,09:09:00,32.030,62.160,60.160,44.350,42.950,31.540,1.291,16.448,17.490,0.757,1.204,728.500,1130.600,1.552,12.452,21.050,0.827,1.315,20.141,21.283,0.748,0.752,12.451,21.058,0.189,9.043,9.855,0.018,4155.000,98.163,45.939,9.043,55.793,ON,Clear sky; Hybrid loop operating; Ceff=1.55x
140,09:09:30,32.040,62.290,60.270,44.430,43.010,31.550,1.298,16.441,17.486,0.760,1.209,731.600,1136.000,1.553,12.499,21.146,0.831,1.322,20.133,21.279,0.747,0.752,12.495,21.141,0.189,9.037,9.846,0.018,4155.000,98.695,45.968,9.037,55.814,ON,Clear sky; Hybrid loop operating; Ceff=1.55x
141,09:10:00,32.060,62.410,60.380,44.500,43.080,31.560,1.306,16.434,17.482,0.763,1.215,734.500,1141.100,1.554,12.541,21.234,0.834,1.327,20.125,21.274,0.747,0.752,12.539,21.241,0.189,9.033,9.849,0.018,4155.000,99.304,46.045,9.033,55.893,ON,Clear sky; Hybrid loop operating; Ceff=1.55x
142,09:10:30,32.070,62.520,60.480,44.570,43.140,31.570,1.312,16.427,17.478,0.765,1.219,736.800,1145.400,1.555,12.575,21.307,0.837,1.332,20.118,21.270,0.747,0.752,12.567,21.306,0.189,9.024,9.842,0.018,4155.000,99.760,46.083,9.024,55.924,ON,Clear sky; Hybrid loop operating; Ceff=1.55x
143,09:11:00,32.080,62.620,60.580,44.630,43.200,31.590,1.317,16.422,17.474,0.767,1.223,738.500,1148.700,1.555,12.599,21.364,0.838,1.336,20.112,21.266,0.748,0.752,12.596,21.371,0.189,9.024,9.844,0.018,4155.000,100.140,46.125,9.024,55.969,ON,Clear sky; Hybrid loop operating; Ceff=1.56x
144,09:11:30,32.100,62.710,60.660,44.690,43.250,31.600,1.320,16.417,17.471,0.768,1.225,739.600,1151.000,1.556,12.613,21.403,0.840,1.339,20.106,21.262,0.747,0.752,12.608,21.402,0.189,9.020,9.838,0.018,4155.000,100.368,46.138,9.020,55.976,ON,Clear sky; Hybrid loop operating; Ceff=1.56x
145,09:12:00,32.110,62.770,60.720,44.730,43.290,31.610,1.322,16.413,17.469,0.769,1.227,740.300,1152.600,1.557,12.620,21.429,0.840,1.341,20.102,21.260,0.747,0.752,12.622,21.434,0.189,9.021,9.839,0.018,4155.000,100.520,46.144,9.021,55.983,ON,Clear sky; Hybrid loop operating; Ceff=1.56x
146,09:12:30,32.120,62.820,60.770,44.760,43.320,31.620,1.324,16.410,17.467,0.769,1.228,740.600,1153.700,1.558,12.622,21.447,0.841,1.342,20.099,21.258,0.747,0.752,12.619,21.449,0.189,9.015,9.837,0.018,4155.000,100.672,46.170,9.015,56.007,ON,Clear sky; Hybrid loop operating; Ceff=1.56x
147,09:13:00,32.140,62.850,60.810,44.770,43.340,31.640,1.325,16.408,17.466,0.769,1.229,740.800,1154.700,1.559,12.625,21.464,0.841,1.343,20.097,21.257,0.747,0.752,12.618,21.466,0.189,9.012,9.836,0.018,4155.000,100.748,46.164,9.012,56.000,ON,Clear sky; Hybrid loop operating; Ceff=1.56x
148,09:13:30,32.150,62.860,60.830,44.780,43.360,31.650,1.327,16.407,17.465,0.770,1.230,741.300,1156.100,1.560,12.631,21.488,0.841,1.345,20.096,21.256,0.747,0.752,12.633,21.482,0.189,9.017,9.831,0.018,4155.000,100.900,46.178,9.017,56.010,ON,Clear sky; Hybrid loop operating; Ceff=1.56x
149,09:14:00,32.170,62.860,60.840,44.780,43.370,31.660,1.330,16.407,17.465,0.771,1.232,742.100,1158.100,1.560,12.646,21.525,0.842,1.347,20.095,21.256,0.747,0.752,12.650,21.517,0.189,9.019,9.830,0.018,4155.000,101.129,46.203,9.019,56.033,ON,Clear sky; Hybrid loop operating; Ceff=1.56x
150,09:14:30,32.180,62.860,60.850,44.780,43.370,31.670,1.335,16.406,17.465,0.772,1.236,743.600,1161.000,1.561,12.670,21.578,0.844,1.350,20.095,21.255,0.747,0.752,12.665,21.587,0.189,9.012,9.838,0.018,4155.000,101.509,46.260,9.012,56.098,ON,Clear sky; Hybrid loop operating; Ceff=1.56x
151,09:15:00,32.200,62.860,60.860,44.780,43.380,31.690,1.340,16.406,17.464,0.774,1.240,745.600,1164.800,1.562,12.705,21.649,0.846,1.355,20.095,21.255,0.747,0.752,12.698,21.655,0.189,9.011,9.837,0.018,4155.000,101.889,46.282,9.011,56.119,ON,Clear sky; Hybrid loop operating; Ceff=1.56x
152,09:15:30,32.220,62.870,60.880,44.790,43.400,31.700,1.347,16.405,17.464,0.777,1.245,748.200,1169.500,1.563,12.748,21.734,0.849,1.360,20.094,21.254,0.747,0.752,12.747,21.743,0.189,9.014,9.837,0.018,4155.000,102.421,46.337,9.014,56.174,ON,Clear sky; Hybrid loop operating; Ceff=1.56x
153,09:16:00,32.230,62.890,60.910,44.800,43.420,31.710,1.354,16.404,17.463,0.780,1.250,751.100,1174.700,1.564,12.797,21.829,0.853,1.366,20.092,21.253,0.747,0.752,12.795,21.829,0.189,9.013,9.832,0.018,4155.000,102.953,46.372,9.013,56.204,ON,Clear sky; Hybrid loop operating; Ceff=1.56x
154,09:16:30,32.250,62.920,60.950,44.830,43.450,31.720,1.362,16.401,17.461,0.783,1.256,754.200,1180.000,1.565,12.846,21.927,0.856,1.372,20.090,21.251,0.747,0.752,12.842,21.931,0.189,9.009,9.834,0.018,4155.000,103.562,46.436,9.009,56.270,ON,Clear sky; Hybrid loop operating; Ceff=1.56x
155,09:17:00,32.270,62.980,61.010,44.870,43.490,31.740,1.370,16.398,17.459,0.786,1.261,757.100,1185.200,1.566,12.892,22.019,0.859,1.378,20.086,21.249,0.747,0.752,12.889,22.016,0.189,9.007,9.828,0.018,4155.000,104.170,46.504,9.007,56.332,ON,Clear sky; Hybrid loop operating; Ceff=1.57x
156,09:17:30,32.290,63.050,61.080,44.920,43.540,31.750,1.377,16.394,17.456,0.789,1.266,759.500,1189.700,1.566,12.930,22.098,0.862,1.384,20.081,21.245,0.747,0.752,12.935,22.099,0.189,9.011,9.828,0.018,4155.000,104.702,46.565,9.011,56.393,ON,Clear sky; Hybrid loop operating; Ceff=1.57x
157,09:18:00,32.310,63.140,61.170,44.970,43.590,31.760,1.382,16.388,17.452,0.791,1.270,761.500,1193.400,1.567,12.957,22.161,0.864,1.388,20.076,21.242,0.747,0.752,12.963,22.164,0.189,9.007,9.827,0.018,4155.000,105.082,46.589,9.007,56.415,ON,Clear sky; Hybrid loop operating; Ceff=1.57x
158,09:18:30,32.330,63.250,61.270,45.040,43.650,31.770,1.386,16.382,17.448,0.792,1.273,762.800,1196.000,1.568,12.973,22.204,0.865,1.391,20.069,21.238,0.747,0.752,12.975,22.211,0.189,9.000,9.826,0.018,4155.000,105.387,46.622,9.000,56.448,ON,Clear sky; Hybrid loop operating; Ceff=1.57x
159,09:19:00,32.350,63.360,61.370,45.110,43.720,31.780,1.388,16.376,17.444,0.793,1.274,763.500,1197.800,1.569,12.979,22.230,0.866,1.393,20.062,21.233,0.747,0.752,12.986,22.224,0.189,8.999,9.817,0.018,4155.000,105.539,46.619,8.999,56.436,ON,Clear sky; Hybrid loop operating; Ceff=1.57x
160,09:19:30,32.370,63.470,61.470,45.180,43.780,31.800,1.390,16.370,17.440,0.793,1.275,763.700,1198.800,1.570,12.977,22.243,0.866,1.394,20.055,21.229,0.747,0.752,12.981,22.236,0.189,8.994,9.814,0.018,4155.000,105.691,46.648,8.994,56.462,ON,Clear sky; Hybrid loop operating; Ceff=1.57x
161,09:20:00,32.390,63.580,61.570,45.250,43.840,31.810,1.391,16.363,17.436,0.793,1.276,763.700,1199.500,1.571,12.971,22.249,0.866,1.395,20.048,21.224,0.747,0.751,12.976,22.248,0.189,8.990,9.814,0.018,4155.000,105.767,46.654,8.990,56.468,ON,Clear sky; Hybrid loop operating; Ceff=1.57x
162,09:20:30,32.410,63.690,61.670,45.320,43.900,31.820,1.392,16.358,17.433,0.793,1.277,763.800,1200.200,1.571,12.966,22.257,0.866,1.395,20.042,21.220,0.747,0.752,12.972,22.262,0.189,8.986,9.814,0.018,4155.000,105.843,46.660,8.986,56.474,ON,Clear sky; Hybrid loop operating; Ceff=1.57x
163,09:21:00,32.430,63.780,61.750,45.380,43.960,31.830,1.394,16.352,17.429,0.793,1.278,764.200,1201.400,1.572,12.967,22.274,0.867,1.397,20.036,21.217,0.746,0.751,12.967,22.274,0.189,8.978,9.810,0.018,4155.000,105.995,46.680,8.978,56.490,ON,Clear sky; Hybrid loop operating; Ceff=1.57x
164,09:21:30,32.460,63.850,61.820,45.430,44.000,31.840,1.397,16.348,17.427,0.794,1.280,765.000,1203.400,1.573,12.977,22.306,0.868,1.399,20.031,21.214,0.746,0.752,12.980,22.307,0.189,8.978,9.808,0.018,4155.000,106.223,46.703,8.978,56.511,ON,Clear sky; Hybrid loop operating; Ceff=1.57x
165,09:22:00,32.480,63.910,61.880,45.470,44.040,31.850,1.401,16.344,17.424,0.795,1.283,766.500,1206.300,1.574,12.998,22.356,0.869,1.402,20.027,21.211,0.747,0.752,12.993,22.355,0.189,8.969,9.805,0.018,4155.000,106.527,46.724,8.969,56.530,ON,Clear sky; Hybrid loop operating; Ceff=1.57x
166,09:22:30,32.500,63.960,61.930,45.500,44.080,31.860,1.407,16.342,17.422,0.797,1.287,768.500,1210.100,1.575,13.030,22.424,0.871,1.407,20.024,21.209,0.747,0.751,13.025,22.422,0.189,8.967,9.804,0.018,4155.000,106.983,46.777,8.967,56.581,ON,Clear sky; Hybrid loop operating; Ceff=1.57x
167,09:23:00,32.530,63.990,61.970,45.520,44.110,31.870,1.413,16.340,17.421,0.800,1.292,771.000,1214.700,1.576,13.070,22.506,0.874,1.412,20.022,21.207,0.747,0.752,13.072,22.508,0.189,8.971,9.804,0.018,4155.000,107.440,46.799,8.971,56.603,ON,Clear sky; Hybrid loop operating; Ceff=1.58x
168,09:23:30,32.550,64.010,61.990,45.540,44.130,31.880,1.421,16.338,17.419,0.803,1.297,773.700,1219.700,1.576,13.116,22.596,0.877,1.418,20.020,21.206,0.747,0.751,13.119,22.592,0.189,8.972,9.801,0.018,4155.000,108.048,46.871,8.972,56.671,ON,Clear sky; Hybrid loop operating; Ceff=1.58x
169,09:24:00,32.580,64.020,62.020,45.560,44.160,31.900,1.428,16.337,17.418,0.806,1.303,776.500,1224.700,1.577,13.161,22.687,0.880,1.424,20.019,21.204,0.747,0.751,13.168,22.696,0.189,8.972,9.805,0.018,4155.000,108.580,46.909,8.972,56.714,ON,Clear sky; Hybrid loop operating; Ceff=1.58x
170,09:24:30,32.600,64.030,62.040,45.570,44.180,31.900,1.435,16.336,17.417,0.808,1.307,779.000,1229.300,1.578,13.203,22.771,0.883,1.429,20.018,21.203,0.747,0.752,13.199,22.764,0.189,8.965,9.798,0.018,4155.000,109.112,46.963,8.965,56.761,ON,Clear sky; Hybrid loop operating; Ceff=1.58x
171,09:25:00,32.630,64.040,62.060,45.590,44.200,31.910,1.441,16.335,17.416,0.810,1.311,781.100,1233.200,1.579,13.237,22.841,0.886,1.433,20.017,21.202,0.746,0.752,13.231,22.832,0.189,8.963,9.796,0.018,4155.000,109.569,47.010,8.963,56.806,ON,Clear sky; Hybrid loop operating; Ceff=1.58x
172,09:25:30,32.660,64.050,62.090,45.600,44.230,31.920,1.445,16.334,17.415,0.812,1.315,782.600,1236.100,1.580,13.261,22.893,0.887,1.437,20.016,21.201,0.747,0.751,13.263,22.901,0.189,8.967,9.802,0.018,4155.000,109.873,47.030,8.967,56.832,ON,Clear sky; Hybrid loop operating; Ceff=1.58x
173,09:26:00,32.680,64.080,62.120,45.630,44.260,31.930,1.448,16.332,17.413,0.813,1.317,783.400,1238.100,1.580,13.273,22.927,0.888,1.439,20.014,21.199,0.747,0.752,13.278,22.933,0.189,8.968,9.800,0.018,4155.000,110.101,47.051,8.968,56.852,ON,Clear sky; Hybrid loop operating; Ceff=1.58x
174,09:26:30,32.710,64.110,62.160,45.660,44.290,31.940,1.450,16.330,17.411,0.813,1.318,783.700,1239.200,1.581,13.276,22.944,0.888,1.440,20.012,21.197,0.747,0.752,13.276,22.948,0.189,8.963,9.798,0.018,4155.000,110.253,47.075,8.963,56.873,ON,Clear sky; Hybrid loop operating; Ceff=1.58x
175,09:27:00,32.740,64.160,62.210,45.690,44.330,31.950,1.451,16.327,17.409,0.813,1.318,783.600,1239.700,1.582,13.271,22.950,0.888,1.441,20.008,21.194,0.747,0.751,13.274,22.945,0.189,8.963,9.793,0.018,4155.000,110.329,47.088,8.963,56.881,ON,Clear sky; Hybrid loop operating; Ceff=1.58x
176,09:27:30,32.760,64.230,62.280,45.740,44.370,31.960,1.451,16.323,17.406,0.813,1.319,783.400,1240.000,1.583,13.264,22.952,0.888,1.441,20.004,21.191,0.747,0.752,13.271,22.959,0.189,8.963,9.796,0.018,4155.000,110.329,47.077,8.963,56.873,ON,Clear sky; Hybrid loop operating; Ceff=1.58x
177,09:28:00,32.790,64.310,62.350,45.790,44.430,31.970,1.452,16.319,17.403,0.813,1.319,783.400,1240.600,1.584,13.259,22.958,0.888,1.442,19.999,21.188,0.747,0.751,13.267,22.955,0.189,8.961,9.790,0.018,4155.000,110.405,47.086,8.961,56.876,ON,Clear sky; Hybrid loop operating; Ceff=1.58x
178,09:28:30,32.820,64.400,62.440,45.860,44.480,31.970,1.454,16.313,17.400,0.813,1.320,783.800,1241.800,1.584,13.260,22.974,0.888,1.443,19.993,21.184,0.747,0.752,13.262,22.968,0.189,8.953,9.786,0.018,4155.000,110.557,47.106,8.953,56.892,ON,Clear sky; Hybrid loop operating; Ceff=1.58x
179,09:29:00,32.850,64.500,62.530,45.930,44.550,31.980,1.457,16.308,17.396,0.814,1.323,784.700,1243.900,1.585,13.269,23.006,0.889,1.445,19.987,21.180,0.747,0.752,13.275,23.015,0.189,8.951,9.790,0.018,4155.000,110.785,47.123,8.951,56.913,ON,Clear sky; Hybrid loop operating; Ceff=1.59x
180,09:29:30,32.880,64.610,62.630,46.000,44.610,31.990,1.461,16.301,17.391,0.815,1.326,786.200,1246.900,1.586,13.289,23.055,0.891,1.449,19.980,21.175,0.746,0.751,13.285,23.060,0.189,8.941,9.785,0.018,4155.000,111.089,47.139,8.941,56.924,ON,Clear sky; Hybrid loop operating; Ceff=1.59x
181,09:30:00,32.910,64.730,62.730,46.080,44.680,32.000,1.467,16.295,17.387,0.817,1.330,788.300,1250.900,1.587,13.318,23.121,0.893,1.453,19.973,21.170,0.747,0.752,13.313,23.125,0.189,8.936,9.781,0.018,4155.000,111.546,47.181,8.936,56.962,ON,Clear sky; Hybrid loop operating; Ceff=1.59x
182,09:30:30,32.940,64.840,62.840,46.160,44.750,32.000,1.474,16.288,17.383,0.820,1.335,790.800,1255.500,1.588,13.353,23.199,0.896,1.459,19.966,21.165,0.746,0.751,13.356,23.206,0.189,8.936,9.780,0.018,4155.000,112.078,47.233,8.936,57.012,ON,Clear sky; Hybrid loop operating; Ceff=1.59x
183,09:31:00,32.970,64.950,62.930,46.230,44.820,32.010,1.482,16.282,17.378,0.823,1.340,793.500,1260.400,1.588,13.392,23.283,0.899,1.464,19.959,21.161,0.746,0.752,13.400,23.287,0.189,8.935,9.775,0.018,4155.000,112.686,47.304,8.935,57.080,ON,Clear sky; Hybrid loop operating; Ceff=1.59x
184,09:31:30,33.000,65.040,63.020,46.300,44.890,32.020,1.489,16.277,17.374,0.825,1.345,796.100,1265.200,1.589,13.431,23.364,0.902,1.470,19.953,21.156,0.746,0.751,13.429,23.368,0.189,8.925,9.772,0.018,4155.000,113.218,47.347,8.925,57.120,ON,Clear sky; Hybrid loop operating; Ceff=1.59x
185,09:32:00,33.020,65.120,63.100,46.360,44.950,32.020,1.495,16.272,17.371,0.827,1.349,798.400,1269.400,1.590,13.464,23.437,0.904,1.475,19.948,21.152,0.747,0.751,13.457,23.433,0.189,8.918,9.767,0.018,4155.000,113.675,47.381,8.918,57.148,ON,Clear sky; Hybrid loop operating; Ceff=1.59x
186,09:32:30,33.050,65.190,63.170,46.410,45.000,32.030,1.500,16.268,17.368,0.829,1.353,800.100,1272.900,1.591,13.490,23.495,0.906,1.478,19.944,21.149,0.747,0.752,13.486,23.499,0.189,8.918,9.768,0.018,4155.000,114.055,47.409,8.918,57.176,ON,Clear sky; Hybrid loop operating; Ceff=1.59x
187,09:33:00,33.080,65.240,63.220,46.450,45.040,32.030,1.504,16.265,17.365,0.830,1.355,801.300,1275.300,1.592,13.506,23.537,0.908,1.481,19.940,21.146,0.746,0.752,13.500,23.530,0.189,8.914,9.762,0.018,4155.000,114.359,47.446,8.914,57.208,ON,Clear sky; Hybrid loop operating; Ceff=1.59x
188,09:33:30,33.110,65.270,63.260,46.480,45.080,32.040,1.507,16.263,17.363,0.831,1.357,801.900,1276.900,1.592,13.514,23.562,0.908,1.483,19.938,21.144,0.746,0.751,13.515,23.562,0.189,8.917,9.763,0.018,4155.000,114.587,47.481,8.917,57.244,ON,Clear sky; Hybrid loop operating; Ceff=1.59x
189,09:34:00,33.140,65.290,63.290,46.510,45.110,32.040,1.508,16.261,17.362,0.831,1.358,802.000,1277.700,1.593,13.514,23.574,0.908,1.484,19.936,21.142,0.747,0.751,13.513,23.578,0.189,8.915,9.764,0.018,4155.000,114.663,47.482,8.915,57.246,ON,Clear sky; Hybrid loop operating; Ceff=1.59x
190,09:34:30,33.170,65.300,63.310,46.520,45.130,32.050,1.508,16.260,17.360,0.831,1.358,801.800,1278.100,1.594,13.510,23.579,0.908,1.484,19.935,21.141,0.746,0.752,13.512,23.575,0.189,8.916,9.759,0.018,4155.000,114.663,47.468,8.916,57.227,ON,Clear sky; Hybrid loop operating; Ceff=1.59x
191,09:35:00,33.200,65.310,63.330,46.540,45.150,32.050,1.509,16.260,17.359,0.831,1.359,801.700,1278.500,1.595,13.507,23.585,0.908,1.485,19.934,21.140,0.746,0.751,13.512,23.591,0.189,8.918,9.763,0.018,4155.000,114.739,47.484,8.918,57.247,ON,Clear sky; Hybrid loop operating; Ceff=1.59x
192,09:35:30,33.230,65.320,63.350,46.550,45.170,32.050,1.510,16.259,17.358,0.831,1.359,801.800,1279.300,1.595,13.508,23.598,0.908,1.486,19.933,21.139,0.746,0.751,13.511,23.590,0.189,8.916,9.756,0.018,4155.000,114.815,47.486,8.916,57.242,ON,Clear sky; Hybrid loop operating; Ceff=1.6x
193,09:36:00,33.260,65.340,63.380,46.570,45.200,32.060,1.513,16.257,17.357,0.831,1.361,802.400,1280.900,1.596,13.517,23.625,0.909,1.488,19.932,21.137,0.746,0.751,13.510,23.623,0.189,8.908,9.758,0.018,4155.000,115.043,47.521,8.908,57.279,ON,Clear sky; Hybrid loop operating; Ceff=1.6x
194,09:36:30,33.290,65.370,63.410,46.600,45.230,32.060,1.516,16.255,17.355,0.833,1.364,803.600,1283.400,1.597,13.535,23.669,0.910,1.490,19.930,21.135,0.746,0.752,13.540,23.672,0.189,8.915,9.759,0.018,4155.000,115.271,47.522,8.915,57.282,ON,Clear sky; Hybrid loop operating; Ceff=1.6x
195,09:37:00,33.310,65.420,63.460,46.640,45.270,32.070,1.522,16.253,17.353,0.834,1.367,805.400,1286.900,1.598,13.563,23.730,0.912,1.495,19.927,21.133,0.746,0.751,13.555,23.722,0.189,8.905,9.753,0.018,4155.000,115.728,47.581,8.905,57.334,ON,Clear sky; Hybrid loop operating; Ceff=1.6x
196,09:37:30,33.340,65.480,63.530,46.690,45.320,32.070,1.528,16.249,17.350,0.837,1.372,807.800,1291.300,1.599,13.598,23.805,0.915,1.500,19.922,21.129,0.746,0.751,13.600,23.804,0.189,8.908,9.754,0.018,4155.000,116.184,47.605,8.908,57.359,ON,Clear sky; Hybrid loop operating; Ceff=1.6x
197,09:38:00,33.370,65.570,63.610,46.750,45.380,32.070,1.536,16.244,17.346,0.840,1.377,810.500,1296.200,1.599,13.638,23.890,0.918,1.505,19.917,21.125,0.746,0.751,13.645,23.885,0.189,8.908,9.750,0.018,4155.000,116.792,47.674,8.908,57.424,ON,Clear sky; Hybrid loop operating; Ceff=1.6x
198,09:38:30,33.400,65.680,63.710,46.820,45.450,32.070,1.544,16.238,17.342,0.842,1.383,813.200,1301.300,1.600,13.678,23.976,0.921,1.511,19.910,21.121,0.746,0.751,13.672,23.984,0.189,8.896,9.752,0.018,4155.000,117.400,47.734,8.896,57.486,ON,Clear sky; Hybrid loop operating; Ceff=1.6x
199,09:39:00,33.420,65.790,63.820,46.910,45.530,32.080,1.551,16.231,17.337,0.845,1.388,815.900,1306.100,1.601,13.715,24.056,0.924,1.516,19.903,21.116,0.746,0.751,13.715,24.064,0.189,8.894,9.748,0.018,4155.000,117.933,47.774,8.894,57.523,ON,Clear sky; Hybrid loop operating; Ceff=1.6x
200,09:39:30,33.450,65.920,63.930,47.000,45.610,32.080,1.557,16.223,17.332,0.847,1.392,818.100,1310.300,1.602,13.745,24.124,0.926,1.521,19.895,21.110,0.746,0.751,13.741,24.126,0.189,8.887,9.742,0.018,4155.000,118.389,47.806,8.887,57.548,ON,Clear sky; Hybrid loop operating; Ceff=1.6x
201,09:40:00,33.480,66.050,64.050,47.090,45.690,32.080,1.562,16.216,17.327,0.849,1.395,819.700,1313.500,1.602,13.764,24.176,0.928,1.525,19.887,21.105,0.746,0.751,13.767,24.171,0.189,8.887,9.737,0.018,4155.000,118.769,47.842,8.887,57.579,ON,Clear sky; Hybrid loop operating; Ceff=1.6x
202,09:40:30,33.500,66.180,64.170,47.170,45.760,32.080,1.566,16.209,17.322,0.850,1.398,820.800,1315.800,1.603,13.774,24.210,0.929,1.527,19.879,21.099,0.746,0.751,13.778,24.216,0.189,8.881,9.738,0.018,4155.000,119.073,47.881,8.881,57.619,ON,Clear sky; Hybrid loop operating; Ceff=1.6x
203,09:41:00,33.530,66.300,64.280,47.250,45.840,32.090,1.568,16.202,17.318,0.850,1.399,821.300,1317.300,1.604,13.775,24.228,0.929,1.529,19.871,21.094,0.746,0.751,13.772,24.228,0.189,8.872,9.731,0.018,4155.000,119.225,47.887,8.872,57.619,ON,Clear sky; Hybrid loop operating; Ceff=1.6x
204,09:41:30,33.550,66.400,64.370,47.320,45.900,32.090,1.569,16.196,17.314,0.850,1.400,821.400,1318.100,1.605,13.771,24.236,0.929,1.530,19.865,21.090,0.746,0.751,13.767,24.240,0.189,8.868,9.730,0.018,4155.000,119.301,47.889,8.868,57.619,ON,Clear sky; Hybrid loop operating; Ceff=1.6x
205,09:42:00,33.580,66.480,64.450,47.380,45.960,32.090,1.570,16.191,17.310,0.850,1.400,821.300,1318.600,1.605,13.765,24.240,0.929,1.530,19.859,21.086,0.746,0.751,13.762,24.234,0.189,8.866,9.724,0.018,4155.000,119.377,47.901,8.866,57.625,ON,Clear sky; Hybrid loop operating; Ceff=1.61x
206,09:42:30,33.600,66.550,64.520,47.430,46.000,32.090,1.571,16.187,17.307,0.850,1.401,821.400,1319.300,1.606,13.762,24.248,0.929,1.531,19.855,21.083,0.746,0.751,13.759,24.247,0.189,8.863,9.724,0.018,4155.000,119.453,47.906,8.863,57.631,ON,Clear sky; Hybrid loop operating; Ceff=1.61x
207,09:43:00,33.620,66.600,64.570,47.460,46.040,32.090,1.573,16.185,17.305,0.851,1.402,821.800,1320.600,1.607,13.766,24.268,0.930,1.533,19.852,21.081,0.746,0.751,13.773,24.262,0.189,8.868,9.720,0.018,4155.000,119.605,47.920,8.868,57.641,ON,Clear sky; Hybrid loop operating; Ceff=1.61x
208,09:43:30,33.640,66.630,64.600,47.490,46.070,32.090,1.577,16.183,17.304,0.852,1.405,822.800,1322.800,1.608,13.780,24.305,0.931,1.535,19.850,21.079,0.746,0.751,13.788,24.312,0.189,8.866,9.724,0.018,4155.000,119.910,47.962,8.866,57.687,ON,Clear sky; Hybrid loop operating; Ceff=1.61x
209,09:44:00,33.670,66.650,64.630,47.510,46.100,32.100,1.581,16.181,17.302,0.853,1.408,824.300,1325.900,1.608,13.805,24.360,0.932,1.539,19.848,21.077,0.746,0.751,13.802,24.361,0.189,8.859,9.721,0.018,4155.000,120.214,47.971,8.859,57.693,ON,Clear sky; Hybrid loop operating; Ceff=1.61x
210,09:44:30,33.690,66.660,64.650,47.530,46.120,32.100,1.588,16.180,17.301,0.855,1.412,826.500,1330.000,1.609,13.840,24.434,0.935,1.543,19.847,21.076,0.746,0.751,13.834,24.429,0.189,8.856,9.718,0.018,4155.000,120.746,48.035,8.856,57.754,ON,Clear sky; Hybrid loop operating; Ceff=1.61x
211,09:45:00,33.710,66.670,64.670,47.540,46.140,32.100,1.595,16.179,17.300,0.858,1.417,829.100,1334.900,1.610,13.883,24.521,0.938,1.549,19.846,21.075,0.746,0.751,13.882,24.514,0.189,8.859,9.716,0.018,4155.000,121.278,48.070,8.859,57.786,ON,Clear sky; Hybrid loop operating; Ceff=1.61x
212,09:45:30,33.730,66.690,64.700,47.560,46.170,32.100,1.603,16.178,17.299,0.861,1.423,832.000,1340.100,1.611,13.929,24.615,0.941,1.555,19.845,21.073,0.746,0.751,13.929,24.616,0.189,8.858,9.719,0.018,4155.000,121.887,48.123,8.858,57.843,ON,Clear sky; Hybrid loop operating; Ceff=1.61x
213,09:46:00,33.750,66.710,64.730,47.580,46.200,32.100,1.611,16.176,17.297,0.864,1.428,834.900,1345.300,1.611,13.975,24.708,0.944,1.561,19.843,21.072,0.746,0.751,13.976,24.700,0.189,8.857,9.714,0.018,4155.000,122.495,48.177,8.857,57.891,ON,Clear sky; Hybrid loop operating; Ceff=1.61x
214,09:46:30,33.770,66.750,64.780,47.610,46.230,32.100,1.619,16.174,17.295,0.867,1.433,837.500,1350.100,1.612,14.016,24.792,0.947,1.567,19.840,21.069,0.746,0.751,14.023,24.784,0.189,8.859,9.713,0.018,4155.000,123.103,48.244,8.859,57.956,ON,Clear sky; Hybrid loop operating; Ceff=1.61x
215,09:47:00,33.790,66.810,64.840,47.650,46.280,32.100,1.625,16.170,17.293,0.869,1.438,839.600,1354.100,1.613,14.048,24.861,0.949,1.571,19.836,21.067,0.746,0.751,14.052,24.867,0.189,8.855,9.717,0.018,4155.000,123.559,48.280,8.855,57.996,ON,Clear sky; Hybrid loop operating; Ceff=1.61x
216,09:47:30,33.800,66.880,64.910,47.700,46.320,32.100,1.630,16.166,17.290,0.870,1.441,841.100,1357.100,1.614,14.068,24.912,0.951,1.575,19.832,21.064,0.746,0.751,14.064,24.915,0.189,8.847,9.714,0.018,4155.000,123.939,48.321,8.847,58.035,ON,Clear sky; Hybrid loop operating; Ceff=1.61x
217,09:48:00,33.820,66.960,64.990,47.760,46.380,32.110,1.633,16.161,17.286,0.871,1.443,842.000,1359.200,1.614,14.078,24.944,0.952,1.577,19.826,21.060,0.746,0.751,14.076,24.944,0.189,8.845,9.710,0.018,4155.000,124.168,48.335,8.845,58.045,ON,Clear sky; Hybrid loop operating; Ceff=1.61x
218,09:48:30,33.840,67.060,65.080,47.830,46.440,32.110,1.635,16.156,17.283,0.871,1.444,842.400,1360.400,1.615,14.078,24.960,0.952,1.578,19.820,21.056,0.746,0.751,14.072,24.957,0.189,8.838,9.706,0.018,4155.000,124.320,48.352,8.838,58.058,ON,Clear sky; Hybrid loop operating; Ceff=1.62x
219,09:49:00,33.860,67.170,65.180,47.900,46.500,32.110,1.636,16.149,17.279,0.871,1.445,842.400,1361.200,1.616,14.072,24.966,0.952,1.579,19.813,21.052,0.746,0.751,14.066,24.968,0.189,8.835,9.705,0.018,4155.000,124.396,48.353,8.835,58.058,ON,Clear sky; Hybrid loop operating; Ceff=1.62x
220,09:49:30,33.870,67.280,65.280,47.970,46.570,32.110,1.637,16.143,17.275,0.871,1.445,842.400,1361.800,1.617,14.065,24.970,0.952,1.580,19.806,21.047,0.746,0.751,14.061,24.962,0.189,8.831,9.699,0.018,4155.000,124.472,48.361,8.831,58.060,ON,Clear sky; Hybrid loop operating; Ceff=1.62x
221,09:50:00,33.890,67.400,65.380,48.040,46.630,32.110,1.638,16.136,17.271,0.871,1.446,842.600,1362.700,1.617,14.061,24.980,0.952,1.581,19.799,21.043,0.746,0.751,14.054,24.974,0.189,8.825,9.697,0.018,4155.000,124.548,48.359,8.825,58.055,ON,Clear sky; Hybrid loop operating; Ceff=1.62x
222,09:50:30,33.900,67.510,65.480,48.110,46.690,32.110,1.641,16.130,17.267,0.872,1.448,843.200,1364.300,1.618,14.065,25.002,0.953,1.583,19.792,21.038,0.746,0.751,14.065,25.003,0.189,8.826,9.696,0.018,4155.000,124.776,48.390,8.826,58.087,ON,Clear sky; Hybrid loop operating; Ceff=1.62x
223,09:51:00,33.910,67.620,65.580,48.180,46.750,32.120,1.645,16.124,17.263,0.873,1.451,844.400,1366.800,1.619,14.078,25.042,0.954,1.585,19.786,21.034,0.746,0.751,14.076,25.049,0.189,8.820,9.697,0.018,4155.000,125.080,48.420,8.820,58.116,ON,Clear sky; Hybrid loop operating; Ceff=1.62x
224,09:51:30,33.930,67.710,65.660,48.240,46.800,32.120,1.650,16.119,17.260,0.875,1.454,846.200,1370.400,1.619,14.102,25.100,0.956,1.589,19.780,21.031,0.746,0.751,14.104,25.096,0.189,8.819,9.689,0.018,4155.000,125.460,48.439,8.819,58.129,ON,Clear sky; Hybrid loop operating; Ceff=1.62x
225,09:52:00,33.940,67.790,65.740,48.290,46.850,32.120,1.657,16.114,17.257,0.877,1.459,848.600,1374.700,1.620,14.136,25.175,0.959,1.594,19.775,21.027,0.745,0.751,14.132,25.178,0.189,8.811,9.691,0.018,4155.000,125.992,48.493,8.811,58.183,ON,Clear sky; Hybrid loop operating; Ceff=1.62x
226,09:52:30,33.950,67.850,65.800,48.330,46.890,32.120,1.665,16.110,17.254,0.880,1.464,851.300,1379.700,1.621,14.177,25.262,0.962,1.600,19.771,21.025,0.745,0.751,14.177,25.260,0.189,8.811,9.687,0.018,4155.000,126.601,48.550,8.811,58.237,ON,Clear sky; Hybrid loop operating; Ceff=1.62x
227,09:53:00,33.970,67.900,65.850,48.360,46.930,32.130,1.673,16.107,17.252,0.883,1.470,854.100,1384.900,1.622,14.221,25.353,0.965,1.606,19.767,21.022,0.746,0.751,14.222,25.360,0.189,8.811,9.689,0.018,4155.000,127.209,48.600,8.811,58.289,ON,Clear sky; Hybrid loop operating; Ceff=1.62x
228,09:53:30,33.980,67.940,65.900,48.390,46.960,32.130,1.681,16.105,17.250,0.886,1.475,856.800,1389.900,1.622,14.263,25.442,0.968,1.612,19.765,21.021,0.745,0.751,14.269,25.444,0.189,8.812,9.686,0.018,4155.000,127.817,48.657,8.812,58.343,ON,Clear sky; Hybrid loop operating; Ceff=1.62x
229,09:54:00,33.990,67.960,65.930,48.410,46.980,32.130,1.688,16.104,17.249,0.888,1.479,859.100,1394.300,1.623,14.300,25.519,0.970,1.617,19.763,21.019,0.746,0.751,14.300,25.511,0.189,8.807,9.681,0.018,4155.000,128.350,48.705,8.807,58.386,ON,Clear sky; Hybrid loop operating; Ceff=1.62x
230,09:54:30,34.000,67.970,65.950,48.420,47.000,32.130,1.693,16.102,17.248,0.890,1.483,860.900,1397.800,1.624,14.328,25.582,0.972,1.621,19.762,21.018,0.746,0.751,14.331,25.579,0.189,8.808,9.682,0.018,4155.000,128.730,48.727,8.808,58.409,ON,Clear sky; Hybrid loop operating; Ceff=1.62x
231,09:55:00,34.010,67.980,65.970,48.430,47.010,32.140,1.697,16.102,17.248,0.891,1.486,862.000,1400.200,1.624,14.346,25.625,0.974,1.624,19.761,21.017,0.745,0.751,14.347,25.631,0.189,8.806,9.685,0.018,4155.000,129.034,48.759,8.806,58.444,ON,Clear sky; Hybrid loop operating; Ceff=1.62x
232,09:55:30,34.020,67.980,65.980,48.430,47.030,32.140,1.700,16.101,17.247,0.892,1.487,862.600,1401.700,1.625,14.355,25.651,0.974,1.625,19.761,21.017,0.746,0.751,14.362,25.646,0.189,8.809,9.681,0.018,4155.000,129.262,48.793,8.809,58.473,ON,Clear sky; Hybrid loop operating; Ceff=1.63x
233,09:56:00,34.030,67.990,66.000,48.440,47.040,32.150,1.701,16.100,17.247,0.892,1.488,862.700,1402.500,1.626,14.355,25.664,0.974,1.626,19.760,21.016,0.746,0.751,14.361,25.664,0.189,8.808,9.682,0.018,4155.000,129.338,48.793,8.808,58.475,ON,Clear sky; Hybrid loop operating; Ceff=1.63x
234,09:56:30,34.040,68.010,66.020,48.450,47.060,32.150,1.701,16.099,17.246,0.891,1.488,862.500,1402.800,1.626,14.352,25.669,0.974,1.627,19.759,21.016,0.746,0.751,14.344,25.662,0.189,8.799,9.679,0.018,4155.000,129.338,48.783,8.799,58.462,ON,Clear sky; Hybrid loop operating; Ceff=1.63x
235,09:57:00,34.050,68.030,66.050,48.460,47.070,32.150,1.702,16.098,17.245,0.891,1.489,862.400,1403.200,1.627,14.348,25.674,0.974,1.627,19.757,21.014,0.746,0.751,14.343,25.678,0.189,8.800,9.682,0.018,4155.000,129.414,48.798,8.800,58.480,ON,Clear sky; Hybrid loop operating; Ceff=1.63x
236,09:57:30,34.060,68.070,66.090,48.480,47.100,32.160,1.703,16.095,17.244,0.891,1.490,862.500,1404.000,1.628,14.348,25.687,0.974,1.628,19.754,21.013,0.746,0.751,14.341,25.694,0.189,8.797,9.683,0.018,4155.000,129.490,48.799,8.797,58.481,ON,Clear sky; Hybrid loop operating; Ceff=1.63x
237,09:58:00,34.070,68.120,66.140,48.510,47.130,32.160,1.706,16.092,17.242,0.892,1.491,863.200,1405.700,1.628,14.355,25.713,0.975,1.630,19.751,21.011,0.745,0.751,14.354,25.708,0.189,8.798,9.676,0.018,4155.000,129.718,48.825,8.798,58.502,ON,Clear sky; Hybrid loop operating; Ceff=1.63x
238,09:58:30,34.080,68.190,66.210,48.560,47.170,32.170,1.710,16.088,17.239,0.893,1.494,864.400,1408.200,1.629,14.370,25.756,0.976,1.633,19.746,21.008,0.746,0.751,14.367,25.755,0.189,8.794,9.677,0.018,4155.000,130.022,48.853,8.794,58.530,ON,Clear sky; Hybrid loop operating; Ceff=1.63x
239,09:59:00,34.080,68.280,66.290,48.610,47.210,32.170,1.716,16.083,17.236,0.895,1.498,866.200,1411.800,1.630,14.395,25.815,0.978,1.637,19.741,21.005,0.746,0.751,14.394,25.820,0.189,8.792,9.676,0.018,4155.000,130.479,48.900,8.792,58.576,ON,Clear sky; Hybrid loop operating; Ceff=1.63x
240,09:59:30,34.090,68.370,66.370,48.670,47.260,32.180,1.722,16.078,17.233,0.897,1.502,868.500,1416.100,1.631,14.427,25.888,0.981,1.642,19.735,21.002,0.745,0.751,14.422,25.884,0.189,8.786,9.671,0.018,4155.000,130.935,48.921,8.786,58.593,ON,Clear sky; Hybrid loop operating; Ceff=1.63x
241,10:00:00,34.100,68.480,66.460,48.730,47.320,32.180,1.730,16.072,17.230,0.900,1.507,871.000,1420.800,1.631,14.463,25.969,0.983,1.647,19.729,20.998,0.746,0.751,14.465,25.966,0.189,8.787,9.669,0.018,4155.000,131.543,48.986,8.787,58.656,ON,Clear sky; Hybrid loop operating; Ceff=1.63x
242,10:00:30,34.110,68.580,66.560,48.790,47.370,32.190,1.738,16.066,17.226,0.902,1.512,873.600,1425.600,1.632,14.499,26.050,0.986,1.653,19.722,20.994,0.746,0.751,14.492,26.046,0.189,8.777,9.667,0.018,4155.000,132.151,49.047,8.777,58.714,ON,Clear sky; Hybrid loop operating; Ceff=1.63x
243,10:01:00,34.120,68.680,66.650,48.850,47.430,32.200,1.745,16.061,17.223,0.905,1.517,876.000,1430.000,1.633,14.531,26.124,0.989,1.658,19.716,20.990,0.745,0.751,14.535,26.127,0.189,8.779,9.667,0.018,4155.000,132.684,49.093,8.779,58.760,ON,Clear sky; Hybrid loop operating; Ceff=1.63x
244,10:01:30,34.130,68.770,66.730,48.910,47.480,32.200,1.751,16.056,17.219,0.907,1.521,877.800,1433.700,1.633,14.556,26.185,0.991,1.662,19.711,20.987,0.745,0.751,14.563,26.190,0.189,8.778,9.665,0.018,4155.000,133.140,49.135,8.778,58.800,ON,Clear sky; Hybrid loop operating; Ceff=1.63x
245,10:02:00,34.130,68.840,66.800,48.960,47.520,32.210,1.755,16.051,17.217,0.908,1.523,879.100,1436.400,1.634,14.573,26.229,0.992,1.665,19.706,20.984,0.745,0.751,14.574,26.221,0.189,8.772,9.659,0.018,4155.000,133.444,49.154,8.772,58.813,ON,Clear sky; Hybrid loop operating; Ceff=1.63x
246,10:02:30,34.140,68.900,66.860,48.990,47.560,32.210,1.757,16.048,17.215,0.909,1.525,879.800,1438.000,1.635,14.580,26.255,0.993,1.667,19.702,20.981,0.745,0.751,14.588,26.253,0.189,8.773,9.660,0.018,4155.000,133.596,49.156,8.773,58.815,ON,Clear sky; Hybrid loop operating; Ceff=1.63x
247,10:03:00,34.150,68.940,66.900,49.010,47.580,32.220,1.759,16.046,17.213,0.909,1.526,879.900,1438.800,1.635,14.579,26.266,0.993,1.668,19.700,20.980,0.745,0.751,14.586,26.267,0.189,8.771,9.659,0.018,4155.000,133.748,49.184,8.771,58.844,ON,Clear sky; Hybrid loop operating; Ceff=1.64x
248,10:03:30,34.160,68.950,66.920,49.020,47.600,32.230,1.759,16.044,17.213,0.908,1.526,879.600,1438.900,1.636,14.573,26.266,0.993,1.668,19.698,20.979,0.745,0.751,14.568,26.267,0.189,8.763,9.659,0.018,4155.000,133.748,49.181,8.763,58.839,ON,Clear sky; Hybrid loop operating; Ceff=1.64x
249,10:04:00,34.170,68.950,66.930,49.020,47.600,32.240,1.759,16.044,17.212,0.908,1.526,879.200,1438.800,1.637,14.565,26.264,0.992,1.668,19.698,20.979,0.745,0.751,14.568,26.266,0.189,8.767,9.659,0.018,4155.000,133.748,49.184,8.767,58.843,ON,Clear sky; Hybrid loop operating; Ceff=1.64x
250,10:04:30,34.180,68.940,66.920,49.010,47.600,32.240,1.759,16.045,17.213,0.908,1.526,878.900,1438.900,1.637,14.561,26.267,0.992,1.668,19.699,20.979,0.745,0.751,14.569,26.267,0.189,8.770,9.659,0.018,4155.000,133.748,49.181,8.770,58.839,ON,Clear sky; Hybrid loop operating; Ceff=1.64x
251,10:05:00,34.190,68.920,66.920,49.000,47.600,32.250,1.760,16.046,17.213,0.908,1.527,879.000,1439.600,1.638,14.564,26.281,0.992,1.669,19.700,20.980,0.745,0.751,14.570,26.284,0.189,8.770,9.660,0.018,4155.000,133.824,49.185,8.770,58.845,ON,Clear sky; Hybrid loop operating; Ceff=1.64x
252,10:05:30,34.200,68.900,66.900,48.990,47.590,32.260,1.763,16.047,17.214,0.908,1.528,879.600,1441.200,1.639,14.575,26.311,0.993,1.670,19.701,20.980,0.745,0.751,14.571,26.303,0.189,8.765,9.656,0.018,4155.000,134.052,49.214,8.765,58.870,ON,Clear sky; Hybrid loop operating; Ceff=1.64x
253,10:06:00,34.210,68.880,66.900,48.980,47.590,32.270,1.767,16.047,17.214,0.910,1.531,880.800,1443.800,1.639,14.596,26.359,0.994,1.673,19.701,20.981,0.745,0.751,14.603,26.355,0.189,8.772,9.658,0.018,4155.000,134.356,49.237,8.772,58.895,ON,Clear sky; Hybrid loop operating; Ceff=1.64x
254,10:06:30,34.220,68.870,66.900,48.970,47.590,32.280,1.772,16.047,17.214,0.911,1.535,882.600,1447.300,1.640,14.626,26.423,0.996,1.678,19.702,20.981,0.745,0.751,14.619,26.423,0.189,8.764,9.660,0.018,4155.000,134.737,49.257,8.764,58.917,ON,Clear sky; Hybrid loop operating; Ceff=1.64x
255,10:07:00,34.230,68.880,66.920,48.980,47.610,32.290,1.779,16.047,17.214,0.914,1.539,884.800,1451.500,1.640,14.662,26.499,0.999,1.682,19.701,20.980,0.745,0.751,14.667,26.492,0.189,8.771,9.657,0.018,4155.000,135.269,49.308,8.771,58.965,ON,Clear sky; Hybrid loop operating; Ceff=1.64x
256,10:07:30,34.240,68.910,66.950,49.000,47.630,32.290,1.786,16.045,17.212,0.916,1.544,887.200,1456.000,1.641,14.700,26.579,1.001,1.688,19.699,20.979,0.745,0.751,14.697,26.575,0.189,8.765,9.657,0.018,4155.000,135.801,49.349,8.765,59.007,ON,Clear sky; Hybrid loop operating; Ceff=1.64x
257,10:08:00,34.250,68.950,66.990,49.030,47.660,32.300,1.793,16.042,17.211,0.919,1.549,889.500,1460.400,1.642,14.735,26.655,1.004,1.693,19.696,20.977,0.745,0.751,14.743,26.660,0.189,8.769,9.659,0.018,4155.000,136.333,49.393,8.769,59.052,ON,Clear sky; Hybrid loop operating; Ceff=1.64x
258,10:08:30,34.260,69.020,67.050,49.070,47.700,32.310,1.800,16.039,17.208,0.921,1.553,891.500,1464.300,1.642,14.764,26.721,1.006,1.697,19.692,20.974,0.745,0.751,14.772,26.724,0.189,8.767,9.656,0.018,4155.000,136.866,49.454,8.767,59.110,ON,Clear sky; Hybrid loop operating; Ceff=1.64x
259,10:09:00,34.270,69.100,67.120,49.120,47.740,32.320,1.804,16.034,17.205,0.922,1.556,893.000,1467.300,1.643,14.784,26.771,1.008,1.701,19.687,20.971,0.745,0.750,14.783,26.771,0.189,8.759,9.653,0.018,4155.000,137.170,49.463,8.759,59.116,ON,Clear sky; Hybrid loop operating; Ceff=1.64x
260,10:09:30,34.280,69.190,67.210,49.180,47.790,32.330,1.808,16.029,17.202,0.923,1.558,893.900,1469.300,1.644,14.792,26.802,1.009,1.703,19.681,20.968,0.745,0.751,14.795,26.801,0.189,8.757,9.651,0.018,4155.000,137.474,49.505,8.757,59.156,ON,Clear sky; Hybrid loop operating; Ceff=1.64x
261,10:10:00,34.300,69.280,67.290,49.240,47.850,32.340,1.809,16.024,17.199,0.923,1.559,894.200,1470.400,1.644,14.791,26.814,1.009,1.704,19.676,20.964,0.745,0.751,14.790,26.813,0.189,8.751,9.648,0.018,4155.000,137.550,49.495,8.751,59.144,ON,Clear sky; Hybrid loop operating; Ceff=1.64x
262,10:10:30,34.310,69.370,67.370,49.300,47.900,32.350,1.810,16.018,17.195,0.923,1.559,894.000,1470.600,1.645,14.781,26.812,1.008,1.704,19.670,20.960,0.745,0.751,14.785,26.807,0.189,8.750,9.645,0.018,4155.000,137.626,49.516,8.750,59.161,ON,Clear sky; Hybrid loop operating; Ceff=1.64x
263,10:11:00,34.320,69.460,67.450,49.350,47.940,32.360,1.809,16.014,17.192,0.922,1.559,893.500,1470.400,1.646,14.768,26.802,1.008,1.704,19.665,20.957,0.745,0.751,14.765,26.802,0.189,8.743,9.644,0.018,4155.000,137.550,49.495,8.743,59.140,ON,Clear sky; Hybrid loop operating; Ceff=1.65x
264,10:11:30,34.340,69.540,67.520,49.400,47.990,32.370,1.809,16.009,17.190,0.922,1.559,893.000,1470.100,1.646,14.755,26.792,1.007,1.703,19.660,20.954,0.745,0.751,14.760,26.799,0.189,8.745,9.645,0.018,4155.000,137.550,49.505,8.745,59.151,ON,Clear sky; Hybrid loop operating; Ceff=1.65x
265,10:12:00,34.350,69.600,67.580,49.440,48.020,32.380,1.809,16.006,17.188,0.921,1.559,892.800,1470.300,1.647,14.747,26.791,1.007,1.704,19.656,20.952,0.745,0.750,14.742,26.796,0.189,8.736,9.643,0.018,4155.000,137.550,49.499,8.736,59.141,ON,Clear sky; Hybrid loop operating; Ceff=1.65x
266,10:12:30,34.370,69.640,67.620,49.470,48.050,32.390,1.811,16.003,17.186,0.922,1.560,893.000,1471.200,1.647,14.747,26.804,1.007,1.705,19.653,20.950,0.745,0.750,14.755,26.810,0.189,8.742,9.642,0.018,4155.000,137.702,49.523,8.742,59.165,ON,Clear sky; Hybrid loop operating; Ceff=1.65x
267,10:13:00,34.380,69.670,67.650,49.490,48.070,32.400,1.814,16.001,17.185,0.922,1.562,893.800,1473.100,1.648,14.758,26.836,1.008,1.707,19.651,20.948,0.745,0.750,14.753,26.843,0.189,8.733,9.641,0.018,4155.000,137.930,49.541,8.733,59.182,ON,Clear sky; Hybrid loop operating; Ceff=1.65x
268,10:13:30,34.400,69.680,67.670,49.500,48.090,32.410,1.818,16.000,17.184,0.924,1.565,895.200,1476.000,1.649,14.781,26.887,1.010,1.710,19.650,20.947,0.745,0.751,14.784,26.893,0.189,8.738,9.640,0.018,4155.000,138.234,49.553,8.738,59.193,ON,Clear sky; Hybrid loop operating; Ceff=1.65x
269,10:14:00,34.420,69.690,67.670,49.510,48.100,32.420,1.825,16.000,17.183,0.926,1.569,897.200,1479.700,1.649,14.813,26.955,1.012,1.714,19.650,20.947,0.745,0.751,14.816,26.960,0.189,8.737,9.640,0.018,4155.000,138.767,49.619,8.737,59.259,ON,Clear sky; Hybrid loop operating; Ceff=1.65x
270,10:14:30,34.430,69.680,67.680,49.510,48.110,32.430,1.832,16.000,17.183,0.928,1.573,899.500,1484.100,1.650,14.851,27.034,1.014,1.719,19.650,20.947,0.745,0.751,14.848,27.029,0.189,8.734,9.636,0.018,4155.000,139.299,49.662,8.734,59.298,ON,Clear sky; Hybrid loop operating; Ceff=1.65x
271,10:15:00,34.450,69.670,67.680,49.510,48.110,32.440,1.839,16.001,17.183,0.931,1.578,901.900,1488.600,1.651,14.891,27.116,1.017,1.725,19.651,20.946,0.745,0.750,14.897,27.115,0.189,8.739,9.638,0.018,4155.000,139.831,49.701,8.739,59.338,ON,Clear sky; Hybrid loop operating; Ceff=1.65x
272,10:15:30,34.470,69.650,67.680,49.510,48.120,32.450,1.846,16.001,17.182,0.933,1.583,904.200,1492.900,1.651,14.929,27.193,1.020,1.730,19.651,20.946,0.745,0.750,14.929,27.199,0.189,8.736,9.640,0.018,4155.000,140.363,49.746,8.736,59.386,ON,Clear sky; Hybrid loop operating; Ceff=1.65x
273,10:16:00,34.490,69.650,67.680,49.510,48.140,32.460,1.852,16.001,17.182,0.935,1.586,906.000,1496.500,1.652,14.960,27.258,1.022,1.734,19.651,20.945,0.745,0.751,14.961,27.251,0.189,8.737,9.635,0.018,4155.000,140.820,49.788,8.737,59.423,ON,Clear sky; Hybrid loop operating; Ceff=1.65x
274,10:16:30,34.510,69.650,67.690,49.520,48.150,32.470,1.856,16.001,17.181,0.936,1.589,907.400,1499.200,1.652,14.981,27.306,1.023,1.737,19.651,20.945,0.745,0.751,14.977,27.301,0.189,8.733,9.635,0.018,4155.000,141.124,49.806,8.733,59.441,ON,Clear sky; Hybrid loop operating; Ceff=1.65x
275,10:17:00,34.530,69.660,67.710,49.540,48.170,32.480,1.859,16.000,17.180,0.937,1.591,908.100,1501.000,1.653,14.991,27.335,1.024,1.739,19.649,20.943,0.745,0.751,14.992,27.333,0.189,8.735,9.635,0.018,4155.000,141.352,49.826,8.735,59.461,ON,Clear sky; Hybrid loop operating; Ceff=1.65x
276,10:17:30,34.550,69.690,67.740,49.560,48.200,32.490,1.860,15.998,17.179,0.937,1.592,908.200,1501.700,1.654,14.992,27.346,1.024,1.740,19.647,20.942,0.745,0.750,14.990,27.349,0.189,8.733,9.636,0.018,4155.000,141.428,49.830,8.733,59.466,ON,Clear sky; Hybrid loop operating; Ceff=1.65x
277,10:18:00,34.570,69.740,67.790,49.600,48.230,32.500,1.861,15.995,17.177,0.937,1.592,908.000,1501.900,1.654,14.984,27.345,1.024,1.740,19.644,20.940,0.745,0.751,14.987,27.346,0.189,8.733,9.634,0.018,4155.000,141.504,49.850,8.733,59.484,ON,Clear sky; Hybrid loop operating; Ceff=1.65x
278,10:18:30,34.590,69.800,67.840,49.640,48.270,32.510,1.860,15.992,17.174,0.936,1.592,907.500,1501.700,1.655,14.973,27.337,1.023,1.740,19.641,20.937,0.745,0.750,14.969,27.341,0.189,8.727,9.633,0.018,4155.000,141.428,49.830,8.727,59.463,ON,Clear sky; Hybrid loop operating; Ceff=1.65x
279,10:19:00,34.610,69.870,67.910,49.690,48.320,32.520,1.860,15.988,17.171,0.936,1.592,907.200,1501.700,1.655,14.963,27.331,1.023,1.740,19.636,20.934,0.745,0.750,14.965,27.336,0.189,8.728,9.631,0.018,4155.000,141.428,49.830,8.728,59.461,ON,Clear sky; Hybrid loop operating; Ceff=1.66x
280,10:19:30,34.630,69.950,67.990,49.750,48.370,32.530,1.861,15.983,17.168,0.936,1.592,907.200,1502.300,1.656,14.958,27.335,1.023,1.740,19.631,20.930,0.745,0.751,14.960,27.331,0.189,8.725,9.626,0.018,4155.000,141.504,49.837,8.725,59.463,ON,Clear sky; Hybrid loop operating; Ceff=1.66x
281,10:20:00,34.660,70.050,68.070,49.810,48.430,32.540,1.864,15.978,17.165,0.936,1.594,907.800,1503.700,1.656,14.961,27.354,1.023,1.742,19.625,20.926,0.745,0.750,14.955,27.361,0.189,8.717,9.627,0.018,4155.000,141.732,49.871,8.717,59.498,ON,Clear sky; Hybrid loop operating; Ceff=1.66x
282,10:20:30,34.680,70.140,68.150,49.880,48.480,32.550,1.868,15.972,17.161,0.937,1.596,908.900,1506.100,1.657,14.973,27.392,1.025,1.744,19.619,20.922,0.745,0.751,14.966,27.389,0.189,8.712,9.622,0.018,4155.000,142.036,49.898,8.712,59.520,ON,Clear sky; Hybrid loop operating; Ceff=1.66x
283,10:21:00,34.700,70.240,68.240,49.940,48.540,32.560,1.873,15.967,17.157,0.939,1.600,910.700,1509.600,1.658,14.996,27.447,1.026,1.748,19.613,20.918,0.745,0.751,14.993,27.451,0.189,8.711,9.621,0.018,4155.000,142.416,49.916,8.711,59.537,ON,Clear sky; Hybrid loop operating; Ceff=1.66x
284,10:21:30,34.730,70.330,68.320,50.010,48.600,32.570,1.880,15.962,17.153,0.941,1.604,912.900,1513.900,1.658,15.027,27.517,1.029,1.753,19.608,20.914,0.745,0.751,15.020,27.513,0.189,8.705,9.616,0.018,4155.000,142.949,49.960,8.705,59.576,ON,Clear sky; Hybrid loop operating; Ceff=1.66x
285,10:22:00,34.750,70.420,68.400,50.070,48.650,32.580,1.888,15.957,17.150,0.944,1.609,915.500,1518.500,1.659,15.062,27.595,1.032,1.759,19.602,20.910,0.745,0.750,15.063,27.594,0.189,8.706,9.615,0.018,4155.000,143.557,50.020,8.706,59.635,ON,Clear sky; Hybrid loop operating; Ceff=1.66x
286,10:22:30,34.770,70.490,68.470,50.120,48.710,32.590,1.896,15.953,17.147,0.946,1.614,918.000,1523.200,1.659,15.099,27.674,1.034,1.764,19.598,20.907,0.745,0.750,15.092,27.675,0.189,8.698,9.613,0.018,4155.000,144.165,50.077,8.698,59.691,ON,Clear sky; Hybrid loop operating; Ceff=1.66x
287,10:23:00,34.800,70.540,68.520,50.170,48.750,32.600,1.903,15.949,17.144,0.949,1.618,920.200,1527.500,1.660,15.132,27.746,1.037,1.769,19.594,20.904,0.745,0.750,15.136,27.739,0.189,8.703,9.608,0.018,4155.000,144.697,50.121,8.703,59.729,ON,Clear sky; Hybrid loop operating; Ceff=1.66x
288,10:23:30,34.820,70.590,68.570,50.200,48.790,32.610,1.908,15.947,17.142,0.951,1.622,922.000,1531.000,1.660,15.158,27.805,1.039,1.773,19.591,20.902,0.745,0.750,15.166,27.804,0.189,8.703,9.609,0.018,4155.000,145.078,50.138,8.703,59.747,ON,Clear sky; Hybrid loop operating; Ceff=1.66x
289,10:24:00,34.850,70.610,68.600,50.230,48.820,32.620,1.913,15.945,17.140,0.952,1.625,923.200,1533.500,1.661,15.176,27.848,1.040,1.776,19.589,20.900,0.745,0.750,15.180,27.853,0.189,8.700,9.610,0.018,4155.000,145.458,50.187,8.700,59.797,ON,Clear sky; Hybrid loop operating; Ceff=1.66x
290,10:24:30,34.870,70.630,68.620,50.250,48.850,32.620,1.915,15.944,17.139,0.952,1.626,923.800,1535.000,1.662,15.184,27.872,1.041,1.777,19.588,20.898,0.745,0.751,15.179,27.868,0.189,8.693,9.606,0.018,4155.000,145.610,50.190,8.693,59.796,ON,Clear sky; Hybrid loop operating; Ceff=1.66x
291,10:25:00,34.900,70.630,68.630,50.260,48.870,32.630,1.916,15.943,17.138,0.952,1.627,923.900,1535.700,1.662,15.185,27.882,1.041,1.778,19.588,20.897,0.745,0.750,15.178,27.884,0.189,8.692,9.607,0.018,4155.000,145.686,50.194,8.692,59.801,ON,Clear sky; Hybrid loop operating; Ceff=1.66x
292,10:25:30,34.920,70.630,68.640,50.270,48.880,32.640,1.916,15.943,17.137,0.952,1.627,923.600,1535.800,1.663,15.181,27.883,1.041,1.778,19.588,20.896,0.744,0.750,15.178,27.882,0.189,8.695,9.606,0.018,4155.000,145.686,50.190,8.695,59.796,ON,Clear sky; Hybrid loop operating; Ceff=1.66x
293,10:26:00,34.950,70.630,68.650,50.280,48.900,32.650,1.916,15.943,17.136,0.952,1.627,923.300,1535.800,1.663,15.176,27.881,1.040,1.778,19.587,20.896,0.745,0.750,15.178,27.880,0.189,8.698,9.605,0.018,4155.000,145.686,50.190,8.698,59.796,ON,Clear sky; Hybrid loop operating; Ceff=1.66x
294,10:26:30,34.970,70.630,68.660,50.290,48.920,32.650,1.917,15.943,17.136,0.952,1.627,923.200,1536.100,1.664,15.173,27.885,1.040,1.778,19.587,20.895,0.745,0.751,15.178,27.880,0.189,8.699,9.603,0.018,4155.000,145.762,50.207,8.699,59.810,ON,Clear sky; Hybrid loop operating; Ceff=1.66x
295,10:27:00,35.000,70.650,68.680,50.310,48.940,32.660,1.918,15.942,17.134,0.952,1.628,923.500,1537.100,1.664,15.176,27.900,1.040,1.780,19.586,20.893,0.745,0.750,15.177,27.894,0.189,8.695,9.602,0.018,4155.000,145.838,50.200,8.695,59.802,ON,Clear sky; Hybrid loop operating; Ceff=1.66x
296,10:27:30,35.030,70.680,68.720,50.340,48.970,32.670,1.922,15.940,17.133,0.953,1.630,924.300,1539.000,1.665,15.188,27.932,1.041,1.782,19.584,20.891,0.745,0.750,15.191,27.927,0.189,8.696,9.601,0.018,4155.000,146.142,50.243,8.696,59.844,ON,Clear sky; Hybrid loop operating; Ceff=1.66x
297,10:28:00,35.050,70.720,68.760,50.380,49.010,32.680,1.926,15.937,17.130,0.954,1.633,925.800,1541.900,1.665,15.209,27.981,1.043,1.785,19.580,20.889,0.745,0.750,15.204,27.973,0.189,8.689,9.599,0.018,4155.000,146.446,50.253,8.689,59.852,ON,Clear sky; Hybrid loop operating; Ceff=1.67x
298,10:28:30,35.080,70.790,68.830,50.430,49.060,32.680,1.933,15.933,17.127,0.956,1.637,927.800,1545.800,1.666,15.237,28.045,1.045,1.790,19.576,20.886,0.745,0.750,15.232,28.037,0.189,8.686,9.597,0.018,4155.000,146.979,50.308,8.686,59.905,ON,Clear sky; Hybrid loop operating; Ceff=1.67x
299,10:29:00,35.100,70.880,68.910,50.490,49.110,32.690,1.940,15.928,17.124,0.959,1.642,930.300,1550.300,1.667,15.271,28.120,1.048,1.795,19.571,20.882,0.745,0.750,15.275,28.118,0.189,8.688,9.596,0.018,4155.000,147.511,50.344,8.688,59.940,ON,Clear sky; Hybrid loop operating; Ceff=1.67x
300,10:29:30,35.130,70.980,69.000,50.560,49.180,32.690,1.948,15.922,17.120,0.961,1.647,932.800,1555.100,1.667,15.306,28.198,1.051,1.800,19.564,20.877,0.744,0.750,15.301,28.197,0.189,8.679,9.594,0.018,4155.000,148.119,50.395,8.679,59.989,ON,Clear sky; Hybrid loop operating; Ceff=1.67x
301,10:30:00,35.150,71.090,69.100,50.640,49.250,32.700,1.956,15.916,17.115,0.964,1.652,935.300,1559.700,1.668,15.339,28.272,1.053,1.805,19.557,20.872,0.745,0.750,15.343,28.274,0.189,8.680,9.591,0.018,4155.000,148.727,50.453,8.680,60.045,ON,Clear sky; Hybrid loop operating; Ceff=1.67x
302,10:30:30,35.180,71.210,69.210,50.730,49.320,32.700,1.963,15.909,17.110,0.966,1.656,937.400,1563.700,1.668,15.365,28.334,1.055,1.810,19.550,20.867,0.745,0.750,15.368,28.334,0.189,8.674,9.587,0.018,4155.000,149.260,50.504,8.674,60.091,ON,Clear sky; Hybrid loop operating; Ceff=1.67x
303,10:31:00,35.200,71.330,69.310,50.810,49.400,32.710,1.968,15.902,17.106,0.967,1.659,938.900,1566.800,1.669,15.382,28.381,1.057,1.813,19.543,20.862,0.745,0.750,15.377,28.379,0.189,8.666,9.583,0.018,4155.000,149.640,50.533,8.666,60.116,ON,Clear sky; Hybrid loop operating; Ceff=1.67x
304,10:31:30,35.230,71.440,69.420,50.890,49.470,32.710,1.971,15.896,17.101,0.968,1.661,939.900,1568.800,1.669,15.389,28.409,1.058,1.816,19.536,20.857,0.745,0.750,15.387,28.405,0.189,8.662,9.580,0.018,4155.000,149.868,50.545,8.662,60.125,ON,Clear sky; Hybrid loop operating; Ceff=1.67x
305,10:32:00,35.250,71.540,69.510,50.960,49.530,32.720,1.973,15.890,17.097,0.968,1.662,940.200,1569.900,1.670,15.388,28.419,1.058,1.817,19.530,20.853,0.745,0.750,15.382,28.415,0.189,8.656,9.577,0.018,4155.000,150.020,50.561,8.656,60.138,ON,Clear sky; Hybrid loop operating; Ceff=1.67x
306,10:32:30,35.280,71.620,69.580,51.020,49.590,32.720,1.973,15.886,17.094,0.968,1.662,940.100,1570.100,1.670,15.380,28.417,1.058,1.817,19.524,20.849,0.745,0.750,15.378,28.410,0.189,8.655,9.574,0.018,4155.000,150.020,50.555,8.655,60.128,ON,Clear sky; Hybrid loop operating; Ceff=1.67x
307,10:33:00,35.300,71.690,69.640,51.060,49.630,32.720,1.973,15.882,17.091,0.968,1.662,939.700,1570.000,1.671,15.369,28.409,1.058,1.817,19.520,20.846,0.744,0.750,15.374,28.405,0.189,8.656,9.573,0.018,4155.000,150.020,50.558,8.656,60.131,ON,Clear sky; Hybrid loop operating; Ceff=1.67x
308,10:33:30,35.320,71.730,69.690,51.100,49.670,32.730,1.973,15.879,17.089,0.967,1.662,939.300,1569.900,1.671,15.360,28.402,1.057,1.816,19.517,20.844,0.745,0.750,15.355,28.402,0.189,8.649,9.572,0.018,4155.000,150.020,50.561,8.649,60.133,ON,Clear sky; Hybrid loop operating; Ceff=1.67x
309,10:34:00,35.350,71.760,69.720,51.120,49.700,32.730,1.973,15.878,17.088,0.967,1.662,939.200,1570.200,1.672,15.356,28.405,1.057,1.817,19.516,20.842,0.744,0.750,15.354,28.400,0.189,8.650,9.570,0.018,4155.000,150.020,50.551,8.650,60.121,ON,Clear sky; Hybrid loop operating; Ceff=1.67x
310,10:34:30,35.370,71.770,69.740,51.140,49.720,32.730,1.975,15.877,17.087,0.968,1.663,939.600,1571.300,1.672,15.362,28.423,1.057,1.818,19.515,20.841,0.745,0.750,15.369,28.416,0.189,8.654,9.568,0.018,4155.000,150.172,50.567,8.654,60.135,ON,Clear sky; Hybrid loop operating; Ceff=1.67x
311,10:35:00,35.390,71.770,69.750,51.150,49.730,32.740,1.979,15.876,17.086,0.969,1.666,940.500,1573.400,1.673,15.377,28.459,1.058,1.820,19.514,20.840,0.745,0.750,15.384,28.465,0.189,8.655,9.572,0.018,4155.000,150.476,50.602,8.655,60.174,ON,Clear sky; Hybrid loop operating; Ceff=1.67x
312,10:35:30,35.410,71.760,69.760,51.150,49.740,32.740,1.984,15.876,17.085,0.970,1.669,942.100,1576.500,1.673,15.402,28.513,1.060,1.824,19.514,20.839,0.745,0.750,15.400,28.515,0.189,8.649,9.570,0.018,4155.000,150.856,50.630,8.649,60.200,ON,Clear sky; Hybrid loop operating; Ceff=1.67x
313,10:36:00,35.430,71.760,69.760,51.160,49.760,32.740,1.990,15.876,17.085,0.972,1.673,944.100,1580.300,1.674,15.435,28.582,1.063,1.828,19.514,20.839,0.744,0.750,15.431,28.583,0.189,8.648,9.570,0.018,4155.000,151.313,50.661,8.648,60.231,ON,Clear sky; Hybrid loop operating; Ceff=1.67x
314,10:36:30,35.450,71.770,69.780,51.170,49.780,32.740,1.998,15.875,17.084,0.975,1.678,946.500,1584.700,1.674,15.472,28.659,1.065,1.833,19.513,20.838,0.745,0.750,15.478,28.667,0.189,8.652,9.571,0.018,4155.000,151.921,50.723,8.652,60.295,ON,Clear sky; Hybrid loop operating; Ceff=1.67x
315,10:37:00,35.470,71.790,69.810,51.190,49.810,32.740,2.005,15.874,17.082,0.977,1.682,948.800,1589.100,1.675,15.509,28.737,1.068,1.839,19.512,20.836,0.744,0.750,15.509,28.732,0.189,8.649,9.566,0.018,4155.000,152.453,50.760,8.649,60.327,ON,Clear sky; Hybrid loop operating; Ceff=1.67x
316,10:37:30,35.490,71.820,69.840,51.220,49.840,32.750,2.012,15.872,17.080,0.979,1.686,951.000,1593.200,1.675,15.542,28.806,1.070,1.843,19.509,20.834,0.745,0.750,15.539,28.797,0.189,8.645,9.563,0.018,4155.000,152.985,50.806,8.645,60.370,ON,Clear sky; Hybrid loop operating; Ceff=1.68x
317,10:38:00,35.510,71.870,69.900,51.260,49.880,32.750,2.017,15.869,17.078,0.981,1.690,952.700,1596.500,1.676,15.566,28.861,1.072,1.847,19.506,20.831,0.744,0.750,15.567,28.862,0.189,8.646,9.565,0.018,4155.000,153.366,50.827,8.646,60.393,ON,Clear sky; Hybrid loop operating; Ceff=1.68x
318,10:38:30,35.530,71.940,69.960,51.310,49.930,32.750,2.021,15.865,17.075,0.982,1.692,953.800,1598.800,1.676,15.579,28.897,1.073,1.850,19.502,20.828,0.744,0.750,15.579,28.891,0.189,8.642,9.561,0.018,4155.000,153.670,50.855,8.642,60.416,ON,Clear sky; Hybrid loop operating; Ceff=1.68x
319,10:39:00,35.550,72.020,70.040,51.370,49.980,32.750,2.023,15.860,17.072,0.982,1.694,954.200,1600.100,1.677,15.580,28.912,1.074,1.851,19.497,20.825,0.744,0.750,15.575,28.920,0.189,8.636,9.563,0.018,4155.000,153.822,50.864,8.636,60.427,ON,Clear sky; Hybrid loop operating; Ceff=1.68x
320,10:39:30,35.570,72.110,70.120,51.430,50.040,32.750,2.024,15.855,17.068,0.982,1.694,954.100,1600.300,1.677,15.572,28.910,1.073,1.851,19.491,20.821,0.745,0.750,15.570,28.913,0.189,8.634,9.559,0.018,4155.000,153.898,50.883,8.634,60.442,ON,Clear sky; Hybrid loop operating; Ceff=1.68x
321,10:40:00,35.580,72.210,70.210,51.500,50.090,32.750,2.023,15.850,17.065,0.982,1.693,953.600,1600.000,1.678,15.557,28.896,1.073,1.851,19.485,20.817,0.744,0.750,15.565,28.891,0.189,8.636,9.554,0.018,4155.000,153.822,50.867,8.636,60.421,ON,Clear sky; Hybrid loop operating; Ceff=1.68x
322,10:40:30,35.600,72.310,70.300,51.560,50.150,32.750,2.022,15.844,17.061,0.981,1.693,953.000,1599.300,1.678,15.540,28.876,1.072,1.850,19.478,20.813,0.744,0.750,15.543,28.884,0.189,8.629,9.556,0.018,4155.000,153.746,50.864,8.629,60.420,ON,Clear sky; Hybrid loop operating; Ceff=1.68x
323,10:41:00,35.620,72.410,70.390,51.620,50.210,32.750,2.021,15.838,17.058,0.980,1.692,952.500,1598.900,1.679,15.524,28.861,1.071,1.849,19.472,20.809,0.744,0.750,15.521,28.862,0.189,8.622,9.551,0.018,4155.000,153.670,50.852,8.622,60.403,ON,Clear sky; Hybrid loop operating; Ceff=1.68x
324,10:41:30,35.630,72.500,70.470,51.680,50.260,32.750,2.022,15.833,17.054,0.980,1.692,952.300,1599.000,1.679,15.514,28.857,1.071,1.849,19.467,20.805,0.744,0.750,15.516,28.855,0.189,8.621,9.548,0.018,4155.000,153.746,50.874,8.621,60.422,ON,Clear sky; Hybrid loop operating; Ceff=1.68x
325,10:42:00,35.650,72.590,70.540,51.740,50.300,32.750,2.023,15.829,17.051,0.980,1.693,952.600,1600.000,1.680,15.514,28.869,1.071,1.850,19.462,20.802,0.744,0.750,15.512,28.867,0.189,8.616,9.546,0.018,4155.000,153.822,50.867,8.616,60.413,ON,Clear sky; Hybrid loop operating; Ceff=1.68x
326,10:42:30,35.660,72.650,70.600,51.780,50.340,32.750,2.027,15.825,17.049,0.981,1.695,953.500,1602.100,1.680,15.525,28.900,1.072,1.853,19.458,20.800,0.744,0.750,15.524,28.898,0.189,8.615,9.544,0.018,4155.000,154.126,50.901,8.615,60.444,ON,Clear sky; Hybrid loop operating; Ceff=1.68x
327,10:43:00,35.670,72.700,70.650,51.810,50.370,32.750,2.032,15.822,17.047,0.983,1.698,955.100,1605.000,1.681,15.546,28.949,1.074,1.856,19.454,20.797,0.744,0.750,15.553,28.946,0.189,8.616,9.542,0.018,4155.000,154.506,50.934,8.616,60.476,ON,Clear sky; Hybrid loop operating; Ceff=1.68x
328,10:43:30,35.690,72.740,70.690,51.840,50.400,32.750,2.038,15.820,17.045,0.985,1.702,957.000,1608.700,1.681,15.575,29.013,1.076,1.860,19.452,20.796,0.744,0.750,15.583,29.011,0.189,8.615,9.542,0.018,4155.000,154.962,50.967,8.615,60.509,ON,Clear sky; Hybrid loop operating; Ceff=1.68x
329,10:44:00,35.700,72.760,70.710,51.860,50.420,32.750,2.045,15.818,17.044,0.987,1.706,959.100,1612.700,1.682,15.608,29.083,1.078,1.865,19.451,20.794,0.744,0.750,15.612,29.077,0.189,8.613,9.540,0.018,4155.000,155.495,51.015,8.613,60.555,ON,Clear sky; Hybrid loop operating; Ceff=1.68x
330,10:44:30,35.710,72.760,70.730,51.870,50.440,32.750,2.051,15.818,17.043,0.989,1.710,961.200,1616.700,1.682,15.640,29.152,1.081,1.869,19.450,20.794,0.744,0.750,15.644,29.144,0.189,8.611,9.538,0.018,4155.000,155.951,51.038,8.611,60.576,ON,Clear sky; Hybrid loop operating; Ceff=1.68x
331,10:45:00,35.720,72.760,70.730,51.870,50.450,32.740,2.057,15.818,17.043,0.991,1.714,962.900,1620.000,1.682,15.669,29.212,1.083,1.873,19.450,20.793,0.744,0.750,15.676,29.212,0.189,8.614,9.541,0.018,4155.000,156.407,51.083,8.614,60.624,ON,Clear sky; Hybrid loop operating; Ceff=1.68x
332,10:45:30,35.730,72.750,70.730,51.870,50.450,32.740,2.061,15.818,17.043,0.992,1.717,964.200,1622.600,1.683,15.689,29.257,1.084,1.876,19.450,20.793,0.744,0.750,15.691,29.263,0.189,8.611,9.542,0.018,4155.000,156.711,51.101,8.611,60.643,ON,Clear sky; Hybrid loop operating; Ceff=1.68x
333,10:46:00,35.740,72.740,70.730,51.860,50.460,32.740,2.064,15.818,17.043,0.993,1.718,964.800,1624.100,1.683,15.700,29.284,1.085,1.878,19.451,20.793,0.744,0.750,15.707,29.280,0.189,8.614,9.539,0.018,4155.000,156.939,51.128,8.614,60.667,ON,Clear sky; Hybrid loop operating; Ceff=1.68x
334,10:46:30,35.750,72.730,70.730,51.860,50.460,32.740,2.065,15.819,17.043,0.993,1.719,964.800,1624.500,1.684,15.701,29.292,1.085,1.878,19.451,20.793,0.744,0.750,15.708,29.297,0.189,8.614,9.542,0.018,4155.000,157.015,51.140,8.614,60.682,ON,Clear sky; Hybrid loop operating; Ceff=1.68x
335,10:47:00,35.760,72.720,70.730,51.860,50.470,32.740,2.064,15.819,17.043,0.992,1.718,964.300,1624.100,1.684,15.693,29.284,1.084,1.878,19.451,20.793,0.744,0.750,15.692,29.280,0.189,8.610,9.539,0.018,4155.000,156.939,51.128,8.610,60.667,ON,Clear sky; Hybrid loop operating; Ceff=1.68x
336,10:47:30,35.770,72.720,70.750,51.860,50.480,32.740,2.063,15.818,17.042,0.991,1.717,963.500,1623.200,1.685,15.680,29.268,1.083,1.877,19.451,20.792,0.744,0.750,15.676,29.261,0.189,8.608,9.538,0.018,4155.000,156.863,51.131,8.608,60.669,ON,Clear sky; Hybrid loop operating; Ceff=1.68x
337,10:48:00,35.780,72.740,70.760,51.870,50.490,32.740,2.061,15.817,17.042,0.990,1.716,962.700,1622.300,1.685,15.665,29.249,1.082,1.876,19.449,20.792,0.744,0.750,15.659,29.244,0.189,8.606,9.538,0.018,4155.000,156.711,51.110,8.606,60.648,ON,Clear sky; Hybrid loop operating; Ceff=1.69x
338,10:48:30,35.780,72.770,70.800,51.890,50.510,32.740,2.060,15.815,17.041,0.990,1.716,962.100,1621.700,1.686,15.653,29.236,1.082,1.875,19.447,20.790,0.744,0.750,15.657,29.242,0.189,8.610,9.541,0.018,4155.000,156.635,51.104,8.610,60.645,ON,Clear sky; Hybrid loop operating; Ceff=1.69x
339,10:49:00,35.790,72.820,70.840,51.920,50.530,32.740,2.060,15.813,17.039,0.990,1.716,962.000,1621.800,1.686,15.647,29.235,1.081,1.875,19.445,20.789,0.744,0.750,15.655,29.239,0.189,8.610,9.539,0.018,4155.000,156.635,51.101,8.610,60.640,ON,Clear sky; Hybrid loop operating; Ceff=1.69x
340,10:49:30,35.800,72.880,70.890,51.950,50.570,32.730,2.062,15.810,17.037,0.990,1.717,962.400,1622.900,1.686,15.650,29.251,1.082,1.876,19.441,20.787,0.744,0.750,15.652,29.253,0.189,8.605,9.537,0.018,4155.000,156.787,51.116,8.605,60.653,ON,Clear sky; Hybrid loop operating; Ceff=1.69x
341,10:50:00,35.800,72.950,70.950,52.000,50.600,32.730,2.066,15.806,17.035,0.991,1.719,963.400,1625.100,1.687,15.662,29.285,1.083,1.879,19.437,20.784,0.744,0.750,15.664,29.283,0.189,8.603,9.534,0.018,4155.000,157.091,51.146,8.603,60.680,ON,Clear sky; Hybrid loop operating; Ceff=1.69x
342,10:50:30,35.810,73.020,71.020,52.050,50.640,32.730,2.071,15.801,17.032,0.992,1.722,965.000,1628.100,1.687,15.681,29.334,1.085,1.882,19.432,20.781,0.744,0.750,15.675,29.329,0.189,8.594,9.531,0.018,4155.000,157.472,51.175,8.594,60.707,ON,Clear sky; Hybrid loop operating; Ceff=1.69x
343,10:51:00,35.810,73.110,71.090,52.100,50.690,32.730,2.077,15.797,17.029,0.994,1.726,966.900,1631.800,1.688,15.707,29.394,1.087,1.886,19.427,20.778,0.744,0.750,15.702,29.392,0.189,8.592,9.530,0.018,4155.000,157.928,51.207,8.592,60.737,ON,Clear sky; Hybrid loop operating; Ceff=1.69x
344,10:51:30,35.820,73.190,71.170,52.150,50.730,32.730,2.084,15.792,17.026,0.996,1.730,969.000,1635.600,1.688,15.735,29.457,1.089,1.891,19.422,20.775,0.744,0.750,15.729,29.455,0.189,8.588,9.528,0.018,4155.000,158.460,51.260,8.588,60.789,ON,Clear sky; Hybrid loop operating; Ceff=1.69x
345,10:52:00,35.820,73.260,71.230,52.190,50.770,32.730,2.090,15.788,17.024,0.998,1.734,970.900,1639.300,1.688,15.760,29.517,1.091,1.895,19.417,20.772,0.744,0.750,15.756,29.520,0.189,8.587,9.528,0.018,4155.000,158.916,51.292,8.587,60.820,ON,Clear sky; Hybrid loop operating; Ceff=1.69x
346,10:52:30,35.830,73.320,71.290,52.230,50.800,32.730,2.095,15.784,17.022,1.000,1.737,972.400,1642.200,1.689,15.780,29.565,1.093,1.898,19.413,20.770,0.744,0.750,15.784,29.567,0.189,8.588,9.526,0.018,4155.000,159.296,51.324,8.588,60.850,ON,Clear sky; Hybrid loop operating; Ceff=1.69x
347,10:53:00,35.830,73.370,71.330,52.260,50.830,32.730,2.098,15.782,17.020,1.001,1.739,973.300,1644.200,1.689,15.792,29.598,1.094,1.901,19.410,20.768,0.744,0.750,15.798,29.598,0.189,8.588,9.525,0.018,4155.000,159.525,51.335,8.588,60.859,ON,Clear sky; Hybrid loop operating; Ceff=1.69x
348,10:53:30,35.840,73.390,71.360,52.280,50.850,32.730,2.100,15.780,17.019,1.001,1.740,973.700,1645.200,1.690,15.796,29.613,1.094,1.902,19.409,20.767,0.744,0.750,15.796,29.613,0.189,8.583,9.524,0.018,4155.000,159.677,51.352,8.583,60.876,ON,Clear sky; Hybrid loop operating; Ceff=1.69x
349,10:54:00,35.840,73.400,71.370,52.280,50.860,32.730,2.100,15.780,17.018,1.001,1.740,973.500,1645.200,1.690,15.792,29.613,1.094,1.902,19.408,20.766,0.744,0.750,15.796,29.611,0.189,8.585,9.523,0.018,4155.000,159.677,51.352,8.585,60.875,ON,Clear sky; Hybrid loop operating; Ceff=1.69x
350,10:54:30,35.850,73.390,71.370,52.280,50.860,32.730,2.099,15.780,17.019,1.000,1.739,972.800,1644.600,1.690,15.782,29.601,1.093,1.901,19.408,20.766,0.744,0.750,15.780,29.596,0.189,8.583,9.522,0.018,4155.000,159.601,51.347,8.583,60.868,ON,Clear sky; Hybrid loop operating; Ceff=1.69x
351,10:55:00,35.850,73.370,71.350,52.260,50.850,32.730,2.097,15.781,17.019,0.999,1.738,972.000,1643.600,1.691,15.770,29.585,1.092,1.900,19.410,20.767,0.744,0.750,15.765,29.579,0.189,8.582,9.522,0.018,4155.000,159.449,51.329,8.582,60.851,ON,Clear sky; Hybrid loop operating; Ceff=1.69x
352,10:55:30,35.850,73.330,71.330,52.240,50.840,32.730,2.096,15.783,17.020,0.999,1.737,971.300,1642.700,1.691,15.760,29.571,1.091,1.899,19.412,20.768,0.744,0.750,15.767,29.564,0.189,8.589,9.522,0.018,4155.000,159.373,51.333,8.589,60.855,ON,Clear sky; Hybrid loop operating; Ceff=1.69x
353,10:56:00,35.860,73.290,71.300,52.210,50.820,32.730,2.095,15.785,17.022,0.998,1.737,970.800,1642.400,1.692,15.756,29.568,1.091,1.898,19.414,20.770,0.744,0.750,15.753,29.567,0.189,8.586,9.525,0.018,4155.000,159.296,51.317,8.586,60.843,ON,Clear sky; Hybrid loop operating; Ceff=1.69x
354,10:56:30,35.860,73.260,71.280,52.190,50.810,32.730,2.096,15.787,17.023,0.998,1.738,971.000,1642.900,1.692,15.760,29.580,1.091,1.899,19.416,20.771,0.744,0.750,15.755,29.586,0.189,8.585,9.528,0.018,4155.000,159.373,51.326,8.585,60.855,ON,Clear sky; Hybrid loop operating; Ceff=1.69x
355,10:57:00,35.870,73.230,71.260,52.170,50.800,32.730,2.099,15.788,17.024,0.999,1.739,971.700,1644.500,1.692,15.774,29.611,1.092,1.901,19.417,20.772,0.744,0.750,15.772,29.605,0.189,8.588,9.525,0.018,4155.000,159.601,51.350,8.588,60.875,ON,Clear sky; Hybrid loop operating; Ceff=1.69x
356,10:57:30,35.870,73.210,71.250,52.160,50.790,32.730,2.103,15.789,17.024,1.000,1.742,973.000,1647.100,1.693,15.796,29.659,1.093,1.904,19.418,20.772,0.744,0.750,15.789,29.656,0.189,8.586,9.526,0.018,4155.000,159.905,51.366,8.586,60.893,ON,Clear sky; Hybrid loop operating; Ceff=1.69x
357,10:58:00,35.870,73.210,71.260,52.160,50.800,32.730,2.109,15.789,17.024,1.002,1.746,974.800,1650.600,1.693,15.825,29.721,1.095,1.908,19.418,20.772,0.744,0.750,15.821,29.724,0.189,8.587,9.528,0.018,4155.000,160.361,51.404,8.587,60.932,ON,Clear sky; Hybrid loop operating; Ceff=1.69x
358,10:58:30,35.880,73.230,71.280,52.180,50.810,32.730,2.116,15.787,17.023,1.004,1.750,976.900,1654.500,1.694,15.858,29.789,1.098,1.913,19.417,20.771,0.744,0.750,15.850,29.790,0.189,8.585,9.527,0.018,4155.000,160.893,51.453,8.585,60.980,ON,Clear sky; Hybrid loop operating; Ceff=1.69x
359,10:59:00,35.880,73.270,71.320,52.200,50.840,32.740,2.123,15.785,17.022,1.007,1.754,979.000,1658.400,1.694,15.889,29.857,1.100,1.917,19.414,20.770,0.744,0.750,15.895,29.857,0.189,8.591,9.526,0.018,4155.000,161.425,51.502,8.591,61.027,ON,Clear sky; Hybrid loop operating; Ceff=1.69x
360,10:59:30,35.890,73.330,71.370,52.240,50.870,32.740,2.129,15.782,17.019,1.008,1.758,980.900,1662.000,1.694,15.915,29.916,1.102,1.921,19.410,20.767,0.744,0.750,15.908,29.919,0.189,8.581,9.525,0.018,4155.000,161.882,51.535,8.581,61.060,ON,Clear sky; Hybrid loop operating; Ceff=1.69x
361,11:00:00,35.890,73.400,71.430,52.290,50.910,32.740,2.133,15.778,17.017,1.010,1.761,982.300,1664.800,1.695,15.933,29.961,1.104,1.924,19.406,20.765,0.744,0.750,15.936,29.967,0.189,8.584,9.524,0.018,4155.000,162.186,51.545,8.584,61.069,ON,Clear sky; Hybrid loop operating; Ceff=1.69x
362,11:00:30,35.900,73.480,71.500,52.340,50.950,32.740,2.137,15.773,17.014,1.011,1.762,983.200,1666.500,1.695,15.941,29.987,1.105,1.926,19.401,20.762,0.744,0.750,15.947,29.979,0.189,8.581,9.518,0.018,4155.000,162.490,51.589,8.581,61.107,ON,Clear sky; Hybrid loop operating; Ceff=1.7x
363,11:01:00,35.900,73.560,71.570,52.390,50.990,32.750,2.138,15.769,17.011,1.011,1.763,983.400,1667.300,1.695,15.939,29.995,1.105,1.927,19.396,20.759,0.744,0.750,15.942,29.990,0.189,8.578,9.517,0.018,4155.000,162.566,51.589,8.578,61.106,ON,Clear sky; Hybrid loop operating; Ceff=1.7x
364,11:01:30,35.910,73.640,71.640,52.430,51.030,32.750,2.138,15.764,17.009,1.010,1.763,983.100,1667.200,1.696,15.929,29.987,1.104,1.927,19.391,20.756,0.744,0.750,15.922,29.987,0.189,8.569,9.517,0.018,4155.000,162.566,51.592,8.569,61.108,ON,Clear sky; Hybrid loop operating; Ceff=1.7x
365,11:02:00,35.910,73.710,71.700,52.480,51.070,32.750,2.136,15.761,17.007,1.010,1.762,982.500,1666.500,1.696,15.914,29.969,1.104,1.926,19.387,20.753,0.744,0.750,15.919,29.966,0.189,8.573,9.514,0.018,4155.000,162.414,51.565,8.573,61.079,ON,Clear sky; Hybrid loop operating; Ceff=1.7x
366,11:02:30,35.920,73.770,71.750,52.510,51.100,32.750,2.135,15.757,17.005,1.009,1.761,981.800,1665.700,1.697,15.899,29.950,1.103,1.925,19.384,20.751,0.744,0.750,15.899,29.946,0.189,8.568,9.512,0.018,4155.000,162.338,51.566,8.568,61.078,ON,Clear sky; Hybrid loop operating; Ceff=1.7x
367,11:03:00,35.920,73.810,71.790,52.530,51.120,32.760,2.134,15.755,17.003,1.008,1.761,981.300,1665.100,1.697,15.888,29.938,1.102,1.924,19.381,20.750,0.744,0.750,15.881,29.942,0.189,8.563,9.514,0.018,4155.000,162.262,51.560,8.563,61.075,ON,Clear sky; Hybrid loop operating; Ceff=1.7x
368,11:03:30,35.930,73.830,71.810,52.540,51.130,32.760,2.134,15.754,17.003,1.008,1.761,981.200,1665.300,1.697,15.884,29.939,1.102,1.924,19.380,20.749,0.744,0.750,15.880,29.942,0.189,8.563,9.513,0.018,4155.000,162.262,51.554,8.563,61.067,ON,Clear sky; Hybrid loop operating; Ceff=1.7x
369,11:04:00,35.940,73.830,71.810,52.550,51.130,32.770,2.136,15.754,17.002,1.009,1.762,981.600,1666.400,1.698,15.891,29.958,1.102,1.926,19.380,20.749,0.744,0.750,15.896,29.958,0.189,8.568,9.512,0.018,4155.000,162.414,51.568,8.568,61.080,ON,Clear sky; Hybrid loop operating; Ceff=1.7x
370,11:04:30,35.950,73.820,71.810,52.540,51.130,32.770,2.140,15.754,17.003,1.010,1.764,982.700,1668.500,1.698,15.909,29.997,1.104,1.928,19.380,20.749,0.744,0.750,15.912,29.993,0.189,8.567,9.511,0.018,4155.000,162.718,51.600,8.567,61.111,ON,Clear sky; Hybrid loop operating; Ceff=1.7x
371,11:05:00,35.950,73.800,71.800,52.530,51.130,32.780,2.145,15.755,17.003,1.012,1.768,984.400,1671.700,1.698,15.937,30.055,1.106,1.932,19.381,20.749,0.743,0.750,15.944,30.061,0.189,8.570,9.515,0.018,4155.000,163.098,51.621,8.570,61.136,ON,Clear sky; Hybrid loop operating; Ceff=1.7x
372,11:05:30,35.960,73.770,71.780,52.520,51.130,32.780,2.152,15.756,17.004,1.014,1.772,986.400,1675.500,1.699,15.972,30.124,1.108,1.936,19.382,20.750,0.744,0.750,15.977,30.131,0.189,8.570,9.515,0.018,4155.000,163.631,51.672,8.570,61.187,ON,Clear sky; Hybrid loop operating; Ceff=1.7x
373,11:06:00,35.970,73.750,71.770,52.510,51.120,32.790,2.159,15.758,17.004,1.016,1.776,988.600,1679.600,1.699,16.010,30.199,1.110,1.941,19.384,20.750,0.744,0.750,16.010,30.199,0.189,8.569,9.513,0.018,4155.000,164.163,51.714,8.569,61.227,ON,Clear sky; Hybrid loop operating; Ceff=1.7x
374,11:06:30,35.980,73.720,71.750,52.500,51.120,32.790,2.166,15.759,17.004,1.018,1.780,990.800,1683.600,1.699,16.046,30.271,1.113,1.946,19.385,20.751,0.744,0.750,16.043,30.267,0.189,8.567,9.512,0.018,4155.000,164.695,51.758,8.567,61.270,ON,Clear sky; Hybrid loop operating; Ceff=1.7x
375,11:07:00,35.990,73.710,71.750,52.490,51.120,32.800,2.172,15.759,17.004,1.020,1.784,992.600,1686.900,1.700,16.075,30.332,1.115,1.949,19.386,20.751,0.744,0.750,16.074,30.335,0.189,8.568,9.515,0.018,4155.000,165.151,51.800,8.568,61.315,ON,Clear sky; Hybrid loop operating; Ceff=1.7x
376,11:07:30,36.000,73.710,71.750,52.500,51.130,32.800,2.176,15.759,17.004,1.021,1.786,993.800,1689.400,1.700,16.096,30.376,1.116,1.952,19.386,20.750,0.744,0.750,16.090,30.369,0.189,8.566,9.511,0.018,4155.000,165.455,51.819,8.566,61.330,ON,Clear sky; Hybrid loop operating; Ceff=1.7x
377,11:08:00,36.010,73.720,71.770,52.510,51.150,32.810,2.178,15.758,17.003,1.022,1.788,994.500,1690.900,1.700,16.105,30.400,1.117,1.954,19.385,20.749,0.744,0.750,16.105,30.401,0.189,8.568,9.513,0.018,4155.000,165.607,51.820,8.568,61.333,ON,Clear sky; Hybrid loop operating; Ceff=1.7x
378,11:08:30,36.020,73.750,71.800,52.530,51.170,32.810,2.179,15.756,17.002,1.022,1.788,994.600,1691.300,1.701,16.104,30.405,1.117,1.954,19.383,20.748,0.744,0.750,16.103,30.400,0.189,8.566,9.510,0.018,4155.000,165.684,51.832,8.566,61.342,ON,Clear sky; Hybrid loop operating; Ceff=1.7x
379,11:09:00,36.030,73.790,71.840,52.560,51.200,32.820,2.179,15.754,17.000,1.022,1.788,994.200,1690.900,1.701,16.094,30.394,1.117,1.954,19.380,20.746,0.743,0.750,16.101,30.396,0.189,8.569,9.511,0.018,4155.000,165.684,51.844,8.569,61.355,ON,Clear sky; Hybrid loop operating; Ceff=1.7x
380,11:09:30,36.050,73.850,71.890,52.600,51.230,32.830,2.177,15.751,16.998,1.021,1.787,993.500,1690.100,1.701,16.079,30.375,1.116,1.953,19.376,20.744,0.744,0.750,16.082,30.375,0.189,8.565,9.509,0.018,4155.000,165.531,51.821,8.565,61.330,ON,Clear sky; Hybrid loop operating; Ceff=1.7x
381,11:10:00,36.060,73.920,71.950,52.640,51.270,32.830,2.176,15.747,16.996,1.020,1.786,992.800,1689.300,1.701,16.064,30.355,1.115,1.952,19.372,20.741,0.744,0.750,16.062,30.355,0.189,8.560,9.507,0.018,4155.000,165.455,51.822,8.560,61.329,ON,Clear sky; Hybrid loop operating; Ceff=1.7x
382,11:10:30,36.070,74.000,72.020,52.690,51.310,32.840,2.175,15.742,16.993,1.020,1.786,992.400,1688.900,1.702,16.052,30.342,1.114,1.951,19.367,20.738,0.744,0.750,16.057,30.349,0.189,8.561,9.508,0.018,4155.000,165.379,51.810,8.561,61.318,ON,Clear sky; Hybrid loop operating; Ceff=1.7x
383,11:11:00,36.090,74.080,72.090,52.740,51.350,32.850,2.176,15.738,16.990,1.020,1.786,992.500,1689.300,1.702,16.047,30.343,1.114,1.952,19.362,20.735,0.744,0.750,16.053,30.344,0.189,8.558,9.504,0.018,4155.000,165.455,51.822,8.558,61.326,ON,Clear sky; Hybrid loop operating; Ceff=1.7x
384,11:11:30,36.100,74.160,72.160,52.800,51.400,32.850,2.178,15.733,16.987,1.020,1.787,993.200,1690.700,1.702,16.052,30.362,1.115,1.953,19.357,20.732,0.744,0.750,16.048,30.356,0.189,8.549,9.500,0.018,4155.000,165.607,51.826,8.549,61.326,ON,Clear sky; Hybrid loop operating; Ceff=1.7x
385,11:12:00,36.120,74.240,72.230,52.850,51.440,32.860,2.182,15.729,16.984,1.021,1.790,994.400,1693.100,1.703,16.066,30.399,1.116,1.956,19.353,20.729,0.744,0.750,16.059,30.401,0.189,8.545,9.501,0.018,4155.000,165.912,51.848,8.545,61.349,ON,Clear sky; Hybrid loop operating; Ceff=1.7x
386,11:12:30,36.130,74.310,72.290,52.900,51.480,32.870,2.188,15.725,16.982,1.023,1.793,996.200,1696.400,1.703,16.089,30.452,1.118,1.960,19.348,20.726,0.744,0.750,16.087,30.449,0.189,8.544,9.497,0.018,4155.000,166.368,51.889,8.544,61.386,ON,Clear sky; Hybrid loop operating; Ceff=1.7x
387,11:13:00,36.150,74.370,72.340,52.940,51.520,32.870,2.195,15.722,16.979,1.025,1.797,998.200,1700.200,1.703,16.118,30.515,1.120,1.964,19.345,20.723,0.744,0.750,16.115,30.511,0.189,8.542,9.495,0.018,4155.000,166.900,51.939,8.542,61.434,ON,Clear sky; Hybrid loop operating; Ceff=1.7x
388,11:13:30,36.160,74.420,72.390,52.970,51.550,32.880,2.202,15.719,16.977,1.027,1.801,1000.300,1704.100,1.704,16.149,30.581,1.123,1.969,19.342,20.721,0.743,0.750,16.143,30.576,0.189,8.539,9.493,0.018,4155.000,167.432,51.986,8.539,61.479,ON,Clear sky; Hybrid loop operating; Ceff=1.7x
389,11:14:00,36.180,74.450,72.420,53.000,51.580,32.890,2.208,15.717,16.976,1.029,1.805,1002.300,1707.700,1.704,16.178,30.641,1.125,1.973,19.340,20.719,0.744,0.750,16.173,30.642,0.189,8.537,9.494,0.018,4155.000,167.889,52.017,8.537,61.511,ON,Clear sky; Hybrid loop operating; Ceff=1.7x
390,11:14:30,36.200,74.460,72.440,53.020,51.600,32.900,2.213,15.716,16.975,1.031,1.808,1003.700,1710.500,1.704,16.200,30.689,1.127,1.976,19.339,20.718,0.743,0.750,16.203,30.691,0.189,8.542,9.493,0.018,4155.000,168.269,52.050,8.542,61.543,ON,Clear sky; Hybrid loop operating; Ceff=1.7x
391,11:15:00,36.210,74.460,72.450,53.030,51.610,32.900,2.216,15.716,16.974,1.032,1.810,1004.600,1712.300,1.704,16.214,30.719,1.128,1.978,19.338,20.717,0.743,0.750,16.219,30.723,0.189,8.542,9.493,0.018,4155.000,168.497,52.066,8.542,61.559,ON,Clear sky; Hybrid loop operating; Ceff=1.7x
392,11:15:30,36.230,74.460,72.450,53.030,51.620,32.910,2.217,15.716,16.974,1.032,1.811,1004.900,1713.000,1.705,16.219,30.732,1.128,1.979,19.338,20.717,0.744,0.750,16.219,30.740,0.189,8.540,9.495,0.018,4155.000,168.573,52.068,8.540,61.562,ON,Clear sky; Hybrid loop operating; Ceff=1.7x
393,11:16:00,36.250,74.440,72.440,53.030,51.630,32.920,2.217,15.717,16.974,1.032,1.810,1004.600,1712.700,1.705,16.214,30.727,1.127,1.978,19.339,20.717,0.744,0.750,16.220,30.723,0.189,8.543,9.491,0.018,4155.000,168.573,52.077,8.543,61.568,ON,Clear sky; Hybrid loop operating; Ceff=1.7x
394,11:16:30,36.270,74.420,72.440,53.020,51.630,32.930,2.215,15.717,16.974,1.031,1.809,1003.900,1711.800,1.705,16.204,30.710,1.127,1.977,19.340,20.717,0.743,0.750,16.204,30.706,0.189,8.540,9.491,0.018,4155.000,168.421,52.057,8.540,61.548,ON,Clear sky; Hybrid loop operating; Ceff=1.71x
395,11:17:00,36.290,74.410,72.430,53.020,51.630,32.930,2.213,15.718,16.974,1.030,1.808,1003.000,1710.500,1.705,16.190,30.687,1.126,1.976,19.341,20.717,0.743,0.750,16.190,30.689,0.189,8.540,9.493,0.018,4155.000,168.269,52.050,8.540,61.543,ON,Clear sky; Hybrid loop operating; Ceff=1.71x
396,11:17:30,36.310,74.400,72.430,53.020,51.640,32.940,2.211,15.718,16.973,1.029,1.807,1002.200,1709.500,1.706,16.177,30.667,1.125,1.975,19.341,20.717,0.743,0.750,16.174,30.670,0.189,8.539,9.493,0.018,4155.000,168.117,52.033,8.539,61.526,ON,Clear sky; Hybrid loop operating; Ceff=1.71x
397,11:18:00,36.330,74.410,72.440,53.030,51.650,32.950,2.210,15.718,16.973,1.029,1.806,1001.700,1708.900,1.706,16.169,30.656,1.124,1.974,19.340,20.716,0.744,0.750,16.174,30.653,0.189,8.543,9.491,0.018,4155.000,168.041,52.028,8.543,61.519,ON,Clear sky; Hybrid loop operating; Ceff=1.71x
398,11:18:30,36.350,74.430,72.470,53.050,51.670,32.960,2.211,15.716,16.971,1.029,1.807,1001.800,1709.300,1.706,16.169,30.660,1.124,1.974,19.339,20.715,0.744,0.750,16.172,30.667,0.189,8.541,9.493,0.018,4155.000,168.117,52.039,8.541,61.532,ON,Clear sky; Hybrid loop operating; Ceff=1.71x
399,11:19:00,36.370,74.470,72.500,53.080,51.700,32.970,2.213,15.714,16.970,1.029,1.808,1002.400,1710.700,1.707,16.176,30.681,1.125,1.976,19.336,20.713,0.744,0.750,16.170,30.682,0.189,8.535,9.490,0.018,4155.000,168.269,52.044,8.535,61.533,ON,Clear sky; Hybrid loop operating; Ceff=1.71x
400,11:19:30,36.390,74.530,72.550,53.120,51.740,32.970,2.217,15.711,16.967,1.031,1.810,1003.700,1713.000,1.707,16.192,30.718,1.126,1.979,19.333,20.710,0.744,0.749,16.198,30.710,0.189,8.539,9.486,0.018,4155.000,168.573,52.068,8.539,61.553,ON,Clear sky; Hybrid loop operating; Ceff=1.71x
401,11:20:00,36.410,74.600,72.620,53.170,51.780,32.980,2.222,15.707,16.964,1.032,1.814,1005.300,1716.100,1.707,16.213,30.766,1.128,1.982,19.328,20.707,0.744,0.750,16.210,30.773,0.189,8.531,9.488,0.018,4155.000,168.953,52.091,8.531,61.579,ON,Clear sky; Hybrid loop operating; Ceff=1.71x
402,11:20:30,36.430,74.690,72.700,53.230,51.840,32.990,2.228,15.702,16.961,1.034,1.817,1007.200,1719.500,1.707,16.237,30.820,1.130,1.986,19.323,20.703,0.744,0.750,16.236,30.818,0.189,8.529,9.483,0.018,4155.000,169.409,52.128,8.529,61.611,ON,Clear sky; Hybrid loop operating; Ceff=1.71x
403,11:21:00,36.450,74.790,72.780,53.300,51.890,32.990,2.234,15.696,16.957,1.036,1.821,1009.000,1722.900,1.708,16.259,30.872,1.132,1.990,19.317,20.699,0.744,0.749,16.261,30.879,0.189,8.527,9.483,0.018,4155.000,169.866,52.166,8.527,61.648,ON,Clear sky; Hybrid loop operating; Ceff=1.71x
404,11:21:30,36.470,74.880,72.860,53.370,51.950,33.000,2.239,15.691,16.954,1.037,1.823,1010.500,1725.700,1.708,16.276,30.914,1.134,1.993,19.311,20.695,0.743,0.750,16.272,30.907,0.189,8.520,9.476,0.018,4155.000,170.246,52.197,8.520,61.674,ON,Clear sky; Hybrid loop operating; Ceff=1.71x
405,11:22:00,36.490,74.980,72.950,53.430,52.010,33.010,2.243,15.686,16.950,1.038,1.825,1011.500,1727.700,1.708,16.286,30.941,1.135,1.995,19.305,20.691,0.743,0.750,16.282,30.934,0.189,8.517,9.473,0.018,4155.000,170.550,52.230,8.517,61.703,ON,Clear sky; Hybrid loop operating; Ceff=1.71x
406,11:22:30,36.510,75.060,73.020,53.490,52.060,33.020,2.244,15.681,16.947,1.039,1.826,1011.900,1728.600,1.708,16.286,30.950,1.135,1.996,19.300,20.688,0.743,0.750,16.293,30.945,0.189,8.519,9.472,0.018,4155.000,170.626,52.226,8.519,61.698,ON,Clear sky; Hybrid loop operating; Ceff=1.71x
407,11:23:00,36.530,75.130,73.080,53.540,52.110,33.020,2.244,15.677,16.944,1.038,1.826,1011.700,1728.400,1.708,16.277,30.940,1.135,1.996,19.296,20.684,0.743,0.749,16.273,30.940,0.189,8.510,9.471,0.018,4155.000,170.626,52.232,8.510,61.704,ON,Clear sky; Hybrid loop operating; Ceff=1.71x
408,11:23:30,36.550,75.180,73.130,53.580,52.140,33.030,2.242,15.674,16.942,1.037,1.825,1010.900,1727.400,1.709,16.261,30.917,1.134,1.994,19.293,20.682,0.743,0.750,16.254,30.919,0.189,8.507,9.470,0.018,4155.000,170.474,52.216,8.507,61.686,ON,Clear sky; Hybrid loop operating; Ceff=1.71x
409,11:24:00,36.570,75.210,73.160,53.600,52.170,33.030,2.239,15.673,16.940,1.036,1.823,1009.900,1725.800,1.709,16.242,30.885,1.133,1.993,19.291,20.680,0.743,0.749,16.237,30.882,0.189,8.507,9.468,0.018,4155.000,170.246,52.194,8.507,61.662,ON,Clear sky; Hybrid loop operating; Ceff=1.71x
410,11:24:30,36.590,75.220,73.170,53.620,52.180,33.040,2.236,15.672,16.939,1.035,1.821,1008.700,1724.100,1.709,16.223,30.853,1.131,1.991,19.290,20.680,0.744,0.749,16.221,30.846,0.189,8.508,9.466,0.018,4155.000,170.018,52.176,8.508,61.642,ON,Clear sky; Hybrid loop operating; Ceff=1.71x
411,11:25:00,36.610,75.210,73.170,53.620,52.190,33.050,2.234,15.672,16.939,1.034,1.820,1007.800,1722.700,1.709,16.208,30.828,1.130,1.989,19.290,20.679,0.744,0.750,16.205,30.829,0.189,8.508,9.469,0.018,4155.000,169.866,52.172,8.508,61.640,ON,Clear sky; Hybrid loop operating; Ceff=1.71x
412,11:25:30,36.630,75.190,73.160,53.610,52.190,33.050,2.233,15.673,16.939,1.034,1.819,1007.300,1722.100,1.710,16.201,30.816,1.130,1.988,19.291,20.679,0.743,0.750,16.206,30.812,0.189,8.512,9.467,0.018,4155.000,169.790,52.166,8.512,61.633,ON,Clear sky; Hybrid loop operating; Ceff=1.71x
413,11:26:00,36.650,75.160,73.140,53.600,52.190,33.060,2.233,15.674,16.940,1.034,1.820,1007.400,1722.400,1.710,16.204,30.823,1.130,1.989,19.293,20.680,0.743,0.749,16.207,30.831,0.189,8.512,9.471,0.018,4155.000,169.790,52.157,8.512,61.628,ON,Clear sky; Hybrid loop operating; Ceff=1.71x
414,11:26:30,36.670,75.140,73.130,53.590,52.190,33.060,2.236,15.676,16.940,1.034,1.821,1008.000,1723.700,1.710,16.216,30.848,1.131,1.990,19.294,20.680,0.743,0.750,16.209,30.848,0.189,8.508,9.469,0.018,4155.000,170.018,52.188,8.508,61.657,ON,Clear sky; Hybrid loop operating; Ceff=1.71x
415,11:27:00,36.690,75.110,73.120,53.590,52.190,33.070,2.240,15.677,16.940,1.036,1.823,1009.300,1726.000,1.710,16.237,30.889,1.132,1.993,19.295,20.680,0.743,0.749,16.241,30.882,0.189,8.514,9.467,0.018,4155.000,170.322,52.212,8.514,61.678,ON,Clear sky; Hybrid loop operating; Ceff=1.71x
416,11:27:30,36.710,75.100,73.110,53.590,52.200,33.070,2.245,15.677,16.940,1.037,1.826,1010.800,1728.900,1.710,16.263,30.940,1.134,1.996,19.296,20.680,0.743,0.750,16.257,30.932,0.189,8.510,9.466,0.018,4155.000,170.702,52.240,8.510,61.707,ON,Clear sky; Hybrid loop operating; Ceff=1.71x
417,11:28:00,36.730,75.100,73.120,53.600,52.210,33.080,2.250,15.677,16.939,1.039,1.830,1012.500,1732.000,1.711,16.290,30.994,1.136,2.000,19.295,20.679,0.743,0.749,16.288,30.998,0.189,8.512,9.470,0.018,4155.000,171.082,52.263,8.512,61.733,ON,Clear sky; Hybrid loop operating; Ceff=1.71x
418,11:28:30,36.740,75.120,73.140,53.620,52.230,33.080,2.255,15.676,16.938,1.041,1.833,1014.100,1734.900,1.711,16.313,31.042,1.137,2.003,19.294,20.678,0.744,0.749,16.319,31.047,0.189,8.514,9.469,0.018,4155.000,171.462,52.292,8.514,61.760,ON,Clear sky; Hybrid loop operating; Ceff=1.71x
419,11:29:00,36.760,75.160,73.180,53.650,52.260,33.090,2.259,15.673,16.936,1.042,1.835,1015.300,1737.100,1.711,16.329,31.078,1.139,2.005,19.292,20.676,0.743,0.750,16.331,31.078,0.189,8.511,9.466,0.018,4155.000,171.766,52.318,8.511,61.784,ON,Clear sky; Hybrid loop operating; Ceff=1.71x
420,11:29:30,36.780,75.210,73.230,53.690,52.300,33.090,2.261,15.670,16.934,1.042,1.836,1015.900,1738.400,1.711,16.335,31.095,1.139,2.007,19.288,20.673,0.744,0.749,16.328,31.091,0.189,8.504,9.463,0.018,4155.000,171.919,52.325,8.504,61.788,ON,Clear sky; Hybrid loop operating; Ceff=1.71x
421,11:30:00,36.800,75.280,73.290,53.740,52.340,33.090,2.262,15.667,16.931,1.042,1.836,1015.900,1738.600,1.711,16.330,31.093,1.139,2.007,19.284,20.670,0.743,0.750,16.325,31.085,0.189,8.502,9.460,0.018,4155.000,171.995,52.342,8.502,61.802,ON,Clear sky; Hybrid loop operating; Ceff=1.71x
422,11:30:30,36.810,75.360,73.360,53.790,52.390,33.100,2.260,15.662,16.928,1.042,1.836,1015.300,1737.800,1.712,16.316,31.072,1.138,2.006,19.279,20.667,0.744,0.749,16.320,31.080,0.189,8.505,9.463,0.018,4155.000,171.842,52.320,8.505,61.783,ON,Clear sky; Hybrid loop operating; Ceff=1.71x
423,11:31:00,36.830,75.440,73.430,53.850,52.440,33.100,2.258,15.658,16.925,1.041,1.834,1014.300,1736.300,1.712,16.294,31.038,1.137,2.004,19.275,20.664,0.743,0.750,16.300,31.040,0.189,8.503,9.459,0.018,4155.000,171.690,52.319,8.503,61.778,ON,Clear sky; Hybrid loop operating; Ceff=1.71x
424,11:31:30,36.840,75.520,73.500,53.900,52.480,33.100,2.254,15.653,16.922,1.039,1.832,1013.100,1734.400,1.712,16.268,30.997,1.136,2.002,19.270,20.661,0.743,0.749,16.263,31.001,0.189,8.494,9.457,0.018,4155.000,171.386,52.284,8.494,61.741,ON,Clear sky; Hybrid loop operating; Ceff=1.71x
425,11:32:00,36.860,75.590,73.560,53.950,52.520,33.100,2.251,15.649,16.919,1.038,1.830,1012.000,1732.600,1.712,16.244,30.959,1.134,2.000,19.265,20.658,0.744,0.749,16.244,30.962,0.189,8.493,9.455,0.018,4155.000,171.158,52.268,8.493,61.723,ON,Clear sky; Hybrid loop operating; Ceff=1.71x
426,11:32:30,36.870,75.650,73.610,53.990,52.560,33.110,2.249,15.646,16.917,1.037,1.828,1011.100,1731.300,1.712,16.226,30.931,1.133,1.998,19.261,20.655,0.744,0.750,16.225,30.924,0.189,8.490,9.451,0.018,4155.000,171.006,52.261,8.490,61.712,ON,Clear sky; Hybrid loop operating; Ceff=1.71x
427,11:33:00,36.890,75.700,73.660,54.020,52.590,33.110,2.248,15.643,16.915,1.037,1.828,1010.800,1730.900,1.712,16.217,30.919,1.133,1.998,19.258,20.653,0.743,0.749,16.222,30.921,0.189,8.491,9.452,0.018,4155.000,170.930,52.250,8.491,61.702,ON,Clear sky; Hybrid loop operating; Ceff=1.71x
428,11:33:30,36.900,75.740,73.690,54.050,52.610,33.110,2.249,15.641,16.914,1.037,1.829,1011.000,1731.500,1.713,16.219,30.927,1.133,1.998,19.256,20.651,0.743,0.750,16.220,30.936,0.189,8.488,9.453,0.018,4155.000,171.006,52.255,8.488,61.708,ON,Clear sky; Hybrid loop operating; Ceff=1.71x
429,11:34:00,36.910,75.760,73.710,54.060,52.630,33.110,2.252,15.640,16.913,1.038,1.830,1011.900,1733.200,1.713,16.232,30.955,1.134,2.000,19.255,20.650,0.743,0.750,16.234,30.951,0.189,8.489,9.448,0.018,4155.000,171.234,52.273,8.489,61.722,ON,Clear sky; Hybrid loop operating; Ceff=1.71x
430,11:34:30,36.930,75.760,73.710,54.070,52.640,33.110,2.257,15.640,16.912,1.039,1.833,1013.300,1735.700,1.713,16.253,30.999,1.136,2.003,19.255,20.650,0.743,0.749,16.250,31.000,0.189,8.485,9.450,0.018,4155.000,171.614,52.314,8.485,61.764,ON,Clear sky; Hybrid loop operating; Ceff=1.71x
431,11:35:00,36.940,75.750,73.710,54.070,52.640,33.110,2.262,15.640,16.912,1.041,1.836,1015.000,1738.700,1.713,16.281,31.052,1.138,2.007,19.255,20.650,0.743,0.749,16.281,31.050,0.189,8.487,9.449,0.018,4155.000,171.995,52.339,8.487,61.788,ON,Clear sky; Hybrid loop operating; Ceff=1.71x
432,11:35:30,36.950,75.730,73.700,54.060,52.640,33.110,2.267,15.641,16.912,1.043,1.839,1016.700,1741.800,1.713,16.309,31.108,1.140,2.010,19.256,20.650,0.743,0.749,16.314,31.101,0.189,8.490,9.447,0.018,4155.000,172.375,52.362,8.490,61.809,ON,Clear sky; Hybrid loop operating; Ceff=1.71x
433,11:36:00,36.960,75.700,73.680,54.050,52.640,33.110,2.272,15.642,16.913,1.044,1.842,1018.100,1744.500,1.713,16.335,31.156,1.141,2.013,19.258,20.650,0.743,0.750,16.330,31.154,0.189,8.487,9.449,0.018,4155.000,172.755,52.396,8.487,61.845,ON,Clear sky; Hybrid loop operating; Ceff=1.71x
434,11:36:30,36.970,75.670,73.660,54.040,52.640,33.110,2.275,15.644,16.913,1.045,1.844,1019.200,1746.400,1.714,16.353,31.192,1.142,2.016,19.259,20.651,0.744,0.749,16.348,31.188,0.189,8.487,9.449,0.018,4155.000,172.983,52.408,8.487,61.857,ON,Clear sky; Hybrid loop operating; Ceff=1.71x
435,11:37:00,36.980,75.640,73.650,54.030,52.630,33.110,2.277,15.645,16.914,1.046,1.845,1019.600,1747.300,1.714,16.362,31.210,1.143,2.017,19.261,20.651,0.743,0.749,16.365,31.206,0.189,8.492,9.450,0.018,4155.000,173.135,52.427,8.492,61.877,ON,Clear sky; Hybrid loop operating; Ceff=1.71x
436,11:37:30,36.990,75.610,73.630,54.020,52.630,33.110,2.277,15.646,16.914,1.046,1.845,1019.500,1747.200,1.714,16.361,31.208,1.143,2.017,19.262,20.652,0.743,0.749,16.366,31.206,0.189,8.493,9.450,0.018,4155.000,173.135,52.430,8.493,61.880,ON,Clear sky; Hybrid loop operating; Ceff=1.71x
437,11:38:00,37.000,75.600,73.630,54.010,52.630,33.110,2.275,15.647,16.914,1.045,1.844,1018.800,1746.200,1.714,16.351,31.190,1.142,2.015,19.263,20.652,0.743,0.750,16.351,31.189,0.189,8.492,9.450,0.018,4155.000,172.983,52.414,8.492,61.864,ON,Clear sky; Hybrid loop operating; Ceff=1.71x
438,11:38:30,37.000,75.600,73.630,54.010,52.640,33.110,2.272,15.647,16.914,1.044,1.842,1017.800,1744.600,1.714,16.335,31.161,1.141,2.013,19.263,20.652,0.743,0.750,16.335,31.156,0.189,8.492,9.449,0.018,4155.000,172.755,52.393,8.492,61.842,ON,Clear sky; Hybrid loop operating; Ceff=1.71x
439,11:39:00,37.010,75.610,73.640,54.020,52.650,33.110,2.269,15.646,16.914,1.043,1.840,1016.700,1742.800,1.714,16.316,31.128,1.140,2.011,19.262,20.651,0.743,0.750,16.319,31.122,0.189,8.492,9.448,0.018,4155.000,172.527,52.378,8.492,61.826,ON,Clear sky; Hybrid loop operating; Ceff=1.71x
440,11:39:30,37.020,75.640,73.670,54.040,52.660,33.110,2.266,15.645,16.913,1.042,1.839,1015.700,1741.300,1.714,16.298,31.099,1.139,2.010,19.260,20.650,0.743,0.749,16.302,31.103,0.189,8.492,9.451,0.018,4155.000,172.299,52.354,8.492,61.804,ON,Clear sky; Hybrid loop operating; Ceff=1.71x
441,11:40:00,37.020,75.680,73.700,54.060,52.680,33.110,2.265,15.642,16.911,1.041,1.838,1015.100,1740.400,1.714,16.286,31.081,1.138,2.009,19.258,20.649,0.743,0.749,16.283,31.082,0.189,8.487,9.449,0.018,4155.000,172.223,52.358,8.487,61.807,ON,Clear sky; Hybrid loop operating; Ceff=1.71x
442,11:40:30,37.030,75.730,73.750,54.100,52.710,33.100,2.265,15.640,16.909,1.041,1.838,1015.100,1740.600,1.715,16.283,31.079,1.138,2.009,19.255,20.647,0.743,0.749,16.281,31.079,0.189,8.486,9.447,0.018,4155.000,172.223,52.352,8.486,61.799,ON,Clear sky; Hybrid loop operating; Ceff=1.71x
443,11:41:00,37.030,75.790,73.800,54.130,52.740,33.100,2.267,15.636,16.907,1.042,1.839,1015.800,1741.800,1.715,16.288,31.096,1.138,2.010,19.251,20.644,0.743,0.749,16.293,31.092,0.189,8.486,9.445,0.018,4155.000,172.375,52.362,8.486,61.806,ON,Clear sky; Hybrid loop operating; Ceff=1.71x
444,11:41:30,37.040,75.860,73.860,54.180,52.770,33.100,2.271,15.632,16.905,1.043,1.841,1017.000,1744.000,1.715,16.303,31.130,1.140,2.013,19.247,20.642,0.743,0.749,16.304,31.122,0.189,8.482,9.442,0.018,4155.000,172.679,52.388,8.482,61.830,ON,Clear sky; Hybrid loop operating; Ceff=1.71x
445,11:42:00,37.040,75.930,73.910,54.220,52.810,33.100,2.276,15.629,16.903,1.044,1.844,1018.600,1746.900,1.715,16.324,31.177,1.142,2.016,19.243,20.640,0.743,0.749,16.317,31.169,0.189,8.476,9.440,0.018,4155.000,173.059,52.416,8.476,61.857,ON,Clear sky; Hybrid loop operating; Ceff=1.71x
446,11:42:30,37.040,75.990,73.970,54.260,52.840,33.090,2.282,15.625,16.901,1.046,1.848,1020.500,1750.200,1.715,16.349,31.230,1.144,2.020,19.239,20.637,0.743,0.749,16.344,31.233,0.189,8.474,9.442,0.018,4155.000,173.515,52.455,8.474,61.897,ON,Clear sky; Hybrid loop operating; Ceff=1.72x
447,11:43:00,37.050,76.040,74.010,54.290,52.870,33.090,2.288,15.622,16.899,1.048,1.851,1022.200,1753.300,1.715,16.373,31.282,1.145,2.023,19.236,20.635,0.743,0.749,16.372,31.280,0.189,8.474,9.440,0.018,4155.000,173.972,52.500,8.474,61.940,ON,Clear sky; Hybrid loop operating; Ceff=1.72x
448,11:43:30,37.050,76.080,74.050,54.320,52.890,33.090,2.292,15.620,16.897,1.049,1.854,1023.700,1755.900,1.715,16.393,31.324,1.147,2.026,19.233,20.634,0.743,0.749,16.385,31.327,0.189,8.469,9.440,0.018,4155.000,174.276,52.514,8.469,61.954,ON,Clear sky; Hybrid loop operating; Ceff=1.72x
449,11:44:00,37.050,76.100,74.070,54.330,52.910,33.080,2.295,15.619,16.896,1.050,1.856,1024.600,1757.600,1.715,16.406,31.353,1.148,2.028,19.232,20.632,0.743,0.749,16.400,31.359,0.189,8.469,9.440,0.018,4155.000,174.504,52.532,8.469,61.972,ON,Clear sky; Hybrid loop operating; Ceff=1.72x
450,11:44:30,37.050,76.110,74.080,54.340,52.920,33.080,2.296,15.618,16.896,1.051,1.856,1024.900,1758.200,1.715,16.411,31.364,1.148,2.029,19.231,20.632,0.743,0.749,16.415,31.359,0.189,8.474,9.437,0.018,4155.000,174.580,52.537,8.474,61.974,ON,Clear sky; Hybrid loop operating; Ceff=1.72x
451,11:45:00,37.050,76.100,74.080,54.330,52.910,33.080,2.296,15.619,16.896,1.050,1.856,1024.600,1757.900,1.716,16.407,31.358,1.148,2.028,19.232,20.632,0.743,0.749,16.400,31.359,0.189,8.469,9.439,0.018,4155.000,174.580,52.546,8.469,61.984,ON,Clear sky; Hybrid loop operating; Ceff=1.72x
452,11:45:30,37.050,76.070,74.060,54.310,52.900,33.070,2.294,15.620,16.897,1.050,1.855,1023.900,1756.700,1.716,16.397,31.339,1.147,2.027,19.233,20.633,0.743,0.749,16.401,31.344,0.189,8.475,9.440,0.018,4155.000,174.428,52.536,8.475,61.976,ON,Clear sky; Hybrid loop operating; Ceff=1.72x
453,11:46:00,37.050,76.030,74.030,54.290,52.890,33.070,2.291,15.622,16.899,1.049,1.853,1022.900,1755.100,1.716,16.384,31.312,1.146,2.025,19.236,20.635,0.743,0.749,16.387,31.314,0.189,8.477,9.440,0.018,4155.000,174.200,52.515,8.477,61.955,ON,Clear sky; Hybrid loop operating; Ceff=1.72x
454,11:46:30,37.050,75.980,74.000,54.260,52.870,33.070,2.288,15.625,16.900,1.048,1.851,1021.900,1753.400,1.716,16.371,31.287,1.145,2.023,19.238,20.636,0.743,0.749,16.375,31.282,0.189,8.478,9.440,0.018,4155.000,173.972,52.497,8.478,61.937,ON,Clear sky; Hybrid loop operating; Ceff=1.72x
455,11:47:00,37.050,75.930,73.960,54.220,52.840,33.060,2.286,15.627,16.902,1.047,1.850,1021.100,1752.200,1.716,16.362,31.269,1.144,2.022,19.241,20.638,0.743,0.749,16.361,31.269,0.189,8.478,9.442,0.018,4155.000,173.819,52.487,8.478,61.929,ON,Clear sky; Hybrid loop operating; Ceff=1.72x
456,11:47:30,37.050,75.890,73.930,54.200,52.820,33.060,2.285,15.629,16.903,1.047,1.850,1020.800,1751.800,1.716,16.360,31.264,1.144,2.021,19.243,20.640,0.743,0.749,16.364,31.271,0.189,8.482,9.445,0.018,4155.000,173.743,52.476,8.482,61.921,ON,Clear sky; Hybrid loop operating; Ceff=1.72x
457,11:48:00,37.050,75.860,73.910,54.170,52.810,33.050,2.286,15.631,16.904,1.047,1.850,1021.100,1752.300,1.716,16.367,31.277,1.144,2.022,19.245,20.641,0.743,0.749,16.366,31.272,0.189,8.480,9.443,0.018,4155.000,173.819,52.484,8.480,61.927,ON,Clear sky; Hybrid loop operating; Ceff=1.72x
458,11:48:30,37.050,75.850,73.900,54.160,52.800,33.050,2.289,15.632,16.905,1.048,1.852,1022.000,1754.000,1.716,16.382,31.307,1.145,2.024,19.246,20.642,0.743,0.749,16.382,31.308,0.189,8.481,9.444,0.018,4155.000,174.048,52.502,8.481,61.946,ON,Clear sky; Hybrid loop operating; Ceff=1.72x
459,11:49:00,37.050,75.850,73.900,54.160,52.800,33.050,2.293,15.631,16.905,1.049,1.855,1023.400,1756.500,1.716,16.405,31.352,1.147,2.027,19.246,20.642,0.743,0.749,16.397,31.359,0.189,8.477,9.446,0.018,4155.000,174.352,52.519,8.477,61.965,ON,Clear sky; Hybrid loop operating; Ceff=1.72x
460,11:49:30,37.050,75.870,73.920,54.180,52.810,33.040,2.299,15.630,16.904,1.051,1.858,1025.200,1759.500,1.716,16.431,31.405,1.149,2.030,19.244,20.641,0.743,0.750,16.427,31.408,0.189,8.478,9.445,0.018,4155.000,174.808,52.567,8.478,62.011,ON,Clear sky; Hybrid loop operating; Ceff=1.72x
461,11:50:00,37.040,75.910,73.960,54.200,52.830,33.040,2.304,15.628,16.903,1.053,1.861,1027.000,1762.700,1.716,16.457,31.459,1.151,2.034,19.242,20.639,0.743,0.749,16.456,31.456,0.189,8.478,9.442,0.018,4155.000,175.188,52.585,8.478,62.027,ON,Clear sky; Hybrid loop operating; Ceff=1.72x
462,11:50:30,37.040,75.970,74.010,54.230,52.860,33.030,2.309,15.625,16.901,1.055,1.864,1028.700,1765.600,1.716,16.479,31.506,1.153,2.037,19.238,20.637,0.743,0.749,16.484,31.503,0.189,8.479,9.441,0.018,4155.000,175.568,52.613,8.479,62.054,ON,Clear sky; Hybrid loop operating; Ceff=1.72x
463,11:51:00,37.040,76.040,74.060,54.270,52.890,33.030,2.313,15.621,16.899,1.056,1.866,1029.900,1767.800,1.716,16.494,31.540,1.154,2.040,19.234,20.635,0.743,0.749,16.496,31.534,0.189,8.475,9.438,0.018,4155.000,175.872,52.638,8.475,62.076,ON,Clear sky; Hybrid loop operating; Ceff=1.72x
464,11:51:30,37.040,76.110,74.130,54.310,52.930,33.030,2.315,15.617,16.897,1.056,1.868,1030.500,1768.900,1.717,16.499,31.556,1.155,2.041,19.230,20.633,0.743,0.749,16.492,31.564,0.189,8.467,9.441,0.018,4155.000,176.024,52.651,8.467,62.092,ON,Clear sky; Hybrid loop operating; Ceff=1.72x
465,11:52:00,37.040,76.180,74.190,54.360,52.960,33.020,2.315,15.613,16.894,1.056,1.868,1030.500,1769.000,1.717,16.494,31.552,1.155,2.041,19.226,20.630,0.743,0.749,16.487,31.558,0.189,8.465,9.439,0.018,4155.000,176.024,52.648,8.465,62.087,ON,Clear sky; Hybrid loop operating; Ceff=1.72x
466,11:52:30,37.040,76.250,74.240,54.390,52.990,33.020,2.314,15.610,16.892,1.056,1.867,1030.000,1768.100,1.717,16.480,31.531,1.154,2.040,19.222,20.628,0.743,0.749,16.484,31.537,0.189,8.468,9.437,0.018,4155.000,175.948,52.652,8.468,62.090,ON,Clear sky; Hybrid loop operating; Ceff=1.72x
467,11:53:00,37.030,76.300,74.280,54.420,53.010,33.020,2.311,15.607,16.891,1.055,1.865,1029.000,1766.500,1.717,16.461,31.499,1.153,2.038,19.219,20.626,0.743,0.749,16.465,31.502,0.189,8.466,9.435,0.018,4155.000,175.720,52.632,8.466,62.067,ON,Clear sky; Hybrid loop operating; Ceff=1.72x
468,11:53:30,37.030,76.330,74.310,54.440,53.020,33.010,2.308,15.605,16.890,1.054,1.863,1027.900,1764.600,1.717,16.440,31.463,1.151,2.036,19.216,20.625,0.743,0.749,16.448,31.466,0.189,8.466,9.435,0.018,4155.000,175.492,52.620,8.466,62.055,ON,Clear sky; Hybrid loop operating; Ceff=1.72x
469,11:54:00,37.030,76.350,74.330,54.440,53.030,33.010,2.304,15.604,16.890,1.052,1.861,1026.800,1762.800,1.717,16.422,31.430,1.150,2.034,19.215,20.625,0.743,0.749,16.415,31.432,0.189,8.459,9.434,0.018,4155.000,175.188,52.582,8.459,62.017,ON,Clear sky; Hybrid loop operating; Ceff=1.72x
470,11:54:30,37.030,76.350,74.330,54.440,53.020,33.010,2.302,15.604,16.890,1.052,1.860,1026.100,1761.500,1.717,16.410,31.408,1.149,2.032,19.215,20.625,0.743,0.749,16.415,31.415,0.189,8.464,9.436,0.018,4155.000,175.036,52.575,8.464,62.012,ON,Clear sky; Hybrid loop operating; Ceff=1.72x
471,11:55:00,37.030,76.330,74.320,54.420,53.010,33.000,2.302,15.605,16.891,1.051,1.859,1025.800,1761.200,1.717,16.408,31.404,1.149,2.032,19.216,20.626,0.743,0.749,16.401,31.400,0.189,8.459,9.433,0.018,4155.000,175.036,52.584,8.459,62.018,ON,Clear sky; Hybrid loop operating; Ceff=1.72x
472,11:55:30,37.030,76.300,74.290,54.400,52.990,33.000,2.303,15.606,16.892,1.052,1.860,1026.200,1761.800,1.717,16.416,31.418,1.150,2.033,19.218,20.628,0.743,0.749,16.418,31.419,0.189,8.465,9.436,0.018,4155.000,175.112,52.589,8.465,62.025,ON,Clear sky; Hybrid loop operating; Ceff=1.72x
473,11:56:00,37.030,76.260,74.260,54.370,52.970,33.000,2.306,15.609,16.893,1.053,1.862,1027.100,1763.500,1.717,16.434,31.451,1.151,2.035,19.221,20.629,0.743,0.749,16.436,31.455,0.189,8.467,9.437,0.018,4155.000,175.340,52.607,8.467,62.044,ON,Clear sky; Hybrid loop operating; Ceff=1.72x
474,11:56:30,37.030,76.210,74.230,54.340,52.950,32.990,2.310,15.611,16.895,1.054,1.864,1028.500,1765.900,1.717,16.459,31.497,1.152,2.037,19.223,20.631,0.743,0.749,16.454,31.492,0.189,8.465,9.436,0.018,4155.000,175.644,52.627,8.465,62.062,ON,Clear sky; Hybrid loop operating; Ceff=1.72x
475,11:57:00,37.030,76.170,74.190,54.320,52.930,32.990,2.315,15.613,16.896,1.056,1.867,1030.100,1768.700,1.717,16.487,31.550,1.154,2.041,19.226,20.632,0.743,0.749,16.487,31.545,0.189,8.469,9.437,0.018,4155.000,176.024,52.657,8.469,62.094,ON,Clear sky; Hybrid loop operating; Ceff=1.72x
476,11:57:30,37.030,76.140,74.170,54.300,52.920,32.990,2.320,15.615,16.897,1.058,1.870,1031.700,1771.400,1.717,16.515,31.601,1.156,2.044,19.228,20.633,0.743,0.749,16.521,31.597,0.189,8.473,9.438,0.018,4155.000,176.405,52.690,8.473,62.128,ON,Clear sky; Hybrid loop operating; Ceff=1.72x
477,11:58:00,37.030,76.110,74.150,54.280,52.910,32.990,2.324,15.616,16.898,1.059,1.873,1033.000,1773.600,1.717,16.537,31.642,1.157,2.046,19.229,20.634,0.743,0.750,16.537,31.650,0.189,8.470,9.442,0.018,4155.000,176.709,52.716,8.470,62.158,ON,Clear sky; Hybrid loop operating; Ceff=1.72x
478,11:58:30,37.030,76.100,74.150,54.270,52.910,32.980,2.326,15.616,16.898,1.060,1.874,1033.800,1774.900,1.717,16.550,31.667,1.158,2.048,19.229,20.634,0.743,0.749,16.553,31.667,0.189,8.472,9.440,0.018,4155.000,176.861,52.723,8.472,62.162,ON,Clear sky; Hybrid loop operating; Ceff=1.72x
479,11:59:00,37.030,76.110,74.160,54.280,52.910,32.980,2.326,15.616,16.898,1.060,1.874,1033.900,1775.200,1.717,16.552,31.671,1.158,2.048,19.229,20.634,0.743,0.749,16.553,31.667,0.189,8.471,9.438,0.018,4155.000,176.861,52.714,8.471,62.152,ON,Clear sky; Hybrid loop operating; Ceff=1.72x
480,11:59:30,37.030,76.130,74.180,54.290,52.920,32.980,2.325,15.615,16.897,1.059,1.873,1033.500,1774.500,1.717,16.543,31.656,1.158,2.047,19.227,20.633,0.743,0.750,16.536,31.648,0.189,8.466,9.436,0.018,4155.000,176.785,52.712,8.466,62.148,ON,Clear sky; Hybrid loop operating; Ceff=1.72x
481,12:00:00,37.030,76.170,74.210,54.310,52.940,32.980,2.322,15.613,16.896,1.058,1.872,1032.500,1772.800,1.717,16.525,31.623,1.157,2.045,19.225,20.632,0.743,0.749,16.519,31.629,0.189,8.465,9.440,0.018,4155.000,176.557,52.694,8.465,62.134,ON,Clear sky; Hybrid loop operating; Ceff=1.72x
482,12:00:30,37.040,76.220,74.250,54.340,52.960,32.980,2.318,15.610,16.895,1.057,1.869,1031.200,1770.500,1.717,16.500,31.579,1.155,2.043,19.222,20.631,0.743,0.749,16.500,31.577,0.189,8.466,9.436,0.018,4155.000,176.253,52.672,8.466,62.108,ON,Clear sky; Hybrid loop operating; Ceff=1.72x
483,12:01:00,37.040,76.280,74.300,54.370,52.980,32.980,2.314,15.607,16.893,1.055,1.867,1029.700,1768.100,1.717,16.473,31.532,1.154,2.040,19.219,20.629,0.743,0.749,16.465,31.539,0.189,8.461,9.438,0.018,4155.000,175.948,52.652,8.461,62.090,ON,Clear sky; Hybrid loop operating; Ceff=1.72x
484,12:01:30,37.040,76.340,74.350,54.400,53.010,32.980,2.310,15.604,16.891,1.054,1.864,1028.500,1766.000,1.717,16.449,31.490,1.152,2.037,19.215,20.627,0.743,0.749,16.447,31.485,0.189,8.461,9.433,0.018,4155.000,175.644,52.624,8.461,62.057,ON,Clear sky; Hybrid loop operating; Ceff=1.72x
485,12:02:00,37.050,76.400,74.400,54.440,53.030,32.980,2.307,15.600,16.890,1.053,1.863,1027.700,1764.500,1.717,16.432,31.461,1.151,2.036,19.212,20.625,0.743,0.749,16.427,31.466,0.189,8.457,9.435,0.018,4155.000,175.416,52.600,8.457,62.035,ON,Clear sky; Hybrid loop operating; Ceff=1.72x
486,12:02:30,37.050,76.460,74.440,54.470,53.060,32.980,2.307,15.597,16.888,1.053,1.862,1027.400,1764.100,1.717,16.423,31.449,1.151,2.035,19.208,20.623,0.743,0.749,16.424,31.445,0.189,8.458,9.431,0.018,4155.000,175.416,52.612,8.458,62.043,ON,Clear sky; Hybrid loop operating; Ceff=1.72x
487,12:03:00,37.060,76.510,74.480,54.500,53.080,32.980,2.308,15.595,16.886,1.053,1.863,1027.800,1764.600,1.717,16.425,31.455,1.151,2.036,19.205,20.622,0.743,0.749,16.422,31.459,0.189,8.454,9.433,0.018,4155.000,175.492,52.620,8.454,62.052,ON,Clear sky; Hybrid loop operating; Ceff=1.72x
488,12:03:30,37.060,76.540,74.510,54.520,53.100,32.980,2.310,15.593,16.885,1.054,1.864,1028.700,1766.100,1.717,16.436,31.479,1.152,2.037,19.203,20.620,0.743,0.749,16.435,31.474,0.189,8.453,9.429,0.018,4155.000,175.644,52.621,8.453,62.050,ON,Clear sky; Hybrid loop operating; Ceff=1.72x
489,12:04:00,37.070,76.570,74.530,54.540,53.110,32.980,2.314,15.591,16.884,1.055,1.867,1029.900,1768.200,1.717,16.455,31.515,1.153,2.040,19.202,20.619,0.743,0.749,16.449,31.522,0.189,8.450,9.432,0.018,4155.000,175.948,52.649,8.450,62.082,ON,Clear sky; Hybrid loop operating; Ceff=1.72x
490,12:04:30,37.070,76.580,74.540,54.540,53.120,32.980,2.318,15.591,16.884,1.057,1.869,1031.300,1770.600,1.717,16.476,31.556,1.155,2.043,19.201,20.619,0.743,0.749,16.480,31.556,0.189,8.455,9.430,0.018,4155.000,176.253,52.669,8.455,62.099,ON,Clear sky; Hybrid loop operating; Ceff=1.72x
491,12:05:00,37.080,76.570,74.540,54.540,53.120,32.980,2.322,15.591,16.884,1.058,1.871,1032.500,1772.700,1.717,16.496,31.593,1.156,2.045,19.201,20.619,0.743,0.749,16.495,31.590,0.189,8.453,9.429,0.018,4155.000,176.557,52.697,8.453,62.126,ON,Clear sky; Hybrid loop operating; Ceff=1.72x
492,12:05:30,37.090,76.550,74.530,54.530,53.110,32.980,2.325,15.592,16.884,1.059,1.873,1033.400,1774.200,1.717,16.511,31.621,1.157,2.047,19.202,20.619,0.743,0.749,16.512,31.624,0.189,8.454,9.431,0.018,4155.000,176.785,52.721,8.454,62.151,ON,Clear sky; Hybrid loop operating; Ceff=1.72x
493,12:06:00,37.100,76.520,74.510,54.520,53.100,32.980,2.326,15.593,16.885,1.059,1.873,1033.700,1774.700,1.717,16.519,31.632,1.158,2.047,19.204,20.620,0.743,0.749,16.513,31.626,0.189,8.452,9.429,0.018,4155.000,176.861,52.728,8.452,62.157,ON,Clear sky; Hybrid loop operating; Ceff=1.72x
494,12:06:30,37.100,76.490,74.480,54.500,53.090,32.980,2.325,15.595,16.886,1.059,1.873,1033.400,1774.200,1.717,16.517,31.624,1.157,2.047,19.206,20.621,0.743,0.749,16.515,31.627,0.189,8.456,9.432,0.018,4155.000,176.785,52.721,8.456,62.153,ON,Clear sky; Hybrid loop operating; Ceff=1.72x
495,12:07:00,37.110,76.450,74.450,54.480,53.080,32.980,2.322,15.597,16.887,1.058,1.871,1032.600,1772.600,1.717,16.505,31.599,1.157,2.045,19.208,20.622,0.743,0.749,16.502,31.596,0.189,8.455,9.431,0.018,4155.000,176.557,52.700,8.455,62.131,ON,Clear sky; Hybrid loop operating; Ceff=1.72x
496,12:07:30,37.120,76.410,74.420,54.450,53.060,32.990,2.318,15.600,16.888,1.057,1.869,1031.200,1770.300,1.717,16.487,31.560,1.155,2.042,19.211,20.624,0.743,0.749,16.489,31.564,0.189,8.460,9.434,0.018,4155.000,176.253,52.678,8.460,62.111,ON,Clear sky; Hybrid loop operating; Ceff=1.72x
497,12:08:00,37.130,76.370,74.390,54.430,53.050,32.990,2.313,15.601,16.889,1.055,1.866,1029.700,1767.500,1.717,16.464,31.513,1.153,2.039,19.213,20.625,0.743,0.749,16.459,31.515,0.189,8.457,9.434,0.018,4155.000,175.872,52.647,8.457,62.081,ON,Clear sky; Hybrid loop operating; Ceff=1.72x
498,12:08:30,37.140,76.350,74.370,54.420,53.040,32.990,2.308,15.603,16.890,1.054,1.863,1028.100,1764.800,1.717,16.441,31.467,1.152,2.036,19.214,20.625,0.743,0.749,16.446,31.466,0.189,8.464,9.434,0.018,4155.000,175.492,52.614,8.464,62.048,ON,Clear sky; Hybrid loop operating; Ceff=1.72x
499,12:09:00,37.150,76.340,74.360,54.410,53.030,32.990,2.304,15.603,16.890,1.052,1.861,1026.900,1762.600,1.716,16.422,31.429,1.150,2.034,19.215,20.626,0.743,0.749,16.414,31.432,0.189,8.457,9.435,0.018,4155.000,175.188,52.588,8.457,62.024,ON,Clear sky; Hybrid loop operating; Ceff=1.72x
500,12:09:30,37.160,76.340,74.370,54.420,53.040,33.000,2.302,15.603,16.890,1.052,1.859,1026.100,1761.300,1.716,16.410,31.404,1.149,2.032,19.214,20.625,0.743,0.749,16.414,31.399,0.189,8.464,9.432,0.018,4155.000,175.036,52.581,8.464,62.014,ON,Clear sky; Hybrid loop operating; Ceff=1.72x
501,12:10:00,37.180,76.370,74.390,54.440,53.050,33.000,2.301,15.602,16.889,1.052,1.859,1026.000,1760.900,1.716,16.406,31.396,1.149,2.032,19.213,20.625,0.743,0.749,16.413,31.397,0.189,8.464,9.434,0.018,4155.000,174.960,52.571,8.464,62.004,ON,Clear sky; Hybrid loop operating; Ceff=1.72x
502,12:10:30,37.190,76.400,74.420,54.460,53.070,33.000,2.302,15.600,16.888,1.052,1.860,1026.400,1761.600,1.716,16.410,31.405,1.150,2.032,19.211,20.623,0.743,0.749,16.411,31.412,0.189,8.460,9.435,0.018,4155.000,175.036,52.572,8.460,62.007,ON,Clear sky; Hybrid loop operating; Ceff=1.72x
503,12:11:00,37.200,76.460,74.460,54.500,53.100,33.010,2.305,15.597,16.886,1.053,1.861,1027.400,1763.200,1.716,16.421,31.429,1.151,2.034,19.208,20.621,0.743,0.749,16.424,31.425,0.189,8.458,9.430,0.018,4155.000,175.264,52.593,8.458,62.023,ON,Clear sky; Hybrid loop operating; Ceff=1.72x
504,12:11:30,37.210,76.520,74.510,54.540,53.130,33.010,2.309,15.593,16.884,1.054,1.863,1028.600,1765.300,1.716,16.437,31.460,1.152,2.036,19.204,20.618,0.743,0.749,16.435,31.455,0.189,8.454,9.428,0.018,4155.000,175.568,52.622,8.454,62.050,ON,Clear sky; Hybrid loop operating; Ceff=1.72x
505,12:12:00,37.230,76.590,74.570,54.590,53.170,33.010,2.313,15.590,16.881,1.055,1.866,1029.900,1767.400,1.716,16.452,31.493,1.153,2.039,19.200,20.616,0.743,0.749,16.447,31.500,0.189,8.450,9.430,0.018,4155.000,175.872,52.650,8.450,62.080,ON,Clear sky; Hybrid loop operating; Ceff=1.72x
506,12:12:30,37.240,76.660,74.620,54.630,53.210,33.020,2.316,15.586,16.879,1.056,1.867,1031.000,1769.200,1.716,16.465,31.518,1.155,2.041,19.196,20.613,0.743,0.749,16.459,31.513,0.189,8.447,9.424,0.018,4155.000,176.101,52.665,8.447,62.089,ON,Clear sky; Hybrid loop operating; Ceff=1.72x
507,12:13:00,37.250,76.720,74.670,54.670,53.240,33.020,2.318,15.583,16.876,1.057,1.868,1031.600,1770.200,1.716,16.471,31.531,1.155,2.042,19.192,20.610,0.743,0.749,16.471,31.524,0.189,8.448,9.422,0.018,4155.000,176.253,52.681,8.448,62.103,ON,Clear sky; Hybrid loop operating; Ceff=1.72x
508,12:13:30,37.270,76.760,74.720,54.710,53.270,33.030,2.318,15.580,16.874,1.057,1.868,1031.700,1770.200,1.716,16.468,31.527,1.155,2.042,19.189,20.608,0.743,0.749,16.468,31.521,0.189,8.446,9.421,0.018,4155.000,176.253,52.681,8.446,62.102,ON,Clear sky; Hybrid loop operating; Ceff=1.72x
509,12:14:00,37.280,76.790,74.740,54.730,53.300,33.030,2.316,15.578,16.873,1.056,1.867,1031.200,1769.200,1.716,16.457,31.506,1.155,2.041,19.187,20.607,0.743,0.749,16.450,31.502,0.189,8.441,9.421,0.018,4155.000,176.101,52.665,8.441,62.086,ON,Clear sky; Hybrid loop operating; Ceff=1.72x
510,12:14:30,37.290,76.810,74.760,54.750,53.310,33.040,2.312,15.578,16.872,1.055,1.865,1030.100,1767.300,1.716,16.439,31.470,1.153,2.038,19.187,20.606,0.743,0.749,16.435,31.466,0.189,8.442,9.420,0.018,4155.000,175.796,52.631,8.442,62.051,ON,Clear sky; Hybrid loop operating; Ceff=1.72x
511,12:15:00,37.310,76.800,74.750,54.750,53.310,33.040,2.308,15.578,16.872,1.054,1.862,1028.600,1764.700,1.716,16.416,31.424,1.152,2.035,19.187,20.606,0.743,0.749,16.419,31.416,0.189,8.446,9.419,0.018,4155.000,175.492,52.617,8.446,62.036,ON,Clear sky; Hybrid loop operating; Ceff=1.72x
512,12:15:30,37.320,76.770,74.730,54.740,53.300,33.040,2.303,15.579,16.873,1.052,1.860,1027.100,1762.000,1.715,16.393,31.376,1.150,2.032,19.188,20.606,0.743,0.749,16.389,31.384,0.189,8.443,9.424,0.018,4155.000,175.112,52.583,8.443,62.007,ON,Clear sky; Hybrid loop operating; Ceff=1.72x
513,12:16:00,37.340,76.730,74.700,54.720,53.290,33.050,2.298,15.581,16.874,1.051,1.857,1025.700,1759.400,1.715,16.374,31.333,1.148,2.029,19.191,20.608,0.743,0.749,16.376,31.335,0.189,8.447,9.423,0.018,4155.000,174.732,52.547,8.447,61.970,ON,Clear sky; Hybrid loop operating; Ceff=1.72x
514,12:16:30,37.350,76.680,74.660,54.690,53.270,33.050,2.295,15.584,16.875,1.050,1.855,1024.700,1757.600,1.715,16.361,31.303,1.147,2.027,19.194,20.609,0.743,0.749,16.363,31.303,0.189,8.449,9.423,0.018,4155.000,174.504,52.532,8.449,61.955,ON,Clear sky; Hybrid loop operating; Ceff=1.72x
515,12:17:00,37.370,76.630,74.620,54.660,53.250,33.060,2.294,15.587,16.876,1.049,1.854,1024.200,1756.700,1.715,16.357,31.291,1.147,2.026,19.197,20.611,0.743,0.749,16.351,31.288,0.189,8.447,9.424,0.018,4155.000,174.428,52.536,8.447,61.960,ON,Clear sky; Hybrid loop operating; Ceff=1.72x
516,12:17:30,37.380,76.580,74.580,54.640,53.240,33.060,2.294,15.589,16.878,1.050,1.854,1024.400,1756.900,1.715,16.364,31.297,1.147,2.027,19.200,20.612,0.743,0.749,16.368,31.292,0.189,8.454,9.424,0.018,4155.000,174.428,52.530,8.454,61.954,ON,Clear sky; Hybrid loop operating; Ceff=1.72x
517,12:18:00,37.390,76.540,74.550,54.620,53.220,33.070,2.296,15.592,16.879,1.050,1.856,1025.100,1758.000,1.715,16.378,31.320,1.148,2.028,19.202,20.613,0.743,0.749,16.372,31.327,0.189,8.450,9.429,0.018,4155.000,174.580,52.543,8.450,61.971,ON,Clear sky; Hybrid loop operating; Ceff=1.71x
518,12:18:30,37.410,76.510,74.530,54.610,53.220,33.070,2.299,15.593,16.879,1.052,1.858,1026.300,1759.900,1.715,16.399,31.355,1.149,2.030,19.204,20.613,0.743,0.749,16.404,31.361,0.189,8.457,9.429,0.018,4155.000,174.808,52.555,8.457,61.983,ON,Clear sky; Hybrid loop operating; Ceff=1.71x
519,12:19:00,37.420,76.500,74.520,54.610,53.220,33.080,2.303,15.594,16.879,1.053,1.860,1027.700,1762.200,1.715,16.422,31.395,1.151,2.033,19.204,20.613,0.743,0.749,16.420,31.395,0.189,8.454,9.426,0.018,4155.000,175.112,52.577,8.454,62.004,ON,Clear sky; Hybrid loop operating; Ceff=1.71x
520,12:19:30,37.440,76.510,74.530,54.620,53.240,33.080,2.307,15.593,16.878,1.055,1.862,1029.000,1764.400,1.715,16.443,31.432,1.152,2.035,19.204,20.612,0.743,0.749,16.451,31.427,0.189,8.459,9.424,0.018,4155.000,175.416,52.603,8.459,62.027,ON,Clear sky; Hybrid loop operating; Ceff=1.71x
521,12:20:00,37.450,76.530,74.550,54.640,53.260,33.090,2.310,15.592,16.877,1.056,1.864,1030.100,1766.100,1.714,16.458,31.459,1.154,2.037,19.202,20.611,0.743,0.749,16.465,31.459,0.189,8.457,9.425,0.018,4155.000,175.644,52.621,8.457,62.045,ON,Clear sky; Hybrid loop operating; Ceff=1.71x
522,12:20:30,37.470,76.580,74.590,54.680,53.290,33.090,2.312,15.589,16.875,1.056,1.865,1030.600,1766.900,1.714,16.463,31.469,1.154,2.038,19.199,20.609,0.743,0.749,16.462,31.472,0.189,8.451,9.424,0.018,4155.000,175.796,52.642,8.451,62.067,ON,Clear sky; Hybrid loop operating; Ceff=1.71x
523,12:21:00,37.480,76.630,74.640,54.720,53.320,33.100,2.311,15.586,16.873,1.056,1.865,1030.600,1766.700,1.714,16.458,31.460,1.154,2.038,19.196,20.607,0.743,0.749,16.459,31.468,0.189,8.450,9.424,0.018,4155.000,175.720,52.626,8.450,62.050,ON,Clear sky; Hybrid loop operating; Ceff=1.71x
524,12:21:30,37.490,76.700,74.690,54.760,53.360,33.100,2.309,15.583,16.870,1.055,1.863,1029.900,1765.400,1.714,16.444,31.432,1.153,2.036,19.192,20.604,0.743,0.749,16.440,31.429,0.189,8.446,9.419,0.018,4155.000,175.568,52.619,8.446,62.038,ON,Clear sky; Hybrid loop operating; Ceff=1.71x
525,12:22:00,37.510,76.760,74.750,54.800,53.390,33.110,2.305,15.579,16.868,1.054,1.861,1028.800,1763.300,1.714,16.421,31.390,1.152,2.034,19.188,20.601,0.743,0.749,16.420,31.391,0.189,8.445,9.419,0.018,4155.000,175.264,52.590,8.445,62.010,ON,Clear sky; Hybrid loop operating; Ceff=1.71x
526,12:22:30,37.520,76.820,74.800,54.850,53.430,33.110,2.301,15.576,16.866,1.053,1.858,1027.400,1760.800,1.714,16.394,31.339,1.150,2.031,19.185,20.599,0.743,0.749,16.402,31.337,0.189,8.447,9.416,0.018,4155.000,174.960,52.574,8.447,61.990,ON,Clear sky; Hybrid loop operating; Ceff=1.71x
527,12:23:00,37.530,76.870,74.840,54.880,53.460,33.110,2.296,15.573,16.864,1.051,1.855,1026.000,1758.200,1.714,16.368,31.289,1.149,2.028,19.182,20.597,0.743,0.749,16.367,31.283,0.189,8.440,9.414,0.018,4155.000,174.580,52.537,8.440,61.951,ON,Clear sky; Hybrid loop operating; Ceff=1.71x
528,12:23:30,37.540,76.910,74.870,54.910,53.480,33.120,2.293,15.571,16.862,1.050,1.853,1024.800,1756.100,1.714,16.346,31.248,1.147,2.025,19.179,20.595,0.743,0.749,16.350,31.245,0.189,8.441,9.414,0.018,4155.000,174.352,52.531,8.441,61.945,ON,Clear sky; Hybrid loop operating; Ceff=1.71x
529,12:24:00,37.560,76.930,74.890,54.920,53.490,33.120,2.290,15.570,16.862,1.049,1.852,1024.100,1754.700,1.713,16.333,31.221,1.147,2.024,19.178,20.594,0.743,0.749,16.333,31.228,0.189,8.438,9.416,0.018,4155.000,174.124,52.504,8.438,61.920,ON,Clear sky; Hybrid loop operating; Ceff=1.71x
530,12:24:30,37.570,76.940,74.900,54.930,53.500,33.130,2.290,15.569,16.861,1.049,1.851,1024.000,1754.400,1.713,16.331,31.214,1.146,2.023,19.178,20.594,0.743,0.749,16.332,31.210,0.189,8.439,9.412,0.018,4155.000,174.124,52.513,8.439,61.925,ON,Clear sky; Hybrid loop operating; Ceff=1.71x
531,12:25:00,37.580,76.930,74.890,54.930,53.500,33.130,2.291,15.570,16.861,1.049,1.852,1024.500,1755.100,1.713,16.340,31.226,1.147,2.024,19.178,20.594,0.743,0.749,16.333,31.227,0.189,8.435,9.414,0.018,4155.000,174.200,52.515,8.435,61.929,ON,Clear sky; Hybrid loop operating; Ceff=1.71x
532,12:25:30,37.590,76.910,74.870,54.920,53.500,33.130,2.294,15.571,16.862,1.051,1.854,1025.500,1756.700,1.713,16.358,31.256,1.148,2.026,19.179,20.594,0.743,0.749,16.365,31.262,0.189,8.443,9.416,0.018,4155.000,174.428,52.536,8.443,61.952,ON,Clear sky; Hybrid loop operating; Ceff=1.71x
533,12:26:00,37.600,76.870,74.850,54.900,53.490,33.140,2.297,15.573,16.862,1.052,1.856,1026.900,1758.900,1.713,16.382,31.297,1.150,2.028,19.181,20.595,0.743,0.749,16.383,31.296,0.189,8.441,9.414,0.018,4155.000,174.656,52.539,8.441,61.953,ON,Clear sky; Hybrid loop operating; Ceff=1.71x
534,12:26:30,37.610,76.830,74.820,54.880,53.480,33.140,2.302,15.575,16.863,1.054,1.859,1028.400,1761.200,1.713,16.409,31.341,1.151,2.031,19.184,20.596,0.743,0.749,16.416,31.348,0.189,8.446,9.418,0.018,4155.000,175.036,52.584,8.446,62.002,ON,Clear sky; Hybrid loop operating; Ceff=1.71x
535,12:27:00,37.620,76.780,74.780,54.860,53.460,33.140,2.305,15.577,16.864,1.055,1.861,1029.700,1763.300,1.712,16.433,31.380,1.153,2.034,19.186,20.597,0.743,0.749,16.434,31.384,0.189,8.444,9.417,0.018,4155.000,175.264,52.590,8.444,62.007,ON,Clear sky; Hybrid loop operating; Ceff=1.71x
536,12:27:30,37.630,76.740,74.750,54.840,53.450,33.150,2.308,15.580,16.865,1.056,1.862,1030.600,1764.700,1.712,16.451,31.408,1.154,2.035,19.189,20.598,0.743,0.749,16.452,31.403,0.189,8.447,9.415,0.018,4155.000,175.492,52.617,8.447,62.032,ON,Clear sky; Hybrid loop operating; Ceff=1.71x
537,12:28:00,37.640,76.700,74.730,54.820,53.440,33.150,2.309,15.581,16.866,1.056,1.863,1031.000,1765.200,1.712,16.459,31.417,1.154,2.036,19.191,20.599,0.743,0.749,16.454,31.421,0.189,8.444,9.418,0.018,4155.000,175.568,52.625,8.444,62.043,ON,Clear sky; Hybrid loop operating; Ceff=1.71x
538,12:28:30,37.640,76.680,74.710,54.810,53.440,33.150,2.307,15.583,16.867,1.056,1.862,1030.700,1764.500,1.712,16.457,31.407,1.154,2.035,19.192,20.600,0.743,0.749,16.456,31.406,0.189,8.447,9.417,0.018,4155.000,175.416,52.600,8.447,62.018,ON,Clear sky; Hybrid loop operating; Ceff=1.71x
539,12:29:00,37.650,76.660,74.700,54.810,53.430,33.150,2.305,15.584,16.867,1.055,1.860,1029.900,1762.900,1.712,16.444,31.379,1.153,2.033,19.193,20.600,0.743,0.749,16.441,31.373,0.189,8.446,9.416,0.018,4155.000,175.264,52.602,8.446,62.018,ON,Clear sky; Hybrid loop operating; Ceff=1.71x
540,12:29:30,37.660,76.660,74.700,54.810,53.440,33.150,2.300,15.584,16.867,1.054,1.858,1028.600,1760.600,1.712,16.424,31.337,1.152,2.031,19.193,20.600,0.743,0.749,16.426,31.339,0.189,8.449,9.418,0.018,4155.000,174.884,52.557,8.449,61.975,ON,Clear sky; Hybrid loop operating; Ceff=1.71x
541,12:30:00,37.660,76.670,74.710,54.810,53.440,33.150,2.296,15.583,16.866,1.052,1.855,1027.200,1757.900,1.711,16.400,31.289,1.150,2.027,19.192,20.599,0.743,0.749,16.393,31.286,0.189,8.444,9.417,0.018,4155.000,174.580,52.546,8.444,61.963,ON,Clear sky; Hybrid loop operating; Ceff=1.71x
542,12:30:30,37.670,76.700,74.730,54.830,53.460,33.160,2.291,15.581,16.865,1.051,1.852,1025.800,1755.400,1.711,16.376,31.241,1.149,2.024,19.191,20.598,0.743,0.749,16.376,31.234,0.189,8.446,9.414,0.018,4155.000,174.200,52.506,8.446,61.920,ON,Clear sky; Hybrid loop operating; Ceff=1.71x
543,12:31:00,37.670,76.740,74.770,54.850,53.470,33.160,2.288,15.579,16.864,1.050,1.850,1024.800,1753.400,1.711,16.356,31.203,1.147,2.022,19.189,20.597,0.743,0.749,16.358,31.198,0.189,8.446,9.414,0.018,4155.000,173.972,52.497,8.446,61.911,ON,Clear sky; Hybrid loop operating; Ceff=1.71x
544,12:31:30,37.680,76.780,74.800,54.880,53.500,33.160,2.286,15.577,16.863,1.049,1.849,1024.200,1752.200,1.711,16.344,31.179,1.147,2.021,19.186,20.595,0.743,0.749,16.340,31.180,0.189,8.441,9.415,0.018,4155.000,173.819,52.487,8.441,61.902,ON,Clear sky; Hybrid loop operating; Ceff=1.71x
545,12:32:00,37.680,76.840,74.850,54.910,53.520,33.160,2.286,15.574,16.861,1.049,1.849,1024.300,1752.100,1.711,16.341,31.173,1.147,2.021,19.182,20.594,0.743,0.749,16.337,31.176,0.189,8.439,9.415,0.018,4155.000,173.819,52.490,8.439,61.905,ON,Clear sky; Hybrid loop operating; Ceff=1.71x
546,12:32:30,37.680,76.890,74.890,54.950,53.550,33.160,2.287,15.571,16.859,1.050,1.850,1024.900,1753.000,1.710,16.347,31.185,1.147,2.022,19.179,20.592,0.743,0.749,16.350,31.189,0.189,8.440,9.414,0.018,4155.000,173.895,52.486,8.440,61.900,ON,Clear sky; Hybrid loop operating; Ceff=1.71x
547,12:33:00,37.680,76.940,74.940,54.980,53.570,33.160,2.290,15.568,16.858,1.051,1.851,1026.000,1754.600,1.710,16.361,31.210,1.149,2.023,19.176,20.590,0.743,0.749,16.362,31.204,0.189,8.438,9.410,0.018,4155.000,174.124,52.507,8.438,61.917,ON,Clear sky; Hybrid loop operating; Ceff=1.71x
548,12:33:30,37.690,76.990,74.970,55.000,53.590,33.160,2.294,15.566,16.856,1.052,1.854,1027.300,1756.700,1.710,16.379,31.244,1.150,2.026,19.174,20.588,0.743,0.749,16.375,31.251,0.189,8.434,9.412,0.018,4155.000,174.428,52.536,8.434,61.948,ON,Clear sky; Hybrid loop operating; Ceff=1.71x
549,12:34:00,37.690,77.020,75.000,55.020,53.610,33.160,2.297,15.564,16.855,1.054,1.856,1028.600,1758.700,1.710,16.397,31.277,1.151,2.028,19.172,20.587,0.743,0.749,16.404,31.283,0.189,8.438,9.411,0.018,4155.000,174.656,52.545,8.438,61.956,ON,Clear sky; Hybrid loop operating; Ceff=1.71x
550,12:34:30,37.690,77.040,75.020,55.040,53.620,33.160,2.300,15.563,16.854,1.055,1.857,1029.700,1760.300,1.710,16.413,31.304,1.153,2.030,19.170,20.586,0.743,0.749,16.419,31.298,0.189,8.437,9.407,0.018,4155.000,174.884,52.566,8.437,61.973,ON,Clear sky; Hybrid loop operating; Ceff=1.71x
551,12:35:00,37.690,77.040,75.020,55.040,53.620,33.150,2.301,15.563,16.854,1.055,1.858,1030.200,1761.000,1.709,16.421,31.317,1.153,2.031,19.170,20.586,0.743,0.749,16.419,31.315,0.189,8.433,9.409,0.018,4155.000,174.960,52.568,8.433,61.976,ON,Clear sky; Hybrid loop operating; Ceff=1.71x
552,12:35:30,37.690,77.020,75.010,55.030,53.610,33.150,2.301,15.564,16.855,1.055,1.858,1030.200,1760.700,1.709,16.422,31.312,1.153,2.030,19.171,20.587,0.743,0.749,16.420,31.317,0.189,8.433,9.411,0.018,4155.000,174.960,52.576,8.433,61.987,ON,Clear sky; Hybrid loop operating; Ceff=1.71x
553,12:36:00,37.680,76.990,74.980,55.010,53.600,33.150,2.298,15.565,16.856,1.054,1.856,1029.500,1759.300,1.709,16.413,31.290,1.152,2.029,19.173,20.588,0.743,0.749,16.406,31.285,0.189,8.431,9.409,0.018,4155.000,174.732,52.550,8.431,61.958,ON,Clear sky; Hybrid loop operating; Ceff=1.71x
554,12:36:30,37.680,76.950,74.950,54.980,53.580,33.150,2.294,15.568,16.857,1.053,1.854,1028.300,1757.000,1.709,16.397,31.252,1.151,2.026,19.176,20.590,0.743,0.749,16.393,31.253,0.189,8.435,9.411,0.018,4155.000,174.428,52.527,8.435,61.938,ON,Clear sky; Hybrid loop operating; Ceff=1.71x
555,12:37:00,37.680,76.890,74.910,54.940,53.550,33.150,2.289,15.570,16.859,1.052,1.851,1026.700,1754.100,1.708,16.376,31.205,1.149,2.023,19.179,20.592,0.743,0.749,16.380,31.206,0.189,8.441,9.413,0.018,4155.000,174.048,52.499,8.441,61.912,ON,Clear sky; Hybrid loop operating; Ceff=1.71x
556,12:37:30,37.680,76.840,74.860,54.900,53.520,33.140,2.284,15.573,16.861,1.050,1.848,1025.000,1751.000,1.708,16.353,31.154,1.148,2.019,19.182,20.594,0.743,0.749,16.352,31.159,0.189,8.441,9.415,0.018,4155.000,173.667,52.477,8.441,61.893,ON,Clear sky; Hybrid loop operating; Ceff=1.71x
557,12:38:00,37.670,76.780,74.820,54.860,53.490,33.140,2.279,15.576,16.863,1.049,1.845,1023.500,1748.200,1.708,16.333,31.109,1.146,2.016,19.185,20.596,0.743,0.749,16.339,31.112,0.189,8.447,9.416,0.018,4155.000,173.287,52.446,8.447,61.862,ON,Clear sky; Hybrid loop operating; Ceff=1.71x
558,12:38:30,37.670,76.730,74.780,54.830,53.460,33.140,2.275,15.579,16.865,1.047,1.843,1022.400,1746.000,1.708,16.319,31.075,1.145,2.014,19.188,20.598,0.743,0.749,16.311,31.082,0.189,8.441,9.419,0.018,4155.000,172.983,52.420,8.441,61.839,ON,Clear sky; Hybrid loop operating; Ceff=1.71x
559,12:39:00,37.660,76.700,74.750,54.800,53.440,33.130,2.273,15.581,16.867,1.047,1.841,1021.900,1744.800,1.708,16.312,31.057,1.144,2.012,19.190,20.600,0.743,0.749,16.313,31.052,0.189,8.446,9.416,0.018,4155.000,172.831,52.410,8.446,61.826,ON,Clear sky; Hybrid loop operating; Ceff=1.71x
560,12:39:30,37.660,76.680,74.730,54.790,53.430,33.130,2.272,15.582,16.868,1.047,1.841,1021.900,1744.600,1.707,16.314,31.056,1.144,2.012,19.191,20.601,0.743,0.749,16.314,31.054,0.189,8.447,9.418,0.018,4155.000,172.755,52.393,8.447,61.811,ON,Clear sky; Hybrid loop operating; Ceff=1.71x
561,12:40:00,37.650,76.680,74.730,54.780,53.420,33.130,2.274,15.582,16.868,1.048,1.842,1022.500,1745.400,1.707,16.323,31.069,1.145,2.013,19.191,20.601,0.743,0.749,16.330,31.071,0.189,8.450,9.419,0.018,4155.000,172.907,52.415,8.450,61.834,ON,Clear sky; Hybrid loop operating; Ceff=1.71x
562,12:40:30,37.650,76.700,74.750,54.790,53.430,33.120,2.276,15.581,16.867,1.049,1.843,1023.400,1746.800,1.707,16.337,31.093,1.146,2.015,19.190,20.601,0.743,0.749,16.344,31.086,0.189,8.450,9.416,0.018,4155.000,173.059,52.419,8.450,61.835,ON,Clear sky; Hybrid loop operating; Ceff=1.71x
563,12:41:00,37.640,76.740,74.770,54.810,53.440,33.120,2.279,15.579,16.867,1.050,1.845,1024.500,1748.400,1.707,16.352,31.120,1.147,2.016,19.188,20.600,0.743,0.749,16.358,31.120,0.189,8.448,9.417,0.018,4155.000,173.287,52.440,8.448,61.858,ON,Clear sky; Hybrid loop operating; Ceff=1.71x
564,12:41:30,37.640,76.780,74.810,54.830,53.460,33.110,2.281,15.576,16.865,1.051,1.847,1025.500,1749.800,1.706,16.365,31.142,1.148,2.018,19.185,20.598,0.743,0.749,16.370,31.150,0.189,8.446,9.419,0.018,4155.000,173.439,52.444,8.446,61.863,ON,Clear sky; Hybrid loop operating; Ceff=1.71x
565,12:42:00,37.630,76.840,74.860,54.860,53.480,33.110,2.283,15.573,16.864,1.051,1.847,1026.100,1750.600,1.706,16.370,31.153,1.149,2.019,19.182,20.597,0.743,0.749,16.367,31.148,0.189,8.440,9.414,0.018,4155.000,173.591,52.466,8.440,61.880,ON,Clear sky; Hybrid loop operating; Ceff=1.71x
566,12:42:30,37.620,76.900,74.900,54.890,53.500,33.100,2.283,15.570,16.862,1.051,1.847,1026.200,1750.400,1.706,16.367,31.146,1.149,2.019,19.179,20.595,0.743,0.749,16.364,31.144,0.189,8.437,9.414,0.018,4155.000,173.591,52.472,8.437,61.886,ON,Clear sky; Hybrid loop operating; Ceff=1.71x
567,12:43:00,37.620,76.950,74.950,54.920,53.520,33.100,2.280,15.568,16.861,1.051,1.846,1025.600,1749.200,1.705,16.355,31.122,1.148,2.017,19.176,20.593,0.743,0.749,16.362,31.125,0.189,8.441,9.415,0.018,4155.000,173.363,52.439,8.441,61.854,ON,Clear sky; Hybrid loop operating; Ceff=1.71x
568,12:43:30,37.610,76.990,74.980,54.940,53.530,33.090,2.276,15.565,16.860,1.049,1.843,1024.500,1747.000,1.705,16.333,31.079,1.147,2.015,19.173,20.592,0.743,0.749,16.328,31.073,0.189,8.432,9.411,0.018,4155.000,173.059,52.413,8.432,61.824,ON,Clear sky; Hybrid loop operating; Ceff=1.71x
569,12:44:00,37.600,77.020,75.000,54.950,53.540,33.090,2.271,15.564,16.859,1.048,1.840,1022.900,1743.900,1.705,16.306,31.024,1.145,2.011,19.172,20.592,0.743,0.749,16.311,31.021,0.189,8.437,9.412,0.018,4155.000,172.679,52.391,8.437,61.803,ON,Clear sky; Hybrid loop operating; Ceff=1.7x
570,12:44:30,37.590,77.030,75.000,54.950,53.530,33.080,2.265,15.564,16.860,1.046,1.836,1021.000,1740.400,1.705,16.275,30.962,1.143,2.007,19.171,20.592,0.743,0.749,16.280,30.955,0.189,8.437,9.411,0.018,4155.000,172.223,52.358,8.437,61.768,ON,Clear sky; Hybrid loop operating; Ceff=1.7x
571,12:45:00,37.590,77.020,74.990,54.930,53.520,33.080,2.259,15.564,16.861,1.044,1.833,1019.100,1737.000,1.704,16.246,30.903,1.141,2.003,19.172,20.593,0.743,0.749,16.249,30.906,0.189,8.436,9.414,0.018,4155.000,171.766,52.321,8.436,61.735,ON,Clear sky; Hybrid loop operating; Ceff=1.7x
572,12:45:30,37.580,76.980,74.960,54.910,53.490,33.070,2.254,15.566,16.862,1.042,1.830,1017.500,1733.900,1.704,16.223,30.853,1.139,2.000,19.174,20.595,0.743,0.749,16.220,30.857,0.189,8.434,9.416,0.018,4155.000,171.386,52.299,8.434,61.715,ON,Clear sky; Hybrid loop operating; Ceff=1.7x
573,12:46:00,37.570,76.940,74.920,54.870,53.460,33.060,2.250,15.569,16.864,1.041,1.827,1016.400,1731.700,1.704,16.208,30.818,1.138,1.997,19.177,20.597,0.743,0.749,16.207,30.811,0.189,8.437,9.414,0.018,4155.000,171.082,52.272,8.437,61.686,ON,Clear sky; Hybrid loop operating; Ceff=1.7x
574,12:46:30,37.560,76.880,74.870,54.830,53.420,33.060,2.248,15.572,16.866,1.041,1.826,1015.800,1730.500,1.704,16.204,30.802,1.137,1.996,19.180,20.600,0.743,0.749,16.210,30.797,0.189,8.444,9.416,0.018,4155.000,170.930,52.262,8.444,61.678,ON,Clear sky; Hybrid loop operating; Ceff=1.7x
575,12:47:00,37.550,76.810,74.820,54.780,53.390,33.050,2.247,15.575,16.869,1.041,1.826,1015.900,1730.300,1.703,16.210,30.804,1.137,1.996,19.184,20.602,0.743,0.749,16.214,30.803,0.189,8.444,9.419,0.018,4155.000,170.854,52.245,8.444,61.664,ON,Clear sky; Hybrid loop operating; Ceff=1.7x
576,12:47:30,37.550,76.750,74.760,54.740,53.350,33.040,2.248,15.579,16.871,1.041,1.827,1016.500,1731.000,1.703,16.224,30.821,1.138,1.997,19.188,20.605,0.743,0.749,16.218,30.823,0.189,8.442,9.422,0.018,4155.000,170.930,52.247,8.442,61.668,ON,Clear sky; Hybrid loop operating; Ceff=1.7x
577,12:48:00,37.540,76.690,74.710,54.700,53.310,33.040,2.250,15.582,16.874,1.042,1.828,1017.300,1732.200,1.703,16.242,30.848,1.139,1.998,19.192,20.608,0.743,0.749,16.236,30.846,0.189,8.445,9.422,0.018,4155.000,171.082,52.257,8.445,61.679,ON,Clear sky; Hybrid loop operating; Ceff=1.7x
578,12:48:30,37.530,76.640,74.670,54.660,53.280,33.030,2.253,15.585,16.876,1.043,1.830,1018.300,1733.400,1.702,16.260,30.875,1.140,2.000,19.195,20.610,0.743,0.749,16.255,30.883,0.189,8.446,9.427,0.018,4155.000,171.310,52.290,8.446,61.717,ON,Clear sky; Hybrid loop operating; Ceff=1.7x
579,12:49:00,37.520,76.600,74.640,54.630,53.260,33.020,2.254,15.587,16.877,1.044,1.831,1019.000,1734.400,1.702,16.275,30.894,1.141,2.001,19.197,20.611,0.743,0.749,16.273,30.902,0.189,8.449,9.427,0.018,4155.000,171.386,52.284,8.449,61.711,ON,Clear sky; Hybrid loop operating; Ceff=1.7x
580,12:49:30,37.510,76.580,74.620,54.620,53.250,33.020,2.255,15.588,16.878,1.044,1.831,1019.300,1734.500,1.702,16.281,30.900,1.141,2.001,19.198,20.612,0.743,0.749,16.274,30.904,0.189,8.447,9.427,0.018,4155.000,171.462,52.304,8.447,61.731,ON,Clear sky; Hybrid loop operating; Ceff=1.7x
581,12:50:00,37.510,76.570,74.610,54.610,53.240,33.010,2.253,15.589,16.878,1.044,1.830,1019.000,1733.700,1.701,16.277,30.887,1.141,2.000,19.199,20.613,0.743,0.749,16.275,30.887,0.189,8.451,9.426,0.018,4155.000,171.310,52.281,8.451,61.708,ON,Clear sky; Hybrid loop operating; Ceff=1.7x
582,12:50:30,37.500,76.590,74.620,54.610,53.240,33.000,2.250,15.588,16.878,1.043,1.828,1018.100,1731.900,1.701,16.261,30.853,1.140,1.998,19.198,20.613,0.743,0.749,16.258,30.853,0.189,8.449,9.426,0.018,4155.000,171.082,52.266,8.449,61.692,ON,Clear sky; Hybrid loop operating; Ceff=1.7x
583,12:51:00,37.490,76.610,74.640,54.620,53.240,33.000,2.245,15.587,16.878,1.042,1.825,1016.600,1729.100,1.701,16.237,30.803,1.138,1.995,19.197,20.612,0.743,0.749,16.242,30.802,0.189,8.453,9.425,0.018,4155.000,170.702,52.234,8.453,61.660,ON,Clear sky; Hybrid loop operating; Ceff=1.7x
584,12:51:30,37.490,76.650,74.660,54.640,53.250,32.990,2.239,15.585,16.877,1.040,1.821,1014.800,1725.700,1.701,16.205,30.740,1.136,1.991,19.195,20.612,0.743,0.749,16.208,30.733,0.189,8.451,9.423,0.018,4155.000,170.246,52.197,8.451,61.620,ON,Clear sky; Hybrid loop operating; Ceff=1.7x
585,12:52:00,37.480,76.680,74.690,54.650,53.260,32.980,2.233,15.583,16.877,1.038,1.817,1012.800,1722.000,1.700,16.171,30.673,1.134,1.986,19.193,20.611,0.743,0.749,16.175,30.666,0.189,8.450,9.422,0.018,4155.000,169.790,52.169,8.450,61.592,ON,Clear sky; Hybrid loop operating; Ceff=1.7x
586,12:52:30,37.470,76.720,74.720,54.670,53.260,32.980,2.227,15.581,16.876,1.036,1.814,1011.000,1718.500,1.700,16.139,30.610,1.132,1.982,19.190,20.610,0.743,0.749,16.142,30.613,0.189,8.448,9.425,0.018,4155.000,169.333,52.135,8.448,61.561,ON,Clear sky; Hybrid loop operating; Ceff=1.7x
587,12:53:00,37.470,76.760,74.740,54.680,53.270,32.970,2.222,15.579,16.875,1.034,1.811,1009.500,1715.700,1.700,16.113,30.558,1.130,1.979,19.189,20.609,0.743,0.749,16.109,30.561,0.189,8.443,9.425,0.018,4155.000,168.953,52.103,8.443,61.528,ON,Clear sky; Hybrid loop operating; Ceff=1.7x
588,12:53:30,37.460,76.790,74.760,54.700,53.270,32.960,2.218,15.578,16.875,1.033,1.809,1008.600,1713.800,1.699,16.096,30.523,1.129,1.977,19.187,20.609,0.743,0.749,16.092,30.527,0.189,8.442,9.425,0.018,4155.000,168.649,52.067,8.442,61.491,ON,Clear sky; Hybrid loop operating; Ceff=1.7x
589,12:54:00,37.460,76.810,74.770,54.700,53.270,32.960,2.217,15.577,16.875,1.033,1.808,1008.300,1713.000,1.699,16.091,30.508,1.129,1.976,19.186,20.609,0.743,0.749,16.091,30.510,0.189,8.444,9.424,0.018,4155.000,168.573,52.068,8.444,61.491,ON,Clear sky; Hybrid loop operating; Ceff=1.7x
590,12:54:30,37.450,76.810,74.770,54.700,53.260,32.950,2.217,15.577,16.875,1.033,1.808,1008.600,1713.100,1.699,16.095,30.511,1.129,1.976,19.186,20.609,0.743,0.749,16.091,30.510,0.189,8.441,9.423,0.018,4155.000,168.573,52.065,8.441,61.488,ON,Clear sky; Hybrid loop operating; Ceff=1.7x
591,12:55:00,37.450,76.800,74.750,54.690,53.250,32.940,2.219,15.578,16.876,1.034,1.809,1009.300,1714.000,1.698,16.108,30.529,1.130,1.977,19.187,20.610,0.743,0.749,16.108,30.529,0.189,8.444,9.424,0.018,4155.000,168.725,52.084,8.444,61.508,ON,Clear sky; Hybrid loop operating; Ceff=1.7x
592,12:55:30,37.440,76.770,74.730,54.670,53.240,32.940,2.221,15.579,16.877,1.035,1.810,1010.300,1715.300,1.698,16.125,30.554,1.131,1.979,19.189,20.611,0.743,0.749,16.124,30.547,0.189,8.444,9.423,0.018,4155.000,168.877,52.092,8.444,61.514,ON,Clear sky; Hybrid loop operating; Ceff=1.7x
593,12:56:00,37.440,76.730,74.690,54.640,53.210,32.930,2.223,15.582,16.878,1.036,1.812,1011.200,1716.500,1.698,16.143,30.579,1.132,1.980,19.191,20.612,0.743,0.749,16.143,30.583,0.189,8.447,9.427,0.018,4155.000,169.029,52.102,8.447,61.529,ON,Clear sky; Hybrid loop operating; Ceff=1.7x
594,12:56:30,37.440,76.680,74.650,54.610,53.190,32.920,2.224,15.584,16.880,1.037,1.813,1011.800,1717.200,1.697,16.157,30.596,1.133,1.981,19.194,20.614,0.743,0.749,16.161,30.603,0.189,8.451,9.429,0.018,4155.000,169.105,52.104,8.451,61.534,ON,Clear sky; Hybrid loop operating; Ceff=1.7x
595,12:57:00,37.440,76.620,74.600,54.570,53.160,32.920,2.224,15.588,16.882,1.037,1.813,1012.000,1717.100,1.697,16.163,30.599,1.133,1.981,19.198,20.617,0.743,0.749,16.165,30.607,0.189,8.451,9.431,0.018,4155.000,169.105,52.107,8.451,61.539,ON,Clear sky; Hybrid loop operating; Ceff=1.7x
596,12:57:30,37.430,76.560,74.550,54.530,53.130,32.910,2.222,15.591,16.884,1.037,1.811,1011.500,1716.000,1.696,16.161,30.584,1.133,1.980,19.201,20.619,0.743,0.749,16.168,30.577,0.189,8.457,9.428,0.018,4155.000,168.953,52.094,8.457,61.522,ON,Clear sky; Hybrid loop operating; Ceff=1.7x
597,12:58:00,37.430,76.490,74.500,54.490,53.090,32.910,2.219,15.595,16.886,1.036,1.809,1010.500,1713.900,1.696,16.148,30.550,1.132,1.977,19.205,20.621,0.743,0.749,16.156,30.547,0.189,8.460,9.430,0.018,4155.000,168.725,52.087,8.460,61.517,ON,Clear sky; Hybrid loop operating; Ceff=1.7x
598,12:58:30,37.430,76.440,74.450,54.460,53.060,32.900,2.213,15.598,16.888,1.034,1.806,1008.900,1710.900,1.696,16.128,30.502,1.130,1.974,19.209,20.623,0.743,0.749,16.128,30.500,0.189,8.458,9.432,0.018,4155.000,168.269,52.038,8.458,61.470,ON,Clear sky; Hybrid loop operating; Ceff=1.7x
599,12:59:00,37.430,76.390,74.400,54.420,53.040,32.900,2.207,15.601,16.890,1.032,1.803,1007.100,1707.500,1.695,16.103,30.445,1.128,1.970,19.212,20.625,0.743,0.749,16.100,30.453,0.189,8.459,9.436,0.018,4155.000,167.813,52.000,8.459,61.436,ON,Clear sky; Hybrid loop operating; Ceff=1.7x
600,12:59:30,37.430,76.350,74.370,54.400,53.010,32.890,2.201,15.603,16.891,1.030,1.799,1005.300,1704.000,1.695,16.076,30.386,1.126,1.966,19.214,20.627,0.743,0.749,16.071,30.387,0.189,8.458,9.435,0.018,4155.000,167.356,51.965,8.458,61.400,ON,Clear sky; Hybrid loop operating; Ceff=1.7x
601,13:00:00,37.430,76.330,74.350,54.380,53.000,32.890,2.196,15.604,16.892,1.029,1.796,1003.700,1700.900,1.695,16.052,30.333,1.124,1.962,19.216,20.628,0.743,0.749,16.057,30.338,0.189,8.464,9.437,0.018,4155.000,166.976,51.941,8.464,61.379,ON,Clear sky; Hybrid loop operating; Ceff=1.69x
602,13:00:30,37.430,76.320,74.340,54.370,52.990,32.880,2.192,15.604,16.893,1.028,1.793,1002.500,1698.600,1.694,16.034,30.292,1.123,1.960,19.216,20.629,0.743,0.749,16.041,30.289,0.189,8.466,9.435,0.018,4155.000,166.672,51.917,8.466,61.352,ON,Clear sky; Hybrid loop operating; Ceff=1.69x
603,13:01:00,37.430,76.330,74.340,54.380,52.990,32.880,2.190,15.604,16.893,1.027,1.792,1001.900,1697.200,1.694,16.024,30.268,1.122,1.958,19.216,20.629,0.743,0.749,16.025,30.272,0.189,8.463,9.437,0.018,4155.000,166.520,51.912,8.463,61.350,ON,Clear sky; Hybrid loop operating; Ceff=1.69x
604,13:01:30,37.430,76.350,74.360,54.390,52.990,32.870,2.189,15.603,16.892,1.027,1.791,1002.000,1696.900,1.694,16.024,30.261,1.122,1.958,19.214,20.628,0.743,0.749,16.024,30.254,0.189,8.462,9.433,0.018,4155.000,166.444,51.898,8.462,61.331,ON,Clear sky; Hybrid loop operating; Ceff=1.69x
605,13:02:00,37.440,76.390,74.380,54.410,53.010,32.870,2.190,15.601,16.891,1.028,1.792,1002.600,1697.500,1.693,16.031,30.270,1.123,1.959,19.212,20.627,0.743,0.749,16.038,30.269,0.189,8.464,9.435,0.018,4155.000,166.520,51.903,8.464,61.338,ON,Clear sky; Hybrid loop operating; Ceff=1.69x
606,13:02:30,37.440,76.430,74.410,54.440,53.020,32.860,2.192,15.599,16.890,1.028,1.793,1003.500,1698.800,1.693,16.043,30.289,1.124,1.960,19.210,20.625,0.743,0.749,16.036,30.284,0.189,8.455,9.432,0.018,4155.000,166.672,51.911,8.455,61.343,ON,Clear sky; Hybrid loop operating; Ceff=1.69x
607,13:03:00,37.440,76.470,74.450,54.460,53.040,32.860,2.195,15.597,16.889,1.030,1.795,1004.600,1700.200,1.692,16.058,30.312,1.125,1.962,19.208,20.624,0.743,0.749,16.065,30.316,0.189,8.461,9.434,0.018,4155.000,166.900,51.939,8.461,61.373,ON,Clear sky; Hybrid loop operating; Ceff=1.69x
608,13:03:30,37.450,76.510,74.480,54.490,53.060,32.860,2.197,15.595,16.887,1.030,1.796,1005.600,1701.400,1.692,16.070,30.331,1.126,1.963,19.205,20.622,0.743,0.749,16.063,30.329,0.189,8.452,9.432,0.018,4155.000,167.052,51.950,8.452,61.382,ON,Clear sky; Hybrid loop operating; Ceff=1.69x
609,13:04:00,37.450,76.540,74.500,54.510,53.080,32.850,2.198,15.593,16.886,1.031,1.797,1006.100,1702.000,1.692,16.077,30.338,1.127,1.964,19.204,20.621,0.743,0.749,16.076,30.344,0.189,8.454,9.433,0.018,4155.000,167.128,51.955,8.454,61.388,ON,Clear sky; Hybrid loop operating; Ceff=1.69x
610,13:04:30,37.460,76.560,74.510,54.520,53.080,32.850,2.197,15.592,16.886,1.031,1.796,1006.100,1701.600,1.691,16.076,30.330,1.127,1.963,19.203,20.621,0.743,0.749,16.075,30.327,0.189,8.454,9.430,0.018,4155.000,167.052,51.944,8.454,61.374,ON,Clear sky; Hybrid loop operating; Ceff=1.69x
611,13:05:00,37.460,76.560,74.510,54.520,53.080,32.850,2.195,15.592,16.886,1.030,1.795,1005.500,1700.200,1.691,16.066,30.304,1.126,1.961,19.203,20.621,0.743,0.749,16.060,30.310,0.189,8.451,9.433,0.018,4155.000,166.900,51.939,8.451,61.372,ON,Clear sky; Hybrid loop operating; Ceff=1.69x
612,13:05:30,37.470,76.540,74.490,54.510,53.080,32.850,2.190,15.593,16.886,1.029,1.792,1004.300,1697.800,1.690,16.049,30.263,1.125,1.959,19.204,20.621,0.743,0.749,16.045,30.260,0.189,8.453,9.430,0.018,4155.000,166.520,51.894,8.453,61.324,ON,Clear sky; Hybrid loop operating; Ceff=1.69x
613,13:06:00,37.470,76.500,74.460,54.490,53.060,32.840,2.185,15.595,16.887,1.028,1.789,1002.700,1694.600,1.690,16.026,30.210,1.123,1.955,19.206,20.622,0.743,0.749,16.032,30.211,0.189,8.460,9.433,0.018,4155.000,166.140,51.873,8.460,61.306,ON,Clear sky; Hybrid loop operating; Ceff=1.69x
614,13:06:30,37.480,76.450,74.410,54.460,53.030,32.840,2.179,15.598,16.889,1.026,1.785,1000.900,1691.200,1.690,16.001,30.152,1.121,1.951,19.209,20.624,0.743,0.749,16.004,30.147,0.189,8.460,9.432,0.018,4155.000,165.684,51.835,8.460,61.267,ON,Clear sky; Hybrid loop operating; Ceff=1.69x
615,13:07:00,37.480,76.380,74.360,54.420,53.000,32.840,2.173,15.602,16.891,1.024,1.782,999.200,1687.800,1.689,15.978,30.096,1.119,1.947,19.213,20.627,0.743,0.749,15.976,30.100,0.189,8.460,9.436,0.018,4155.000,165.227,51.796,8.460,61.232,ON,Clear sky; Hybrid loop operating; Ceff=1.69x
616,13:07:30,37.490,76.310,74.300,54.380,52.970,32.840,2.168,15.606,16.894,1.023,1.779,997.700,1684.900,1.689,15.960,30.050,1.118,1.944,19.218,20.629,0.743,0.749,15.965,30.054,0.189,8.467,9.438,0.018,4155.000,164.847,51.766,8.467,61.204,ON,Clear sky; Hybrid loop operating; Ceff=1.69x
617,13:08:00,37.500,76.240,74.230,54.330,52.930,32.840,2.165,15.610,16.896,1.022,1.777,996.800,1682.900,1.688,15.950,30.020,1.117,1.942,19.222,20.632,0.743,0.749,15.953,30.024,0.189,8.468,9.440,0.018,4155.000,164.619,51.756,8.468,61.195,ON,Clear sky; Hybrid loop operating; Ceff=1.69x
618,13:08:30,37.510,76.170,74.180,54.290,52.900,32.840,2.163,15.614,16.898,1.021,1.776,996.500,1681.900,1.688,15.949,30.007,1.116,1.941,19.226,20.634,0.743,0.749,15.942,30.011,0.189,8.464,9.441,0.018,4155.000,164.467,51.739,8.464,61.180,ON,Clear sky; Hybrid loop operating; Ceff=1.69x
619,13:09:00,37.510,76.110,74.130,54.260,52.880,32.840,2.163,15.617,16.900,1.022,1.776,996.700,1681.900,1.687,15.957,30.010,1.117,1.941,19.230,20.636,0.743,0.749,15.961,30.014,0.189,8.473,9.442,0.018,4155.000,164.467,51.739,8.473,61.181,ON,Clear sky; Hybrid loop operating; Ceff=1.69x
620,13:09:30,37.520,76.070,74.100,54.240,52.860,32.830,2.164,15.619,16.901,1.023,1.777,997.400,1682.700,1.687,15.971,30.027,1.118,1.942,19.232,20.637,0.743,0.749,15.978,30.033,0.189,8.476,9.443,0.018,4155.000,164.543,51.738,8.476,61.182,ON,Clear sky; Hybrid loop operating; Ceff=1.69x
621,13:10:00,37.530,76.050,74.080,54.230,52.850,32.830,2.166,15.620,16.901,1.024,1.778,998.400,1683.900,1.687,15.989,30.049,1.119,1.943,19.233,20.638,0.743,0.749,15.995,30.050,0.189,8.476,9.442,0.018,4155.000,164.695,51.749,8.476,61.191,ON,Clear sky; Hybrid loop operating; Ceff=1.69x
622,13:10:30,37.540,76.050,74.080,54.230,52.850,32.830,2.169,15.620,16.901,1.025,1.779,999.400,1685.100,1.686,16.004,30.071,1.120,1.945,19.233,20.637,0.743,0.749,16.011,30.067,0.189,8.476,9.441,0.018,4155.000,164.923,51.784,8.476,61.224,ON,Clear sky; Hybrid loop operating; Ceff=1.69x
623,13:11:00,37.540,76.070,74.090,54.250,52.870,32.830,2.170,15.619,16.900,1.025,1.780,1000.100,1685.900,1.686,16.015,30.083,1.121,1.945,19.232,20.637,0.743,0.749,16.009,30.082,0.189,8.470,9.441,0.018,4155.000,164.999,51.783,8.470,61.224,ON,Clear sky; Hybrid loop operating; Ceff=1.69x
624,13:11:30,37.550,76.100,74.120,54.270,52.880,32.830,2.170,15.617,16.899,1.026,1.780,1000.300,1685.900,1.685,16.017,30.079,1.121,1.945,19.230,20.635,0.743,0.749,16.023,30.080,0.189,8.475,9.440,0.018,4155.000,164.999,51.783,8.475,61.223,ON,Clear sky; Hybrid loop operating; Ceff=1.69x
625,13:12:00,37.560,76.150,74.150,54.300,52.910,32.830,2.168,15.615,16.897,1.025,1.779,1000.000,1684.800,1.685,16.008,30.057,1.120,1.944,19.228,20.634,0.743,0.749,16.005,30.060,0.189,8.468,9.440,0.018,4155.000,164.847,51.769,8.468,61.209,ON,Clear sky; Hybrid loop operating; Ceff=1.68x
626,13:12:30,37.570,76.190,74.190,54.330,52.930,32.840,2.164,15.613,16.896,1.024,1.776,999.000,1682.700,1.684,15.989,30.015,1.119,1.942,19.225,20.632,0.743,0.749,15.988,30.007,0.189,8.468,9.435,0.018,4155.000,164.543,51.738,8.468,61.174,ON,Clear sky; Hybrid loop operating; Ceff=1.68x
627,13:13:00,37.580,76.240,74.230,54.360,52.950,32.840,2.159,15.610,16.894,1.022,1.773,997.500,1679.600,1.684,15.961,29.957,1.117,1.938,19.222,20.630,0.743,0.749,15.953,29.953,0.189,8.462,9.436,0.018,4155.000,164.163,51.714,8.462,61.150,ON,Clear sky; Hybrid loop operating; Ceff=1.68x
628,13:13:30,37.590,76.280,74.250,54.390,52.970,32.840,2.153,15.608,16.893,1.020,1.769,995.500,1675.900,1.683,15.928,29.889,1.115,1.934,19.220,20.629,0.743,0.749,15.920,29.884,0.189,8.461,9.435,0.018,4155.000,163.707,51.684,8.461,61.119,ON,Clear sky; Hybrid loop operating; Ceff=1.68x
629,13:14:00,37.590,76.300,74.270,54.400,52.980,32.840,2.146,15.607,16.892,1.018,1.765,993.500,1672.000,1.683,15.893,29.818,1.113,1.929,19.219,20.628,0.743,0.749,15.888,29.814,0.189,8.461,9.435,0.018,4155.000,163.174,51.636,8.461,61.071,ON,Clear sky; Hybrid loop operating; Ceff=1.68x
630,13:14:30,37.600,76.310,74.280,54.410,52.990,32.840,2.140,15.606,16.892,1.016,1.761,991.600,1668.400,1.682,15.863,29.752,1.111,1.925,19.218,20.627,0.743,0.749,15.856,29.747,0.189,8.460,9.434,0.018,4155.000,162.718,51.603,8.460,61.036,ON,Clear sky; Hybrid loop operating; Ceff=1.68x
631,13:15:00,37.610,76.310,74.270,54.410,52.980,32.840,2.135,15.607,16.892,1.015,1.758,990.100,1665.400,1.682,15.839,29.698,1.109,1.921,19.219,20.628,0.743,0.749,15.841,29.696,0.189,8.465,9.435,0.018,4155.000,162.338,51.575,8.465,61.010,ON,Clear sky; Hybrid loop operating; Ceff=1.68x
632,13:15:30,37.620,76.280,74.250,54.390,52.970,32.840,2.131,15.608,16.893,1.014,1.756,989.100,1663.200,1.681,15.825,29.662,1.108,1.919,19.220,20.629,0.743,0.749,15.827,29.664,0.189,8.466,9.437,0.018,4155.000,162.034,51.547,8.466,60.983,ON,Clear sky; Hybrid loop operating; Ceff=1.68x
633,13:16:00,37.620,76.240,74.210,54.370,52.950,32.840,2.129,15.610,16.894,1.014,1.755,988.800,1662.100,1.681,15.822,29.645,1.108,1.918,19.223,20.630,0.743,0.749,15.829,29.649,0.189,8.470,9.438,0.018,4155.000,161.882,51.532,8.470,60.970,ON,Clear sky; Hybrid loop operating; Ceff=1.68x
634,13:16:30,37.630,76.190,74.170,54.340,52.930,32.840,2.129,15.613,16.896,1.014,1.755,988.900,1661.900,1.680,15.828,29.644,1.108,1.918,19.226,20.632,0.743,0.749,15.832,29.652,0.189,8.471,9.440,0.018,4155.000,161.882,51.538,8.471,60.979,ON,Clear sky; Hybrid loop operating; Ceff=1.68x
635,13:17:00,37.640,76.130,74.120,54.300,52.900,32.850,2.129,15.617,16.898,1.014,1.755,989.400,1662.300,1.680,15.841,29.655,1.109,1.918,19.229,20.634,0.743,0.749,15.836,29.656,0.189,8.468,9.439,0.018,4155.000,161.882,51.526,8.468,60.965,ON,Clear sky; Hybrid loop operating; Ceff=1.68x
636,13:17:30,37.650,76.060,74.060,54.270,52.870,32.850,2.130,15.620,16.900,1.015,1.756,990.100,1662.900,1.679,15.857,29.670,1.109,1.919,19.233,20.636,0.743,0.749,15.854,29.676,0.189,8.472,9.442,0.018,4155.000,161.958,51.532,8.472,60.974,ON,Clear sky; Hybrid loop operating; Ceff=1.68x
637,13:18:00,37.650,76.000,74.010,54.230,52.840,32.850,2.131,15.624,16.901,1.016,1.756,990.700,1663.300,1.679,15.870,29.682,1.110,1.919,19.237,20.638,0.743,0.749,15.874,29.678,0.189,8.478,9.441,0.018,4155.000,162.034,51.543,8.478,60.984,ON,Clear sky; Hybrid loop operating; Ceff=1.68x
638,13:18:30,37.660,75.940,73.960,54.200,52.820,32.850,2.131,15.627,16.903,1.016,1.756,990.900,1663.100,1.678,15.878,29.683,1.110,1.919,19.241,20.640,0.743,0.749,15.877,29.682,0.189,8.478,9.443,0.018,4155.000,162.034,51.550,8.478,60.993,ON,Clear sky; Hybrid loop operating; Ceff=1.68x
639,13:19:00,37.660,75.880,73.920,54.170,52.800,32.850,2.129,15.630,16.905,1.016,1.755,990.500,1662.000,1.678,15.875,29.666,1.110,1.918,19.244,20.641,0.743,0.749,15.880,29.668,0.189,8.483,9.445,0.018,4155.000,161.882,51.535,8.483,60.980,ON,Clear sky; Hybrid loop operating; Ceff=1.68x
640,13:19:30,37.670,75.850,73.890,54.150,52.780,32.850,2.125,15.632,16.906,1.015,1.753,989.600,1659.800,1.677,15.862,29.629,1.109,1.915,19.246,20.643,0.743,0.750,15.866,29.636,0.189,8.483,9.447,0.018,4155.000,161.578,51.507,8.483,60.954,ON,Clear sky; Hybrid loop operating; Ceff=1.68x
641,13:20:00,37.670,75.820,73.870,54.130,52.770,32.860,2.119,15.633,16.907,1.013,1.749,987.900,1656.600,1.677,15.838,29.573,1.107,1.912,19.248,20.644,0.743,0.749,15.836,29.570,0.189,8.482,9.444,0.018,4155.000,161.121,51.460,8.482,60.905,ON,Clear sky; Hybrid loop operating; Ceff=1.68x
642,13:20:30,37.680,75.810,73.860,54.130,52.760,32.860,2.112,15.634,16.907,1.011,1.745,985.800,1652.500,1.676,15.805,29.501,1.105,1.907,19.248,20.644,0.743,0.749,15.806,29.503,0.189,8.483,9.446,0.018,4155.000,160.589,51.418,8.483,60.864,ON,Clear sky; Hybrid loop operating; Ceff=1.68x
643,13:21:00,37.680,75.810,73.860,54.130,52.760,32.860,2.105,15.634,16.907,1.008,1.740,983.400,1647.900,1.676,15.766,29.419,1.102,1.902,19.248,20.644,0.743,0.749,15.759,29.418,0.189,8.479,9.445,0.018,4155.000,160.057,51.390,8.479,60.836,ON,Clear sky; Hybrid loop operating; Ceff=1.68x
644,13:21:30,37.680,75.830,73.870,54.140,52.760,32.860,2.097,15.633,16.907,1.006,1.735,981.000,1643.300,1.675,15.727,29.336,1.099,1.896,19.247,20.644,0.744,0.749,15.727,29.334,0.189,8.482,9.445,0.018,4155.000,159.449,51.338,8.482,60.783,ON,Clear sky; Hybrid loop operating; Ceff=1.68x
645,13:22:00,37.690,75.850,73.880,54.150,52.770,32.860,2.090,15.632,16.906,1.004,1.731,978.800,1639.100,1.675,15.690,29.259,1.097,1.891,19.246,20.643,0.743,0.750,15.695,29.264,0.189,8.484,9.446,0.018,4155.000,158.916,51.298,8.484,60.745,ON,Clear sky; Hybrid loop operating; Ceff=1.67x
646,13:22:30,37.690,75.880,73.900,54.170,52.780,32.870,2.084,15.630,16.905,1.002,1.727,977.100,1635.600,1.674,15.660,29.195,1.095,1.887,19.244,20.642,0.743,0.750,15.661,29.195,0.189,8.481,9.444,0.018,4155.000,158.460,51.260,8.481,60.705,ON,Clear sky; Hybrid loop operating; Ceff=1.67x
647,13:23:00,37.690,75.920,73.920,54.180,52.790,32.870,2.079,15.629,16.905,1.001,1.724,975.900,1633.000,1.673,15.639,29.148,1.094,1.884,19.243,20.641,0.743,0.750,15.645,29.144,0.189,8.482,9.443,0.018,4155.000,158.080,51.219,8.482,60.662,ON,Clear sky; Hybrid loop operating; Ceff=1.67x
648,13:23:30,37.690,75.950,73.940,54.200,52.800,32.870,2.077,15.627,16.904,1.000,1.723,975.300,1631.400,1.673,15.628,29.118,1.093,1.883,19.241,20.641,0.743,0.749,15.627,29.126,0.189,8.478,9.446,0.018,4155.000,157.928,51.220,8.478,60.666,ON,Clear sky; Hybrid loop operating; Ceff=1.67x
649,13:24:00,37.690,75.970,73.960,54.210,52.800,32.870,2.075,15.626,16.903,1.000,1.722,975.200,1630.700,1.672,15.625,29.103,1.093,1.882,19.240,20.640,0.743,0.749,15.626,29.107,0.189,8.478,9.444,0.018,4155.000,157.776,51.192,8.478,60.636,ON,Clear sky; Hybrid loop operating; Ceff=1.67x
650,13:24:30,37.690,75.980,73.960,54.220,52.800,32.870,2.075,15.626,16.903,1.000,1.721,975.400,1630.400,1.672,15.627,29.098,1.093,1.881,19.239,20.640,0.743,0.749,15.626,29.090,0.189,8.476,9.440,0.018,4155.000,157.776,51.202,8.476,60.642,ON,Clear sky; Hybrid loop operating; Ceff=1.67x
651,13:25:00,37.690,75.980,73.960,54.210,52.800,32.870,2.074,15.626,16.903,1.000,1.721,975.600,1630.200,1.671,15.631,29.094,1.093,1.881,19.240,20.640,0.743,0.749,15.626,29.090,0.189,8.475,9.442,0.018,4155.000,157.700,51.183,8.475,60.625,ON,Clear sky; Hybrid loop operating; Ceff=1.67x
652,13:25:30,37.690,75.960,73.940,54.200,52.790,32.870,2.073,15.627,16.904,1.000,1.721,975.600,1629.600,1.670,15.633,29.086,1.093,1.880,19.241,20.641,0.743,0.750,15.627,29.092,0.189,8.475,9.446,0.018,4155.000,157.624,51.177,8.475,60.623,ON,Clear sky; Hybrid loop operating; Ceff=1.67x
653,13:26:00,37.690,75.930,73.910,54.180,52.770,32.870,2.071,15.629,16.905,1.000,1.719,975.200,1628.300,1.670,15.628,29.065,1.093,1.879,19.243,20.642,0.743,0.749,15.629,29.060,0.189,8.480,9.443,0.018,4155.000,157.472,51.169,8.480,60.612,ON,Clear sky; Hybrid loop operating; Ceff=1.67x
654,13:26:30,37.690,75.880,73.870,54.150,52.740,32.870,2.067,15.632,16.907,0.999,1.717,974.200,1626.000,1.669,15.616,29.027,1.092,1.876,19.246,20.644,0.743,0.750,15.616,29.029,0.189,8.481,9.446,0.018,4155.000,157.167,51.142,8.481,60.588,ON,Clear sky; Hybrid loop operating; Ceff=1.67x
655,13:27:00,37.690,75.820,73.820,54.110,52.710,32.870,2.061,15.635,16.909,0.997,1.713,972.500,1622.600,1.668,15.594,28.971,1.090,1.873,19.250,20.646,0.743,0.749,15.588,28.965,0.189,8.481,9.445,0.018,4155.000,156.711,51.101,8.481,60.546,ON,Clear sky; Hybrid loop operating; Ceff=1.67x
656,13:27:30,37.680,75.740,73.750,54.060,52.670,32.870,2.054,15.639,16.912,0.995,1.709,970.300,1618.200,1.668,15.563,28.899,1.088,1.868,19.254,20.649,0.743,0.749,15.561,28.903,0.189,8.485,9.450,0.018,4155.000,156.179,51.066,8.485,60.516,ON,Clear sky; Hybrid loop operating; Ceff=1.67x
657,13:28:00,37.680,75.660,73.680,54.010,52.630,32.870,2.046,15.643,16.914,0.993,1.704,967.700,1613.200,1.667,15.526,28.815,1.085,1.862,19.259,20.652,0.743,0.749,15.533,28.821,0.189,8.493,9.453,0.018,4155.000,155.571,51.024,8.493,60.477,ON,Clear sky; Hybrid loop operating; Ceff=1.67x
658,13:28:30,37.670,75.580,73.620,53.960,52.580,32.870,2.037,15.648,16.917,0.990,1.698,964.900,1607.800,1.666,15.487,28.726,1.082,1.856,19.264,20.655,0.743,0.749,15.492,28.725,0.189,8.495,9.453,0.018,4155.000,154.886,50.971,8.495,60.423,ON,Clear sky; Hybrid loop operating; Ceff=1.67x
659,13:29:00,37.670,75.510,73.550,53.910,52.540,32.870,2.028,15.652,16.920,0.987,1.693,962.100,1602.600,1.666,15.448,28.639,1.079,1.850,19.268,20.658,0.743,0.749,15.449,28.646,0.189,8.496,9.457,0.018,4155.000,154.202,50.910,8.496,60.367,ON,Clear sky; Hybrid loop operating; Ceff=1.67x
660,13:29:30,37.660,75.440,73.490,53.860,52.500,32.870,2.020,15.656,16.923,0.985,1.688,959.800,1598.000,1.665,15.414,28.561,1.076,1.845,19.272,20.661,0.743,0.749,15.421,28.566,0.189,8.501,9.458,0.018,4155.000,153.594,50.855,8.501,60.313,ON,Clear sky; Hybrid loop operating; Ceff=1.67x
661,13:30:00,37.660,75.390,73.440,53.830,52.460,32.870,2.014,15.659,16.925,0.983,1.684,957.900,1594.200,1.664,15.388,28.498,1.074,1.840,19.275,20.664,0.743,0.750,15.393,28.502,0.189,8.502,9.459,0.018,4155.000,153.138,50.825,8.502,60.284,ON,Clear sky; Hybrid loop operating; Ceff=1.66x
662,13:30:30,37.650,75.360,73.410,53.800,52.440,32.870,2.009,15.661,16.926,0.981,1.681,956.600,1591.500,1.664,15.370,28.452,1.073,1.837,19.278,20.665,0.743,0.749,15.363,28.453,0.189,8.498,9.459,0.018,4155.000,152.757,50.785,8.498,60.244,ON,Clear sky; Hybrid loop operating; Ceff=1.66x
663,13:31:00,37.640,75.340,73.390,53.780,52.420,32.870,2.006,15.662,16.927,0.981,1.679,955.900,1589.600,1.663,15.361,28.422,1.072,1.835,19.279,20.666,0.743,0.749,15.364,28.420,0.189,8.504,9.460,0.018,4155.000,152.529,50.770,8.504,60.229,ON,Clear sky; Hybrid loop operating; Ceff=1.66x
664,13:31:30,37.630,75.340,73.380,53.780,52.410,32.870,2.004,15.662,16.928,0.981,1.678,955.700,1588.600,1.662,15.357,28.403,1.072,1.834,19.279,20.667,0.743,0.749,15.364,28.405,0.189,8.506,9.461,0.018,4155.000,152.377,50.751,8.506,60.212,ON,Clear sky; Hybrid loop operating; Ceff=1.66x
665,13:32:00,37.620,75.360,73.390,53.780,52.410,32.870,2.003,15.661,16.928,0.980,1.677,955.700,1587.800,1.661,15.356,28.390,1.072,1.833,19.278,20.667,0.743,0.749,15.348,28.388,0.189,8.497,9.460,0.018,4155.000,152.301,50.751,8.497,60.211,ON,Clear sky; Hybrid loop operating; Ceff=1.66x
666,13:32:30,37.610,75.390,73.400,53.800,52.410,32.860,2.002,15.660,16.927,0.980,1.676,955.600,1587.100,1.661,15.354,28.375,1.072,1.832,19.277,20.666,0.743,0.749,15.347,28.370,0.189,8.497,9.458,0.018,4155.000,152.225,50.748,8.497,60.206,ON,Clear sky; Hybrid loop operating; Ceff=1.66x
667,13:33:00,37.600,75.410,73.420,53.810,52.410,32.860,1.999,15.659,16.927,0.980,1.675,955.300,1585.800,1.660,15.346,28.352,1.071,1.831,19.276,20.666,0.743,0.749,15.346,28.353,0.189,8.499,9.460,0.018,4155.000,151.997,50.714,8.499,60.173,ON,Clear sky; Hybrid loop operating; Ceff=1.66x
668,13:33:30,37.590,75.440,73.440,53.820,52.420,32.860,1.996,15.657,16.926,0.979,1.673,954.500,1583.700,1.659,15.332,28.314,1.070,1.828,19.274,20.665,0.743,0.750,15.328,28.317,0.189,8.497,9.461,0.018,4155.000,151.769,50.705,8.497,60.165,ON,Clear sky; Hybrid loop operating; Ceff=1.66x
669,13:34:00,37.580,75.460,73.450,53.830,52.420,32.860,1.991,15.657,16.926,0.978,1.670,953.000,1580.700,1.659,15.308,28.259,1.069,1.825,19.273,20.665,0.743,0.749,15.313,28.266,0.189,8.501,9.461,0.018,4155.000,151.389,50.674,8.501,60.135,ON,Clear sky; Hybrid loop operating; Ceff=1.66x
670,13:34:30,37.570,75.470,73.440,53.830,52.410,32.850,1.984,15.656,16.927,0.976,1.665,951.000,1576.600,1.658,15.275,28.187,1.066,1.820,19.273,20.665,0.743,0.749,15.280,28.183,0.189,8.501,9.458,0.018,4155.000,150.856,50.627,8.501,60.085,ON,Clear sky; Hybrid loop operating; Ceff=1.66x
671,13:35:00,37.560,75.460,73.430,53.810,52.390,32.850,1.976,15.657,16.927,0.973,1.660,948.500,1571.700,1.657,15.235,28.101,1.063,1.814,19.274,20.666,0.744,0.750,15.234,28.099,0.189,8.498,9.459,0.018,4155.000,150.248,50.580,8.498,60.039,ON,Clear sky; Hybrid loop operating; Ceff=1.66x
672,13:35:30,37.550,75.420,73.390,53.780,52.360,32.850,1.967,15.659,16.929,0.970,1.654,945.700,1566.300,1.656,15.192,28.008,1.060,1.808,19.276,20.668,0.744,0.750,15.189,28.001,0.189,8.498,9.459,0.018,4155.000,149.564,50.523,8.498,59.982,ON,Clear sky; Hybrid loop operating; Ceff=1.66x
673,13:36:00,37.540,75.370,73.340,53.750,52.320,32.840,1.958,15.662,16.931,0.967,1.649,942.800,1560.900,1.656,15.150,27.915,1.057,1.802,19.279,20.671,0.743,0.749,15.145,27.919,0.189,8.499,9.464,0.018,4155.000,148.879,50.466,8.499,59.930,ON,Clear sky; Hybrid loop operating; Ceff=1.66x
674,13:36:30,37.520,75.300,73.280,53.700,52.280,32.840,1.949,15.666,16.934,0.965,1.643,940.100,1555.800,1.655,15.112,27.830,1.054,1.796,19.284,20.674,0.744,0.750,15.118,27.823,0.189,8.508,9.462,0.018,4155.000,148.195,50.399,8.508,59.861,ON,Clear sky; Hybrid loop operating; Ceff=1.65x
675,13:37:00,37.510,75.220,73.200,53.640,52.220,32.830,1.942,15.671,16.938,0.962,1.639,937.900,1551.400,1.654,15.083,27.759,1.052,1.791,19.289,20.678,0.743,0.750,15.076,27.761,0.189,8.505,9.468,0.018,4155.000,147.663,50.360,8.505,59.828,ON,Clear sky; Hybrid loop operating; Ceff=1.65x
676,13:37:30,37.500,75.120,73.120,53.570,52.170,32.830,1.936,15.676,16.941,0.961,1.635,936.300,1548.000,1.653,15.063,27.706,1.050,1.787,19.295,20.682,0.743,0.750,15.065,27.699,0.189,8.513,9.467,0.018,4155.000,147.207,50.315,8.513,59.782,ON,Clear sky; Hybrid loop operating; Ceff=1.65x
677,13:38:00,37.480,75.030,73.030,53.500,52.110,32.820,1.933,15.682,16.945,0.960,1.633,935.300,1545.700,1.653,15.054,27.672,1.049,1.785,19.301,20.686,0.744,0.749,15.055,27.671,0.189,8.516,9.472,0.018,4155.000,146.979,50.311,8.516,59.783,ON,Clear sky; Hybrid loop operating; Ceff=1.65x
678,13:38:30,37.470,74.930,72.940,53.440,52.050,32.820,1.930,15.687,16.949,0.960,1.632,934.900,1544.300,1.652,15.054,27.654,1.049,1.783,19.307,20.690,0.743,0.750,15.060,27.661,0.189,8.523,9.477,0.018,4155.000,146.750,50.279,8.523,59.756,ON,Clear sky; Hybrid loop operating; Ceff=1.65x
679,13:39:00,37.460,74.850,72.870,53.380,52.000,32.810,1.929,15.692,16.952,0.960,1.631,934.900,1543.500,1.651,15.059,27.647,1.049,1.782,19.312,20.693,0.743,0.750,15.064,27.649,0.189,8.526,9.478,0.018,4155.000,146.674,50.279,8.526,59.757,ON,Clear sky; Hybrid loop operating; Ceff=1.65x
680,13:39:30,37.440,74.770,72.800,53.330,51.950,32.810,1.928,15.696,16.955,0.960,1.630,935.000,1543.000,1.650,15.067,27.644,1.049,1.782,19.317,20.696,0.744,0.750,15.068,27.637,0.189,8.527,9.477,0.018,4155.000,146.598,50.269,8.527,59.746,ON,Clear sky; Hybrid loop operating; Ceff=1.65x
681,13:40:00,37.430,74.710,72.740,53.290,51.910,32.800,1.927,15.700,16.957,0.960,1.630,935.000,1542.400,1.650,15.071,27.636,1.049,1.781,19.320,20.699,0.744,0.750,15.072,27.640,0.189,8.529,9.482,0.018,4155.000,146.522,50.263,8.529,59.744,ON,Clear sky; Hybrid loop operating; Ceff=1.65x
682,13:40:30,37.410,74.670,72.700,53.260,51.880,32.790,1.925,15.702,16.959,0.960,1.629,934.700,1541.100,1.649,15.069,27.618,1.049,1.780,19.323,20.701,0.743,0.750,15.074,27.626,0.189,8.533,9.485,0.018,4155.000,146.370,50.253,8.533,59.738,ON,Clear sky; Hybrid loop operating; Ceff=1.65x
683,13:41:00,37.400,74.650,72.680,53.240,51.860,32.790,1.922,15.703,16.960,0.959,1.626,933.900,1539.000,1.648,15.057,27.583,1.048,1.777,19.325,20.702,0.743,0.750,15.059,27.577,0.189,8.532,9.481,0.018,4155.000,146.142,50.243,8.532,59.724,ON,Clear sky; Hybrid loop operating; Ceff=1.65x
684,13:41:30,37.380,74.640,72.660,53.230,51.850,32.780,1.917,15.704,16.961,0.957,1.623,932.400,1536.000,1.647,15.035,27.529,1.046,1.774,19.325,20.703,0.744,0.750,15.029,27.528,0.189,8.528,9.482,0.018,4155.000,145.762,50.210,8.528,59.692,ON,Clear sky; Hybrid loop operating; Ceff=1.65x
685,13:42:00,37.370,74.650,72.660,53.230,51.840,32.770,1.910,15.704,16.961,0.955,1.619,930.400,1532.000,1.647,15.003,27.459,1.044,1.769,19.325,20.704,0.744,0.750,14.997,27.460,0.189,8.529,9.484,0.018,4155.000,145.230,50.157,8.529,59.641,ON,Clear sky; Hybrid loop operating; Ceff=1.65x
686,13:42:30,37.360,74.660,72.660,53.230,51.830,32.760,1.902,15.704,16.962,0.953,1.614,928.000,1527.400,1.646,14.964,27.377,1.041,1.764,19.325,20.704,0.744,0.750,14.966,27.377,0.189,8.533,9.483,0.018,4155.000,144.621,50.098,8.533,59.581,ON,Clear sky; Hybrid loop operating; Ceff=1.65x
687,13:43:00,37.340,74.670,72.660,53.230,51.820,32.760,1.894,15.703,16.962,0.950,1.609,925.500,1522.400,1.645,14.921,27.289,1.038,1.758,19.325,20.704,0.744,0.750,14.918,27.292,0.189,8.528,9.485,0.018,4155.000,144.013,50.051,8.528,59.536,ON,Clear sky; Hybrid loop operating; Ceff=1.65x
688,13:43:30,37.330,74.680,72.660,53.220,51.810,32.750,1.886,15.703,16.962,0.948,1.604,923.000,1517.600,1.644,14.881,27.204,1.036,1.753,19.324,20.705,0.743,0.750,14.886,27.207,0.189,8.534,9.486,0.018,4155.000,143.405,49.997,8.534,59.483,ON,Clear sky; Hybrid loop operating; Ceff=1.64x
689,13:44:00,37.310,74.680,72.650,53.220,51.790,32.740,1.879,15.703,16.963,0.945,1.599,920.800,1513.400,1.644,14.846,27.129,1.033,1.748,19.325,20.705,0.744,0.750,14.839,27.124,0.189,8.527,9.483,0.018,4155.000,142.873,49.950,8.527,59.433,ON,Clear sky; Hybrid loop operating; Ceff=1.64x
690,13:44:30,37.300,74.670,72.630,53.200,51.770,32.730,1.874,15.704,16.964,0.944,1.596,919.200,1510.000,1.643,14.821,27.071,1.031,1.744,19.325,20.706,0.744,0.750,14.825,27.075,0.189,8.533,9.487,0.018,4155.000,142.492,49.929,8.533,59.416,ON,Clear sky; Hybrid loop operating; Ceff=1.64x
691,13:45:00,37.290,74.650,72.600,53.180,51.750,32.720,1.870,15.706,16.965,0.943,1.593,918.100,1507.700,1.642,14.806,27.032,1.030,1.741,19.327,20.708,0.744,0.750,14.811,27.025,0.189,8.535,9.484,0.018,4155.000,142.188,49.898,8.535,59.382,ON,Clear sky; Hybrid loop operating; Ceff=1.64x
692,13:45:30,37.270,74.610,72.560,53.150,51.710,32.720,1.868,15.708,16.967,0.942,1.592,917.800,1506.500,1.641,14.803,27.013,1.030,1.740,19.330,20.710,0.743,0.750,14.797,27.011,0.189,8.530,9.487,0.018,4155.000,142.036,49.885,8.530,59.372,ON,Clear sky; Hybrid loop operating; Ceff=1.64x
693,13:46:00,37.260,74.560,72.510,53.110,51.680,32.710,1.867,15.711,16.969,0.943,1.592,917.900,1506.100,1.641,14.809,27.011,1.030,1.740,19.333,20.712,0.744,0.749,14.815,27.015,0.189,8.540,9.490,0.018,4155.000,141.960,49.871,8.540,59.362,ON,Clear sky; Hybrid loop operating; Ceff=1.64x
694,13:46:30,37.250,74.490,72.450,53.070,51.640,32.700,1.868,15.715,16.972,0.943,1.592,918.400,1506.200,1.640,14.821,27.018,1.031,1.740,19.337,20.715,0.743,0.750,14.819,27.019,0.189,8.538,9.491,0.018,4155.000,142.036,49.895,8.538,59.386,ON,Clear sky; Hybrid loop operating; Ceff=1.64x
695,13:47:00,37.230,74.410,72.380,53.020,51.590,32.690,1.868,15.719,16.975,0.944,1.592,918.900,1506.400,1.639,14.835,27.028,1.031,1.740,19.342,20.718,0.744,0.750,14.839,27.024,0.189,8.544,9.492,0.018,4155.000,142.036,49.888,8.544,59.380,ON,Clear sky; Hybrid loop operating; Ceff=1.64x
696,13:47:30,37.220,74.330,72.300,52.960,51.540,32.680,1.868,15.724,16.978,0.944,1.592,919.300,1506.400,1.639,14.846,27.033,1.032,1.740,19.347,20.722,0.744,0.750,14.843,27.029,0.189,8.543,9.494,0.018,4155.000,142.036,49.888,8.543,59.382,ON,Clear sky; Hybrid loop operating; Ceff=1.64x
697,13:48:00,37.210,74.240,72.220,52.900,51.490,32.670,1.867,15.729,16.981,0.944,1.592,919.200,1505.600,1.638,14.851,27.026,1.032,1.739,19.353,20.725,0.744,0.750,14.848,27.034,0.189,8.547,9.500,0.018,4155.000,141.960,49.888,8.547,59.388,ON,Clear sky; Hybrid loop operating; Ceff=1.64x
698,13:48:30,37.200,74.150,72.140,52.850,51.440,32.660,1.864,15.734,16.984,0.944,1.590,918.500,1504.000,1.637,14.847,27.003,1.031,1.738,19.359,20.729,0.744,0.750,14.853,27.005,0.189,8.556,9.500,0.018,4155.000,141.732,49.861,8.556,59.361,ON,Clear sky; Hybrid loop operating; Ceff=1.64x
699,13:49:00,37.180,74.060,72.070,52.790,51.390,32.650,1.860,15.739,16.987,0.942,1.587,917.300,1501.400,1.637,14.833,26.962,1.030,1.735,19.364,20.732,0.744,0.750,14.826,26.958,0.189,8.552,9.500,0.018,4155.000,141.428,49.840,8.552,59.340,ON,Clear sky; Hybrid loop operating; Ceff=1.64x
700,13:49:30,37.170,73.980,71.990,52.740,51.350,32.640,1.854,15.744,16.990,0.941,1.584,915.600,1497.900,1.636,14.810,26.906,1.028,1.731,19.369,20.735,0.744,0.750,14.815,26.912,0.189,8.561,9.506,0.018,4155.000,140.972,49.795,8.561,59.301,ON,Clear sky; Hybrid loop operating; Ceff=1.64x
701,13:50:00,37.160,73.920,71.930,52.690,51.310,32.630,1.848,15.748,16.993,0.939,1.579,913.500,1494.000,1.635,14.781,26.840,1.026,1.726,19.373,20.738,0.744,0.750,14.787,26.832,0.189,8.565,9.503,0.018,4155.000,140.515,49.764,8.565,59.266,ON,Clear sky; Hybrid loop operating; Ceff=1.64x
702,13:50:30,37.150,73.860,71.880,52.660,51.270,32.620,1.841,15.751,16.995,0.936,1.575,911.400,1489.900,1.635,14.750,26.771,1.023,1.722,19.376,20.741,0.744,0.750,14.743,26.767,0.189,8.559,9.506,0.018,4155.000,139.983,49.712,8.559,59.217,ON,Clear sky; Hybrid loop operating; Ceff=1.63x
703,13:51:00,37.140,73.830,71.840,52.630,51.240,32.610,1.835,15.753,16.997,0.934,1.571,909.400,1486.100,1.634,14.721,26.706,1.021,1.717,19.379,20.742,0.744,0.750,14.713,26.702,0.189,8.560,9.507,0.018,4155.000,139.527,49.676,8.560,59.183,ON,Clear sky; Hybrid loop operating; Ceff=1.63x
704,13:51:30,37.130,73.800,71.820,52.610,51.220,32.600,1.830,15.754,16.998,0.933,1.568,907.800,1483.000,1.634,14.697,26.652,1.020,1.714,19.380,20.744,0.743,0.750,14.698,26.653,0.189,8.567,9.509,0.018,4155.000,139.147,49.644,8.567,59.154,ON,Clear sky; Hybrid loop operating; Ceff=1.63x
705,13:52:00,37.120,73.800,71.800,52.600,51.210,32.590,1.826,15.755,16.999,0.932,1.566,906.800,1480.800,1.633,14.682,26.615,1.018,1.711,19.381,20.744,0.744,0.750,14.684,26.620,0.189,8.568,9.512,0.018,4155.000,138.843,49.609,8.568,59.121,ON,Clear sky; Hybrid loop operating; Ceff=1.63x
706,13:52:30,37.120,73.800,71.800,52.600,51.200,32.590,1.825,15.755,16.999,0.932,1.565,906.500,1479.700,1.632,14.676,26.595,1.018,1.710,19.381,20.745,0.744,0.750,14.684,26.603,0.189,8.570,9.513,0.018,4155.000,138.767,49.619,8.570,59.132,ON,Clear sky; Hybrid loop operating; Ceff=1.63x
707,13:53:00,37.110,73.810,71.800,52.610,51.200,32.580,1.824,15.755,16.999,0.932,1.564,906.700,1479.600,1.632,14.679,26.593,1.018,1.710,19.381,20.745,0.744,0.750,14.684,26.586,0.189,8.569,9.507,0.018,4155.000,138.691,49.595,8.569,59.103,ON,Clear sky; Hybrid loop operating; Ceff=1.63x
708,13:53:30,37.100,73.830,71.810,52.610,51.200,32.570,1.825,15.754,16.999,0.932,1.565,907.400,1480.200,1.631,14.689,26.603,1.019,1.710,19.380,20.744,0.744,0.750,14.683,26.603,0.189,8.561,9.509,0.018,4155.000,138.767,49.602,8.561,59.112,ON,Clear sky; Hybrid loop operating; Ceff=1.63x
709,13:54:00,37.090,73.840,71.810,52.620,51.200,32.560,1.827,15.753,16.998,0.933,1.566,908.300,1481.100,1.631,14.703,26.619,1.020,1.711,19.379,20.744,0.744,0.750,14.698,26.619,0.189,8.562,9.509,0.018,4155.000,138.919,49.627,8.562,59.136,ON,Clear sky; Hybrid loop operating; Ceff=1.63x
710,13:54:30,37.090,73.850,71.810,52.630,51.200,32.550,1.828,15.753,16.998,0.934,1.567,909.100,1481.900,1.630,14.716,26.634,1.021,1.712,19.379,20.744,0.744,0.750,14.713,26.636,0.189,8.563,9.510,0.018,4155.000,138.995,49.627,8.563,59.137,ON,Clear sky; Hybrid loop operating; Ceff=1.63x
711,13:55:00,37.080,73.850,71.810,52.620,51.190,32.540,1.829,15.753,16.998,0.935,1.567,909.600,1482.300,1.630,14.725,26.641,1.022,1.713,19.379,20.744,0.743,0.750,14.729,26.636,0.189,8.568,9.508,0.018,4155.000,139.071,49.641,8.568,59.148,ON,Clear sky; Hybrid loop operating; Ceff=1.63x
712,13:55:30,37.070,73.830,71.790,52.610,51.180,32.530,1.828,15.754,16.999,0.935,1.567,909.600,1481.800,1.629,14.726,26.634,1.022,1.712,19.380,20.745,0.743,0.750,14.730,26.637,0.189,8.568,9.511,0.018,4155.000,138.995,49.630,8.568,59.142,ON,Clear sky; Hybrid loop operating; Ceff=1.63x
713,13:56:00,37.070,73.800,71.750,52.590,51.160,32.520,1.826,15.756,17.000,0.934,1.565,909.000,1480.400,1.628,14.719,26.610,1.021,1.711,19.383,20.746,0.744,0.750,14.716,26.605,0.189,8.566,9.509,0.018,4155.000,138.843,49.623,8.566,59.132,ON,Clear sky; Hybrid loop operating; Ceff=1.63x
714,13:56:30,37.070,73.750,71.710,52.560,51.130,32.510,1.822,15.759,17.002,0.933,1.563,907.900,1478.000,1.628,14.704,26.571,1.020,1.708,19.386,20.748,0.744,0.750,14.703,26.574,0.189,8.569,9.513,0.018,4155.000,138.539,49.595,8.569,59.108,ON,Clear sky; Hybrid loop operating; Ceff=1.63x
715,13:57:00,37.060,73.680,71.650,52.520,51.090,32.500,1.817,15.763,17.004,0.931,1.559,906.200,1474.800,1.627,14.682,26.518,1.018,1.704,19.390,20.751,0.744,0.750,14.675,26.509,0.189,8.568,9.510,0.018,4155.000,138.158,49.566,8.568,59.076,ON,Clear sky; Hybrid loop operating; Ceff=1.63x
716,13:57:30,37.060,73.600,71.580,52.470,51.050,32.490,1.811,15.768,17.007,0.930,1.556,904.300,1471.300,1.627,14.656,26.460,1.016,1.700,19.395,20.754,0.744,0.750,14.664,26.463,0.189,8.580,9.516,0.018,4155.000,137.702,49.520,8.580,59.036,ON,Clear sky; Hybrid loop operating; Ceff=1.63x
717,13:58:00,37.050,73.510,71.500,52.410,51.000,32.480,1.805,15.773,17.010,0.928,1.552,902.400,1467.700,1.626,14.631,26.401,1.014,1.696,19.400,20.757,0.744,0.750,14.637,26.400,0.189,8.582,9.517,0.018,4155.000,137.246,49.477,8.582,58.994,ON,Clear sky; Hybrid loop operating; Ceff=1.63x
718,13:58:30,37.050,73.420,71.420,52.350,50.960,32.480,1.800,15.778,17.013,0.926,1.549,900.800,1464.500,1.626,14.610,26.350,1.012,1.693,19.406,20.761,0.744,0.750,14.610,26.353,0.189,8.582,9.521,0.018,4155.000,136.866,49.447,8.582,58.968,ON,Clear sky; Hybrid loop operating; Ceff=1.63x
719,13:59:00,37.050,73.330,71.340,52.300,50.910,32.470,1.796,15.783,17.017,0.925,1.546,899.500,1462.100,1.625,14.597,26.313,1.011,1.690,19.412,20.764,0.744,0.750,14.599,26.308,0.189,8.588,9.520,0.018,4155.000,136.562,49.419,8.588,58.939,ON,Clear sky; Hybrid loop operating; Ceff=1.63x
720,13:59:30,37.050,73.250,71.270,52.250,50.870,32.460,1.794,15.787,17.019,0.924,1.545,898.900,1460.600,1.625,14.592,26.292,1.010,1.688,19.416,20.767,0.744,0.750,14.587,26.294,0.189,8.586,9.525,0.018,4155.000,136.409,49.414,8.586,58.939,ON,Clear sky; Hybrid loop operating; Ceff=1.62x
721,14:00:00,37.050,73.180,71.210,52.210,50.830,32.450,1.793,15.791,17.021,0.924,1.544,898.900,1460.200,1.624,14.596,26.288,1.010,1.688,19.420,20.769,0.744,0.750,14.591,26.280,0.189,8.588,9.523,0.018,4155.000,136.333,49.400,8.588,58.923,ON,Clear sky; Hybrid loop operating; Ceff=1.62x
722,14:00:30,37.040,73.130,71.170,52.180,50.810,32.440,1.794,15.794,17.023,0.925,1.545,899.500,1460.600,1.624,14.608,26.298,1.011,1.688,19.423,20.771,0.744,0.750,14.609,26.301,0.189,8.594,9.527,0.018,4155.000,136.409,49.414,8.594,58.942,ON,Clear sky; Hybrid loop operating; Ceff=1.62x
723,14:01:00,37.030,73.110,71.140,52.160,50.790,32.440,1.795,15.795,17.024,0.926,1.546,900.300,1461.500,1.623,14.623,26.317,1.012,1.689,19.425,20.772,0.744,0.750,14.626,26.319,0.189,8.596,9.528,0.018,4155.000,136.486,49.411,8.596,58.939,ON,Clear sky; Hybrid loop operating; Ceff=1.62x
724,14:01:30,37.020,73.100,71.130,52.160,50.780,32.430,1.797,15.796,17.024,0.927,1.547,901.200,1462.600,1.623,14.639,26.337,1.013,1.691,19.426,20.773,0.744,0.750,14.643,26.336,0.189,8.597,9.527,0.018,4155.000,136.638,49.429,8.597,58.956,ON,Clear sky; Hybrid loop operating; Ceff=1.62x
725,14:02:00,37.010,73.110,71.130,52.160,50.780,32.420,1.798,15.795,17.024,0.928,1.548,902.000,1463.400,1.622,14.651,26.350,1.014,1.692,19.426,20.773,0.744,0.750,14.658,26.353,0.189,8.598,9.528,0.018,4155.000,136.714,49.430,8.598,58.958,ON,Clear sky; Hybrid loop operating; Ceff=1.62x
726,14:02:30,37.000,73.130,71.150,52.180,50.790,32.420,1.798,15.794,17.024,0.928,1.548,902.300,1463.500,1.622,14.656,26.351,1.014,1.692,19.424,20.772,0.744,0.750,14.657,26.353,0.189,8.595,9.527,0.018,4155.000,136.714,49.426,8.595,58.954,ON,Clear sky; Hybrid loop operating; Ceff=1.62x
727,14:03:00,37.000,73.160,71.170,52.190,50.800,32.410,1.797,15.793,17.023,0.928,1.547,902.100,1462.600,1.621,14.650,26.335,1.014,1.691,19.423,20.771,0.744,0.750,14.656,26.335,0.189,8.596,9.527,0.018,4155.000,136.638,49.429,8.596,58.956,ON,Clear sky; Hybrid loop operating; Ceff=1.62x
728,14:03:30,36.990,73.190,71.190,52.210,50.810,32.400,1.794,15.791,17.022,0.927,1.545,901.300,1460.800,1.621,14.634,26.300,1.013,1.689,19.421,20.770,0.744,0.750,14.638,26.299,0.189,8.593,9.525,0.018,4155.000,136.409,49.407,8.593,58.933,ON,Clear sky; Hybrid loop operating; Ceff=1.62x
729,14:04:00,36.980,73.210,71.200,52.230,50.820,32.400,1.790,15.790,17.021,0.925,1.542,899.800,1458.000,1.620,14.610,26.249,1.011,1.685,19.420,20.769,0.744,0.750,14.606,26.246,0.189,8.588,9.525,0.018,4155.000,136.105,49.392,8.588,58.917,ON,Clear sky; Hybrid loop operating; Ceff=1.62x
730,14:04:30,36.970,73.230,71.210,52.230,50.820,32.390,1.784,15.789,17.021,0.923,1.538,898.000,1454.600,1.620,14.579,26.186,1.009,1.681,19.419,20.769,0.744,0.750,14.573,26.178,0.189,8.587,9.522,0.018,4155.000,135.649,49.341,8.587,58.864,ON,Clear sky; Hybrid loop operating; Ceff=1.62x
731,14:05:00,36.970,73.230,71.210,52.230,50.810,32.380,1.778,15.789,17.021,0.921,1.534,895.900,1450.800,1.619,14.546,26.119,1.007,1.677,19.419,20.770,0.744,0.750,14.542,26.110,0.189,8.588,9.522,0.018,4155.000,135.193,49.304,8.588,58.827,ON,Clear sky; Hybrid loop operating; Ceff=1.62x
732,14:05:30,36.960,73.220,71.190,52.220,50.800,32.380,1.772,15.790,17.022,0.919,1.531,894.000,1447.200,1.619,14.515,26.056,1.005,1.673,19.420,20.770,0.744,0.750,14.511,26.061,0.189,8.588,9.528,0.018,4155.000,134.737,49.260,8.588,58.788,ON,Clear sky; Hybrid loop operating; Ceff=1.62x
733,14:06:00,36.950,73.180,71.160,52.190,50.770,32.370,1.767,15.792,17.024,0.918,1.527,892.400,1444.100,1.618,14.491,26.003,1.003,1.669,19.422,20.772,0.744,0.750,14.497,25.996,0.189,8.595,9.524,0.018,4155.000,134.356,49.227,8.595,58.751,ON,Clear sky; Hybrid loop operating; Ceff=1.62x
734,14:06:30,36.950,73.130,71.110,52.160,50.740,32.370,1.764,15.795,17.026,0.917,1.525,891.200,1441.800,1.618,14.476,25.966,1.002,1.667,19.425,20.774,0.744,0.750,14.484,25.965,0.189,8.599,9.528,0.018,4155.000,134.128,49.221,8.599,58.750,ON,Clear sky; Hybrid loop operating; Ceff=1.62x
735,14:07:00,36.940,73.070,71.050,52.110,50.700,32.360,1.761,15.799,17.028,0.916,1.524,890.700,1440.500,1.617,14.472,25.947,1.001,1.665,19.429,20.777,0.744,0.750,14.472,25.951,0.189,8.597,9.532,0.018,4155.000,133.900,49.182,8.597,58.714,ON,Clear sky; Hybrid loop operating; Ceff=1.62x
736,14:07:30,36.930,72.990,70.990,52.070,50.660,32.360,1.761,15.803,17.031,0.916,1.523,890.800,1440.200,1.617,14.478,25.945,1.001,1.665,19.434,20.780,0.744,0.750,14.476,25.938,0.189,8.598,9.529,0.018,4155.000,133.900,49.192,8.598,58.721,ON,Clear sky; Hybrid loop operating; Ceff=1.62x
737,14:08:00,36.930,72.910,70.920,52.010,50.620,32.350,1.761,15.808,17.034,0.917,1.524,891.300,1440.500,1.616,14.492,25.957,1.002,1.665,19.439,20.783,0.744,0.750,14.496,25.960,0.189,8.605,9.535,0.018,4155.000,133.900,49.182,8.605,58.717,ON,Clear sky; Hybrid loop operating; Ceff=1.62x
738,14:08:30,36.920,72.830,70.850,51.960,50.580,32.350,1.763,15.812,17.036,0.918,1.525,892.000,1441.200,1.616,14.509,25.975,1.003,1.666,19.444,20.786,0.744,0.750,14.515,25.980,0.189,8.610,9.538,0.018,4155.000,134.052,49.214,8.610,58.752,ON,Clear sky; Hybrid loop operating; Ceff=1.62x
739,14:09:00,36.920,72.750,70.780,51.910,50.540,32.350,1.764,15.817,17.039,0.918,1.525,892.800,1441.900,1.615,14.526,25.992,1.004,1.667,19.449,20.789,0.744,0.750,14.520,25.984,0.189,8.605,9.535,0.018,4155.000,134.128,49.218,8.605,58.753,ON,Clear sky; Hybrid loop operating; Ceff=1.62x
740,14:09:30,36.910,72.680,70.720,51.870,50.500,32.340,1.764,15.820,17.041,0.919,1.526,893.200,1442.100,1.615,14.537,26.001,1.004,1.667,19.453,20.791,0.744,0.750,14.539,26.005,0.189,8.612,9.541,0.018,4155.000,134.128,49.211,8.612,58.752,ON,Clear sky; Hybrid loop operating; Ceff=1.61x
741,14:10:00,36.900,72.630,70.670,51.840,50.470,32.340,1.763,15.823,17.043,0.919,1.525,893.200,1441.600,1.614,14.540,25.994,1.004,1.667,19.456,20.793,0.744,0.750,14.541,25.991,0.189,8.614,9.539,0.018,4155.000,134.052,49.200,8.614,58.739,ON,Clear sky; Hybrid loop operating; Ceff=1.61x
742,14:10:30,36.900,72.590,70.640,51.810,50.450,32.340,1.761,15.826,17.045,0.918,1.524,892.500,1440.000,1.613,14.532,25.969,1.004,1.665,19.458,20.795,0.744,0.750,14.528,25.977,0.189,8.613,9.545,0.018,4155.000,133.900,49.199,8.613,58.744,ON,Clear sky; Hybrid loop operating; Ceff=1.61x
743,14:11:00,36.890,72.560,70.610,51.790,50.430,32.330,1.756,15.827,17.046,0.917,1.521,891.200,1437.400,1.613,14.513,25.924,1.002,1.662,19.460,20.796,0.744,0.750,14.513,25.927,0.189,8.617,9.544,0.018,4155.000,133.520,49.148,8.617,58.692,ON,Clear sky; Hybrid loop operating; Ceff=1.61x
744,14:11:30,36.880,72.550,70.600,51.780,50.420,32.330,1.751,15.828,17.046,0.915,1.517,889.400,1434.000,1.612,14.484,25.864,1.000,1.658,19.461,20.797,0.744,0.750,14.483,25.859,0.189,8.616,9.541,0.018,4155.000,133.140,49.124,8.616,58.665,ON,Clear sky; Hybrid loop operating; Ceff=1.61x
745,14:12:00,36.870,72.560,70.600,51.780,50.410,32.330,1.745,15.828,17.047,0.913,1.513,887.300,1430.100,1.612,14.449,25.793,0.998,1.654,19.461,20.797,0.744,0.750,14.451,25.792,0.189,8.617,9.542,0.018,4155.000,132.684,49.090,8.617,58.632,ON,Clear sky; Hybrid loop operating; Ceff=1.61x
746,14:12:30,36.870,72.570,70.610,51.790,50.410,32.320,1.738,15.827,17.047,0.911,1.509,885.100,1426.000,1.611,14.413,25.719,0.995,1.649,19.460,20.797,0.744,0.750,14.418,25.724,0.189,8.619,9.545,0.018,4155.000,132.151,49.033,8.619,58.578,ON,Clear sky; Hybrid loop operating; Ceff=1.61x
747,14:13:00,36.860,72.590,70.620,51.790,50.410,32.320,1.732,15.826,17.046,0.909,1.505,883.000,1422.200,1.611,14.378,25.650,0.993,1.645,19.459,20.797,0.744,0.750,14.386,25.654,0.189,8.620,9.544,0.018,4155.000,131.695,48.995,8.620,58.539,ON,Clear sky; Hybrid loop operating; Ceff=1.61x
748,14:13:30,36.850,72.620,70.630,51.800,50.410,32.320,1.727,15.825,17.046,0.907,1.501,881.400,1419.000,1.610,14.351,25.593,0.991,1.641,19.458,20.797,0.744,0.750,14.353,25.586,0.189,8.616,9.540,0.018,4155.000,131.315,48.963,8.616,58.503,ON,Clear sky; Hybrid loop operating; Ceff=1.61x
749,14:14:00,36.840,72.640,70.640,51.810,50.410,32.320,1.724,15.824,17.046,0.906,1.499,880.400,1416.800,1.609,14.332,25.552,0.990,1.638,19.457,20.796,0.744,0.750,14.337,25.552,0.189,8.616,9.542,0.018,4155.000,131.087,48.954,8.616,58.496,ON,Clear sky; Hybrid loop operating; Ceff=1.61x
750,14:14:30,36.830,72.660,70.650,51.810,50.410,32.320,1.722,15.823,17.046,0.905,1.498,879.900,1415.500,1.609,14.324,25.529,0.989,1.637,19.456,20.796,0.744,0.750,14.320,25.535,0.189,8.611,9.545,0.018,4155.000,130.935,48.942,8.611,58.487,ON,Clear sky; Hybrid loop operating; Ceff=1.61x
751,14:15:00,36.820,72.660,70.650,51.810,50.400,32.320,1.721,15.823,17.046,0.905,1.497,880.000,1415.100,1.608,14.326,25.522,0.989,1.636,19.456,20.796,0.745,0.750,14.320,25.518,0.189,8.610,9.541,0.018,4155.000,130.859,48.928,8.610,58.469,ON,Clear sky; Hybrid loop operating; Ceff=1.61x
752,14:15:30,36.810,72.660,70.640,51.810,50.390,32.310,1.721,15.823,17.047,0.906,1.498,880.500,1415.300,1.607,14.334,25.527,0.990,1.637,19.456,20.797,0.744,0.750,14.336,25.536,0.189,8.614,9.547,0.018,4155.000,130.859,48.921,8.614,58.467,ON,Clear sky; Hybrid loop operating; Ceff=1.61x
753,14:16:00,36.800,72.640,70.620,51.790,50.380,32.310,1.722,15.825,17.047,0.907,1.498,881.100,1415.800,1.607,14.345,25.537,0.991,1.637,19.457,20.798,0.744,0.750,14.353,25.536,0.189,8.619,9.543,0.018,4155.000,130.935,48.932,8.619,58.475,ON,Clear sky; Hybrid loop operating; Ceff=1.61x
754,14:16:30,36.790,72.610,70.590,51.770,50.350,32.310,1.722,15.827,17.049,0.907,1.498,881.600,1416.000,1.606,14.356,25.544,0.991,1.637,19.460,20.800,0.744,0.750,14.355,25.539,0.189,8.615,9.543,0.018,4155.000,130.935,48.925,8.615,58.468,ON,Clear sky; Hybrid loop operating; Ceff=1.61x
755,14:17:00,36.780,72.560,70.540,51.730,50.320,32.310,1.722,15.829,17.051,0.907,1.498,881.800,1415.700,1.606,14.361,25.541,0.992,1.637,19.463,20.802,0.744,0.750,14.357,25.542,0.189,8.614,9.546,0.018,4155.000,130.935,48.935,8.614,58.481,ON,Clear sky; Hybrid loop operating; Ceff=1.61x
756,14:17:30,36.770,72.500,70.490,51.690,50.290,32.310,1.720,15.833,17.053,0.907,1.497,881.400,1414.500,1.605,14.359,25.523,0.991,1.636,19.466,20.804,0.744,0.750,14.361,25.528,0.189,8.621,9.549,0.018,4155.000,130.783,48.920,8.621,58.469,ON,Clear sky; Hybrid loop operating; Ceff=1.6x
757,14:18:00,36.750,72.420,70.430,51.640,50.250,32.310,1.716,15.837,17.056,0.906,1.494,880.300,1412.200,1.604,14.347,25.488,0.990,1.633,19.471,20.807,0.744,0.750,14.348,25.482,0.189,8.624,9.547,0.018,4155.000,130.479,48.886,8.624,58.433,ON,Clear sky; Hybrid loop operating; Ceff=1.6x
758,14:18:30,36.740,72.350,70.360,51.590,50.200,32.310,1.711,15.841,17.059,0.904,1.491,878.700,1409.100,1.604,14.325,25.436,0.988,1.630,19.476,20.810,0.744,0.750,14.320,25.435,0.189,8.623,9.551,0.018,4155.000,130.098,48.850,8.623,58.401,ON,Clear sky; Hybrid loop operating; Ceff=1.6x
759,14:19:00,36.730,72.270,70.290,51.540,50.160,32.310,1.705,15.846,17.062,0.902,1.487,876.700,1405.200,1.603,14.297,25.371,0.986,1.625,19.480,20.814,0.744,0.750,14.293,25.371,0.189,8.626,9.553,0.018,4155.000,129.642,48.814,8.626,58.367,ON,Clear sky; Hybrid loop operating; Ceff=1.6x
760,14:19:30,36.710,72.190,70.220,51.480,50.110,32.310,1.698,15.850,17.065,0.900,1.483,874.400,1400.900,1.602,14.264,25.300,0.984,1.620,19.485,20.817,0.744,0.750,14.265,25.307,0.189,8.632,9.558,0.018,4155.000,129.110,48.763,8.632,58.321,ON,Clear sky; Hybrid loop operating; Ceff=1.6x
761,14:20:00,36.700,72.120,70.160,51.440,50.060,32.310,1.692,15.854,17.067,0.898,1.478,872.100,1396.700,1.601,14.232,25.228,0.981,1.615,19.489,20.820,0.744,0.750,14.237,25.225,0.189,8.637,9.556,0.018,4155.000,128.654,48.737,8.637,58.293,ON,Clear sky; Hybrid loop operating; Ceff=1.6x
762,14:20:30,36.680,72.060,70.110,51.390,50.020,32.310,1.686,15.857,17.070,0.896,1.474,870.100,1392.900,1.601,14.203,25.165,0.979,1.611,19.493,20.822,0.744,0.750,14.208,25.161,0.189,8.640,9.558,0.018,4155.000,128.198,48.697,8.640,58.254,ON,Clear sky; Hybrid loop operating; Ceff=1.6x
763,14:21:00,36.670,72.020,70.070,51.360,49.990,32.300,1.681,15.859,17.072,0.894,1.471,868.600,1389.900,1.600,14.181,25.114,0.977,1.608,19.496,20.825,0.745,0.750,14.178,25.113,0.189,8.636,9.560,0.018,4155.000,127.817,48.657,8.636,58.217,ON,Clear sky; Hybrid loop operating; Ceff=1.6x
764,14:21:30,36.650,72.000,70.040,51.340,49.970,32.300,1.678,15.861,17.073,0.893,1.469,867.700,1387.800,1.599,14.168,25.079,0.976,1.605,19.497,20.826,0.745,0.750,14.164,25.080,0.189,8.637,9.562,0.018,4155.000,127.589,48.644,8.637,58.205,ON,Clear sky; Hybrid loop operating; Ceff=1.6x
765,14:22:00,36.630,71.990,70.030,51.320,49.950,32.300,1.676,15.861,17.074,0.893,1.468,867.400,1386.700,1.599,14.164,25.061,0.976,1.604,19.498,20.827,0.744,0.750,14.164,25.065,0.189,8.640,9.564,0.018,4155.000,127.437,48.624,8.640,58.188,ON,Clear sky; Hybrid loop operating; Ceff=1.6x
766,14:22:30,36.610,72.000,70.030,51.320,49.940,32.300,1.676,15.861,17.074,0.893,1.467,867.600,1386.400,1.598,14.167,25.056,0.976,1.604,19.497,20.828,0.744,0.750,14.164,25.048,0.189,8.638,9.559,0.018,4155.000,127.437,48.635,8.638,58.194,ON,Clear sky; Hybrid loop operating; Ceff=1.6x
767,14:23:00,36.600,72.020,70.040,51.330,49.940,32.300,1.676,15.860,17.074,0.894,1.468,868.100,1386.600,1.597,14.174,25.059,0.977,1.604,19.496,20.828,0.744,0.750,14.179,25.065,0.189,8.642,9.564,0.018,4155.000,127.437,48.628,8.642,58.192,ON,Clear sky; Hybrid loop operating; Ceff=1.6x
768,14:23:30,36.580,72.050,70.050,51.340,49.940,32.300,1.676,15.859,17.074,0.894,1.468,868.600,1386.800,1.597,14.181,25.063,0.977,1.604,19.495,20.827,0.745,0.750,14.178,25.065,0.189,8.636,9.563,0.018,4155.000,127.437,48.621,8.636,58.183,ON,Clear sky; Hybrid loop operating; Ceff=1.6x
769,14:24:00,36.560,72.080,70.070,51.340,49.940,32.300,1.676,15.858,17.074,0.895,1.468,869.000,1386.700,1.596,14.185,25.060,0.978,1.604,19.494,20.827,0.744,0.750,14.193,25.065,0.189,8.642,9.564,0.018,4155.000,127.437,48.624,8.642,58.188,ON,Clear sky; Hybrid loop operating; Ceff=1.6x
770,14:24:30,36.540,72.110,70.080,51.350,49.940,32.300,1.675,15.856,17.074,0.894,1.467,868.800,1385.800,1.595,14.182,25.045,0.977,1.603,19.492,20.827,0.745,0.750,14.175,25.048,0.189,8.633,9.563,0.018,4155.000,127.361,48.627,8.633,58.190,ON,Clear sky; Hybrid loop operating; Ceff=1.6x
771,14:25:00,36.520,72.120,70.090,51.350,49.930,32.300,1.672,15.856,17.074,0.894,1.465,868.100,1384.100,1.594,14.169,25.013,0.977,1.601,19.492,20.827,0.744,0.750,14.175,25.013,0.189,8.640,9.562,0.018,4155.000,127.133,48.599,8.640,58.161,ON,Clear sky; Hybrid loop operating; Ceff=1.59x
772,14:25:30,36.490,72.120,70.080,51.340,49.910,32.300,1.668,15.856,17.075,0.892,1.462,866.800,1381.300,1.594,14.148,24.964,0.975,1.598,19.492,20.828,0.744,0.750,14.144,24.964,0.189,8.633,9.562,0.018,4155.000,126.829,48.581,8.633,58.143,ON,Clear sky; Hybrid loop operating; Ceff=1.59x
773,14:26:00,36.470,72.100,70.060,51.320,49.890,32.300,1.662,15.858,17.076,0.890,1.458,864.900,1377.600,1.593,14.119,24.901,0.973,1.594,19.494,20.829,0.744,0.750,14.114,24.897,0.189,8.634,9.562,0.018,4155.000,126.373,48.536,8.634,58.099,ON,Clear sky; Hybrid loop operating; Ceff=1.59x
774,14:26:30,36.450,72.050,70.020,51.280,49.850,32.300,1.655,15.860,17.078,0.888,1.454,862.600,1373.400,1.592,14.084,24.827,0.971,1.589,19.496,20.832,0.744,0.750,14.084,24.831,0.189,8.639,9.566,0.018,4155.000,125.840,48.480,8.639,58.046,ON,Clear sky; Hybrid loop operating; Ceff=1.59x
775,14:27:00,36.430,71.990,69.960,51.230,49.810,32.290,1.648,15.863,17.081,0.886,1.449,860.200,1368.900,1.591,14.049,24.752,0.968,1.584,19.500,20.835,0.744,0.750,14.055,24.750,0.189,8.645,9.566,0.018,4155.000,125.308,48.433,8.645,58.000,ON,Clear sky; Hybrid loop operating; Ceff=1.59x
776,14:27:30,36.400,71.920,69.890,51.170,49.750,32.290,1.641,15.868,17.084,0.883,1.445,858.000,1364.600,1.591,14.017,24.680,0.965,1.579,19.505,20.839,0.745,0.750,14.011,24.686,0.189,8.640,9.572,0.018,4155.000,124.776,48.380,8.640,57.951,ON,Clear sky; Hybrid loop operating; Ceff=1.59x
777,14:28:00,36.380,71.820,69.810,51.110,49.690,32.290,1.636,15.873,17.088,0.881,1.441,856.000,1360.900,1.590,13.991,24.620,0.963,1.575,19.511,20.843,0.745,0.750,13.984,24.624,0.189,8.644,9.573,0.018,4155.000,124.396,48.363,8.644,57.937,ON,Clear sky; Hybrid loop operating; Ceff=1.59x
778,14:28:30,36.350,71.730,69.720,51.040,49.630,32.290,1.631,15.879,17.092,0.880,1.438,854.700,1358.100,1.589,13.975,24.576,0.962,1.571,19.517,20.847,0.744,0.750,13.974,24.578,0.189,8.650,9.575,0.018,4155.000,124.016,48.315,8.650,57.890,ON,Clear sky; Hybrid loop operating; Ceff=1.59x
779,14:29:00,36.330,71.630,69.630,50.960,49.560,32.290,1.628,15.884,17.096,0.879,1.436,853.900,1356.200,1.588,13.969,24.549,0.961,1.569,19.523,20.852,0.745,0.750,13.962,24.550,0.189,8.651,9.578,0.018,4155.000,123.787,48.294,8.651,57.872,ON,Clear sky; Hybrid loop operating; Ceff=1.59x
780,14:29:30,36.300,71.540,69.550,50.900,49.500,32.290,1.627,15.889,17.100,0.879,1.435,853.700,1355.200,1.587,13.971,24.538,0.961,1.568,19.528,20.856,0.744,0.750,13.966,24.539,0.189,8.656,9.580,0.018,4155.000,123.711,48.300,8.656,57.880,ON,Clear sky; Hybrid loop operating; Ceff=1.59x
781,14:30:00,36.280,71.450,69.470,50.830,49.450,32.280,1.626,15.894,17.104,0.880,1.435,853.900,1354.800,1.587,13.980,24.538,0.961,1.568,19.533,20.860,0.745,0.750,13.987,24.544,0.189,8.667,9.585,0.018,4155.000,123.635,48.284,8.667,57.870,ON,Clear sky; Hybrid loop operating; Ceff=1.59x
782,14:30:30,36.250,71.390,69.410,50.780,49.400,32.280,1.626,15.898,17.107,0.880,1.435,854.300,1354.800,1.586,13.990,24.542,0.962,1.568,19.538,20.863,0.744,0.750,13.990,24.549,0.189,8.665,9.587,0.018,4155.000,123.635,48.284,8.665,57.871,ON,Clear sky; Hybrid loop operating; Ceff=1.59x
783,14:31:00,36.230,71.340,69.360,50.740,49.360,32.280,1.626,15.901,17.109,0.880,1.435,854.600,1354.700,1.585,13.999,24.544,0.962,1.568,19.541,20.865,0.745,0.750,13.993,24.551,0.189,8.663,9.589,0.018,4155.000,123.635,48.288,8.663,57.877,ON,Clear sky; Hybrid loop operating; Ceff=1.59x
784,14:31:30,36.200,71.310,69.330,50.710,49.330,32.270,1.625,15.903,17.111,0.880,1.434,854.600,1354.000,1.584,14.001,24.536,0.962,1.567,19.543,20.867,0.745,0.750,13.995,24.537,0.189,8.664,9.588,0.018,4155.000,123.559,48.283,8.664,57.871,ON,Clear sky; Hybrid loop operating; Ceff=1.58x
785,14:32:00,36.170,71.290,69.310,50.690,49.300,32.270,1.623,15.904,17.112,0.880,1.432,854.100,1352.500,1.584,13.994,24.511,0.962,1.565,19.544,20.869,0.744,0.750,13.996,24.504,0.189,8.670,9.586,0.018,4155.000,123.407,48.277,8.670,57.863,ON,Clear sky; Hybrid loop operating; Ceff=1.58x
786,14:32:30,36.140,71.290,69.300,50.680,49.280,32.270,1.619,15.904,17.113,0.879,1.430,853.000,1350.100,1.583,13.976,24.468,0.960,1.563,19.545,20.870,0.745,0.750,13.980,24.472,0.189,8.671,9.590,0.018,4155.000,123.103,48.244,8.671,57.834,ON,Clear sky; Hybrid loop operating; Ceff=1.58x
787,14:33:00,36.120,71.300,69.300,50.670,49.270,32.260,1.613,15.904,17.114,0.877,1.426,851.300,1346.600,1.582,13.947,24.407,0.958,1.559,19.544,20.871,0.745,0.750,13.948,24.405,0.189,8.669,9.589,0.018,4155.000,122.647,48.190,8.669,57.779,ON,Clear sky; Hybrid loop operating; Ceff=1.58x
788,14:33:30,36.090,71.310,69.290,50.660,49.250,32.260,1.607,15.904,17.115,0.875,1.422,849.000,1342.400,1.581,13.910,24.332,0.956,1.554,19.544,20.872,0.744,0.750,13.916,24.338,0.189,8.673,9.593,0.018,4155.000,122.191,48.161,8.673,57.753,ON,Clear sky; Hybrid loop operating; Ceff=1.58x
789,14:34:00,36.060,71.310,69.290,50.650,49.230,32.260,1.600,15.904,17.115,0.872,1.417,846.400,1337.700,1.580,13.868,24.248,0.953,1.548,19.544,20.873,0.745,0.750,13.868,24.252,0.189,8.669,9.592,0.018,4155.000,121.658,48.120,8.669,57.712,ON,Clear sky; Hybrid loop operating; Ceff=1.58x
790,14:34:30,36.030,71.310,69.280,50.640,49.210,32.250,1.592,15.904,17.117,0.869,1.412,843.900,1332.900,1.580,13.826,24.163,0.950,1.543,19.544,20.874,0.745,0.750,13.821,24.169,0.189,8.665,9.594,0.018,4155.000,121.050,48.051,8.665,57.645,ON,Clear sky; Hybrid loop operating; Ceff=1.58x
791,14:35:00,36.000,71.300,69.260,50.610,49.180,32.250,1.585,15.905,17.118,0.867,1.407,841.500,1328.400,1.579,13.788,24.085,0.947,1.538,19.546,20.875,0.745,0.750,13.790,24.085,0.189,8.670,9.593,0.018,4155.000,120.518,48.002,8.670,57.595,ON,Clear sky; Hybrid loop operating; Ceff=1.58x
792,14:35:30,35.970,71.270,69.220,50.580,49.140,32.240,1.580,15.907,17.120,0.865,1.403,839.500,1324.700,1.578,13.758,24.020,0.945,1.533,19.548,20.878,0.745,0.750,13.760,24.019,0.189,8.672,9.594,0.018,4155.000,120.138,47.984,8.672,57.578,ON,Clear sky; Hybrid loop operating; Ceff=1.58x
793,14:36:00,35.950,71.230,69.180,50.540,49.100,32.240,1.575,15.910,17.123,0.864,1.400,838.100,1321.800,1.577,13.739,23.973,0.944,1.530,19.550,20.880,0.744,0.750,13.746,23.972,0.189,8.678,9.596,0.018,4155.000,119.757,47.937,8.678,57.533,ON,Clear sky; Hybrid loop operating; Ceff=1.58x
794,14:36:30,35.920,71.170,69.120,50.490,49.050,32.230,1.572,15.913,17.126,0.863,1.398,837.300,1319.900,1.576,13.730,23.943,0.943,1.528,19.554,20.884,0.745,0.750,13.733,23.942,0.189,8.678,9.598,0.018,4155.000,119.529,47.915,8.678,57.513,ON,Clear sky; Hybrid loop operating; Ceff=1.58x
795,14:37:00,35.890,71.090,69.040,50.430,48.990,32.220,1.570,15.918,17.129,0.863,1.397,837.100,1318.800,1.575,13.730,23.929,0.943,1.527,19.559,20.888,0.744,0.750,13.737,23.929,0.189,8.683,9.600,0.018,4155.000,119.377,47.894,8.683,57.494,ON,Clear sky; Hybrid loop operating; Ceff=1.58x
796,14:37:30,35.860,71.000,68.960,50.360,48.930,32.220,1.570,15.923,17.133,0.863,1.396,837.100,1318.200,1.575,13.737,23.925,0.943,1.526,19.565,20.892,0.745,0.750,13.742,23.918,0.189,8.686,9.600,0.018,4155.000,119.377,47.916,8.686,57.516,ON,Clear sky; Hybrid loop operating; Ceff=1.57x
797,14:38:00,35.830,70.900,68.870,50.290,48.870,32.210,1.569,15.928,17.137,0.863,1.396,837.300,1317.700,1.574,13.745,23.924,0.943,1.526,19.571,20.896,0.745,0.750,13.746,23.923,0.189,8.686,9.606,0.018,4155.000,119.301,47.903,8.686,57.509,ON,Clear sky; Hybrid loop operating; Ceff=1.57x
798,14:38:30,35.800,70.800,68.780,50.210,48.800,32.200,1.568,15.934,17.141,0.863,1.395,837.300,1317.000,1.573,13.751,23.918,0.943,1.525,19.578,20.901,0.745,0.750,13.751,23.912,0.189,8.689,9.606,0.018,4155.000,119.225,47.898,8.689,57.505,ON,Clear sky; Hybrid loop operating; Ceff=1.57x
799,14:39:00,35.770,70.690,68.680,50.140,48.730,32.200,1.566,15.940,17.146,0.863,1.394,836.800,1315.600,1.572,13.751,23.901,0.943,1.523,19.584,20.906,0.745,0.751,13.756,23.902,0.189,8.698,9.613,0.018,4155.000,119.073,47.888,8.698,57.501,ON,Clear sky; Hybrid loop operating; Ceff=1.57x
800,14:39:30,35.740,70.580,68.580,50.060,48.660,32.190,1.562,15.946,17.150,0.862,1.392,835.800,1313.400,1.571,13.741,23.867,0.942,1.521,19.591,20.910,0.745,0.750,13.745,23.873,0.189,8.702,9.617,0.018,4155.000,118.769,47.846,8.702,57.463,ON,Clear sky; Hybrid loop operating; Ceff=1.57x
801,14:40:00,35.720,70.480,68.500,49.990,48.600,32.180,1.557,15.952,17.154,0.860,1.388,834.200,1310.100,1.571,13.720,23.814,0.940,1.517,19.597,20.915,0.745,0.751,13.719,23.810,0.189,8.701,9.616,0.018,4155.000,118.389,47.813,8.701,57.429,ON,Clear sky; Hybrid loop operating; Ceff=1.57x
802,14:40:30,35.690,70.390,68.410,49.920,48.540,32.170,1.551,15.957,17.158,0.858,1.384,831.900,1305.900,1.570,13.689,23.745,0.938,1.512,19.603,20.919,0.744,0.751,13.691,23.747,0.189,8.708,9.621,0.018,4155.000,117.933,47.782,8.708,57.403,ON,Clear sky; Hybrid loop operating; Ceff=1.57x
803,14:41:00,35.660,70.320,68.340,49.860,48.480,32.170,1.543,15.962,17.161,0.855,1.379,829.300,1301.000,1.569,13.650,23.662,0.935,1.507,19.608,20.923,0.745,0.750,13.648,23.665,0.189,8.707,9.624,0.018,4155.000,117.324,47.714,8.707,57.339,ON,Clear sky; Hybrid loop operating; Ceff=1.57x
804,14:41:30,35.630,70.250,68.280,49.810,48.430,32.160,1.535,15.965,17.164,0.852,1.373,826.400,1295.900,1.568,13.606,23.573,0.931,1.501,19.612,20.926,0.745,0.750,13.602,23.566,0.189,8.709,9.622,0.018,4155.000,116.716,47.654,8.709,57.276,ON,Clear sky; Hybrid loop operating; Ceff=1.57x
805,14:42:00,35.610,70.210,68.230,49.770,48.380,32.150,1.528,15.968,17.167,0.849,1.368,823.600,1290.800,1.567,13.564,23.485,0.928,1.495,19.615,20.929,0.745,0.751,13.557,23.484,0.189,8.709,9.626,0.018,4155.000,116.184,47.624,8.709,57.250,ON,Clear sky; Hybrid loop operating; Ceff=1.57x
806,14:42:30,35.580,70.170,68.180,49.730,48.340,32.140,1.521,15.971,17.169,0.847,1.363,821.100,1286.200,1.566,13.525,23.405,0.926,1.490,19.617,20.932,0.745,0.750,13.527,23.401,0.189,8.717,9.627,0.018,4155.000,115.652,47.575,8.717,57.202,ON,Clear sky; Hybrid loop operating; Ceff=1.57x
807,14:43:00,35.550,70.140,68.150,49.700,48.310,32.130,1.515,15.972,17.171,0.845,1.359,819.100,1282.400,1.566,13.494,23.339,0.923,1.485,19.619,20.934,0.745,0.751,13.496,23.335,0.189,8.718,9.628,0.018,4155.000,115.195,47.528,8.718,57.156,ON,Clear sky; Hybrid loop operating; Ceff=1.57x
808,14:43:30,35.530,70.130,68.120,49.680,48.270,32.120,1.511,15.974,17.173,0.843,1.356,817.700,1279.500,1.565,13.473,23.290,0.922,1.482,19.621,20.936,0.745,0.751,13.466,23.287,0.189,8.713,9.630,0.018,4155.000,114.891,47.510,8.713,57.139,ON,Clear sky; Hybrid loop operating; Ceff=1.56x
809,14:44:00,35.500,70.110,68.100,49.660,48.250,32.110,1.508,15.975,17.174,0.843,1.354,816.900,1277.500,1.564,13.461,23.257,0.921,1.480,19.622,20.937,0.745,0.751,13.467,23.254,0.189,8.722,9.631,0.018,4155.000,114.663,47.490,8.722,57.121,ON,Clear sky; Hybrid loop operating; Ceff=1.56x
810,14:44:30,35.480,70.100,68.070,49.640,48.220,32.100,1.506,15.976,17.176,0.842,1.353,816.600,1276.300,1.563,13.456,23.237,0.921,1.479,19.624,20.939,0.745,0.750,13.452,23.239,0.189,8.716,9.634,0.018,4155.000,114.511,47.471,8.716,57.105,ON,Clear sky; Hybrid loop operating; Ceff=1.56x
811,14:45:00,35.450,70.070,68.040,49.610,48.190,32.090,1.504,15.978,17.177,0.842,1.352,816.500,1275.500,1.562,13.456,23.224,0.920,1.478,19.625,20.940,0.745,0.750,13.453,23.223,0.189,8.718,9.633,0.018,4155.000,114.359,47.438,8.718,57.072,ON,Clear sky; Hybrid loop operating; Ceff=1.56x
812,14:45:30,35.430,70.040,68.010,49.580,48.160,32.080,1.503,15.980,17.179,0.842,1.351,816.400,1274.600,1.561,13.457,23.212,0.920,1.477,19.627,20.942,0.745,0.750,13.455,23.209,0.189,8.720,9.634,0.018,4155.000,114.283,47.440,8.720,57.074,ON,Clear sky; Hybrid loop operating; Ceff=1.56x
813,14:46:00,35.400,70.000,67.960,49.550,48.120,32.070,1.501,15.982,17.181,0.842,1.350,816.000,1273.400,1.560,13.454,23.193,0.920,1.475,19.630,20.945,0.745,0.751,13.457,23.194,0.189,8.726,9.637,0.018,4155.000,114.131,47.422,8.726,57.059,ON,Clear sky; Hybrid loop operating; Ceff=1.56x
814,14:46:30,35.380,69.940,67.900,49.500,48.070,32.060,1.498,15.986,17.184,0.841,1.348,815.200,1271.400,1.560,13.444,23.162,0.919,1.473,19.634,20.948,0.745,0.751,13.444,23.164,0.189,8.726,9.640,0.018,4155.000,113.903,47.401,8.726,57.041,ON,Clear sky; Hybrid loop operating; Ceff=1.56x
815,14:47:00,35.350,69.860,67.830,49.450,48.020,32.050,1.494,15.990,17.187,0.840,1.345,813.800,1268.500,1.559,13.425,23.114,0.918,1.470,19.639,20.951,0.745,0.751,13.432,23.117,0.189,8.733,9.642,0.018,4155.000,113.599,47.383,8.733,57.025,ON,Clear sky; Hybrid loop operating; Ceff=1.56x
816,14:47:30,35.330,69.760,67.740,49.380,47.960,32.040,1.488,15.996,17.191,0.838,1.341,811.700,1264.600,1.558,13.397,23.050,0.915,1.465,19.645,20.956,0.745,0.751,13.405,23.053,0.189,8.738,9.645,0.018,4155.000,113.142,47.338,8.738,56.983,ON,Clear sky; Hybrid loop operating; Ceff=1.56x
817,14:48:00,35.310,69.650,67.640,49.300,47.890,32.030,1.481,16.002,17.196,0.835,1.336,809.200,1259.900,1.557,13.361,22.971,0.913,1.460,19.652,20.960,0.745,0.751,13.362,22.974,0.189,8.737,9.648,0.018,4155.000,112.610,47.291,8.737,56.939,ON,Clear sky; Hybrid loop operating; Ceff=1.56x
818,14:48:30,35.290,69.530,67.530,49.220,47.810,32.020,1.473,16.009,17.200,0.832,1.330,806.300,1254.700,1.556,13.321,22.884,0.909,1.454,19.660,20.965,0.745,0.751,13.319,22.876,0.189,8.740,9.647,0.018,4155.000,112.002,47.231,8.740,56.877,ON,Clear sky; Hybrid loop operating; Ceff=1.56x
819,14:49:00,35.270,69.410,67.410,49.130,47.740,32.000,1.465,16.016,17.205,0.829,1.325,803.300,1249.400,1.555,13.279,22.794,0.906,1.448,19.668,20.971,0.745,0.751,13.277,22.797,0.189,8.745,9.654,0.018,4155.000,111.393,47.173,8.745,56.827,ON,Clear sky; Hybrid loop operating; Ceff=1.56x
820,14:49:30,35.250,69.280,67.300,49.050,47.660,31.990,1.457,16.024,17.210,0.826,1.320,800.500,1244.300,1.555,13.240,22.710,0.903,1.442,19.675,20.976,0.745,0.751,13.236,22.717,0.189,8.748,9.660,0.018,4155.000,110.785,47.108,8.748,56.768,ON,Clear sky; Hybrid loop operating; Ceff=1.55x
821,14:50:00,35.230,69.160,67.190,48.960,47.580,31.980,1.451,16.030,17.215,0.824,1.315,798.100,1239.900,1.554,13.207,22.637,0.900,1.437,19.683,20.981,0.746,0.751,13.209,22.638,0.189,8.757,9.660,0.018,4155.000,110.329,47.080,8.757,56.741,ON,Clear sky; Hybrid loop operating; Ceff=1.55x
822,14:50:30,35.210,69.050,67.080,48.890,47.520,31.970,1.446,16.037,17.219,0.822,1.311,796.200,1236.300,1.553,13.183,22.579,0.898,1.433,19.690,20.986,0.746,0.751,13.182,22.574,0.189,8.760,9.661,0.018,4155.000,109.949,47.055,8.760,56.716,ON,Clear sky; Hybrid loop operating; Ceff=1.55x
823,14:51:00,35.190,68.950,66.990,48.820,47.450,31.960,1.442,16.042,17.223,0.821,1.309,795.000,1233.800,1.552,13.169,22.539,0.897,1.430,19.696,20.990,0.745,0.751,13.170,22.545,0.189,8.765,9.668,0.018,4155.000,109.645,47.020,8.765,56.688,ON,Clear sky; Hybrid loop operating; Ceff=1.55x
824,14:51:30,35.170,68.880,66.920,48.770,47.400,31.950,1.439,16.047,17.226,0.820,1.307,794.300,1232.100,1.551,13.163,22.513,0.896,1.428,19.701,20.994,0.746,0.751,13.159,22.514,0.189,8.765,9.668,0.018,4155.000,109.417,46.987,8.765,56.655,ON,Clear sky; Hybrid loop operating; Ceff=1.55x
825,14:52:00,35.150,68.820,66.860,48.730,47.360,31.930,1.438,16.050,17.228,0.820,1.306,794.100,1231.000,1.550,13.162,22.497,0.896,1.427,19.704,20.996,0.746,0.751,13.161,22.500,0.189,8.769,9.671,0.018,4155.000,109.340,46.996,8.769,56.667,ON,Clear sky; Hybrid loop operating; Ceff=1.55x
826,14:52:30,35.130,68.790,66.820,48.700,47.330,31.920,1.436,16.052,17.230,0.820,1.305,794.000,1230.200,1.549,13.163,22.485,0.896,1.426,19.707,20.998,0.745,0.751,13.163,22.485,0.189,8.771,9.671,0.018,4155.000,109.188,46.961,8.771,56.632,ON,Clear sky; Hybrid loop operating; Ceff=1.55x
827,14:53:00,35.110,68.760,66.790,48.690,47.310,31.910,1.435,16.054,17.231,0.820,1.304,793.900,1229.300,1.548,13.162,22.470,0.896,1.425,19.709,20.999,0.745,0.751,13.164,22.469,0.189,8.773,9.671,0.018,4155.000,109.112,46.963,8.773,56.634,ON,Clear sky; Hybrid loop operating; Ceff=1.55x
828,14:53:30,35.100,68.750,66.770,48.680,47.290,31.900,1.433,16.055,17.232,0.819,1.302,793.400,1227.800,1.548,13.155,22.444,0.895,1.423,19.710,21.000,0.746,0.751,13.149,22.436,0.189,8.769,9.668,0.018,4155.000,108.960,46.955,8.769,56.623,ON,Clear sky; Hybrid loop operating; Ceff=1.55x
829,14:54:00,35.080,68.750,66.760,48.670,47.270,31.890,1.429,16.055,17.233,0.818,1.300,792.300,1225.500,1.547,13.138,22.404,0.894,1.421,19.710,21.001,0.746,0.751,13.133,22.403,0.189,8.770,9.672,0.018,4155.000,108.656,46.911,8.770,56.584,ON,Clear sky; Hybrid loop operating; Ceff=1.55x
830,14:54:30,35.070,68.740,66.740,48.660,47.260,31.870,1.425,16.056,17.233,0.817,1.297,790.700,1222.300,1.546,13.112,22.347,0.893,1.417,19.711,21.002,0.745,0.751,13.118,22.351,0.189,8.778,9.675,0.018,4155.000,108.352,46.903,8.778,56.578,ON,Clear sky; Hybrid loop operating; Ceff=1.55x
831,14:55:00,35.050,68.730,66.720,48.650,47.240,31.860,1.419,16.057,17.234,0.814,1.292,788.500,1218.200,1.545,13.077,22.273,0.890,1.412,19.712,21.003,0.745,0.751,13.070,22.266,0.189,8.771,9.671,0.018,4155.000,107.896,46.862,8.771,56.533,ON,Clear sky; Hybrid loop operating; Ceff=1.54x
832,14:55:30,35.030,68.700,66.690,48.630,47.210,31.850,1.412,16.059,17.236,0.812,1.287,785.900,1213.400,1.544,13.034,22.188,0.887,1.407,19.714,21.005,0.745,0.751,13.040,22.183,0.189,8.779,9.673,0.018,4155.000,107.364,46.816,8.779,56.488,ON,Clear sky; Hybrid loop operating; Ceff=1.54x
833,14:56:00,35.020,68.660,66.640,48.590,47.180,31.840,1.404,16.061,17.238,0.809,1.282,783.000,1208.300,1.543,12.989,22.097,0.884,1.401,19.717,21.007,0.745,0.751,12.993,22.099,0.189,8.780,9.677,0.018,4155.000,106.755,46.747,8.780,56.424,ON,Clear sky; Hybrid loop operating; Ceff=1.54x
834,14:56:30,35.010,68.600,66.580,48.550,47.140,31.830,1.396,16.065,17.240,0.806,1.277,780.100,1203.200,1.542,12.946,22.008,0.881,1.395,19.721,21.009,0.745,0.751,12.948,22.015,0.189,8.782,9.681,0.018,4155.000,106.147,46.678,8.782,56.359,ON,Clear sky; Hybrid loop operating; Ceff=1.54x
835,14:57:00,34.990,68.520,66.500,48.500,47.090,31.810,1.389,16.070,17.243,0.803,1.272,777.500,1198.500,1.541,12.907,21.927,0.878,1.390,19.726,21.013,0.745,0.751,12.904,21.933,0.189,8.782,9.683,0.018,4155.000,105.615,46.626,8.782,56.308,ON,Clear sky; Hybrid loop operating; Ceff=1.54x
836,14:57:30,34.980,68.430,66.410,48.440,47.030,31.800,1.384,16.075,17.247,0.801,1.268,775.400,1194.600,1.541,12.878,21.861,0.876,1.385,19.732,21.017,0.745,0.751,12.876,21.869,0.189,8.786,9.686,0.018,4155.000,105.235,46.609,8.786,56.296,ON,Clear sky; Hybrid loop operating; Ceff=1.54x
837,14:58:00,34.960,68.320,66.310,48.370,46.970,31.790,1.379,16.081,17.251,0.800,1.264,774.000,1191.700,1.540,12.860,21.813,0.874,1.382,19.739,21.021,0.745,0.751,12.865,21.805,0.189,8.794,9.681,0.018,4155.000,104.854,46.554,8.794,56.235,ON,Clear sky; Hybrid loop operating; Ceff=1.54x
838,14:58:30,34.950,68.200,66.210,48.300,46.900,31.780,1.376,16.088,17.255,0.799,1.262,773.100,1189.700,1.539,12.852,21.783,0.873,1.380,19.746,21.026,0.746,0.751,12.854,21.776,0.189,8.797,9.684,0.018,4155.000,104.626,46.531,8.797,56.215,ON,Clear sky; Hybrid loop operating; Ceff=1.54x
839,14:59:00,34.940,68.080,66.100,48.220,46.840,31.770,1.375,16.095,17.259,0.799,1.261,772.700,1188.500,1.538,12.853,21.767,0.873,1.378,19.753,21.030,0.745,0.751,12.860,21.764,0.189,8.806,9.689,0.018,4155.000,104.550,46.544,8.806,56.233,ON,Clear sky; Hybrid loop operating; Ceff=1.54x
840,14:59:30,34.930,67.970,66.000,48.150,46.770,31.760,1.374,16.101,17.263,0.799,1.261,772.700,1187.700,1.537,12.859,21.761,0.873,1.378,19.760,21.034,0.745,0.751,12.865,21.769,0.189,8.809,9.698,0.018,4155.000,104.474,46.541,8.809,56.239,ON,Clear sky; Hybrid loop operating; Ceff=1.54x
841,15:00:00,34.910,67.870,65.900,48.090,46.720,31.750,1.373,16.107,17.267,0.799,1.260,772.800,1187.100,1.536,12.866,21.755,0.873,1.377,19.767,21.038,0.746,0.751,12.869,21.756,0.189,8.811,9.697,0.018,4155.000,104.398,46.531,8.811,56.228,ON,Clear sky; Hybrid loop operating; Ceff=1.54x
842,15:00:30,34.900,67.780,65.820,48.030,46.670,31.730,1.371,16.112,17.270,0.799,1.259,772.700,1186.300,1.535,12.869,21.744,0.873,1.376,19.773,21.042,0.746,0.751,12.873,21.743,0.189,8.815,9.698,0.018,4155.000,104.246,46.495,8.815,56.192,ON,Clear sky; Hybrid loop operating; Ceff=1.54x
843,15:01:00,34.890,67.700,65.750,47.990,46.620,31.720,1.369,16.116,17.272,0.798,1.257,772.100,1184.700,1.534,12.865,21.720,0.872,1.374,19.777,21.045,0.746,0.751,12.861,21.711,0.189,8.813,9.696,0.018,4155.000,104.094,46.490,8.813,56.186,ON,Clear sky; Hybrid loop operating; Ceff=1.53x
844,15:01:30,34.880,67.640,65.690,47.950,46.590,31.710,1.366,16.120,17.275,0.797,1.255,771.000,1182.300,1.534,12.849,21.679,0.871,1.372,19.781,21.047,0.746,0.751,12.848,21.680,0.189,8.817,9.702,0.018,4155.000,103.866,46.482,8.817,56.184,ON,Clear sky; Hybrid loop operating; Ceff=1.53x
845,15:02:00,34.860,67.600,65.650,47.920,46.560,31.700,1.361,16.122,17.276,0.795,1.251,769.300,1179.000,1.533,12.823,21.621,0.869,1.368,19.784,21.049,0.746,0.751,12.817,21.612,0.189,8.815,9.699,0.018,4155.000,103.486,46.441,8.815,56.140,ON,Clear sky; Hybrid loop operating; Ceff=1.53x
846,15:02:30,34.850,67.580,65.620,47.910,46.540,31.690,1.355,16.124,17.277,0.793,1.247,767.000,1174.800,1.532,12.787,21.546,0.867,1.363,19.786,21.050,0.745,0.751,12.786,21.544,0.189,8.820,9.703,0.018,4155.000,103.029,46.402,8.820,56.105,ON,Clear sky; Hybrid loop operating; Ceff=1.53x
847,15:03:00,34.840,67.560,65.600,47.890,46.520,31.680,1.348,16.125,17.278,0.790,1.242,764.300,1170.100,1.531,12.744,21.461,0.864,1.357,19.787,21.051,0.745,0.751,12.739,21.459,0.189,8.819,9.704,0.018,4155.000,102.497,46.348,8.819,56.051,ON,Clear sky; Hybrid loop operating; Ceff=1.53x
848,15:03:30,34.830,67.560,65.580,47.890,46.510,31.670,1.341,16.126,17.279,0.787,1.237,761.600,1165.200,1.530,12.698,21.371,0.861,1.352,19.788,21.052,0.745,0.751,12.691,21.374,0.189,8.817,9.706,0.018,4155.000,101.965,46.301,8.817,56.006,ON,Clear sky; Hybrid loop operating; Ceff=1.53x
849,15:04:00,34.820,67.550,65.570,47.880,46.490,31.660,1.334,16.126,17.279,0.785,1.232,758.900,1160.400,1.529,12.654,21.284,0.858,1.346,19.788,21.052,0.745,0.751,12.659,21.288,0.189,8.826,9.706,0.018,4155.000,101.433,46.250,8.826,55.956,ON,Clear sky; Hybrid loop operating; Ceff=1.53x
850,15:04:30,34.800,67.550,65.550,47.880,46.480,31.650,1.328,16.127,17.280,0.782,1.227,756.600,1156.200,1.528,12.616,21.208,0.855,1.341,19.789,21.053,0.746,0.751,12.611,21.203,0.189,8.819,9.703,0.018,4155.000,100.976,46.209,8.819,55.912,ON,Clear sky; Hybrid loop operating; Ceff=1.53x
851,15:05:00,34.790,67.540,65.540,47.870,46.470,31.640,1.323,16.128,17.281,0.781,1.224,754.800,1152.800,1.527,12.588,21.147,0.853,1.337,19.790,21.054,0.746,0.751,12.596,21.152,0.189,8.830,9.708,0.018,4155.000,100.596,46.171,8.830,55.879,ON,Clear sky; Hybrid loop operating; Ceff=1.53x
852,15:05:30,34.780,67.530,65.510,47.860,46.450,31.630,1.319,16.129,17.281,0.779,1.221,753.700,1150.400,1.526,12.570,21.104,0.852,1.335,19.791,21.055,0.745,0.751,12.564,21.100,0.189,8.820,9.705,0.018,4155.000,100.292,46.127,8.820,55.832,ON,Clear sky; Hybrid loop operating; Ceff=1.53x
853,15:06:00,34.770,67.500,65.480,47.840,46.420,31.630,1.317,16.131,17.283,0.779,1.220,753.100,1148.900,1.525,12.562,21.078,0.851,1.333,19.793,21.056,0.746,0.751,12.566,21.085,0.189,8.828,9.710,0.018,4155.000,100.140,46.117,8.828,55.828,ON,Clear sky; Hybrid loop operating; Ceff=1.53x
854,15:06:30,34.750,67.460,65.430,47.810,46.400,31.620,1.316,16.133,17.284,0.779,1.219,753.000,1148.000,1.525,12.563,21.065,0.851,1.332,19.796,21.058,0.746,0.751,12.568,21.069,0.189,8.831,9.711,0.018,4155.000,100.064,46.118,8.831,55.829,ON,Clear sky; Hybrid loop operating; Ceff=1.52x
855,15:07:00,34.740,67.410,65.380,47.780,46.360,31.610,1.315,16.136,17.286,0.779,1.218,753.100,1147.500,1.524,12.567,21.058,0.851,1.331,19.799,21.060,0.746,0.751,12.570,21.054,0.189,8.831,9.708,0.018,4155.000,99.988,46.103,8.831,55.811,ON,Clear sky; Hybrid loop operating; Ceff=1.52x
856,15:07:30,34.730,67.340,65.320,47.740,46.320,31.600,1.314,16.140,17.289,0.779,1.218,753.200,1146.900,1.523,12.572,21.051,0.851,1.331,19.803,21.063,0.746,0.751,12.573,21.058,0.189,8.832,9.715,0.018,4155.000,99.912,46.092,8.832,55.807,ON,Clear sky; Hybrid loop operating; Ceff=1.52x
857,15:08:00,34.710,67.260,65.240,47.690,46.280,31.590,1.313,16.145,17.292,0.779,1.217,752.900,1145.900,1.522,12.573,21.036,0.851,1.330,19.809,21.066,0.746,0.751,12.577,21.044,0.189,8.838,9.717,0.018,4155.000,99.836,46.098,8.838,55.814,ON,Clear sky; Hybrid loop operating; Ceff=1.52x
858,15:08:30,34.700,67.170,65.160,47.630,46.230,31.590,1.310,16.150,17.295,0.778,1.215,752.200,1144.100,1.521,12.566,21.008,0.850,1.328,19.814,21.069,0.746,0.751,12.565,21.013,0.189,8.838,9.718,0.018,4155.000,99.608,46.065,8.838,55.783,ON,Clear sky; Hybrid loop operating; Ceff=1.52x
859,15:09:00,34.690,67.070,65.070,47.570,46.180,31.580,1.306,16.155,17.298,0.777,1.212,750.800,1141.300,1.520,12.548,20.963,0.849,1.324,19.820,21.073,0.746,0.751,12.552,20.965,0.189,8.846,9.719,0.018,4155.000,99.304,46.037,8.846,55.756,ON,Clear sky; Hybrid loop operating; Ceff=1.52x
860,15:09:30,34.670,66.970,64.980,47.510,46.120,31.570,1.301,16.161,17.302,0.775,1.208,748.900,1137.700,1.519,12.521,20.901,0.847,1.320,19.826,21.077,0.746,0.751,12.525,20.901,0.189,8.849,9.720,0.018,4155.000,98.923,46.006,8.849,55.726,ON,Clear sky; Hybrid loop operating; Ceff=1.52x
861,15:10:00,34.660,66.870,64.900,47.450,46.070,31.560,1.294,16.167,17.305,0.772,1.203,746.400,1133.200,1.518,12.485,20.825,0.844,1.315,19.832,21.080,0.746,0.751,12.481,20.818,0.189,8.847,9.720,0.018,4155.000,98.391,45.940,8.847,55.660,ON,Clear sky; Hybrid loop operating; Ceff=1.52x
862,15:10:30,34.640,66.780,64.810,47.390,46.010,31.560,1.287,16.172,17.308,0.769,1.198,743.600,1128.400,1.517,12.444,20.740,0.841,1.310,19.838,21.084,0.746,0.751,12.436,20.735,0.189,8.849,9.723,0.018,4155.000,97.859,45.886,8.849,55.608,ON,Clear sky; Hybrid loop operating; Ceff=1.52x
863,15:11:00,34.620,66.700,64.740,47.340,45.960,31.550,1.280,16.176,17.311,0.767,1.193,740.800,1123.400,1.516,12.401,20.653,0.838,1.304,19.843,21.087,0.746,0.751,12.407,20.652,0.189,8.861,9.727,0.018,4155.000,97.327,45.839,8.861,55.566,ON,Clear sky; Hybrid loop operating; Ceff=1.52x
864,15:11:30,34.610,66.640,64.670,47.290,45.920,31.550,1.274,16.180,17.314,0.764,1.188,738.200,1118.800,1.516,12.361,20.572,0.835,1.299,19.847,21.090,0.746,0.751,12.362,20.569,0.189,8.860,9.727,0.018,4155.000,96.871,45.812,8.860,55.539,ON,Clear sky; Hybrid loop operating; Ceff=1.52x
865,15:12:00,34.590,66.590,64.620,47.260,45.880,31.540,1.268,16.183,17.316,0.762,1.184,736.000,1114.800,1.515,12.327,20.501,0.832,1.294,19.851,21.092,0.746,0.751,12.331,20.502,0.189,8.865,9.731,0.018,4155.000,96.414,45.760,8.865,55.490,ON,Clear sky; Hybrid loop operating; Ceff=1.51x
866,15:12:30,34.570,66.550,64.580,47.230,45.850,31.530,1.263,16.185,17.318,0.760,1.181,734.400,1111.600,1.514,12.302,20.446,0.831,1.290,19.853,21.094,0.746,0.751,12.301,20.453,0.189,8.862,9.735,0.018,4155.000,96.034,45.710,8.862,55.445,ON,Clear sky; Hybrid loop operating; Ceff=1.51x
867,15:13:00,34.560,66.530,64.550,47.220,45.830,31.530,1.260,16.187,17.319,0.759,1.178,733.400,1109.400,1.513,12.286,20.407,0.830,1.288,19.854,21.096,0.746,0.751,12.286,20.402,0.189,8.864,9.730,0.018,4155.000,95.806,45.692,8.864,55.422,ON,Clear sky; Hybrid loop operating; Ceff=1.51x
868,15:13:30,34.540,66.530,64.540,47.210,45.820,31.520,1.258,16.187,17.320,0.759,1.177,732.900,1108.000,1.512,12.279,20.382,0.829,1.286,19.855,21.096,0.746,0.751,12.286,20.386,0.189,8.870,9.735,0.018,4155.000,95.654,45.677,8.870,55.412,ON,Clear sky; Hybrid loop operating; Ceff=1.51x
869,15:14:00,34.520,66.530,64.530,47.210,45.800,31.520,1.257,16.188,17.320,0.758,1.176,732.700,1107.100,1.511,12.276,20.366,0.829,1.285,19.855,21.097,0.746,0.751,12.271,20.368,0.189,8.861,9.734,0.018,4155.000,95.578,45.678,8.861,55.413,ON,Clear sky; Hybrid loop operating; Ceff=1.51x
870,15:14:30,34.500,66.540,64.530,47.210,45.800,31.510,1.256,16.188,17.320,0.758,1.175,732.700,1106.400,1.510,12.276,20.353,0.829,1.284,19.855,21.097,0.746,0.751,12.271,20.351,0.189,8.861,9.732,0.018,4155.000,95.502,45.671,8.861,55.403,ON,Clear sky; Hybrid loop operating; Ceff=1.51x
871,15:15:00,34.480,66.540,64.520,47.200,45.790,31.510,1.255,16.188,17.321,0.758,1.174,732.500,1105.400,1.509,12.273,20.336,0.829,1.283,19.855,21.097,0.746,0.751,12.271,20.335,0.189,8.863,9.733,0.018,4155.000,95.426,45.676,8.863,55.409,ON,Clear sky; Hybrid loop operating; Ceff=1.51x
872,15:15:30,34.460,66.540,64.510,47.200,45.770,31.500,1.252,16.188,17.321,0.758,1.172,731.900,1103.900,1.508,12.263,20.308,0.828,1.281,19.856,21.098,0.746,0.751,12.271,20.300,0.189,8.871,9.730,0.018,4155.000,95.198,45.628,8.871,55.358,ON,Clear sky; Hybrid loop operating; Ceff=1.51x
873,15:16:00,34.440,66.530,64.480,47.180,45.750,31.500,1.249,16.189,17.322,0.756,1.170,730.800,1101.500,1.507,12.245,20.266,0.827,1.279,19.857,21.099,0.746,0.751,12.239,20.267,0.189,8.861,9.735,0.018,4155.000,94.970,45.618,8.861,55.353,ON,Clear sky; Hybrid loop operating; Ceff=1.51x
874,15:16:30,34.410,66.490,64.450,47.160,45.720,31.500,1.244,16.191,17.324,0.755,1.166,729.000,1098.100,1.506,12.217,20.206,0.825,1.275,19.859,21.101,0.746,0.751,12.224,20.200,0.189,8.872,9.733,0.018,4155.000,94.589,45.576,8.872,55.309,ON,Clear sky; Hybrid loop operating; Ceff=1.51x
875,15:17:00,34.390,66.440,64.390,47.120,45.690,31.490,1.238,16.194,17.326,0.752,1.162,726.600,1093.800,1.505,12.180,20.131,0.822,1.270,19.863,21.103,0.746,0.751,12.178,20.133,0.189,8.868,9.739,0.018,4155.000,94.133,45.535,8.868,55.274,ON,Clear sky; Hybrid loop operating; Ceff=1.51x
876,15:17:30,34.370,66.370,64.320,47.070,45.640,31.490,1.231,16.199,17.329,0.749,1.157,723.800,1088.900,1.505,12.137,20.045,0.819,1.264,19.867,21.107,0.746,0.751,12.133,20.050,0.189,8.869,9.742,0.018,4155.000,93.601,45.481,8.869,55.223,ON,Clear sky; Hybrid loop operating; Ceff=1.5x
877,15:18:00,34.350,66.280,64.240,47.010,45.580,31.480,1.224,16.204,17.333,0.746,1.151,720.700,1083.700,1.504,12.091,19.953,0.815,1.258,19.873,21.111,0.747,0.751,12.088,19.950,0.189,8.875,9.740,0.018,4155.000,93.069,45.439,8.875,55.180,ON,Clear sky; Hybrid loop operating; Ceff=1.5x
878,15:18:30,34.320,66.170,64.140,46.930,45.510,31.480,1.216,16.210,17.337,0.743,1.146,717.700,1078.500,1.503,12.046,19.864,0.812,1.252,19.880,21.115,0.746,0.751,12.044,19.868,0.189,8.879,9.747,0.018,4155.000,92.460,45.360,8.879,55.107,ON,Clear sky; Hybrid loop operating; Ceff=1.5x
879,15:19:00,34.300,66.050,64.030,46.850,45.440,31.480,1.210,16.217,17.341,0.740,1.141,715.000,1073.800,1.502,12.007,19.783,0.809,1.247,19.887,21.120,0.746,0.751,12.001,19.786,0.189,8.880,9.749,0.018,4155.000,92.004,45.334,8.880,55.083,ON,Clear sky; Hybrid loop operating; Ceff=1.5x
880,15:19:30,34.270,65.930,63.920,46.770,45.370,31.470,1.204,16.224,17.346,0.738,1.137,712.800,1069.800,1.501,11.976,19.716,0.807,1.242,19.895,21.125,0.746,0.751,11.973,19.722,0.189,8.888,9.754,0.018,4155.000,91.548,45.278,8.888,55.032,ON,Clear sky; Hybrid loop operating; Ceff=1.5x
881,15:20:00,34.240,65.810,63.810,46.690,45.290,31.470,1.200,16.230,17.350,0.737,1.133,711.200,1066.700,1.500,11.955,19.666,0.805,1.239,19.902,21.130,0.746,0.751,11.962,19.658,0.189,8.899,9.750,0.018,4155.000,91.244,45.258,8.899,55.009,ON,Clear sky; Hybrid loop operating; Ceff=1.5x
882,15:20:30,34.220,65.700,63.710,46.620,45.230,31.470,1.197,16.237,17.355,0.736,1.131,710.100,1064.500,1.499,11.943,19.631,0.804,1.236,19.909,21.135,0.746,0.751,11.950,19.629,0.189,8.904,9.756,0.018,4155.000,91.016,45.239,8.904,54.995,ON,Clear sky; Hybrid loop operating; Ceff=1.5x
883,15:21:00,34.190,65.610,63.620,46.550,45.160,31.460,1.195,16.242,17.359,0.735,1.130,709.600,1063.000,1.498,11.939,19.608,0.803,1.235,19.915,21.139,0.747,0.751,11.938,19.616,0.189,8.901,9.764,0.018,4155.000,90.864,45.227,8.901,54.990,ON,Clear sky; Hybrid loop operating; Ceff=1.5x
884,15:21:30,34.160,65.530,63.550,46.490,45.110,31.460,1.193,16.247,17.362,0.735,1.128,709.300,1061.800,1.497,11.938,19.592,0.803,1.233,19.920,21.143,0.746,0.752,11.942,19.584,0.189,8.908,9.759,0.018,4155.000,90.712,45.202,8.908,54.961,ON,Clear sky; Hybrid loop operating; Ceff=1.5x
885,15:22:00,34.130,65.460,63.480,46.450,45.060,31.460,1.191,16.251,17.365,0.735,1.127,709.000,1060.700,1.496,11.936,19.575,0.803,1.232,19.924,21.146,0.746,0.751,11.944,19.570,0.189,8.914,9.762,0.018,4155.000,90.559,45.173,8.914,54.935,ON,Clear sky; Hybrid loop operating; Ceff=1.5x
886,15:22:30,34.110,65.420,63.440,46.420,45.030,31.460,1.189,16.253,17.367,0.734,1.126,708.400,1059.300,1.495,11.930,19.551,0.802,1.230,19.927,21.148,0.746,0.752,11.930,19.555,0.189,8.910,9.767,0.018,4155.000,90.407,45.157,8.910,54.924,ON,Clear sky; Hybrid loop operating; Ceff=1.5x
887,15:23:00,34.080,65.390,63.400,46.390,45.000,31.450,1.186,16.255,17.368,0.733,1.123,707.400,1057.100,1.494,11.914,19.513,0.801,1.228,19.929,21.150,0.746,0.751,11.915,19.504,0.189,8.912,9.762,0.018,4155.000,90.179,45.137,8.912,54.899,ON,Clear sky; Hybrid loop operating; Ceff=1.49x
888,15:23:30,34.050,65.370,63.370,46.370,44.970,31.450,1.182,16.256,17.370,0.731,1.120,705.800,1054.000,1.493,11.888,19.458,0.799,1.224,19.931,21.151,0.747,0.752,11.883,19.454,0.189,8.908,9.766,0.018,4155.000,89.875,45.117,8.908,54.883,ON,Clear sky; Hybrid loop operating; Ceff=1.49x
889,15:24:00,34.020,65.360,63.350,46.350,44.950,31.450,1.176,16.257,17.371,0.729,1.116,703.500,1050.000,1.492,11.851,19.386,0.797,1.220,19.932,21.153,0.746,0.751,11.851,19.386,0.189,8.913,9.769,0.018,4155.000,89.419,45.059,8.913,54.827,ON,Clear sky; Hybrid loop operating; Ceff=1.49x
890,15:24:30,33.990,65.350,63.330,46.340,44.920,31.440,1.170,16.259,17.372,0.726,1.111,700.700,1045.200,1.492,11.805,19.299,0.794,1.214,19.933,21.154,0.746,0.751,11.804,19.300,0.189,8.913,9.770,0.018,4155.000,88.963,45.035,8.913,54.805,ON,Clear sky; Hybrid loop operating; Ceff=1.49x
891,15:25:00,33.960,65.330,63.300,46.310,44.890,31.440,1.162,16.260,17.374,0.723,1.105,697.600,1039.900,1.491,11.754,19.203,0.790,1.208,19.935,21.156,0.746,0.751,11.756,19.198,0.189,8.916,9.768,0.018,4155.000,88.354,44.955,8.916,54.723,ON,Clear sky; Hybrid loop operating; Ceff=1.49x
892,15:25:30,33.920,65.300,63.260,46.280,44.850,31.440,1.155,16.262,17.376,0.720,1.099,694.400,1034.400,1.490,11.701,19.104,0.786,1.202,19.937,21.158,0.747,0.751,11.709,19.096,0.189,8.921,9.768,0.018,4155.000,87.822,44.921,8.921,54.689,ON,Clear sky; Hybrid loop operating; Ceff=1.49x
893,15:26:00,33.890,65.260,63.210,46.250,44.810,31.430,1.147,16.265,17.378,0.716,1.094,691.300,1029.100,1.489,11.651,19.010,0.783,1.196,19.940,21.161,0.746,0.751,11.646,19.012,0.189,8.913,9.775,0.018,4155.000,87.214,44.840,8.913,54.615,ON,Clear sky; Hybrid loop operating; Ceff=1.49x
894,15:26:30,33.860,65.200,63.150,46.200,44.760,31.430,1.141,16.269,17.381,0.714,1.089,688.600,1024.500,1.488,11.609,18.928,0.780,1.190,19.944,21.164,0.746,0.752,11.616,18.928,0.189,8.925,9.775,0.018,4155.000,86.758,44.806,8.925,54.581,ON,Clear sky; Hybrid loop operating; Ceff=1.49x
895,15:27:00,33.830,65.120,63.070,46.140,44.700,31.430,1.136,16.273,17.385,0.711,1.085,686.400,1020.600,1.487,11.577,18.862,0.778,1.186,19.949,21.168,0.746,0.751,11.570,18.863,0.189,8.919,9.779,0.018,4155.000,86.377,44.780,8.919,54.559,ON,Clear sky; Hybrid loop operating; Ceff=1.49x
896,15:27:30,33.800,65.020,62.970,46.070,44.630,31.420,1.132,16.279,17.389,0.710,1.082,684.900,1017.700,1.486,11.557,18.814,0.776,1.182,19.956,21.172,0.746,0.752,11.558,18.815,0.189,8.929,9.782,0.018,4155.000,86.073,44.749,8.929,54.531,ON,Clear sky; Hybrid loop operating; Ceff=1.49x
897,15:28:00,33.760,64.910,62.870,45.990,44.560,31.420,1.129,16.285,17.393,0.709,1.080,683.900,1015.600,1.485,11.546,18.781,0.775,1.180,19.963,21.177,0.746,0.752,11.546,18.784,0.189,8.933,9.786,0.018,4155.000,85.845,44.723,8.933,54.509,ON,Clear sky; Hybrid loop operating; Ceff=1.48x
898,15:28:30,33.730,64.780,62.750,45.900,44.480,31.420,1.127,16.292,17.398,0.708,1.078,683.400,1014.200,1.484,11.543,18.761,0.774,1.178,19.970,21.182,0.747,0.752,11.535,18.755,0.189,8.930,9.784,0.018,4155.000,85.693,44.705,8.930,54.490,ON,Clear sky; Hybrid loop operating; Ceff=1.48x
899,15:29:00,33.700,64.650,62.630,45.820,44.400,31.410,1.125,16.300,17.403,0.708,1.077,683.000,1013.000,1.483,11.543,18.745,0.774,1.177,19.978,21.188,0.746,0.752,11.540,18.743,0.189,8.940,9.790,0.018,4155.000,85.541,44.679,8.940,54.469,ON,Clear sky; Hybrid loop operating; Ceff=1.48x
900,15:29:30,33.660,64.520,62.510,45.730,44.320,31.410,1.123,16.307,17.408,0.708,1.076,682.500,1011.700,1.482,11.542,18.728,0.774,1.176,19.987,21.193,0.746,0.751,11.545,18.731,0.189,8.950,9.796,0.018,4155.000,85.389,44.657,8.950,54.453,ON,Clear sky; Hybrid loop operating; Ceff=1.48x
901,15:30:00,33.630,64.390,62.400,45.640,44.240,31.410,1.121,16.315,17.413,0.707,1.074,681.800,1009.900,1.481,11.536,18.701,0.773,1.174,19.995,21.199,0.746,0.751,11.535,18.702,0.189,8.951,9.798,0.018,4155.000,85.237,44.657,8.951,54.455,ON,Clear sky; Hybrid loop operating; Ceff=1.48x
902,15:30:30,33.590,64.270,62.280,45.560,44.170,31.400,1.117,16.322,17.418,0.706,1.071,680.500,1007.300,1.480,11.520,18.660,0.771,1.171,20.003,21.204,0.747,0.752,11.523,18.655,0.189,8.960,9.799,0.018,4155.000,84.933,44.612,8.960,54.411,ON,Clear sky; Hybrid loop operating; Ceff=1.48x
903,15:31:00,33.560,64.150,62.180,45.480,44.090,31.400,1.113,16.328,17.422,0.704,1.068,678.600,1003.800,1.479,11.493,18.602,0.769,1.167,20.010,21.209,0.747,0.752,11.495,18.607,0.189,8.963,9.808,0.018,4155.000,84.629,44.608,8.963,54.415,ON,Clear sky; Hybrid loop operating; Ceff=1.48x
904,15:31:30,33.530,64.050,62.080,45.400,44.030,31.390,1.107,16.334,17.427,0.701,1.063,676.100,999.500,1.478,11.456,18.527,0.767,1.162,20.016,21.214,0.746,0.752,11.450,18.525,0.189,8.961,9.806,0.018,4155.000,84.172,44.558,8.961,54.364,ON,Clear sky; Hybrid loop operating; Ceff=1.48x
905,15:32:00,33.490,63.970,62.000,45.340,43.960,31.390,1.100,16.339,17.430,0.698,1.058,673.100,994.500,1.477,11.411,18.439,0.763,1.156,20.022,21.218,0.747,0.752,11.405,18.441,0.189,8.965,9.811,0.018,4155.000,83.640,44.499,8.965,54.310,ON,Clear sky; Hybrid loop operating; Ceff=1.48x
906,15:32:30,33.460,63.890,61.920,45.290,43.910,31.380,1.092,16.344,17.434,0.695,1.052,669.900,989.100,1.477,11.360,18.344,0.760,1.150,20.027,21.221,0.746,0.752,11.359,18.341,0.189,8.972,9.811,0.018,4155.000,83.032,44.416,8.972,54.227,ON,Clear sky; Hybrid loop operating; Ceff=1.48x
907,15:33:00,33.430,63.830,61.860,45.240,43.850,31.380,1.085,16.348,17.437,0.692,1.047,666.700,983.800,1.476,11.309,18.249,0.756,1.144,20.031,21.225,0.747,0.752,11.313,18.257,0.189,8.978,9.819,0.018,4155.000,82.500,44.369,8.978,54.188,ON,Clear sky; Hybrid loop operating; Ceff=1.48x
908,15:33:30,33.390,63.780,61.800,45.190,43.810,31.370,1.078,16.351,17.439,0.689,1.041,663.800,978.800,1.475,11.262,18.160,0.753,1.138,20.034,21.228,0.747,0.752,11.266,18.154,0.189,8.980,9.813,0.018,4155.000,81.967,44.308,8.980,54.122,ON,Clear sky; Hybrid loop operating; Ceff=1.47x
909,15:34:00,33.360,63.740,61.750,45.160,43.760,31.370,1.073,16.353,17.442,0.686,1.037,661.300,974.600,1.474,11.223,18.085,0.750,1.133,20.037,21.230,0.747,0.752,11.218,18.087,0.189,8.976,9.819,0.018,4155.000,81.587,44.293,8.976,54.112,ON,Clear sky; Hybrid loop operating; Ceff=1.47x
910,15:34:30,33.330,63.700,61.700,45.120,43.720,31.360,1.068,16.356,17.444,0.684,1.033,659.500,971.200,1.473,11.194,18.025,0.748,1.129,20.040,21.233,0.747,0.752,11.188,18.020,0.189,8.975,9.817,0.018,4155.000,81.207,44.241,8.975,54.058,ON,Clear sky; Hybrid loop operating; Ceff=1.47x
911,15:35:00,33.290,63.670,61.650,45.090,43.680,31.350,1.065,16.358,17.446,0.683,1.031,658.200,968.800,1.472,11.175,17.983,0.747,1.127,20.043,21.235,0.746,0.751,11.173,17.987,0.189,8.981,9.823,0.018,4155.000,80.979,44.226,8.981,54.049,ON,Clear sky; Hybrid loop operating; Ceff=1.47x
912,15:35:30,33.260,63.630,61.600,45.060,43.640,31.350,1.063,16.361,17.448,0.682,1.029,657.500,967.200,1.471,11.166,17.955,0.746,1.125,20.046,21.238,0.747,0.751,11.158,17.954,0.189,8.979,9.822,0.018,4155.000,80.827,44.216,8.979,54.037,ON,Clear sky; Hybrid loop operating; Ceff=1.47x
913,15:36:00,33.230,63.580,61.550,45.020,43.600,31.340,1.061,16.364,17.451,0.682,1.028,657.200,966.000,1.470,11.162,17.937,0.745,1.123,20.049,21.240,0.747,0.752,11.160,17.940,0.189,8.985,9.826,0.018,4155.000,80.675,44.187,8.985,54.013,ON,Clear sky; Hybrid loop operating; Ceff=1.47x
914,15:36:30,33.190,63.520,61.480,44.970,43.550,31.330,1.060,16.368,17.454,0.682,1.027,656.900,965.000,1.469,11.161,17.922,0.745,1.122,20.053,21.243,0.747,0.752,11.163,17.925,0.189,8.991,9.828,0.018,4155.000,80.599,44.192,8.991,54.020,ON,Clear sky; Hybrid loop operating; Ceff=1.47x
915,15:37:00,33.160,63.440,61.410,44.920,43.500,31.330,1.058,16.372,17.457,0.681,1.026,656.500,963.700,1.468,11.157,17.902,0.745,1.121,20.058,21.247,0.747,0.752,11.149,17.911,0.189,8.986,9.834,0.018,4155.000,80.447,44.168,8.986,54.001,ON,Clear sky; Hybrid loop operating; Ceff=1.47x
916,15:37:30,33.130,63.350,61.320,44.860,43.430,31.320,1.055,16.378,17.460,0.681,1.024,655.600,961.900,1.467,11.147,17.872,0.744,1.119,20.064,21.251,0.747,0.752,11.153,17.879,0.189,9.001,9.835,0.018,4155.000,80.219,44.125,9.001,53.959,ON,Clear sky; Hybrid loop operating; Ceff=1.47x
917,15:38:00,33.100,63.240,61.220,44.780,43.370,31.310,1.052,16.384,17.465,0.679,1.021,654.200,959.200,1.466,11.129,17.828,0.742,1.116,20.071,21.255,0.747,0.752,11.125,17.832,0.189,8.997,9.836,0.018,4155.000,79.990,44.123,8.997,53.959,ON,Clear sky; Hybrid loop operating; Ceff=1.47x
918,15:38:30,33.070,63.120,61.110,44.700,43.290,31.300,1.047,16.391,17.469,0.677,1.017,652.200,955.600,1.465,11.101,17.767,0.740,1.112,20.078,21.260,0.747,0.752,11.097,17.766,0.189,9.002,9.837,0.018,4155.000,79.610,44.079,9.002,53.916,ON,Clear sky; Hybrid loop operating; Ceff=1.47x
919,15:39:00,33.040,62.990,60.990,44.610,43.210,31.300,1.041,16.398,17.474,0.675,1.012,649.700,951.300,1.464,11.063,17.693,0.737,1.107,20.086,21.266,0.747,0.752,11.069,17.684,0.189,9.014,9.835,0.018,4155.000,79.154,44.024,9.014,53.860,ON,Clear sky; Hybrid loop operating; Ceff=1.46x
920,15:39:30,33.000,62.850,60.860,44.520,43.130,31.290,1.035,16.406,17.480,0.672,1.007,646.700,946.400,1.463,11.020,17.608,0.734,1.101,20.095,21.272,0.747,0.752,11.025,17.602,0.189,9.020,9.841,0.018,4155.000,78.698,43.997,9.020,53.838,ON,Clear sky; Hybrid loop operating; Ceff=1.46x
921,15:40:00,32.970,62.710,60.730,44.430,43.040,31.280,1.028,16.415,17.485,0.669,1.002,643.600,941.200,1.462,10.974,17.519,0.731,1.095,20.104,21.278,0.747,0.752,10.982,17.520,0.189,9.028,9.849,0.018,4155.000,78.166,43.941,9.028,53.790,ON,Clear sky; Hybrid loop operating; Ceff=1.46x
922,15:40:30,32.950,62.570,60.600,44.330,42.960,31.270,1.021,16.422,17.490,0.666,0.997,640.700,936.300,1.461,10.930,17.433,0.727,1.089,20.113,21.283,0.747,0.752,10.937,17.438,0.189,9.032,9.854,0.018,4155.000,77.633,43.870,9.032,53.724,ON,Clear sky; Hybrid loop operating; Ceff=1.46x
923,15:41:00,32.920,62.440,60.480,44.250,42.880,31.260,1.015,16.430,17.495,0.663,0.992,638.000,931.800,1.460,10.892,17.356,0.724,1.084,20.121,21.289,0.748,0.752,10.893,17.355,0.189,9.034,9.855,0.018,4155.000,77.177,43.823,9.034,53.678,ON,Clear sky; Hybrid loop operating; Ceff=1.46x
924,15:41:30,32.890,62.320,60.370,44.170,42.800,31.250,1.010,16.437,17.500,0.661,0.988,636.000,928.200,1.459,10.862,17.294,0.722,1.080,20.128,21.294,0.747,0.752,10.865,17.290,0.189,9.039,9.856,0.018,4155.000,76.797,43.776,9.039,53.632,ON,Clear sky; Hybrid loop operating; Ceff=1.46x
925,15:42:00,32.860,62.220,60.270,44.100,42.740,31.240,1.007,16.442,17.504,0.659,0.985,634.500,925.400,1.459,10.841,17.248,0.721,1.077,20.135,21.298,0.747,0.752,10.835,17.241,0.189,9.035,9.858,0.018,4155.000,76.569,43.778,9.035,53.636,ON,Clear sky; Hybrid loop operating; Ceff=1.46x
926,15:42:30,32.830,62.150,60.190,44.050,42.680,31.230,1.004,16.447,17.507,0.659,0.983,633.600,923.600,1.458,10.830,17.217,0.720,1.075,20.140,21.302,0.747,0.752,10.839,17.209,0.189,9.051,9.859,0.018,4155.000,76.341,43.733,9.051,53.592,ON,Clear sky; Hybrid loop operating; Ceff=1.46x
927,15:43:00,32.800,62.090,60.130,44.000,42.640,31.220,1.003,16.451,17.510,0.658,0.982,633.200,922.400,1.457,10.827,17.198,0.719,1.073,20.144,21.305,0.748,0.752,10.825,17.195,0.189,9.045,9.863,0.018,4155.000,76.265,43.746,9.045,53.610,ON,Clear sky; Hybrid loop operating; Ceff=1.46x
928,15:43:30,32.780,62.040,60.080,43.970,42.600,31.210,1.001,16.454,17.512,0.658,0.981,633.100,921.500,1.456,10.826,17.184,0.719,1.072,20.147,21.307,0.747,0.752,10.827,17.179,0.189,9.048,9.864,0.018,4155.000,76.113,43.702,9.048,53.566,ON,Clear sky; Hybrid loop operating; Ceff=1.46x
929,15:44:00,32.750,62.020,60.040,43.950,42.570,31.200,1.000,16.456,17.513,0.658,0.980,632.900,920.600,1.455,10.824,17.170,0.719,1.071,20.149,21.308,0.747,0.752,10.828,17.163,0.189,9.052,9.864,0.018,4155.000,76.037,43.701,9.052,53.565,ON,Clear sky; Hybrid loop operating; Ceff=1.45x
930,15:44:30,32.730,62.000,60.010,43.930,42.550,31.190,0.999,16.457,17.514,0.657,0.979,632.400,919.400,1.454,10.818,17.148,0.718,1.070,20.151,21.310,0.748,0.752,10.812,17.146,0.189,9.046,9.867,0.018,4155.000,75.960,43.714,9.046,53.581,ON,Clear sky; Hybrid loop operating; Ceff=1.45x
931,15:45:00,32.700,61.980,59.980,43.920,42.520,31.180,0.996,16.458,17.516,0.656,0.977,631.500,917.400,1.453,10.803,17.113,0.717,1.068,20.152,21.311,0.748,0.752,10.796,17.113,0.189,9.046,9.870,0.018,4155.000,75.732,43.678,9.046,53.548,ON,Clear sky; Hybrid loop operating; Ceff=1.45x
932,15:45:30,32.680,61.960,59.950,43.900,42.500,31.160,0.992,16.460,17.517,0.655,0.974,629.900,914.600,1.452,10.778,17.061,0.716,1.064,20.154,21.313,0.747,0.752,10.781,17.062,0.189,9.056,9.870,0.018,4155.000,75.428,43.636,9.056,53.506,ON,Clear sky; Hybrid loop operating; Ceff=1.45x
933,15:46:00,32.650,61.920,59.910,43.880,42.470,31.150,0.987,16.462,17.518,0.653,0.970,627.800,910.800,1.451,10.743,16.994,0.713,1.060,20.156,21.314,0.748,0.752,10.750,16.992,0.189,9.060,9.871,0.018,4155.000,75.048,43.597,9.060,53.468,ON,Clear sky; Hybrid loop operating; Ceff=1.45x
934,15:46:30,32.630,61.880,59.860,43.840,42.430,31.140,0.981,16.465,17.521,0.650,0.965,625.100,906.400,1.450,10.700,16.913,0.710,1.055,20.160,21.317,0.748,0.752,10.702,16.908,0.189,9.059,9.870,0.018,4155.000,74.592,43.542,9.059,53.412,ON,Clear sky; Hybrid loop operating; Ceff=1.45x
935,15:47:00,32.600,61.810,59.790,43.800,42.380,31.130,0.975,16.469,17.523,0.647,0.960,622.200,901.500,1.449,10.652,16.825,0.707,1.049,20.164,21.320,0.747,0.752,10.655,16.822,0.189,9.061,9.873,0.018,4155.000,74.136,43.511,9.061,53.384,ON,Clear sky; Hybrid loop operating; Ceff=1.45x
936,15:47:30,32.580,61.730,59.710,43.740,42.330,31.120,0.968,16.474,17.527,0.644,0.955,619.100,896.500,1.448,10.604,16.736,0.703,1.044,20.169,21.323,0.748,0.752,10.609,16.738,0.189,9.067,9.879,0.018,4155.000,73.603,43.440,9.067,53.318,ON,Clear sky; Hybrid loop operating; Ceff=1.45x
937,15:48:00,32.560,61.630,59.610,43.680,42.260,31.100,0.962,16.480,17.530,0.641,0.950,616.300,891.800,1.447,10.561,16.653,0.700,1.038,20.176,21.327,0.748,0.752,10.564,16.654,0.189,9.069,9.880,0.018,4155.000,73.147,43.398,9.069,53.278,ON,Clear sky; Hybrid loop operating; Ceff=1.45x
938,15:48:30,32.540,61.510,59.500,43.600,42.190,31.090,0.957,16.487,17.535,0.638,0.946,613.900,887.800,1.446,10.525,16.582,0.698,1.034,20.183,21.332,0.747,0.752,10.519,16.588,0.189,9.066,9.886,0.018,4155.000,72.767,43.367,9.066,53.253,ON,Clear sky; Hybrid loop operating; Ceff=1.45x
939,15:49:00,32.520,61.380,59.390,43.520,42.120,31.080,0.953,16.494,17.539,0.637,0.942,612.000,884.500,1.445,10.499,16.527,0.696,1.030,20.191,21.337,0.747,0.752,10.507,16.522,0.189,9.083,9.883,0.018,4155.000,72.463,43.347,9.083,53.230,ON,Clear sky; Hybrid loop operating; Ceff=1.45x
940,15:49:30,32.500,61.250,59.260,43.440,42.040,31.060,0.950,16.501,17.544,0.635,0.940,610.800,882.200,1.444,10.484,16.488,0.694,1.027,20.199,21.342,0.748,0.752,10.478,16.491,0.189,9.077,9.891,0.018,4155.000,72.235,43.323,9.077,53.214,ON,Clear sky; Hybrid loop operating; Ceff=1.44x
941,15:50:00,32.480,61.120,59.150,43.350,41.970,31.050,0.947,16.509,17.549,0.635,0.938,610.100,880.600,1.443,10.478,16.464,0.694,1.025,20.208,21.348,0.747,0.752,10.483,16.461,0.189,9.091,9.890,0.018,4155.000,72.007,43.264,9.091,53.155,ON,Clear sky; Hybrid loop operating; Ceff=1.44x
942,15:50:30,32.460,61.000,59.030,43.280,41.900,31.040,0.946,16.516,17.553,0.634,0.937,609.800,879.500,1.442,10.478,16.449,0.693,1.024,20.215,21.352,0.748,0.752,10.471,16.447,0.189,9.085,9.894,0.018,4155.000,71.931,43.273,9.085,53.167,ON,Clear sky; Hybrid loop operating; Ceff=1.44x
943,15:51:00,32.440,60.890,58.930,43.210,41.840,31.020,0.945,16.522,17.557,0.634,0.936,609.600,878.700,1.441,10.480,16.438,0.693,1.023,20.222,21.357,0.748,0.752,10.475,16.433,0.189,9.092,9.895,0.018,4155.000,71.854,43.266,9.092,53.162,ON,Clear sky; Hybrid loop operating; Ceff=1.44x
944,15:51:30,32.420,60.790,58.840,43.150,41.790,31.010,0.944,16.528,17.560,0.634,0.935,609.300,877.600,1.440,10.478,16.422,0.693,1.022,20.228,21.360,0.747,0.752,10.479,16.419,0.189,9.099,9.899,0.018,4155.000,71.778,43.275,9.099,53.174,ON,Clear sky; Hybrid loop operating; Ceff=1.44x
945,15:52:00,32.400,60.720,58.760,43.100,41.740,31.000,0.942,16.532,17.563,0.633,0.933,608.600,876.000,1.439,10.470,16.395,0.692,1.020,20.233,21.363,0.748,0.752,10.465,16.386,0.189,9.098,9.897,0.018,4155.000,71.626,43.262,9.098,53.159,ON,Clear sky; Hybrid loop operating; Ceff=1.44x
946,15:52:30,32.380,60.660,58.700,43.070,41.700,30.980,0.938,16.536,17.565,0.632,0.931,607.300,873.600,1.438,10.451,16.353,0.691,1.017,20.237,21.366,0.747,0.753,10.451,16.353,0.189,9.105,9.904,0.018,4155.000,71.322,43.197,9.105,53.101,ON,Clear sky; Hybrid loop operating; Ceff=1.44x
947,15:53:00,32.360,60.610,58.660,43.040,41.670,30.970,0.934,16.538,17.567,0.630,0.927,605.400,870.300,1.438,10.421,16.293,0.689,1.014,20.240,21.368,0.747,0.752,10.419,16.285,0.189,9.106,9.900,0.018,4155.000,71.018,43.176,9.106,53.076,ON,Clear sky; Hybrid loop operating; Ceff=1.44x
948,15:53:30,32.340,60.590,58.620,43.020,41.640,30.950,0.929,16.540,17.568,0.628,0.923,602.900,866.200,1.437,10.379,16.217,0.686,1.009,20.242,21.369,0.747,0.752,10.387,16.215,0.189,9.116,9.905,0.018,4155.000,70.638,43.148,9.116,53.052,ON,Clear sky; Hybrid loop operating; Ceff=1.44x
949,15:54:00,32.330,60.570,58.590,43.010,41.620,30.940,0.922,16.542,17.569,0.624,0.918,600.000,861.400,1.436,10.330,16.128,0.682,1.003,20.244,21.370,0.748,0.752,10.322,16.128,0.189,9.102,9.907,0.018,4155.000,70.106,43.061,9.102,52.968,ON,Clear sky; Hybrid loop operating; Ceff=1.44x
950,15:54:30,32.310,60.550,58.560,42.990,41.600,30.930,0.916,16.543,17.570,0.621,0.913,596.800,856.200,1.435,10.276,16.033,0.679,0.997,20.245,21.371,0.748,0.752,10.273,16.041,0.189,9.108,9.913,0.018,4155.000,69.649,43.041,9.108,52.954,ON,Clear sky; Hybrid loop operating; Ceff=1.43x
951,15:55:00,32.290,60.540,58.540,42.980,41.580,30.910,0.909,16.544,17.571,0.618,0.907,593.700,851.200,1.434,10.223,15.939,0.675,0.991,20.246,21.372,0.748,0.753,10.224,15.937,0.189,9.112,9.906,0.018,4155.000,69.117,42.963,9.112,52.869,ON,Clear sky; Hybrid loop operating; Ceff=1.43x
952,15:55:30,32.270,60.520,58.510,42.970,41.560,30.900,0.903,16.546,17.572,0.615,0.902,590.800,846.500,1.433,10.175,15.853,0.672,0.986,20.248,21.374,0.748,0.752,10.176,15.850,0.189,9.113,9.907,0.018,4155.000,68.661,42.916,9.113,52.823,ON,Clear sky; Hybrid loop operating; Ceff=1.43x
953,15:56:00,32.260,60.490,58.470,42.950,41.530,30.880,0.898,16.548,17.574,0.612,0.898,588.400,842.500,1.432,10.135,15.780,0.669,0.981,20.250,21.375,0.748,0.753,10.127,15.781,0.189,9.107,9.911,0.018,4155.000,68.281,42.881,9.107,52.792,ON,Clear sky; Hybrid loop operating; Ceff=1.43x
954,15:56:30,32.240,60.450,58.420,42.920,41.500,30.870,0.894,16.550,17.576,0.611,0.895,586.600,839.400,1.431,10.106,15.723,0.667,0.978,20.253,21.377,0.748,0.752,10.112,15.731,0.189,9.121,9.915,0.018,4155.000,67.977,42.848,9.121,52.763,ON,Clear sky; Hybrid loop operating; Ceff=1.43x
955,15:57:00,32.220,60.390,58.360,42.890,41.460,30.860,0.891,16.554,17.578,0.609,0.892,585.400,837.100,1.430,10.088,15.683,0.666,0.975,20.257,21.379,0.748,0.752,10.081,15.680,0.189,9.112,9.910,0.018,4155.000,67.749,42.821,9.112,52.732,ON,Clear sky; Hybrid loop operating; Ceff=1.43x
956,15:57:30,32.210,60.330,58.290,42.850,41.420,30.840,0.889,16.558,17.580,0.609,0.891,584.700,835.500,1.429,10.079,15.655,0.665,0.973,20.261,21.382,0.748,0.752,10.084,15.664,0.189,9.125,9.919,0.018,4155.000,67.596,42.807,9.125,52.727,ON,Clear sky; Hybrid loop operating; Ceff=1.43x
957,15:58:00,32.190,60.240,58.210,42.800,41.370,30.830,0.888,16.563,17.583,0.608,0.889,584.300,834.300,1.428,10.075,15.636,0.665,0.972,20.267,21.385,0.748,0.752,10.070,15.631,0.189,9.119,9.913,0.018,4155.000,67.520,42.820,9.119,52.734,ON,Clear sky; Hybrid loop operating; Ceff=1.43x
958,15:58:30,32.180,60.150,58.120,42.740,41.320,30.820,0.886,16.568,17.586,0.608,0.888,583.800,833.100,1.427,10.071,15.618,0.664,0.971,20.273,21.389,0.748,0.752,10.073,15.616,0.189,9.130,9.918,0.018,4155.000,67.368,42.786,9.130,52.703,ON,Clear sky; Hybrid loop operating; Ceff=1.43x
959,15:59:00,32.160,60.040,58.020,42.680,41.260,30.800,0.884,16.574,17.590,0.607,0.886,583.100,831.600,1.426,10.064,15.593,0.664,0.969,20.279,21.393,0.747,0.752,10.060,15.585,0.189,9.129,9.916,0.018,4155.000,67.216,42.766,9.129,52.682,ON,Clear sky; Hybrid loop operating; Ceff=1.43x
960,15:59:30,32.140,59.930,57.920,42.610,41.200,30.790,0.881,16.581,17.594,0.606,0.884,582.000,829.400,1.425,10.050,15.556,0.662,0.966,20.286,21.397,0.748,0.753,10.048,15.553,0.189,9.135,9.922,0.018,4155.000,66.988,42.734,9.135,52.656,ON,Clear sky; Hybrid loop operating; Ceff=1.43x
961,16:00:00,32.130,59.810,57.820,42.540,41.140,30.770,0.877,16.587,17.598,0.604,0.881,580.300,826.400,1.424,10.025,15.504,0.661,0.963,20.294,21.401,0.747,0.752,10.019,15.504,0.189,9.135,9.926,0.018,4155.000,66.684,42.694,9.135,52.621,ON,Clear sky; Hybrid loop operating; Ceff=1.42x
