No.,Time,T.amb (°C),T.D.REF – normal PV (°C),T.U.REF – normal PV (°C),T.D.CPV-HNEPCM-HNF (°C),T.U.CPV-HNEPCM-HNF (°C),T.F.IN Hybrid NF (°C),T.F.DELTA Hybrid NF (°C),V.REF – normal PV (V),V.CPV-Hybrid (V),I.REF – normal PV (A),I.CPV-Hybrid (A),Direct POA irradiance – reference (W/m²),Effective irradiance – CPV hybrid (W/m²),Ceff – mirrors,P(max) REF (W),P(max) CPV Hybrid (W),Isc REF (A),Isc CPV Hybrid (A),Voc REF (V),Voc CPV Hybrid (V),FF REF,FF CPV Hybrid,P.REF normal PV (W),P.CPV-HNEPCM-HNF (W),AREA (m²),?ele.REF (%),?ele.CPV-Hybrid (%),m Hybrid NF (kg/s),Cp Hybrid NF (J/kg·K),Q.CPV-Hybrid (W),?th.CPV-Hybrid (%),?total.REF (%),?total.CPV-Hybrid (%),Pump state,Simulation note
1,08:00:00,28.410,30.500,28.470,30.860,29.430,29.990,0.000,18.333,18.294,0.465,0.648,436.000,602.500,1.382,8.525,11.856,0.508,0.708,22.207,22.164,0.756,0.756,8.525,11.855,0.189,10.345,10.410,0.018,4155.000,0.000,0.000,10.345,10.410,OFF,Moderate coastal haze; Below controller ON threshold; Ceff=1.38x
2,08:00:30,28.430,31.800,29.760,32.740,31.310,30.000,0.000,18.256,18.182,0.466,0.650,437.400,604.800,1.383,8.508,11.811,0.509,0.710,22.123,22.042,0.756,0.755,8.507,11.818,0.189,10.291,10.339,0.018,4155.000,0.000,0.000,10.291,10.339,OFF,Moderate coastal haze; Below controller ON threshold; Ceff=1.38x
3,08:01:00,28.440,33.000,30.970,34.400,32.970,30.020,0.000,18.184,18.083,0.468,0.652,439.300,607.900,1.384,8.505,11.793,0.511,0.713,22.044,21.933,0.755,0.754,8.510,11.790,0.189,10.250,10.262,0.018,4155.000,0.000,0.000,10.250,10.262,OFF,Moderate coastal haze; Below controller ON threshold; Ceff=1.38x
4,08:01:30,28.460,34.110,32.080,35.860,34.440,30.030,0.000,18.118,17.996,0.470,0.656,441.800,611.800,1.385,8.515,11.798,0.514,0.716,21.972,21.838,0.754,0.755,8.515,11.805,0.189,10.198,10.210,0.018,4155.000,0.000,0.000,10.198,10.210,OFF,Moderate coastal haze; Below controller ON threshold; Ceff=1.38x
5,08:02:00,28.470,35.150,33.130,37.150,35.730,30.050,0.000,18.056,17.919,0.473,0.660,444.700,616.200,1.386,8.535,11.821,0.517,0.721,21.904,21.754,0.754,0.754,8.540,11.827,0.189,10.161,10.155,0.018,4155.000,0.000,0.000,10.161,10.155,OFF,Moderate coastal haze; Below controller ON threshold; Ceff=1.39x
6,08:02:30,28.480,36.120,34.100,38.280,36.870,30.060,0.000,17.998,17.851,0.476,0.664,447.800,620.900,1.386,8.560,11.856,0.520,0.726,21.840,21.679,0.754,0.753,8.567,11.853,0.189,10.122,10.101,0.018,4155.000,0.000,0.000,10.122,10.101,OFF,Moderate coastal haze; Below controller ON threshold; Ceff=1.39x
7,08:03:00,28.490,37.020,35.010,39.290,37.890,30.080,0.000,17.944,17.791,0.478,0.668,450.800,625.400,1.387,8.586,11.893,0.523,0.731,21.781,21.613,0.754,0.753,8.577,11.884,0.189,10.067,10.054,0.018,4155.000,0.000,0.000,10.067,10.054,OFF,Moderate coastal haze; Below controller ON threshold; Ceff=1.39x
8,08:03:30,28.510,37.870,35.870,40.180,38.790,30.090,0.000,17.894,17.738,0.481,0.672,453.500,629.500,1.388,8.606,11.927,0.526,0.735,21.726,21.555,0.753,0.753,8.607,11.920,0.189,10.042,10.019,0.018,4155.000,0.000,0.000,10.042,10.019,OFF,Moderate coastal haze; Below controller ON threshold; Ceff=1.39x
9,08:04:00,28.520,38.670,36.680,40.980,39.590,30.110,0.000,17.846,17.690,0.483,0.676,455.600,632.900,1.389,8.618,11.951,0.528,0.738,21.673,21.503,0.753,0.753,8.620,11.958,0.189,10.010,9.997,0.018,4155.000,0.000,0.000,10.010,9.997,OFF,Moderate coastal haze; Below controller ON threshold; Ceff=1.39x
10,08:04:30,28.530,39.430,37.450,41.690,40.300,30.120,0.000,17.800,17.648,0.484,0.678,457.100,635.400,1.390,8.619,11.963,0.529,0.741,21.623,21.456,0.754,0.752,8.615,11.965,0.189,9.972,9.964,0.018,4155.000,0.000,0.000,9.972,9.964,OFF,Moderate coastal haze; Below controller ON threshold; Ceff=1.39x
11,08:05:00,28.540,40.150,38.180,42.320,40.940,30.140,0.000,17.757,17.610,0.485,0.679,458.000,637.100,1.391,8.610,11.963,0.530,0.742,21.576,21.415,0.753,0.753,8.612,11.957,0.189,9.949,9.930,0.018,4155.000,0.000,0.000,9.949,9.930,OFF,Moderate coastal haze; Below controller ON threshold; Ceff=1.39x
12,08:05:30,28.560,40.850,38.880,42.890,41.510,30.150,0.000,17.715,17.576,0.485,0.680,458.400,638.100,1.392,8.593,11.954,0.530,0.743,21.530,21.378,0.753,0.753,8.592,11.952,0.189,9.917,9.910,0.018,4155.000,0.000,0.000,9.917,9.910,OFF,Moderate coastal haze; Below controller ON threshold; Ceff=1.39x
13,08:06:00,28.570,41.520,39.540,43.400,42.020,30.160,0.000,17.676,17.546,0.485,0.681,458.600,638.700,1.393,8.572,11.940,0.530,0.744,21.487,21.344,0.753,0.752,8.573,11.949,0.189,9.891,9.898,0.018,4155.000,0.000,0.000,9.891,9.898,OFF,Moderate coastal haze; Below controller ON threshold; Ceff=1.39x
14,08:06:30,28.580,42.160,40.180,43.870,42.490,30.180,0.000,17.637,17.518,0.485,0.681,458.700,639.400,1.394,8.552,11.928,0.530,0.744,21.445,21.314,0.752,0.752,8.554,11.930,0.189,9.867,9.872,0.018,4155.000,0.000,0.000,9.867,9.872,OFF,Moderate coastal haze; Below controller ON threshold; Ceff=1.39x
15,08:07:00,28.590,42.790,40.800,44.290,42.900,30.190,0.000,17.601,17.493,0.485,0.682,459.100,640.400,1.395,8.538,11.926,0.530,0.745,21.404,21.286,0.753,0.752,8.536,11.930,0.189,9.838,9.857,0.018,4155.000,0.000,0.000,9.838,9.857,OFF,Moderate coastal haze; Below controller ON threshold; Ceff=1.39x
16,08:07:30,28.600,43.390,41.390,43.470,42.070,30.210,0.651,17.565,17.542,0.486,0.684,460.000,642.000,1.396,8.532,11.998,0.531,0.747,21.365,21.340,0.752,0.753,8.537,11.999,0.189,9.819,9.889,0.018,4155.000,49.500,40.795,9.819,50.684,ON,Moderate coastal haze; Hybrid loop operating; Ceff=1.4x
17,08:08:00,28.610,43.960,41.960,42.760,41.350,30.220,0.654,17.531,17.585,0.487,0.687,461.400,644.400,1.397,8.539,12.080,0.532,0.751,21.328,21.387,0.753,0.752,8.538,12.081,0.189,9.790,9.919,0.018,4155.000,49.728,40.830,9.790,50.750,ON,Moderate coastal haze; Hybrid loop operating; Ceff=1.4x
18,08:08:30,28.630,44.510,42.490,42.140,40.720,30.230,0.657,17.499,17.622,0.489,0.691,463.500,647.800,1.398,8.558,12.173,0.534,0.755,21.293,21.428,0.753,0.752,8.557,12.177,0.189,9.768,9.946,0.018,4155.000,49.956,40.802,9.768,50.748,ON,Moderate coastal haze; Hybrid loop operating; Ceff=1.4x
19,08:09:00,28.640,45.040,43.010,41.600,40.180,30.250,0.662,17.468,17.654,0.492,0.695,466.100,651.800,1.399,8.587,12.277,0.537,0.760,21.259,21.463,0.752,0.753,8.594,12.270,0.189,9.756,9.960,0.018,4155.000,50.336,40.861,9.756,50.820,ON,Moderate coastal haze; Hybrid loop operating; Ceff=1.4x
20,08:09:30,28.650,45.530,43.490,41.130,39.700,30.260,0.668,17.439,17.682,0.494,0.700,469.000,656.300,1.399,8.623,12.386,0.540,0.766,21.227,21.494,0.752,0.752,8.615,12.377,0.189,9.719,9.978,0.018,4155.000,50.792,40.948,9.719,50.927,ON,Moderate coastal haze; Hybrid loop operating; Ceff=1.4x
21,08:10:00,28.660,45.980,43.940,40.720,39.290,30.280,0.673,17.412,17.707,0.497,0.706,472.000,661.000,1.400,8.661,12.495,0.544,0.771,21.198,21.521,0.751,0.753,8.654,12.501,0.189,9.701,10.007,0.018,4155.000,51.173,40.961,9.701,50.968,ON,Moderate coastal haze; Hybrid loop operating; Ceff=1.4x
22,08:10:30,28.680,46.410,44.350,40.360,38.920,30.290,0.678,17.387,17.729,0.500,0.711,474.800,665.400,1.401,8.698,12.598,0.547,0.777,21.170,21.545,0.751,0.753,8.694,12.605,0.189,9.688,10.023,0.018,4155.000,51.553,40.993,9.688,51.016,ON,Moderate coastal haze; Hybrid loop operating; Ceff=1.4x
23,08:11:00,28.690,46.790,44.740,40.040,38.600,30.300,0.683,17.364,17.748,0.503,0.715,477.200,669.200,1.402,8.728,12.687,0.549,0.781,21.145,21.566,0.752,0.753,8.734,12.690,0.189,9.684,10.033,0.018,4155.000,51.933,41.061,9.684,51.094,ON,Moderate coastal haze; Hybrid loop operating; Ceff=1.4x
24,08:11:30,28.700,47.140,45.090,39.750,38.310,30.310,0.687,17.343,17.765,0.504,0.718,479.100,672.300,1.403,8.749,12.760,0.551,0.785,21.122,21.585,0.752,0.753,8.741,12.755,0.189,9.653,10.038,0.018,4155.000,52.237,41.111,9.653,51.149,ON,Moderate coastal haze; Hybrid loop operating; Ceff=1.4x
25,08:12:00,28.720,47.450,45.410,39.480,38.050,30.330,0.689,17.325,17.780,0.506,0.721,480.400,674.500,1.404,8.760,12.816,0.553,0.788,21.102,21.602,0.751,0.753,8.766,12.819,0.189,9.655,10.056,0.018,4155.000,52.389,41.096,9.655,51.152,ON,Moderate coastal haze; Hybrid loop operating; Ceff=1.4x
26,08:12:30,28.730,47.730,45.700,39.250,37.820,30.340,0.691,17.308,17.794,0.506,0.722,481.100,675.900,1.405,8.762,12.855,0.553,0.790,21.083,21.617,0.752,0.753,8.758,12.847,0.189,9.632,10.057,0.018,4155.000,52.541,41.130,9.632,51.187,ON,Moderate coastal haze; Hybrid loop operating; Ceff=1.41x
27,08:13:00,28.740,47.980,45.960,39.030,37.620,30.350,0.692,17.292,17.807,0.506,0.724,481.400,676.800,1.406,8.758,12.883,0.554,0.791,21.066,21.631,0.750,0.753,8.750,12.892,0.189,9.617,10.079,0.018,4155.000,52.617,41.134,9.617,51.213,ON,Moderate coastal haze; Hybrid loop operating; Ceff=1.41x
28,08:13:30,28.760,48.220,46.210,38.840,37.430,30.360,0.693,17.278,17.818,0.507,0.724,481.500,677.400,1.407,8.752,12.906,0.554,0.792,21.051,21.643,0.750,0.753,8.760,12.900,0.189,9.626,10.076,0.018,4155.000,52.693,41.157,9.626,51.233,ON,Moderate coastal haze; Hybrid loop operating; Ceff=1.41x
29,08:14:00,28.770,48.440,46.440,38.670,37.270,30.370,0.694,17.265,17.828,0.507,0.725,481.800,678.200,1.408,8.748,12.930,0.554,0.793,21.036,21.654,0.751,0.753,8.753,12.925,0.189,9.613,10.084,0.018,4155.000,52.769,41.168,9.613,51.252,ON,Moderate coastal haze; Hybrid loop operating; Ceff=1.41x
30,08:14:30,28.790,48.650,46.660,38.520,37.130,30.390,0.695,17.252,17.836,0.507,0.727,482.400,679.600,1.409,8.752,12.963,0.554,0.794,21.022,21.663,0.751,0.754,8.747,12.967,0.189,9.594,10.095,0.018,4155.000,52.845,41.143,9.594,51.238,ON,Moderate coastal haze; Hybrid loop operating; Ceff=1.41x
31,08:15:00,28.800,48.860,46.870,38.400,37.020,30.400,0.698,17.239,17.843,0.508,0.729,483.500,681.600,1.410,8.765,13.009,0.556,0.797,21.008,21.671,0.750,0.753,8.757,13.008,0.189,9.583,10.097,0.018,4155.000,53.073,41.199,9.583,51.296,ON,Moderate coastal haze; Hybrid loop operating; Ceff=1.41x
32,08:15:30,28.820,49.070,47.090,38.310,36.920,30.410,0.701,17.226,17.849,0.510,0.732,485.300,684.600,1.411,8.789,13.070,0.558,0.800,20.994,21.677,0.750,0.754,8.785,13.065,0.189,9.578,10.098,0.018,4155.000,53.302,41.195,9.578,51.292,ON,Moderate coastal haze; Hybrid loop operating; Ceff=1.41x
33,08:16:00,28.840,49.290,47.310,38.240,36.860,30.420,0.706,17.213,17.853,0.513,0.736,487.700,688.400,1.412,8.824,13.147,0.560,0.805,20.980,21.681,0.751,0.753,8.830,13.140,0.189,9.580,10.099,0.018,4155.000,53.682,41.260,9.580,51.359,ON,Moderate coastal haze; Hybrid loop operating; Ceff=1.41x
34,08:16:30,28.850,49.520,47.540,38.200,36.810,30.430,0.711,17.200,17.856,0.515,0.741,490.600,692.900,1.412,8.866,13.235,0.563,0.810,20.965,21.684,0.751,0.754,8.858,13.231,0.189,9.553,10.103,0.018,4155.000,54.062,41.282,9.553,51.385,ON,Moderate coastal haze; Hybrid loop operating; Ceff=1.41x
35,08:17:00,28.870,49.760,47.770,38.170,36.780,30.440,0.717,17.186,17.857,0.519,0.746,493.700,697.700,1.413,8.913,13.328,0.567,0.816,20.949,21.686,0.750,0.753,8.920,13.321,0.189,9.559,10.102,0.018,4155.000,54.518,41.344,9.559,51.446,ON,Moderate coastal haze; Hybrid loop operating; Ceff=1.41x
36,08:17:30,28.890,50.000,48.010,38.170,36.770,30.450,0.723,17.171,17.858,0.522,0.752,496.800,702.500,1.414,8.960,13.421,0.570,0.821,20.934,21.686,0.751,0.754,8.963,13.429,0.189,9.546,10.114,0.018,4155.000,54.974,41.405,9.546,51.519,ON,Moderate coastal haze; Hybrid loop operating; Ceff=1.41x
37,08:18:00,28.910,50.250,48.240,38.180,36.780,30.460,0.729,17.157,17.857,0.525,0.756,499.600,707.000,1.415,9.002,13.506,0.573,0.827,20.918,21.686,0.751,0.753,9.007,13.500,0.189,9.539,10.103,0.018,4155.000,55.431,41.483,9.539,51.586,ON,Moderate coastal haze; Hybrid loop operating; Ceff=1.42x
38,08:18:30,28.930,50.490,48.480,38.200,36.790,30.470,0.733,17.143,17.856,0.527,0.760,501.900,710.800,1.416,9.035,13.577,0.576,0.831,20.902,21.685,0.750,0.753,9.034,13.571,0.189,9.524,10.102,0.018,4155.000,55.735,41.487,9.524,51.589,ON,Moderate coastal haze; Hybrid loop operating; Ceff=1.42x
39,08:19:00,28.950,50.730,48.700,38.230,36.810,30.480,0.737,17.129,17.855,0.529,0.764,503.700,713.800,1.417,9.058,13.633,0.578,0.834,20.887,21.683,0.750,0.754,9.061,13.641,0.189,9.518,10.111,0.018,4155.000,56.039,41.539,9.518,51.650,ON,Moderate coastal haze; Hybrid loop operating; Ceff=1.42x
40,08:19:30,28.970,50.950,48.910,38.260,36.830,30.480,0.739,17.116,17.853,0.530,0.766,504.900,715.900,1.418,9.070,13.672,0.579,0.837,20.873,21.681,0.750,0.753,9.071,13.675,0.189,9.506,10.107,0.018,4155.000,56.191,41.529,9.506,51.636,ON,Moderate coastal haze; Hybrid loop operating; Ceff=1.42x
41,08:20:00,28.990,51.150,49.110,38.280,36.850,30.490,0.741,17.104,17.852,0.531,0.767,505.600,717.300,1.419,9.075,13.698,0.580,0.839,20.861,21.680,0.750,0.753,9.082,13.692,0.189,9.504,10.100,0.018,4155.000,56.343,41.560,9.504,51.660,ON,Moderate coastal haze; Hybrid loop operating; Ceff=1.42x
42,08:20:30,29.010,51.320,49.280,38.300,36.870,30.500,0.742,17.094,17.851,0.531,0.768,505.900,718.300,1.420,9.075,13.716,0.580,0.840,20.849,21.679,0.750,0.753,9.077,13.710,0.189,9.493,10.098,0.018,4155.000,56.419,41.558,9.493,51.657,ON,Moderate coastal haze; Hybrid loop operating; Ceff=1.42x
43,08:21:00,29.030,51.470,49.430,38.310,36.880,30.510,0.743,17.085,17.850,0.531,0.769,506.300,719.300,1.421,9.075,13.733,0.580,0.841,20.839,21.678,0.751,0.753,9.072,13.727,0.189,9.481,10.097,0.018,4155.000,56.495,41.557,9.481,51.654,ON,Moderate coastal haze; Hybrid loop operating; Ceff=1.42x
44,08:21:30,29.050,51.600,49.560,38.320,36.890,30.520,0.745,17.078,17.850,0.532,0.771,506.800,720.500,1.422,9.079,13.756,0.581,0.842,20.831,21.678,0.750,0.754,9.085,13.762,0.189,9.485,10.106,0.018,4155.000,56.647,41.599,9.485,51.705,ON,Moderate coastal haze; Hybrid loop operating; Ceff=1.42x
45,08:22:00,29.080,51.700,49.670,38.310,36.890,30.520,0.747,17.071,17.850,0.533,0.773,507.800,722.300,1.423,9.092,13.791,0.582,0.844,20.824,21.678,0.750,0.754,9.099,13.798,0.189,9.481,10.107,0.018,4155.000,56.799,41.607,9.481,51.714,ON,Moderate coastal haze; Hybrid loop operating; Ceff=1.42x
46,08:22:30,29.100,51.790,49.770,38.310,36.890,30.530,0.750,17.066,17.850,0.534,0.775,509.300,725.000,1.424,9.116,13.843,0.584,0.848,20.818,21.678,0.750,0.753,9.113,13.834,0.189,9.468,10.096,0.018,4155.000,57.027,41.618,9.468,51.714,ON,Moderate coastal haze; Hybrid loop operating; Ceff=1.42x
47,08:23:00,29.120,51.870,49.850,38.300,36.890,30.540,0.755,17.061,17.851,0.536,0.779,511.500,728.500,1.424,9.152,13.911,0.586,0.852,20.813,21.678,0.750,0.753,9.145,13.906,0.189,9.459,10.100,0.018,4155.000,57.408,41.694,9.459,51.794,ON,Moderate coastal haze; Hybrid loop operating; Ceff=1.42x
48,08:23:30,29.150,51.940,49.930,38.290,36.890,30.540,0.760,17.056,17.851,0.539,0.784,514.200,732.900,1.425,9.197,13.994,0.589,0.857,20.808,21.679,0.750,0.753,9.193,13.995,0.189,9.460,10.104,0.018,4155.000,57.788,41.719,9.460,51.822,ON,Moderate coastal haze; Hybrid loop operating; Ceff=1.43x
49,08:24:00,29.170,52.010,50.020,38.290,36.890,30.550,0.766,17.052,17.851,0.542,0.789,517.300,737.800,1.426,9.250,14.088,0.593,0.863,20.803,21.679,0.750,0.753,9.242,14.084,0.189,9.453,10.100,0.018,4155.000,58.244,41.769,9.453,51.869,ON,Moderate coastal haze; Hybrid loop operating; Ceff=1.43x
50,08:24:30,29.200,52.080,50.100,38.290,36.910,30.560,0.773,17.047,17.850,0.546,0.795,520.600,742.900,1.427,9.305,14.185,0.597,0.869,20.797,21.678,0.749,0.753,9.308,14.191,0.189,9.460,10.107,0.018,4155.000,58.776,41.861,9.460,51.968,ON,Moderate coastal haze; Hybrid loop operating; Ceff=1.43x
51,08:25:00,29.220,52.170,50.200,38.310,36.930,30.560,0.779,17.042,17.849,0.549,0.800,523.700,747.900,1.428,9.358,14.279,0.600,0.874,20.792,21.677,0.750,0.754,9.356,14.279,0.189,9.453,10.102,0.018,4155.000,59.232,41.904,9.453,52.006,ON,Moderate coastal haze; Hybrid loop operating; Ceff=1.43x
52,08:25:30,29.250,52.270,50.300,38.330,36.960,30.570,0.784,17.036,17.847,0.552,0.805,526.500,752.400,1.429,9.403,14.362,0.603,0.879,20.785,21.675,0.750,0.754,9.404,14.367,0.189,9.450,10.103,0.018,4155.000,59.613,41.921,9.450,52.024,ON,Moderate coastal haze; Hybrid loop operating; Ceff=1.43x
53,08:26:00,29.280,52.380,50.420,38.370,37.000,30.570,0.789,17.029,17.845,0.554,0.809,528.700,756.000,1.430,9.438,14.430,0.606,0.884,20.777,21.672,0.750,0.753,9.434,14.437,0.189,9.441,10.104,0.018,4155.000,59.993,41.987,9.441,52.091,ON,Moderate coastal haze; Hybrid loop operating; Ceff=1.43x
54,08:26:30,29.310,52.510,50.540,38.420,37.050,30.580,0.792,17.021,17.842,0.556,0.812,530.400,758.900,1.431,9.462,14.481,0.608,0.887,20.769,21.669,0.749,0.753,9.464,14.488,0.189,9.440,10.101,0.018,4155.000,60.221,41.986,9.440,52.086,ON,Moderate coastal haze; Hybrid loop operating; Ceff=1.43x
55,08:27:00,29.330,52.650,50.680,38.480,37.100,30.580,0.795,17.013,17.839,0.557,0.814,531.400,760.800,1.432,9.475,14.515,0.609,0.889,20.760,21.665,0.749,0.754,9.476,14.521,0.189,9.435,10.099,0.018,4155.000,60.449,42.039,9.435,52.138,ON,Moderate coastal haze; Hybrid loop operating; Ceff=1.43x
56,08:27:30,29.360,52.800,50.820,38.550,37.170,30.590,0.796,17.004,17.835,0.557,0.815,532.000,762.200,1.433,9.480,14.537,0.609,0.891,20.751,21.661,0.750,0.753,9.471,14.536,0.189,9.420,10.090,0.018,4155.000,60.525,42.015,9.420,52.105,ON,Moderate coastal haze; Hybrid loop operating; Ceff=1.43x
57,08:28:00,29.390,52.950,50.970,38.620,37.230,30.590,0.798,16.995,17.831,0.558,0.816,532.400,763.200,1.434,9.480,14.553,0.610,0.892,20.741,21.657,0.749,0.753,9.483,14.550,0.189,9.424,10.087,0.018,4155.000,60.677,42.065,9.424,52.152,ON,Moderate coastal haze; Hybrid loop operating; Ceff=1.43x
58,08:28:30,29.420,53.110,51.110,38.690,37.300,30.600,0.799,16.986,17.827,0.558,0.817,532.800,764.300,1.435,9.482,14.569,0.610,0.893,20.731,21.652,0.750,0.753,9.478,14.565,0.189,9.412,10.083,0.018,4155.000,60.753,42.057,9.412,52.140,ON,Moderate coastal haze; Hybrid loop operating; Ceff=1.43x
59,08:29:00,29.450,53.260,51.250,38.770,37.360,30.600,0.801,16.978,17.822,0.559,0.819,533.500,765.800,1.435,9.488,14.594,0.611,0.895,20.721,21.648,0.749,0.753,9.491,14.596,0.189,9.412,10.085,0.018,4155.000,60.905,42.080,9.412,52.165,ON,Moderate coastal haze; Hybrid loop operating; Ceff=1.44x
60,08:29:30,29.480,53.400,51.390,38.840,37.430,30.610,0.804,16.969,17.818,0.560,0.821,534.700,768.000,1.436,9.503,14.631,0.612,0.897,20.712,21.643,0.750,0.754,9.503,14.629,0.189,9.403,10.078,0.018,4155.000,61.133,42.117,9.403,52.195,ON,Moderate coastal haze; Hybrid loop operating; Ceff=1.44x
61,08:30:00,29.510,53.540,51.520,38.900,37.490,30.610,0.807,16.962,17.815,0.562,0.824,536.500,771.000,1.437,9.530,14.686,0.614,0.901,20.704,21.639,0.750,0.753,9.533,14.680,0.189,9.401,10.074,0.018,4155.000,61.361,42.109,9.401,52.183,ON,Moderate coastal haze; Hybrid loop operating; Ceff=1.44x
62,08:30:30,29.540,53.650,51.630,38.960,37.540,30.610,0.812,16.955,17.811,0.564,0.829,538.900,775.000,1.438,9.567,14.757,0.617,0.905,20.696,21.635,0.749,0.754,9.563,14.765,0.189,9.389,10.080,0.018,4155.000,61.742,42.152,9.389,52.232,ON,Moderate coastal haze; Hybrid loop operating; Ceff=1.44x
63,08:31:00,29.570,53.760,51.730,39.010,37.600,30.620,0.818,16.949,17.808,0.567,0.833,541.700,779.600,1.439,9.614,14.842,0.620,0.911,20.690,21.632,0.749,0.753,9.610,14.834,0.189,9.387,10.068,0.018,4155.000,62.198,42.213,9.387,52.280,ON,Moderate coastal haze; Hybrid loop operating; Ceff=1.44x
64,08:31:30,29.600,53.850,51.830,39.060,37.640,30.620,0.824,16.943,17.805,0.570,0.839,544.900,784.600,1.440,9.666,14.935,0.623,0.917,20.684,21.629,0.750,0.753,9.658,14.938,0.189,9.377,10.074,0.018,4155.000,62.654,42.251,9.377,52.325,ON,Moderate coastal haze; Hybrid loop operating; Ceff=1.44x
65,08:32:00,29.630,53.920,51.910,39.100,37.680,30.630,0.831,16.939,17.803,0.574,0.844,548.100,789.700,1.441,9.719,15.029,0.627,0.923,20.679,21.626,0.750,0.753,9.723,15.026,0.189,9.386,10.067,0.018,4155.000,63.186,42.335,9.386,52.402,ON,Moderate coastal haze; Hybrid loop operating; Ceff=1.44x
66,08:32:30,29.660,53.980,51.980,39.130,37.720,30.630,0.837,16.935,17.801,0.577,0.849,551.000,794.500,1.442,9.769,15.117,0.630,0.928,20.674,21.624,0.750,0.753,9.771,15.113,0.189,9.383,10.065,0.018,4155.000,63.643,42.383,9.383,52.448,ON,Moderate coastal haze; Hybrid loop operating; Ceff=1.44x
67,08:33:00,29.690,54.040,52.040,39.160,37.760,30.630,0.842,16.931,17.799,0.579,0.854,553.500,798.600,1.443,9.810,15.193,0.633,0.933,20.671,21.622,0.750,0.753,9.803,15.200,0.189,9.371,10.071,0.018,4155.000,64.023,42.417,9.371,52.488,ON,Moderate coastal haze; Hybrid loop operating; Ceff=1.44x
68,08:33:30,29.720,54.080,52.100,39.180,37.790,30.640,0.846,16.928,17.797,0.581,0.857,555.400,801.800,1.444,9.842,15.254,0.635,0.937,20.667,21.620,0.750,0.753,9.835,15.252,0.189,9.369,10.065,0.018,4155.000,64.327,42.449,9.369,52.513,ON,Moderate coastal haze; Hybrid loop operating; Ceff=1.44x
69,08:34:00,29.750,54.130,52.150,39.200,37.820,30.640,0.849,16.925,17.796,0.583,0.860,556.700,804.100,1.445,9.862,15.296,0.637,0.939,20.664,21.618,0.749,0.754,9.867,15.305,0.189,9.378,10.070,0.018,4155.000,64.555,42.477,9.378,52.548,ON,Moderate coastal haze; Hybrid loop operating; Ceff=1.44x
70,08:34:30,29.780,54.170,52.210,39.230,37.850,30.650,0.851,16.922,17.794,0.583,0.861,557.400,805.700,1.445,9.873,15.324,0.638,0.941,20.661,21.617,0.749,0.753,9.866,15.321,0.189,9.365,10.061,0.018,4155.000,64.707,42.493,9.365,52.554,ON,Moderate coastal haze; Hybrid loop operating; Ceff=1.45x
71,08:35:00,29.810,54.220,52.270,39.250,37.890,30.650,0.852,16.919,17.792,0.584,0.862,557.700,806.700,1.446,9.876,15.341,0.638,0.942,20.657,21.615,0.749,0.753,9.881,15.337,0.189,9.374,10.059,0.018,4155.000,64.783,42.490,9.374,52.549,ON,Moderate coastal haze; Hybrid loop operating; Ceff=1.45x
72,08:35:30,29.840,54.290,52.340,39.290,37.930,30.650,0.853,16.915,17.790,0.584,0.863,557.900,807.500,1.447,9.877,15.354,0.638,0.943,20.653,21.612,0.750,0.753,9.878,15.353,0.189,9.368,10.060,0.018,4155.000,64.859,42.498,9.368,52.557,ON,Moderate coastal haze; Hybrid loop operating; Ceff=1.45x
73,08:36:00,29.870,54.360,52.410,39.330,37.970,30.660,0.855,16.910,17.788,0.584,0.864,558.300,808.500,1.448,9.880,15.370,0.639,0.944,20.648,21.609,0.749,0.753,9.875,15.369,0.189,9.359,10.058,0.018,4155.000,65.011,42.545,9.359,52.603,ON,Moderate coastal haze; Hybrid loop operating; Ceff=1.45x
74,08:36:30,29.900,54.450,52.500,39.380,38.020,30.660,0.857,16.905,17.784,0.585,0.866,559.000,810.000,1.449,9.888,15.395,0.639,0.946,20.642,21.606,0.750,0.753,9.889,15.401,0.189,9.360,10.060,0.018,4155.000,65.163,42.565,9.360,52.625,ON,Moderate coastal haze; Hybrid loop operating; Ceff=1.45x
75,08:37:00,29.930,54.560,52.610,39.450,38.080,30.660,0.859,16.899,17.781,0.586,0.868,560.200,812.200,1.450,9.905,15.434,0.641,0.949,20.635,21.602,0.749,0.753,9.903,15.434,0.189,9.353,10.054,0.018,4155.000,65.315,42.549,9.353,52.603,ON,Moderate coastal haze; Hybrid loop operating; Ceff=1.45x
76,08:37:30,29.960,54.680,52.720,39.520,38.150,30.670,0.863,16.892,17.777,0.588,0.871,562.000,815.400,1.451,9.932,15.490,0.643,0.952,20.627,21.597,0.749,0.753,9.932,15.484,0.189,9.351,10.047,0.018,4155.000,65.619,42.579,9.351,52.627,ON,Moderate coastal haze; Hybrid loop operating; Ceff=1.45x
77,08:38:00,29.990,54.810,52.840,39.600,38.220,30.670,0.868,16.884,17.772,0.590,0.876,564.400,819.400,1.452,9.969,15.561,0.645,0.957,20.619,21.592,0.750,0.753,9.962,15.568,0.189,9.339,10.053,0.018,4155.000,66.000,42.617,9.339,52.670,ON,Moderate coastal haze; Hybrid loop operating; Ceff=1.45x
78,08:38:30,30.020,54.960,52.970,39.690,38.300,30.680,0.874,16.876,17.767,0.593,0.880,567.200,823.900,1.453,10.012,15.642,0.648,0.962,20.610,21.587,0.750,0.753,10.007,15.635,0.189,9.335,10.041,0.018,4155.000,66.456,42.677,9.335,52.718,ON,Moderate coastal haze; Hybrid loop operating; Ceff=1.45x
79,08:39:00,30.050,55.100,53.110,39.780,38.380,30.680,0.881,16.868,17.762,0.596,0.886,570.200,828.800,1.454,10.059,15.728,0.652,0.968,20.601,21.581,0.749,0.753,10.053,15.737,0.189,9.329,10.046,0.018,4155.000,66.988,42.765,9.329,52.811,ON,Moderate coastal haze; Hybrid loop operating; Ceff=1.45x
80,08:39:30,30.080,55.240,53.240,39.860,38.460,30.690,0.887,16.859,17.757,0.599,0.891,573.100,833.500,1.454,10.104,15.813,0.655,0.973,20.592,21.576,0.749,0.753,10.099,15.821,0.189,9.323,10.043,0.018,4155.000,67.444,42.813,9.323,52.857,ON,Moderate coastal haze; Hybrid loop operating; Ceff=1.45x
81,08:40:00,30.110,55.380,53.370,39.950,38.540,30.690,0.892,16.852,17.752,0.602,0.895,575.700,837.800,1.455,10.143,15.888,0.658,0.978,20.583,21.571,0.749,0.753,10.145,15.888,0.189,9.324,10.034,0.018,4155.000,67.825,42.834,9.324,52.867,ON,Moderate coastal haze; Hybrid loop operating; Ceff=1.46x
82,08:40:30,30.140,55.500,53.480,40.020,38.610,30.690,0.897,16.845,17.748,0.604,0.899,577.700,841.300,1.456,10.174,15.950,0.660,0.982,20.576,21.566,0.749,0.753,10.174,15.955,0.189,9.318,10.035,0.018,4155.000,68.205,42.895,9.318,52.929,ON,Moderate coastal haze; Hybrid loop operating; Ceff=1.46x
83,08:41:00,30.170,55.610,53.590,40.090,38.670,30.700,0.900,16.838,17.744,0.605,0.901,579.100,843.900,1.457,10.194,15.995,0.662,0.985,20.569,21.562,0.749,0.753,10.187,15.987,0.189,9.307,10.024,0.018,4155.000,68.433,42.905,9.307,52.929,ON,Moderate coastal haze; Hybrid loop operating; Ceff=1.46x
84,08:41:30,30.200,55.700,53.670,40.140,38.730,30.700,0.902,16.833,17.741,0.606,0.903,580.000,845.600,1.458,10.205,16.024,0.663,0.987,20.563,21.558,0.749,0.753,10.201,16.020,0.189,9.306,10.024,0.018,4155.000,68.585,42.914,9.306,52.938,ON,Moderate coastal haze; Hybrid loop operating; Ceff=1.46x
85,08:42:00,30.220,55.760,53.740,40.190,38.770,30.710,0.903,16.829,17.738,0.607,0.904,580.300,846.600,1.459,10.207,16.039,0.663,0.988,20.559,21.555,0.749,0.753,10.215,16.035,0.189,9.314,10.022,0.018,4155.000,68.661,42.911,9.314,52.933,ON,Moderate coastal haze; Hybrid loop operating; Ceff=1.46x
86,08:42:30,30.250,55.810,53.800,40.220,38.810,30.710,0.904,16.826,17.736,0.607,0.905,580.300,847.100,1.460,10.206,16.048,0.663,0.989,20.555,21.553,0.749,0.753,10.213,16.051,0.189,9.312,10.026,0.018,4155.000,68.737,42.933,9.312,52.959,ON,Moderate coastal haze; Hybrid loop operating; Ceff=1.46x
87,08:43:00,30.280,55.850,53.840,40.240,38.840,30.720,0.905,16.824,17.735,0.607,0.905,580.300,847.700,1.461,10.204,16.056,0.663,0.989,20.553,21.551,0.749,0.753,10.212,16.050,0.189,9.311,10.018,0.018,4155.000,68.813,42.950,9.311,52.968,ON,Moderate coastal haze; Hybrid loop operating; Ceff=1.46x
88,08:43:30,30.300,55.870,53.880,40.260,38.860,30.730,0.906,16.822,17.734,0.607,0.906,580.500,848.500,1.462,10.207,16.071,0.663,0.990,20.551,21.550,0.749,0.753,10.211,16.067,0.189,9.307,10.019,0.018,4155.000,68.889,42.957,9.307,52.976,ON,Moderate coastal haze; Hybrid loop operating; Ceff=1.46x
89,08:44:00,30.330,55.890,53.910,40.270,38.880,30.730,0.908,16.820,17.732,0.607,0.908,581.200,850.000,1.463,10.217,16.098,0.664,0.992,20.549,21.549,0.749,0.753,10.210,16.101,0.189,9.295,10.022,0.018,4155.000,69.041,42.976,9.295,52.998,ON,Moderate coastal haze; Hybrid loop operating; Ceff=1.46x
90,08:44:30,30.350,55.920,53.940,40.290,38.910,30.740,0.911,16.819,17.731,0.609,0.910,582.500,852.400,1.463,10.238,16.142,0.665,0.995,20.547,21.548,0.749,0.753,10.243,16.135,0.189,9.304,10.015,0.018,4155.000,69.269,42.997,9.304,53.012,ON,Moderate coastal haze; Hybrid loop operating; Ceff=1.46x
91,08:45:00,30.380,55.950,53.990,40.310,38.930,30.740,0.915,16.816,17.730,0.611,0.914,584.300,855.600,1.464,10.269,16.201,0.667,0.999,20.545,21.546,0.749,0.753,10.275,16.205,0.189,9.304,10.021,0.018,4155.000,69.573,43.024,9.304,53.045,ON,Moderate coastal haze; Hybrid loop operating; Ceff=1.46x
92,08:45:30,30.400,56.000,54.040,40.340,38.970,30.750,0.920,16.813,17.728,0.613,0.918,586.700,859.600,1.465,10.309,16.275,0.670,1.003,20.541,21.544,0.749,0.753,10.306,16.274,0.189,9.295,10.017,0.018,4155.000,69.954,43.058,9.295,53.075,ON,Moderate coastal haze; Hybrid loop operating; Ceff=1.47x
93,08:46:00,30.420,56.060,54.110,40.380,39.010,30.760,0.926,16.809,17.725,0.616,0.923,589.400,864.200,1.466,10.354,16.358,0.673,1.009,20.537,21.541,0.749,0.753,10.354,16.360,0.189,9.295,10.016,0.018,4155.000,70.410,43.108,9.295,53.124,ON,Moderate coastal haze; Hybrid loop operating; Ceff=1.47x
94,08:46:30,30.440,56.150,54.190,40.440,39.070,30.760,0.932,16.804,17.722,0.619,0.928,592.300,868.800,1.467,10.399,16.442,0.676,1.014,20.531,21.537,0.749,0.753,10.402,16.446,0.189,9.292,10.016,0.018,4155.000,70.866,43.158,9.292,53.173,ON,Moderate coastal haze; Hybrid loop operating; Ceff=1.47x
95,08:47:00,30.470,56.250,54.290,40.500,39.130,30.770,0.938,16.798,17.718,0.622,0.932,594.900,873.200,1.468,10.441,16.521,0.679,1.019,20.525,21.533,0.749,0.753,10.448,16.513,0.189,9.293,10.006,0.018,4155.000,71.322,43.216,9.293,53.222,ON,Moderate coastal haze; Hybrid loop operating; Ceff=1.47x
96,08:47:30,30.490,56.370,54.400,40.580,39.200,30.780,0.943,16.791,17.714,0.624,0.936,597.200,877.100,1.469,10.475,16.589,0.682,1.023,20.517,21.529,0.749,0.753,10.478,16.580,0.189,9.283,10.002,0.018,4155.000,71.702,43.254,9.283,53.256,ON,Moderate coastal haze; Hybrid loop operating; Ceff=1.47x
97,08:48:00,30.510,56.500,54.520,40.660,39.270,30.790,0.947,16.784,17.709,0.626,0.940,598.800,880.100,1.470,10.499,16.641,0.684,1.027,20.509,21.524,0.748,0.753,10.507,16.646,0.189,9.284,10.008,0.018,4155.000,72.007,43.289,9.284,53.297,ON,Moderate coastal haze; Hybrid loop operating; Ceff=1.47x
98,08:48:30,30.530,56.640,54.640,40.740,39.350,30.800,0.950,16.776,17.705,0.627,0.942,599.900,882.200,1.471,10.512,16.675,0.685,1.029,20.501,21.518,0.749,0.753,10.519,16.678,0.189,9.277,10.003,0.018,4155.000,72.235,43.323,9.277,53.326,ON,Moderate coastal haze; Hybrid loop operating; Ceff=1.47x
99,08:49:00,30.550,56.770,54.770,40.820,39.420,30.800,0.951,16.769,17.700,0.627,0.943,600.400,883.400,1.471,10.514,16.693,0.685,1.031,20.492,21.513,0.749,0.753,10.514,16.691,0.189,9.266,9.997,0.018,4155.000,72.311,43.310,9.266,53.306,ON,Moderate coastal haze; Hybrid loop operating; Ceff=1.47x
100,08:49:30,30.570,56.900,54.890,40.900,39.490,30.810,0.952,16.761,17.695,0.627,0.944,600.500,884.100,1.472,10.510,16.701,0.685,1.031,20.484,21.508,0.749,0.753,10.509,16.704,0.189,9.260,9.997,0.018,4155.000,72.387,43.321,9.260,53.318,ON,Moderate coastal haze; Hybrid loop operating; Ceff=1.47x
101,08:50:00,30.590,57.020,54.990,40.980,39.550,30.820,0.953,16.754,17.691,0.627,0.944,600.400,884.500,1.473,10.504,16.704,0.685,1.032,20.477,21.504,0.749,0.753,10.505,16.700,0.189,9.257,9.990,0.018,4155.000,72.463,43.347,9.257,53.337,ON,Moderate coastal haze; Hybrid loop operating; Ceff=1.47x
102,08:50:30,30.610,57.120,55.090,41.040,39.610,30.830,0.953,16.749,17.688,0.627,0.945,600.400,885.100,1.474,10.499,16.710,0.685,1.032,20.470,21.500,0.749,0.753,10.502,16.715,0.189,9.255,9.992,0.018,4155.000,72.463,43.317,9.255,53.309,ON,Moderate coastal haze; Hybrid loop operating; Ceff=1.47x
103,08:51:00,30.620,57.210,55.170,41.090,39.660,30.840,0.955,16.744,17.685,0.627,0.946,600.800,886.100,1.475,10.501,16.726,0.685,1.034,20.465,21.497,0.749,0.752,10.498,16.730,0.189,9.246,9.990,0.018,4155.000,72.615,43.359,9.246,53.349,ON,Moderate coastal haze; Hybrid loop operating; Ceff=1.47x
104,08:51:30,30.640,57.280,55.240,41.130,39.700,30.850,0.957,16.740,17.683,0.628,0.948,601.600,887.900,1.476,10.513,16.757,0.686,1.036,20.460,21.494,0.749,0.753,10.513,16.763,0.189,9.246,9.989,0.018,4155.000,72.767,43.362,9.246,53.351,ON,Moderate coastal haze; Hybrid loop operating; Ceff=1.48x
105,08:52:00,30.660,57.330,55.290,41.160,39.730,30.860,0.961,16.737,17.681,0.630,0.951,603.100,890.600,1.477,10.537,16.806,0.688,1.039,20.457,21.492,0.749,0.753,10.544,16.815,0.189,9.251,9.989,0.018,4155.000,73.071,43.411,9.251,53.401,ON,Moderate coastal haze; Hybrid loop operating; Ceff=1.48x
106,08:52:30,30.670,57.360,55.330,41.180,39.760,30.870,0.965,16.734,17.679,0.632,0.954,605.200,894.200,1.478,10.571,16.873,0.690,1.043,20.455,21.491,0.749,0.753,10.576,16.866,0.189,9.246,9.980,0.018,4155.000,73.375,43.416,9.246,53.396,ON,Moderate coastal haze; Hybrid loop operating; Ceff=1.48x
107,08:53:00,30.690,57.390,55.360,41.200,39.780,30.880,0.971,16.733,17.678,0.634,0.959,607.800,898.500,1.478,10.615,16.953,0.693,1.048,20.453,21.489,0.749,0.753,10.609,16.953,0.189,9.235,9.983,0.018,4155.000,73.831,43.477,9.235,53.460,ON,Moderate coastal haze; Hybrid loop operating; Ceff=1.48x
108,08:53:30,30.700,57.410,55.390,41.210,39.800,30.890,0.977,16.731,17.677,0.637,0.964,610.600,903.200,1.479,10.663,17.041,0.697,1.054,20.451,21.488,0.748,0.752,10.658,17.041,0.189,9.235,9.983,0.018,4155.000,74.288,43.518,9.235,53.501,ON,Moderate coastal haze; Hybrid loop operating; Ceff=1.48x
109,08:54:00,30.720,57.420,55.420,41.220,39.820,30.900,0.983,16.730,17.676,0.640,0.969,613.400,908.000,1.480,10.711,17.128,0.700,1.059,20.450,21.487,0.748,0.753,10.707,17.128,0.189,9.236,9.981,0.018,4155.000,74.744,43.554,9.236,53.535,ON,Moderate coastal haze; Hybrid loop operating; Ceff=1.48x
110,08:54:30,30.730,57.440,55.450,41.240,39.840,30.910,0.989,16.728,17.675,0.643,0.974,616.000,912.300,1.481,10.755,17.209,0.703,1.064,20.448,21.486,0.748,0.753,10.756,17.215,0.189,9.239,9.984,0.018,4155.000,75.200,43.613,9.239,53.598,ON,Moderate coastal haze; Hybrid loop operating; Ceff=1.48x
111,08:55:00,30.750,57.470,55.480,41.250,39.860,30.920,0.994,16.726,17.674,0.645,0.978,618.100,916.000,1.482,10.791,17.277,0.705,1.068,20.446,21.485,0.749,0.753,10.788,17.285,0.189,9.235,9.984,0.018,4155.000,75.580,43.657,9.235,53.641,ON,Moderate coastal haze; Hybrid loop operating; Ceff=1.48x
112,08:55:30,30.760,57.510,55.530,41.280,39.890,30.930,0.998,16.724,17.672,0.647,0.981,619.700,918.800,1.483,10.815,17.328,0.707,1.072,20.443,21.483,0.748,0.752,10.820,17.336,0.189,9.238,9.983,0.018,4155.000,75.884,43.699,9.238,53.682,ON,Moderate coastal haze; Hybrid loop operating; Ceff=1.48x
113,08:56:00,30.770,57.560,55.580,41.310,39.930,30.940,1.000,16.721,17.670,0.648,0.983,620.600,920.700,1.484,10.829,17.362,0.708,1.074,20.440,21.481,0.748,0.753,10.835,17.370,0.189,9.238,9.982,0.018,4155.000,76.037,43.696,9.238,53.678,ON,Moderate coastal haze; Hybrid loop operating; Ceff=1.48x
114,08:56:30,30.780,57.630,55.650,41.350,39.970,30.960,1.002,16.717,17.668,0.648,0.984,621.000,921.900,1.485,10.833,17.381,0.708,1.075,20.436,21.478,0.749,0.753,10.833,17.385,0.189,9.230,9.978,0.018,4155.000,76.189,43.726,9.230,53.704,ON,Moderate coastal haze; Hybrid loop operating; Ceff=1.48x
115,08:57:00,30.800,57.710,55.720,41.400,40.010,30.970,1.003,16.712,17.665,0.648,0.984,621.100,922.600,1.485,10.831,17.391,0.708,1.076,20.431,21.475,0.749,0.753,10.829,17.382,0.189,9.225,9.969,0.018,4155.000,76.265,43.737,9.225,53.705,ON,Moderate coastal haze; Hybrid loop operating; Ceff=1.49x
116,08:57:30,30.810,57.800,55.810,41.450,40.060,30.980,1.004,16.707,17.662,0.648,0.985,621.200,923.200,1.486,10.828,17.399,0.708,1.077,20.425,21.472,0.749,0.752,10.826,17.397,0.189,9.221,9.971,0.018,4155.000,76.341,43.752,9.221,53.723,ON,Moderate coastal haze; Hybrid loop operating; Ceff=1.49x
117,08:58:00,30.820,57.900,55.900,41.510,40.110,30.990,1.005,16.701,17.659,0.648,0.986,621.400,924.100,1.487,10.827,17.411,0.709,1.078,20.419,21.468,0.748,0.752,10.822,17.412,0.189,9.215,9.969,0.018,4155.000,76.417,43.753,9.215,53.722,ON,Moderate coastal haze; Hybrid loop operating; Ceff=1.49x
118,08:58:30,30.830,58.010,56.000,41.570,40.170,31.000,1.007,16.695,17.656,0.649,0.988,622.100,925.600,1.488,10.834,17.436,0.709,1.079,20.412,21.465,0.749,0.753,10.835,17.444,0.189,9.215,9.972,0.018,4155.000,76.569,43.769,9.215,53.741,ON,Moderate coastal haze; Hybrid loop operating; Ceff=1.49x
119,08:59:00,30.840,58.120,56.100,41.640,40.220,31.020,1.010,16.689,17.652,0.650,0.990,623.300,928.000,1.489,10.850,17.476,0.711,1.082,20.405,21.461,0.748,0.753,10.848,17.475,0.189,9.208,9.964,0.018,4155.000,76.797,43.786,9.208,53.750,ON,Moderate coastal haze; Hybrid loop operating; Ceff=1.49x
120,08:59:30,30.850,58.230,56.200,41.700,40.280,31.030,1.014,16.683,17.648,0.652,0.994,625.200,931.300,1.490,10.878,17.534,0.713,1.086,20.398,21.457,0.748,0.752,10.877,17.542,0.189,9.205,9.966,0.018,4155.000,77.101,43.803,9.205,53.770,ON,Moderate coastal haze; Hybrid loop operating; Ceff=1.49x
121,09:00:00,30.870,58.330,56.290,41.760,40.330,31.040,1.020,16.677,17.645,0.655,0.998,627.600,935.500,1.491,10.915,17.608,0.715,1.091,20.392,21.453,0.749,0.752,10.923,17.610,0.189,9.209,9.960,0.018,4155.000,77.557,43.865,9.209,53.825,ON,Moderate coastal haze; Hybrid loop operating; Ceff=1.49x
122,09:00:30,30.880,58.430,56.380,41.820,40.390,31.050,1.026,16.671,17.642,0.657,1.003,630.400,940.200,1.491,10.960,17.694,0.719,1.096,20.386,21.449,0.748,0.753,10.953,17.695,0.189,9.193,9.958,0.018,4155.000,78.013,43.902,9.193,53.860,ON,Moderate coastal haze; Hybrid loop operating; Ceff=1.49x
123,09:01:00,30.890,58.510,56.460,41.870,40.430,31.070,1.033,16.666,17.639,0.661,1.008,633.400,945.300,1.492,11.008,17.785,0.722,1.102,20.380,21.446,0.748,0.753,11.016,17.780,0.189,9.202,9.952,0.018,4155.000,78.546,43.963,9.202,53.915,ON,Moderate coastal haze; Hybrid loop operating; Ceff=1.49x
124,09:01:30,30.900,58.580,56.530,41.910,40.470,31.080,1.040,16.662,17.636,0.664,1.013,636.300,950.200,1.493,11.056,17.874,0.725,1.108,20.376,21.443,0.748,0.752,11.064,17.865,0.189,9.200,9.948,0.018,4155.000,79.078,44.033,9.200,53.981,ON,Moderate coastal haze; Hybrid loop operating; Ceff=1.49x
125,09:02:00,30.910,58.630,56.580,41.950,40.510,31.090,1.046,16.659,17.634,0.666,1.018,638.900,954.500,1.494,11.097,17.954,0.728,1.113,20.372,21.441,0.748,0.752,11.095,17.951,0.189,9.188,9.951,0.018,4155.000,79.534,44.088,9.188,54.038,ON,Moderate coastal haze; Hybrid loop operating; Ceff=1.49x
126,09:02:30,30.920,58.670,56.630,41.970,40.540,31.110,1.050,16.657,17.633,0.668,1.022,641.000,958.100,1.495,11.131,18.020,0.730,1.117,20.370,21.440,0.749,0.752,11.127,18.021,0.189,9.184,9.952,0.018,4155.000,79.838,44.090,9.184,54.042,ON,Moderate coastal haze; Hybrid loop operating; Ceff=1.49x
127,09:03:00,30.930,58.690,56.660,41.980,40.560,31.120,1.054,16.655,17.632,0.670,1.025,642.400,960.800,1.496,11.155,18.069,0.732,1.120,20.368,21.438,0.748,0.753,11.159,18.073,0.189,9.191,9.952,0.018,4155.000,80.142,44.133,9.191,54.086,ON,Moderate coastal haze; Hybrid loop operating; Ceff=1.5x
128,09:03:30,30.940,58.700,56.680,41.990,40.570,31.130,1.056,16.654,17.631,0.671,1.027,643.200,962.600,1.497,11.168,18.102,0.733,1.122,20.367,21.438,0.748,0.753,11.175,18.107,0.189,9.192,9.953,0.018,4155.000,80.295,44.135,9.192,54.087,ON,Moderate coastal haze; Hybrid loop operating; Ceff=1.5x
129,09:04:00,30.950,58.700,56.690,41.990,40.580,31.140,1.058,16.654,17.631,0.671,1.028,643.600,963.800,1.497,11.175,18.124,0.733,1.123,20.366,21.438,0.749,0.753,11.175,18.125,0.189,9.187,9.950,0.018,4155.000,80.447,44.163,9.187,54.113,ON,Moderate coastal haze; Hybrid loop operating; Ceff=1.5x
130,09:04:30,30.960,58.700,56.700,41.990,40.590,31.160,1.059,16.653,17.631,0.671,1.029,643.800,964.600,1.498,11.178,18.138,0.734,1.124,20.366,21.437,0.748,0.753,11.174,18.142,0.189,9.183,9.951,0.018,4155.000,80.523,44.168,9.183,54.120,ON,Moderate coastal haze; Hybrid loop operating; Ceff=1.5x
131,09:05:00,30.970,58.710,56.720,41.990,40.590,31.170,1.060,16.653,17.630,0.671,1.030,644.000,965.400,1.499,11.181,18.154,0.734,1.125,20.365,21.437,0.748,0.753,11.174,18.159,0.189,9.181,9.952,0.018,4155.000,80.599,44.173,9.181,54.125,ON,Moderate coastal haze; Hybrid loop operating; Ceff=1.5x
132,09:05:30,30.980,58.720,56.740,41.990,40.610,31.180,1.062,16.652,17.630,0.672,1.031,644.500,966.700,1.500,11.188,18.177,0.734,1.127,20.364,21.436,0.749,0.752,11.190,18.177,0.189,9.187,9.948,0.018,4155.000,80.751,44.197,9.187,54.146,ON,Moderate coastal haze; Hybrid loop operating; Ceff=1.5x
133,09:06:00,31.000,58.750,56.770,42.010,40.620,31.200,1.065,16.650,17.629,0.673,1.033,645.400,968.700,1.501,11.203,18.213,0.735,1.129,20.363,21.435,0.749,0.753,11.205,18.211,0.189,9.186,9.947,0.018,4155.000,80.979,44.230,9.186,54.177,ON,Moderate coastal haze; Hybrid loop operating; Ceff=1.5x
134,09:06:30,31.010,58.790,56.810,42.030,40.650,31.210,1.069,16.648,17.627,0.674,1.036,647.000,971.600,1.502,11.228,18.266,0.737,1.132,20.360,21.434,0.748,0.753,11.221,18.262,0.189,9.176,9.945,0.018,4155.000,81.283,44.264,9.176,54.209,ON,Moderate coastal haze; Hybrid loop operating; Ceff=1.5x
135,09:07:00,31.020,58.850,56.870,42.070,40.680,31.220,1.074,16.644,17.625,0.677,1.040,649.200,975.400,1.502,11.263,18.334,0.740,1.137,20.356,21.432,0.748,0.752,11.268,18.330,0.189,9.183,9.943,0.018,4155.000,81.663,44.298,9.183,54.241,ON,Moderate coastal haze; Hybrid loop operating; Ceff=1.5x
136,09:07:30,31.030,58.920,56.940,42.110,40.730,31.230,1.080,16.640,17.623,0.679,1.045,651.800,979.900,1.503,11.305,18.417,0.743,1.142,20.351,21.429,0.748,0.753,11.299,18.416,0.189,9.172,9.944,0.018,4155.000,82.119,44.341,9.172,54.284,ON,Moderate coastal haze; Hybrid loop operating; Ceff=1.5x
137,09:08:00,31.050,59.020,57.030,42.170,40.780,31.250,1.087,16.634,17.619,0.682,1.050,654.800,984.900,1.504,11.352,18.507,0.746,1.148,20.345,21.425,0.748,0.752,11.344,18.500,0.189,9.167,9.938,0.018,4155.000,82.652,44.402,9.167,54.340,ON,Moderate coastal haze; Hybrid loop operating; Ceff=1.5x
138,09:08:30,31.060,59.130,57.130,42.240,40.840,31.260,1.094,16.628,17.616,0.686,1.056,657.800,990.000,1.505,11.400,18.598,0.749,1.154,20.338,21.421,0.748,0.752,11.407,18.602,0.189,9.175,9.942,0.018,4155.000,83.184,44.457,9.175,54.399,ON,Moderate coastal haze; Hybrid loop operating; Ceff=1.5x
139,09:09:00,31.070,59.240,57.230,42.310,40.900,31.270,1.100,16.622,17.612,0.688,1.061,660.700,994.800,1.506,11.443,18.683,0.752,1.159,20.331,21.417,0.748,0.753,11.436,18.686,0.189,9.158,9.939,0.018,4155.000,83.640,44.485,9.158,54.424,ON,Moderate coastal haze; Hybrid loop operating; Ceff=1.51x
140,09:09:30,31.090,59.360,57.340,42.380,40.960,31.280,1.106,16.615,17.608,0.691,1.065,663.000,999.000,1.507,11.478,18.755,0.755,1.164,20.324,21.412,0.748,0.753,11.481,18.753,0.189,9.162,9.932,0.018,4155.000,84.096,44.540,9.162,54.472,ON,Moderate coastal haze; Hybrid loop operating; Ceff=1.51x
141,09:10:00,31.100,59.470,57.440,42.440,41.030,31.300,1.110,16.609,17.604,0.693,1.069,664.800,1002.200,1.507,11.504,18.811,0.757,1.168,20.317,21.408,0.748,0.752,11.510,18.819,0.189,9.161,9.935,0.018,4155.000,84.401,44.558,9.161,54.493,ON,Moderate coastal haze; Hybrid loop operating; Ceff=1.51x
142,09:10:30,31.110,59.560,57.530,42.510,41.080,31.310,1.113,16.603,17.600,0.694,1.071,666.000,1004.500,1.508,11.519,18.850,0.758,1.170,20.311,21.404,0.748,0.753,11.522,18.850,0.189,9.154,9.929,0.018,4155.000,84.629,44.576,9.154,54.505,ON,Moderate coastal haze; Hybrid loop operating; Ceff=1.51x
143,09:11:00,31.130,59.650,57.610,42.560,41.130,31.320,1.116,16.598,17.598,0.694,1.073,666.600,1006.000,1.509,11.526,18.874,0.759,1.172,20.306,21.401,0.748,0.752,11.519,18.883,0.189,9.143,9.931,0.018,4155.000,84.857,44.630,9.143,54.561,ON,Moderate coastal haze; Hybrid loop operating; Ceff=1.51x
144,09:11:30,31.150,59.710,57.670,42.600,41.170,31.330,1.117,16.595,17.595,0.695,1.073,666.800,1006.900,1.510,11.526,18.887,0.759,1.173,20.302,21.399,0.748,0.752,11.534,18.879,0.189,9.152,9.921,0.018,4155.000,84.933,44.630,9.152,54.551,ON,Moderate coastal haze; Hybrid loop operating; Ceff=1.51x
145,09:12:00,31.160,59.760,57.720,42.620,41.200,31.340,1.118,16.592,17.594,0.695,1.074,666.900,1007.500,1.511,11.525,18.897,0.759,1.174,20.299,21.397,0.748,0.752,11.531,18.896,0.189,9.149,9.923,0.018,4155.000,85.009,44.643,9.149,54.567,ON,Moderate coastal haze; Hybrid loop operating; Ceff=1.51x
146,09:12:30,31.180,59.780,57.750,42.640,41.220,31.350,1.119,16.590,17.592,0.695,1.075,667.100,1008.400,1.512,11.527,18.912,0.759,1.175,20.297,21.395,0.748,0.752,11.530,18.911,0.189,9.145,9.923,0.018,4155.000,85.085,44.643,9.145,54.566,ON,Moderate coastal haze; Hybrid loop operating; Ceff=1.51x
147,09:13:00,31.190,59.790,57.770,42.650,41.230,31.360,1.121,16.589,17.592,0.695,1.076,667.600,1009.700,1.512,11.535,18.936,0.760,1.176,20.296,21.395,0.748,0.753,11.529,18.929,0.189,9.137,9.919,0.018,4155.000,85.237,44.666,9.137,54.585,ON,Moderate coastal haze; Hybrid loop operating; Ceff=1.51x
148,09:13:30,31.210,59.790,57.780,42.650,41.240,31.380,1.124,16.589,17.592,0.696,1.079,668.700,1011.900,1.513,11.553,18.977,0.761,1.179,20.296,21.395,0.748,0.752,11.546,18.982,0.189,9.136,9.925,0.018,4155.000,85.465,44.688,9.136,54.613,ON,Moderate coastal haze; Hybrid loop operating; Ceff=1.51x
149,09:14:00,31.230,59.780,57.790,42.640,41.250,31.390,1.128,16.589,17.591,0.698,1.082,670.300,1015.000,1.514,11.582,19.034,0.763,1.183,20.295,21.394,0.748,0.752,11.579,19.033,0.189,9.140,9.922,0.018,4155.000,85.769,44.710,9.140,54.632,ON,Moderate coastal haze; Hybrid loop operating; Ceff=1.51x
150,09:14:30,31.250,59.780,57.790,42.640,41.250,31.400,1.133,16.589,17.591,0.701,1.086,672.600,1018.900,1.515,11.621,19.108,0.766,1.187,20.295,21.394,0.748,0.752,11.629,19.104,0.189,9.148,9.920,0.018,4155.000,86.149,44.736,9.148,54.657,ON,Moderate coastal haze; Hybrid loop operating; Ceff=1.51x
151,09:15:00,31.270,59.780,57.810,42.650,41.270,31.410,1.140,16.589,17.591,0.703,1.091,675.200,1023.500,1.516,11.666,19.193,0.769,1.192,20.295,21.393,0.747,0.753,11.662,19.192,0.189,9.139,9.921,0.018,4155.000,86.682,44.810,9.139,54.731,ON,Moderate coastal haze; Hybrid loop operating; Ceff=1.52x
152,09:15:30,31.290,59.800,57.830,42.660,41.290,31.420,1.146,16.587,17.590,0.706,1.096,678.100,1028.400,1.517,11.715,19.283,0.772,1.198,20.294,21.392,0.748,0.752,11.710,19.279,0.189,9.137,9.919,0.018,4155.000,87.138,44.831,9.137,54.750,ON,Moderate coastal haze; Hybrid loop operating; Ceff=1.52x
153,09:16:00,31.310,59.830,57.870,42.680,41.320,31.430,1.153,16.585,17.588,0.709,1.101,680.900,1033.200,1.517,11.761,19.371,0.775,1.204,20.291,21.391,0.748,0.752,11.759,19.364,0.189,9.137,9.916,0.018,4155.000,87.670,44.896,9.137,54.812,ON,Moderate coastal haze; Hybrid loop operating; Ceff=1.52x
154,09:16:30,31.330,59.880,57.920,42.720,41.350,31.430,1.159,16.582,17.586,0.712,1.106,683.400,1037.500,1.518,11.801,19.449,0.778,1.209,20.288,21.388,0.748,0.752,11.806,19.450,0.189,9.141,9.919,0.018,4155.000,88.126,44.942,9.141,54.861,ON,Moderate coastal haze; Hybrid loop operating; Ceff=1.52x
155,09:17:00,31.350,59.940,57.990,42.760,41.400,31.440,1.164,16.578,17.583,0.714,1.110,685.300,1041.000,1.519,11.831,19.511,0.780,1.213,20.284,21.385,0.748,0.752,11.837,19.517,0.189,9.139,9.920,0.018,4155.000,88.506,44.984,9.139,54.904,ON,Moderate coastal haze; Hybrid loop operating; Ceff=1.52x
156,09:17:30,31.370,60.030,58.070,42.820,41.450,31.450,1.168,16.574,17.580,0.715,1.112,686.700,1043.600,1.520,11.850,19.556,0.781,1.216,20.278,21.382,0.748,0.752,11.850,19.549,0.189,9.131,9.911,0.018,4155.000,88.811,45.027,9.131,54.938,ON,Moderate coastal haze; Hybrid loop operating; Ceff=1.52x
157,09:18:00,31.390,60.120,58.160,42.880,41.510,31.460,1.170,16.568,17.577,0.716,1.114,687.400,1045.300,1.521,11.858,19.582,0.782,1.218,20.272,21.378,0.748,0.752,11.863,19.581,0.189,9.131,9.911,0.018,4155.000,88.963,45.030,9.131,54.942,ON,Moderate coastal haze; Hybrid loop operating; Ceff=1.52x
158,09:18:30,31.420,60.230,58.250,42.950,41.570,31.470,1.171,16.562,17.573,0.716,1.115,687.600,1046.200,1.521,11.856,19.593,0.782,1.219,20.266,21.374,0.748,0.752,11.858,19.594,0.189,9.125,9.909,0.018,4155.000,89.039,45.030,9.125,54.939,ON,Moderate coastal haze; Hybrid loop operating; Ceff=1.52x
159,09:19:00,31.440,60.340,58.350,43.020,41.630,31.480,1.172,16.556,17.569,0.716,1.115,687.500,1046.600,1.522,11.849,19.595,0.782,1.219,20.259,21.369,0.748,0.752,11.854,19.589,0.189,9.123,9.903,0.018,4155.000,89.115,45.051,9.123,54.955,ON,Moderate coastal haze; Hybrid loop operating; Ceff=1.52x
160,09:19:30,31.460,60.450,58.450,43.090,41.690,31.490,1.172,16.549,17.565,0.715,1.116,687.300,1046.900,1.523,11.840,19.596,0.782,1.219,20.252,21.365,0.748,0.752,11.833,19.603,0.189,9.109,9.907,0.018,4155.000,89.115,45.038,9.109,54.945,ON,Moderate coastal haze; Hybrid loop operating; Ceff=1.52x
161,09:20:00,31.490,60.550,58.550,43.160,41.750,31.490,1.173,16.544,17.561,0.715,1.116,687.400,1047.500,1.524,11.836,19.603,0.782,1.220,20.246,21.361,0.748,0.752,11.829,19.598,0.189,9.105,9.899,0.018,4155.000,89.191,45.051,9.105,54.950,ON,Moderate coastal haze; Hybrid loop operating; Ceff=1.52x
162,09:20:30,31.510,60.650,58.630,43.220,41.810,31.500,1.175,16.538,17.558,0.716,1.118,687.900,1048.900,1.525,11.840,19.622,0.782,1.221,20.240,21.357,0.748,0.752,11.841,19.630,0.189,9.108,9.902,0.018,4155.000,89.343,45.068,9.108,54.970,ON,Moderate coastal haze; Hybrid loop operating; Ceff=1.52x
163,09:21:00,31.540,60.730,58.710,43.270,41.860,31.510,1.178,16.534,17.554,0.717,1.120,689.000,1051.000,1.526,11.854,19.659,0.784,1.224,20.235,21.354,0.747,0.752,11.855,19.660,0.189,9.104,9.898,0.018,4155.000,89.571,45.092,9.104,54.990,ON,Moderate coastal haze; Hybrid loop operating; Ceff=1.53x
164,09:21:30,31.560,60.800,58.780,43.320,41.900,31.510,1.182,16.530,17.552,0.719,1.123,690.600,1054.100,1.526,11.879,19.713,0.785,1.227,20.230,21.351,0.748,0.752,11.885,19.711,0.189,9.106,9.894,0.018,4155.000,89.875,45.112,9.106,55.006,ON,Moderate coastal haze; Hybrid loop operating; Ceff=1.53x
165,09:22:00,31.590,60.850,58.830,43.360,41.940,31.520,1.188,16.526,17.549,0.721,1.127,692.800,1058.000,1.527,11.914,19.782,0.788,1.232,20.227,21.348,0.747,0.752,11.915,19.778,0.189,9.100,9.891,0.018,4155.000,90.331,45.174,9.100,55.065,ON,Moderate coastal haze; Hybrid loop operating; Ceff=1.53x
166,09:22:30,31.620,60.890,58.870,43.390,41.980,31.530,1.194,16.524,17.547,0.724,1.132,695.400,1062.400,1.528,11.955,19.862,0.791,1.237,20.224,21.346,0.747,0.752,11.963,19.863,0.189,9.102,9.892,0.018,4155.000,90.788,45.214,9.102,55.107,ON,Moderate coastal haze; Hybrid loop operating; Ceff=1.53x
167,09:23:00,31.640,60.920,58.910,43.410,42.010,31.530,1.200,16.522,17.546,0.726,1.137,698.000,1067.000,1.529,11.999,19.946,0.794,1.242,20.222,21.344,0.747,0.752,11.995,19.950,0.189,9.092,9.893,0.018,4155.000,91.244,45.246,9.092,55.138,ON,Moderate coastal haze; Hybrid loop operating; Ceff=1.53x
168,09:23:30,31.670,60.930,58.940,43.430,42.030,31.540,1.206,16.521,17.544,0.729,1.141,700.500,1071.400,1.530,12.040,20.025,0.796,1.247,20.220,21.343,0.748,0.752,12.044,20.018,0.189,9.097,9.886,0.018,4155.000,91.700,45.285,9.097,55.171,ON,Moderate coastal haze; Hybrid loop operating; Ceff=1.53x
169,09:24:00,31.700,60.950,58.960,43.450,42.060,31.540,1.212,16.520,17.543,0.731,1.145,702.600,1075.100,1.530,12.075,20.093,0.799,1.252,20.219,21.341,0.747,0.752,12.076,20.087,0.189,9.094,9.886,0.018,4155.000,92.156,45.354,9.094,55.239,ON,Moderate coastal haze; Hybrid loop operating; Ceff=1.53x
170,09:24:30,31.720,60.960,58.980,43.470,42.080,31.550,1.216,16.519,17.542,0.733,1.148,704.100,1078.000,1.531,12.100,20.146,0.801,1.255,20.218,21.340,0.747,0.752,12.108,20.138,0.189,9.099,9.884,0.018,4155.000,92.460,45.381,9.099,55.265,ON,Moderate coastal haze; Hybrid loop operating; Ceff=1.53x
171,09:25:00,31.750,60.970,59.010,43.480,42.110,31.550,1.218,16.517,17.541,0.733,1.150,705.000,1079.900,1.532,12.115,20.180,0.802,1.257,20.217,21.339,0.747,0.752,12.107,20.172,0.189,9.086,9.883,0.018,4155.000,92.612,45.376,9.086,55.259,ON,Moderate coastal haze; Hybrid loop operating; Ceff=1.53x
172,09:25:30,31.780,60.990,59.040,43.500,42.140,31.560,1.220,16.516,17.539,0.734,1.152,705.300,1081.000,1.533,12.119,20.197,0.802,1.259,20.215,21.337,0.748,0.752,12.123,20.205,0.189,9.094,9.889,0.018,4155.000,92.765,45.404,9.094,55.293,ON,Moderate coastal haze; Hybrid loop operating; Ceff=1.53x
173,09:26:00,31.810,61.020,59.070,43.530,42.170,31.560,1.220,16.514,17.538,0.734,1.152,705.200,1081.300,1.533,12.115,20.202,0.802,1.259,20.213,21.335,0.747,0.752,12.121,20.204,0.189,9.094,9.886,0.018,4155.000,92.765,45.391,9.094,55.278,ON,Moderate coastal haze; Hybrid loop operating; Ceff=1.53x
174,09:26:30,31.840,61.070,59.120,43.570,42.200,31.560,1.221,16.511,17.536,0.733,1.152,704.900,1081.400,1.534,12.107,20.200,0.801,1.259,20.210,21.333,0.748,0.752,12.103,20.201,0.189,9.084,9.884,0.018,4155.000,92.841,45.424,9.084,55.308,ON,Moderate coastal haze; Hybrid loop operating; Ceff=1.53x
175,09:27:00,31.870,61.130,59.180,43.610,42.250,31.570,1.221,16.508,17.533,0.733,1.152,704.600,1081.600,1.535,12.099,20.200,0.801,1.259,20.206,21.330,0.748,0.752,12.100,20.198,0.189,9.086,9.881,0.018,4155.000,92.841,45.416,9.086,55.297,ON,Moderate coastal haze; Hybrid loop operating; Ceff=1.54x
176,09:27:30,31.890,61.200,59.250,43.660,42.300,31.570,1.222,16.503,17.530,0.733,1.153,704.700,1082.200,1.536,12.097,20.208,0.801,1.260,20.202,21.327,0.748,0.752,12.097,20.212,0.189,9.082,9.882,0.018,4155.000,92.917,45.428,9.082,55.310,ON,Moderate coastal haze; Hybrid loop operating; Ceff=1.54x
177,09:28:00,31.920,61.290,59.330,43.720,42.350,31.570,1.224,16.498,17.526,0.734,1.154,705.300,1083.700,1.537,12.102,20.230,0.802,1.261,20.196,21.323,0.747,0.752,12.110,20.225,0.189,9.084,9.875,0.018,4155.000,93.069,45.439,9.084,55.314,ON,Moderate coastal haze; Hybrid loop operating; Ceff=1.54x
178,09:28:30,31.950,61.390,59.420,43.790,42.420,31.580,1.227,16.492,17.522,0.735,1.157,706.400,1086.100,1.537,12.117,20.268,0.803,1.264,20.190,21.319,0.747,0.752,12.122,20.273,0.189,9.079,9.876,0.018,4155.000,93.297,45.450,9.079,55.326,ON,Moderate coastal haze; Hybrid loop operating; Ceff=1.54x
179,09:29:00,31.980,61.510,59.530,43.870,42.480,31.580,1.232,16.486,17.518,0.736,1.160,708.200,1089.300,1.538,12.141,20.323,0.805,1.268,20.183,21.314,0.747,0.752,12.134,20.321,0.189,9.065,9.870,0.018,4155.000,93.677,45.501,9.065,55.372,ON,Moderate coastal haze; Hybrid loop operating; Ceff=1.54x
180,09:29:30,32.010,61.620,59.630,43.950,42.550,31.580,1.237,16.479,17.514,0.739,1.164,710.500,1093.400,1.539,12.174,20.392,0.807,1.273,20.175,21.309,0.748,0.752,12.178,20.386,0.189,9.069,9.865,0.018,4155.000,94.057,45.515,9.069,55.380,ON,Moderate coastal haze; Hybrid loop operating; Ceff=1.54x
181,09:30:00,32.040,61.740,59.740,44.030,42.630,31.590,1.244,16.473,17.509,0.741,1.169,713.000,1097.800,1.540,12.211,20.469,0.810,1.278,20.168,21.304,0.747,0.752,12.206,20.468,0.189,9.058,9.865,0.018,4155.000,94.589,45.589,9.058,55.454,ON,Moderate coastal haze; Hybrid loop operating; Ceff=1.54x
182,09:30:30,32.070,61.860,59.840,44.110,42.700,31.590,1.250,16.466,17.505,0.744,1.174,715.600,1102.300,1.540,12.249,20.546,0.813,1.283,20.161,21.299,0.747,0.752,12.251,20.551,0.189,9.058,9.864,0.018,4155.000,95.046,45.622,9.058,55.486,ON,Moderate coastal haze; Hybrid loop operating; Ceff=1.54x
183,09:31:00,32.100,61.960,59.940,44.180,42.770,31.590,1.256,16.460,17.500,0.746,1.178,717.900,1106.400,1.541,12.283,20.616,0.816,1.287,20.154,21.294,0.747,0.752,12.279,20.615,0.189,9.050,9.858,0.018,4155.000,95.502,45.671,9.050,55.529,ON,Moderate coastal haze; Hybrid loop operating; Ceff=1.54x
184,09:31:30,32.120,62.050,60.020,44.250,42.830,31.590,1.261,16.455,17.497,0.748,1.182,719.700,1109.800,1.542,12.310,20.674,0.818,1.291,20.149,21.290,0.747,0.752,12.308,20.681,0.189,9.049,9.860,0.018,4155.000,95.882,45.712,9.049,55.572,ON,Moderate coastal haze; Hybrid loop operating; Ceff=1.54x
185,09:32:00,32.150,62.120,60.100,44.300,42.880,31.600,1.264,16.451,17.493,0.749,1.184,721.000,1112.300,1.543,12.327,20.716,0.819,1.294,20.144,21.287,0.747,0.752,12.322,20.712,0.189,9.042,9.852,0.018,4155.000,96.110,45.718,9.042,55.570,ON,Moderate coastal haze; Hybrid loop operating; Ceff=1.54x
186,09:32:30,32.180,62.180,60.150,44.350,42.930,31.600,1.267,16.447,17.491,0.750,1.186,721.700,1113.900,1.544,12.335,20.741,0.820,1.296,20.140,21.284,0.747,0.752,12.335,20.744,0.189,9.043,9.854,0.018,4155.000,96.338,45.760,9.043,55.614,ON,Moderate coastal haze; Hybrid loop operating; Ceff=1.54x
187,09:33:00,32.210,62.220,60.200,44.380,42.960,31.600,1.268,16.445,17.489,0.750,1.187,721.800,1114.700,1.544,12.336,20.753,0.820,1.297,20.138,21.282,0.747,0.752,12.334,20.759,0.189,9.041,9.854,0.018,4155.000,96.414,45.764,9.041,55.617,ON,Moderate coastal haze; Hybrid loop operating; Ceff=1.54x
188,09:33:30,32.240,62.240,60.230,44.400,42.990,31.600,1.268,16.443,17.487,0.750,1.187,721.600,1114.900,1.545,12.331,20.755,0.820,1.297,20.136,21.280,0.747,0.752,12.332,20.757,0.189,9.042,9.851,0.018,4155.000,96.414,45.756,9.042,55.606,ON,Moderate coastal haze; Hybrid loop operating; Ceff=1.55x
189,09:34:00,32.260,62.250,60.250,44.420,43.020,31.600,1.268,16.442,17.486,0.750,1.187,721.300,1115.100,1.546,12.325,20.756,0.819,1.297,20.135,21.279,0.747,0.752,12.332,20.756,0.189,9.046,9.848,0.018,4155.000,96.414,45.747,9.046,55.596,ON,Moderate coastal haze; Hybrid loop operating; Ceff=1.55x
190,09:34:30,32.290,62.260,60.260,44.430,43.030,31.610,1.269,16.442,17.485,0.749,1.187,721.200,1115.500,1.547,12.323,20.762,0.819,1.298,20.134,21.278,0.747,0.752,12.315,20.755,0.189,9.035,9.844,0.018,4155.000,96.490,45.767,9.035,55.611,ON,Moderate coastal haze; Hybrid loop operating; Ceff=1.55x
191,09:35:00,32.320,62.260,60.280,44.440,43.050,31.610,1.270,16.441,17.484,0.750,1.188,721.600,1116.500,1.547,12.328,20.780,0.819,1.299,20.133,21.277,0.748,0.752,12.331,20.771,0.189,9.041,9.843,0.018,4155.000,96.566,45.762,9.041,55.605,ON,Moderate coastal haze; Hybrid loop operating; Ceff=1.55x
192,09:35:30,32.340,62.280,60.300,44.460,43.080,31.610,1.273,16.440,17.483,0.751,1.191,722.400,1118.400,1.548,12.342,20.814,0.820,1.301,20.132,21.275,0.748,0.752,12.346,20.822,0.189,9.043,9.851,0.018,4155.000,96.794,45.792,9.043,55.643,ON,Moderate coastal haze; Hybrid loop operating; Ceff=1.55x
193,09:36:00,32.370,62.300,60.330,44.480,43.110,31.610,1.277,16.438,17.481,0.752,1.194,724.000,1121.300,1.549,12.366,20.865,0.822,1.304,20.130,21.274,0.747,0.752,12.361,20.872,0.189,9.034,9.849,0.018,4155.000,97.099,45.817,9.034,55.666,ON,Moderate coastal haze; Hybrid loop operating; Ceff=1.55x
194,09:36:30,32.400,62.340,60.380,44.520,43.140,31.610,1.283,16.436,17.479,0.754,1.198,726.000,1125.100,1.550,12.399,20.933,0.824,1.309,20.127,21.271,0.748,0.752,12.393,20.940,0.189,9.032,9.847,0.018,4155.000,97.555,45.877,9.032,55.724,ON,Moderate coastal haze; Hybrid loop operating; Ceff=1.55x
195,09:37:00,32.420,62.410,60.440,44.560,43.190,31.610,1.289,16.432,17.477,0.757,1.202,728.500,1129.500,1.550,12.439,21.011,0.827,1.314,20.123,21.268,0.747,0.752,12.439,21.007,0.189,9.034,9.841,0.018,4155.000,98.011,45.912,9.034,55.753,ON,Moderate coastal haze; Hybrid loop operating; Ceff=1.55x
196,09:37:30,32.440,62.490,60.520,44.620,43.240,31.620,1.296,16.427,17.473,0.760,1.207,731.200,1134.200,1.551,12.480,21.094,0.830,1.319,20.118,21.265,0.747,0.752,12.485,21.090,0.189,9.034,9.838,0.018,4155.000,98.543,45.970,9.034,55.808,ON,Moderate coastal haze; Hybrid loop operating; Ceff=1.55x
197,09:38:00,32.470,62.580,60.610,44.690,43.310,31.620,1.302,16.422,17.469,0.762,1.212,733.800,1138.800,1.552,12.519,21.173,0.833,1.325,20.112,21.260,0.747,0.752,12.514,21.172,0.189,9.023,9.837,0.018,4155.000,99.000,45.996,9.023,55.833,ON,Moderate coastal haze; Hybrid loop operating; Ceff=1.55x
198,09:38:30,32.490,62.700,60.710,44.770,43.380,31.620,1.308,16.415,17.465,0.765,1.216,736.100,1142.900,1.553,12.552,21.242,0.836,1.329,20.105,21.255,0.747,0.752,12.557,21.237,0.189,9.026,9.832,0.018,4155.000,99.456,46.043,9.026,55.874,ON,Moderate coastal haze; Hybrid loop operating; Ceff=1.55x
199,09:39:00,32.520,62.820,60.820,44.850,43.450,31.620,1.313,16.408,17.460,0.766,1.220,737.900,1146.200,1.553,12.575,21.297,0.838,1.333,20.097,21.250,0.747,0.752,12.569,21.301,0.189,9.012,9.833,0.018,4155.000,99.836,46.086,9.012,55.918,ON,Moderate coastal haze; Hybrid loop operating; Ceff=1.55x
200,09:39:30,32.540,62.950,60.940,44.940,43.530,31.620,1.317,16.401,17.455,0.768,1.222,739.100,1148.600,1.554,12.588,21.333,0.839,1.336,20.089,21.245,0.747,0.752,12.596,21.330,0.189,9.017,9.826,0.018,4155.000,100.140,46.129,9.017,55.955,ON,Moderate coastal haze; Hybrid loop operating; Ceff=1.55x
201,09:40:00,32.560,63.070,61.050,45.020,43.600,31.630,1.319,16.394,17.451,0.768,1.224,739.600,1150.000,1.555,12.592,21.353,0.839,1.337,20.082,21.240,0.747,0.752,12.591,21.360,0.189,9.007,9.827,0.018,4155.000,100.292,46.143,9.007,55.971,ON,Moderate coastal haze; Hybrid loop operating; Ceff=1.55x
202,09:40:30,32.580,63.190,61.150,45.090,43.670,31.630,1.320,16.388,17.446,0.768,1.224,739.800,1150.800,1.556,12.587,21.360,0.839,1.338,20.075,21.235,0.747,0.752,12.586,21.354,0.189,9.001,9.818,0.018,4155.000,100.368,46.146,9.001,55.964,ON,Moderate coastal haze; Hybrid loop operating; Ceff=1.56x
203,09:41:00,32.600,63.290,61.250,45.160,43.730,31.630,1.320,16.382,17.443,0.768,1.225,739.700,1151.100,1.556,12.580,21.361,0.839,1.338,20.068,21.231,0.747,0.752,12.581,21.368,0.189,8.999,9.822,0.018,4155.000,100.368,46.134,8.999,55.956,ON,Moderate coastal haze; Hybrid loop operating; Ceff=1.56x
204,09:41:30,32.620,63.370,61.320,45.220,43.780,31.630,1.321,16.377,17.439,0.768,1.225,739.600,1151.500,1.557,12.574,21.364,0.839,1.339,20.063,21.228,0.747,0.752,12.578,21.363,0.189,8.998,9.816,0.018,4155.000,100.444,46.153,8.998,55.969,ON,Moderate coastal haze; Hybrid loop operating; Ceff=1.56x
205,09:42:00,32.640,63.430,61.390,45.260,43.830,31.640,1.322,16.373,17.437,0.768,1.226,739.700,1152.300,1.558,12.573,21.375,0.839,1.340,20.059,21.225,0.747,0.752,12.574,21.378,0.189,8.994,9.816,0.018,4155.000,100.520,46.156,8.994,55.972,ON,Moderate coastal haze; Hybrid loop operating; Ceff=1.56x
206,09:42:30,32.660,63.480,61.430,45.300,43.860,31.640,1.324,16.370,17.435,0.769,1.227,740.400,1153.900,1.558,12.581,21.401,0.840,1.342,20.056,21.223,0.747,0.751,12.589,21.393,0.189,8.996,9.809,0.018,4155.000,100.672,46.162,8.996,55.971,ON,Moderate coastal haze; Hybrid loop operating; Ceff=1.56x
207,09:43:00,32.680,63.510,61.470,45.320,43.890,31.640,1.328,16.369,17.433,0.770,1.230,741.600,1156.400,1.559,12.601,21.445,0.841,1.344,20.054,21.221,0.747,0.752,12.604,21.443,0.189,8.993,9.811,0.018,4155.000,100.976,46.201,8.993,56.012,ON,Moderate coastal haze; Hybrid loop operating; Ceff=1.56x
208,09:43:30,32.700,63.530,61.490,45.340,43.910,31.640,1.333,16.367,17.432,0.772,1.234,743.500,1159.800,1.560,12.631,21.507,0.843,1.348,20.052,21.220,0.747,0.752,12.635,21.511,0.189,8.992,9.813,0.018,4155.000,101.357,46.239,8.992,56.052,ON,Moderate coastal haze; Hybrid loop operating; Ceff=1.56x
209,09:44:00,32.720,63.540,61.510,45.350,43.930,31.650,1.339,16.366,17.431,0.774,1.238,745.900,1164.100,1.561,12.671,21.585,0.846,1.353,20.051,21.219,0.747,0.752,12.667,21.580,0.189,8.985,9.808,0.018,4155.000,101.813,46.275,8.985,56.084,ON,Moderate coastal haze; Hybrid loop operating; Ceff=1.56x
210,09:44:30,32.730,63.540,61.530,45.360,43.950,31.650,1.346,16.366,17.430,0.777,1.243,748.600,1168.900,1.561,12.717,21.672,0.849,1.359,20.051,21.218,0.747,0.752,12.716,21.665,0.189,8.988,9.807,0.018,4155.000,102.345,46.326,8.988,56.133,ON,Moderate coastal haze; Hybrid loop operating; Ceff=1.56x
211,09:45:00,32.750,63.550,61.550,45.370,43.970,31.650,1.353,16.365,17.429,0.780,1.249,751.400,1173.800,1.562,12.763,21.762,0.852,1.365,20.050,21.217,0.747,0.751,12.765,21.769,0.189,8.988,9.812,0.018,4155.000,102.877,46.373,8.988,56.185,ON,Moderate coastal haze; Hybrid loop operating; Ceff=1.56x
212,09:45:30,32.770,63.570,61.570,45.380,43.990,31.660,1.360,16.364,17.428,0.783,1.253,754.000,1178.400,1.563,12.806,21.845,0.855,1.370,20.048,21.215,0.747,0.752,12.813,21.837,0.189,8.991,9.805,0.018,4155.000,103.410,46.431,8.991,56.236,ON,Moderate coastal haze; Hybrid loop operating; Ceff=1.56x
213,09:46:00,32.780,63.590,61.610,45.410,44.020,31.660,1.366,16.362,17.427,0.785,1.258,756.200,1182.300,1.564,12.841,21.916,0.858,1.374,20.047,21.214,0.747,0.752,12.844,21.923,0.189,8.987,9.811,0.018,4155.000,103.866,46.482,8.987,56.293,ON,Moderate coastal haze; Hybrid loop operating; Ceff=1.56x
214,09:46:30,32.800,63.630,61.650,45.430,44.050,31.670,1.370,16.359,17.425,0.786,1.261,757.800,1185.400,1.564,12.866,21.970,0.860,1.378,20.044,21.212,0.746,0.752,12.858,21.973,0.189,8.978,9.808,0.018,4155.000,104.170,46.496,8.978,56.304,ON,Moderate coastal haze; Hybrid loop operating; Ceff=1.56x
215,09:47:00,32.810,63.690,61.710,45.470,44.090,31.670,1.373,16.356,17.423,0.787,1.263,758.800,1187.500,1.565,12.880,22.005,0.861,1.380,20.040,21.209,0.746,0.752,12.872,22.005,0.189,8.976,9.805,0.018,4155.000,104.398,46.515,8.976,56.320,ON,Moderate coastal haze; Hybrid loop operating; Ceff=1.56x
216,09:47:30,32.820,63.760,61.780,45.520,44.130,31.680,1.375,16.352,17.420,0.788,1.264,759.200,1188.700,1.566,12.883,22.023,0.861,1.382,20.036,21.207,0.747,0.751,12.885,22.019,0.189,8.980,9.801,0.018,4155.000,104.550,46.536,8.980,56.337,ON,Moderate coastal haze; Hybrid loop operating; Ceff=1.57x
217,09:48:00,32.840,63.840,61.850,45.570,44.180,31.680,1.376,16.347,17.417,0.788,1.265,759.200,1189.300,1.566,12.879,22.029,0.861,1.382,20.031,21.203,0.747,0.752,12.881,22.033,0.189,8.977,9.802,0.018,4155.000,104.626,46.547,8.977,56.348,ON,Moderate coastal haze; Hybrid loop operating; Ceff=1.57x
218,09:48:30,32.850,63.930,61.940,45.630,44.230,31.690,1.376,16.342,17.414,0.788,1.265,759.100,1189.600,1.567,12.871,22.030,0.861,1.383,20.025,21.200,0.747,0.751,12.877,22.029,0.189,8.976,9.798,0.018,4155.000,104.626,46.535,8.976,56.333,ON,Moderate coastal haze; Hybrid loop operating; Ceff=1.57x
219,09:49:00,32.860,64.030,62.030,45.690,44.280,31.690,1.377,16.336,17.410,0.788,1.266,759.100,1190.100,1.568,12.865,22.034,0.861,1.383,20.019,21.196,0.746,0.752,12.873,22.041,0.189,8.972,9.799,0.018,4155.000,104.702,46.549,8.972,56.348,ON,Moderate coastal haze; Hybrid loop operating; Ceff=1.57x
220,09:49:30,32.870,64.130,62.120,45.750,44.340,31.700,1.379,16.331,17.407,0.788,1.267,759.400,1191.100,1.568,12.865,22.048,0.861,1.384,20.012,21.192,0.747,0.752,12.869,22.055,0.189,8.966,9.797,0.018,4155.000,104.854,46.578,8.966,56.374,ON,Moderate coastal haze; Hybrid loop operating; Ceff=1.57x
221,09:50:00,32.880,64.240,62.210,45.810,44.390,31.700,1.381,16.325,17.403,0.789,1.269,760.300,1193.000,1.569,12.874,22.077,0.862,1.386,20.006,21.188,0.747,0.752,12.880,22.084,0.189,8.964,9.795,0.018,4155.000,105.006,46.571,8.964,56.365,ON,Moderate coastal haze; Hybrid loop operating; Ceff=1.57x
222,09:50:30,32.890,64.330,62.300,45.870,44.450,31.710,1.385,16.319,17.400,0.790,1.271,761.700,1195.800,1.570,12.893,22.124,0.863,1.390,20.000,21.185,0.747,0.751,12.892,22.115,0.189,8.955,9.785,0.018,4155.000,105.311,46.596,8.955,56.382,ON,Moderate coastal haze; Hybrid loop operating; Ceff=1.57x
223,09:51:00,32.910,64.420,62.380,45.930,44.500,31.710,1.391,16.314,17.397,0.792,1.275,763.700,1199.500,1.571,12.922,22.188,0.866,1.394,19.994,21.181,0.746,0.751,12.921,22.181,0.189,8.952,9.784,0.018,4155.000,105.767,46.654,8.952,56.438,ON,Moderate coastal haze; Hybrid loop operating; Ceff=1.57x
224,09:51:30,32.920,64.500,62.450,45.980,44.540,31.720,1.397,16.310,17.394,0.795,1.280,766.200,1203.900,1.571,12.960,22.265,0.868,1.399,19.989,21.178,0.747,0.751,12.966,22.264,0.189,8.954,9.785,0.018,4155.000,106.223,46.684,8.954,56.469,ON,Moderate coastal haze; Hybrid loop operating; Ceff=1.57x
225,09:52:00,32.930,64.560,62.510,46.010,44.580,31.730,1.404,16.306,17.392,0.797,1.285,768.900,1208.700,1.572,13.001,22.349,0.871,1.404,19.985,21.176,0.747,0.752,12.996,22.349,0.189,8.943,9.783,0.018,4155.000,106.755,46.731,8.943,56.514,ON,Moderate coastal haze; Hybrid loop operating; Ceff=1.57x
226,09:52:30,32.930,64.610,62.560,46.050,44.610,31.730,1.411,16.303,17.390,0.800,1.290,771.500,1213.400,1.573,13.043,22.433,0.874,1.410,19.982,21.174,0.747,0.751,13.042,22.433,0.189,8.945,9.782,0.018,4155.000,107.288,46.782,8.945,56.564,ON,Moderate coastal haze; Hybrid loop operating; Ceff=1.57x
227,09:53:00,32.940,64.640,62.600,46.070,44.630,31.740,1.418,16.301,17.389,0.802,1.294,773.900,1217.600,1.573,13.081,22.508,0.877,1.415,19.980,21.172,0.747,0.751,13.073,22.501,0.189,8.938,9.778,0.018,4155.000,107.820,46.852,8.938,56.630,ON,Moderate coastal haze; Hybrid loop operating; Ceff=1.57x
228,09:53:30,32.950,64.660,62.620,46.080,44.650,31.750,1.423,16.300,17.388,0.804,1.298,775.700,1221.000,1.574,13.110,22.570,0.879,1.419,19.979,21.171,0.747,0.751,13.105,22.570,0.189,8.939,9.780,0.018,4155.000,108.200,46.887,8.939,56.667,ON,Moderate coastal haze; Hybrid loop operating; Ceff=1.57x
229,09:54:00,32.960,64.660,62.640,46.080,44.670,31.760,1.426,16.300,17.387,0.806,1.301,776.900,1223.400,1.575,13.130,22.615,0.880,1.421,19.978,21.171,0.747,0.752,13.138,22.620,0.189,8.947,9.783,0.018,4155.000,108.428,46.893,8.947,56.676,ON,Moderate coastal haze; Hybrid loop operating; Ceff=1.57x
230,09:54:30,32.970,64.660,62.650,46.080,44.670,31.770,1.429,16.299,17.387,0.806,1.302,777.500,1224.900,1.575,13.140,22.641,0.881,1.423,19.978,21.170,0.747,0.752,13.137,22.638,0.189,8.940,9.779,0.018,4155.000,108.656,46.934,8.940,56.713,ON,Moderate coastal haze; Hybrid loop operating; Ceff=1.58x
231,09:55:00,32.980,64.650,62.650,46.080,44.680,31.770,1.430,16.300,17.387,0.806,1.303,777.600,1225.600,1.576,13.142,22.653,0.881,1.424,19.978,21.170,0.747,0.751,13.138,22.655,0.189,8.939,9.780,0.018,4155.000,108.732,46.940,8.939,56.721,ON,Moderate coastal haze; Hybrid loop operating; Ceff=1.58x
232,09:55:30,32.990,64.640,62.650,46.070,44.680,31.780,1.430,16.300,17.387,0.806,1.303,777.400,1225.700,1.577,13.138,22.656,0.881,1.424,19.978,21.170,0.746,0.752,13.138,22.655,0.189,8.942,9.780,0.018,4155.000,108.732,46.937,8.942,56.716,ON,Moderate coastal haze; Hybrid loop operating; Ceff=1.58x
233,09:56:00,32.990,64.640,62.660,46.070,44.690,31.790,1.430,16.299,17.387,0.806,1.303,777.000,1225.700,1.577,13.132,22.657,0.881,1.424,19.978,21.170,0.746,0.752,13.137,22.655,0.189,8.946,9.780,0.018,4155.000,108.732,46.937,8.946,56.716,ON,Moderate coastal haze; Hybrid loop operating; Ceff=1.58x
234,09:56:30,33.000,64.650,62.680,46.070,44.690,31.800,1.430,16.299,17.387,0.806,1.303,776.900,1226.100,1.578,13.130,22.662,0.880,1.425,19.977,21.170,0.747,0.751,13.137,22.655,0.189,8.947,9.776,0.018,4155.000,108.732,46.921,8.947,56.698,ON,Moderate coastal haze; Hybrid loop operating; Ceff=1.58x
235,09:57:00,33.010,64.670,62.700,46.090,44.710,31.810,1.432,16.297,17.386,0.806,1.304,777.200,1227.100,1.579,13.133,22.679,0.881,1.426,19.976,21.169,0.746,0.751,13.135,22.671,0.189,8.942,9.775,0.018,4155.000,108.884,46.949,8.942,56.724,ON,Moderate coastal haze; Hybrid loop operating; Ceff=1.58x
236,09:57:30,33.020,64.710,62.740,46.110,44.730,31.820,1.435,16.295,17.385,0.807,1.306,778.100,1228.900,1.579,13.145,22.712,0.882,1.428,19.973,21.168,0.746,0.751,13.150,22.705,0.189,8.942,9.776,0.018,4155.000,109.112,46.978,8.942,56.754,ON,Moderate coastal haze; Hybrid loop operating; Ceff=1.58x
237,09:58:00,33.030,64.770,62.800,46.140,44.760,31.830,1.439,16.292,17.383,0.808,1.309,779.600,1231.800,1.580,13.167,22.761,0.883,1.431,19.969,21.165,0.747,0.752,13.164,22.754,0.189,8.934,9.774,0.018,4155.000,109.417,46.998,8.934,56.772,ON,Moderate coastal haze; Hybrid loop operating; Ceff=1.58x
238,09:58:30,33.030,64.840,62.860,46.190,44.800,31.840,1.444,16.287,17.380,0.810,1.313,781.500,1235.400,1.581,13.196,22.825,0.885,1.435,19.965,21.163,0.747,0.752,13.192,22.820,0.189,8.932,9.773,0.018,4155.000,109.797,47.024,8.932,56.797,ON,Moderate coastal haze; Hybrid loop operating; Ceff=1.58x
239,09:59:00,33.040,64.930,62.940,46.240,44.850,31.850,1.451,16.283,17.377,0.813,1.318,783.900,1239.700,1.581,13.231,22.898,0.888,1.440,19.959,21.160,0.747,0.751,13.238,22.903,0.189,8.935,9.775,0.018,4155.000,110.329,47.088,8.935,56.863,ON,Moderate coastal haze; Hybrid loop operating; Ceff=1.58x
240,09:59:30,33.050,65.020,63.030,46.300,44.900,31.860,1.457,16.277,17.374,0.815,1.322,786.300,1244.100,1.582,13.267,22.974,0.891,1.445,19.954,21.156,0.746,0.752,13.266,22.968,0.189,8.927,9.768,0.018,4155.000,110.785,47.116,8.927,56.884,ON,Moderate coastal haze; Hybrid loop operating; Ceff=1.58x
241,10:00:00,33.060,65.120,63.120,46.360,44.950,31.870,1.463,16.272,17.371,0.817,1.327,788.600,1248.200,1.583,13.300,23.046,0.893,1.450,19.947,21.152,0.747,0.751,13.294,23.051,0.189,8.920,9.771,0.018,4155.000,111.241,47.154,8.920,56.925,ON,Moderate coastal haze; Hybrid loop operating; Ceff=1.58x
242,10:00:30,33.070,65.220,63.200,46.410,45.000,31.880,1.469,16.266,17.367,0.819,1.330,790.600,1251.800,1.583,13.327,23.106,0.895,1.454,19.942,21.149,0.747,0.751,13.322,23.098,0.189,8.916,9.763,0.018,4155.000,111.698,47.211,8.916,56.974,ON,Moderate coastal haze; Hybrid loop operating; Ceff=1.58x
243,10:01:00,33.080,65.310,63.280,46.470,45.050,31.890,1.473,16.261,17.364,0.821,1.333,791.900,1254.500,1.584,13.344,23.150,0.897,1.457,19.936,21.145,0.746,0.751,13.350,23.146,0.189,8.920,9.762,0.018,4155.000,112.002,47.238,8.920,57.000,ON,Moderate coastal haze; Hybrid loop operating; Ceff=1.58x
244,10:01:30,33.080,65.380,63.350,46.510,45.090,31.900,1.475,16.257,17.362,0.821,1.335,792.700,1256.100,1.585,13.352,23.177,0.898,1.459,19.931,21.143,0.746,0.751,13.347,23.178,0.189,8.909,9.763,0.018,4155.000,112.154,47.242,8.909,57.005,ON,Moderate coastal haze; Hybrid loop operating; Ceff=1.58x
245,10:02:00,33.090,65.440,63.410,46.550,45.130,31.910,1.476,16.254,17.360,0.821,1.336,792.800,1256.900,1.585,13.351,23.187,0.898,1.460,19.928,21.140,0.746,0.751,13.345,23.193,0.189,8.906,9.763,0.018,4155.000,112.230,47.244,8.906,57.007,ON,Moderate coastal haze; Hybrid loop operating; Ceff=1.59x
246,10:02:30,33.100,65.470,63.440,46.570,45.150,31.920,1.476,16.251,17.358,0.821,1.336,792.500,1256.900,1.586,13.344,23.185,0.897,1.460,19.925,21.139,0.747,0.751,13.342,23.190,0.189,8.908,9.762,0.018,4155.000,112.230,47.244,8.908,57.006,ON,Moderate coastal haze; Hybrid loop operating; Ceff=1.59x
247,10:03:00,33.110,65.490,63.470,46.580,45.160,31.930,1.476,16.250,17.358,0.821,1.335,792.000,1256.600,1.587,13.334,23.178,0.897,1.459,19.924,21.138,0.746,0.752,13.341,23.173,0.189,8.913,9.757,0.018,4155.000,112.230,47.255,8.913,57.012,ON,Moderate coastal haze; Hybrid loop operating; Ceff=1.59x
248,10:03:30,33.120,65.490,63.470,46.580,45.170,31.940,1.475,16.250,17.358,0.820,1.335,791.500,1256.300,1.587,13.325,23.173,0.896,1.459,19.924,21.138,0.746,0.751,13.325,23.173,0.189,8.907,9.759,0.018,4155.000,112.154,47.234,8.907,56.994,ON,Moderate coastal haze; Hybrid loop operating; Ceff=1.59x
249,10:04:00,33.130,65.470,63.470,46.570,45.160,31.950,1.476,16.251,17.358,0.820,1.335,791.300,1256.500,1.588,13.322,23.177,0.896,1.459,19.925,21.138,0.746,0.752,13.326,23.173,0.189,8.910,9.758,0.018,4155.000,112.230,47.259,8.910,57.017,ON,Moderate coastal haze; Hybrid loop operating; Ceff=1.59x
250,10:04:30,33.140,65.450,63.460,46.560,45.160,31.960,1.477,16.252,17.359,0.820,1.336,791.600,1257.500,1.589,13.328,23.196,0.896,1.460,19.926,21.139,0.747,0.752,13.327,23.192,0.189,8.907,9.758,0.018,4155.000,112.306,47.253,8.907,57.011,ON,Moderate coastal haze; Hybrid loop operating; Ceff=1.59x
251,10:05:00,33.150,65.430,63.440,46.540,45.150,31.970,1.480,16.253,17.359,0.821,1.338,792.500,1259.400,1.589,13.345,23.232,0.897,1.463,19.927,21.140,0.747,0.751,13.344,23.226,0.189,8.909,9.758,0.018,4155.000,112.534,47.278,8.909,57.036,ON,Moderate coastal haze; Hybrid loop operating; Ceff=1.59x
252,10:05:30,33.170,65.400,63.430,46.530,45.150,31.980,1.484,16.254,17.360,0.823,1.341,793.900,1262.200,1.590,13.371,23.286,0.899,1.466,19.928,21.140,0.746,0.751,13.377,23.280,0.189,8.915,9.759,0.018,4155.000,112.838,47.301,8.915,57.059,ON,Moderate coastal haze; Hybrid loop operating; Ceff=1.59x
253,10:06:00,33.180,65.390,63.430,46.520,45.150,31.990,1.490,16.254,17.360,0.825,1.345,795.900,1265.900,1.590,13.404,23.353,0.901,1.470,19.928,21.140,0.747,0.751,13.410,23.349,0.189,8.914,9.759,0.018,4155.000,113.294,47.353,8.914,57.112,ON,Moderate coastal haze; Hybrid loop operating; Ceff=1.59x
254,10:06:30,33.190,65.400,63.440,46.530,45.160,32.000,1.496,16.254,17.359,0.827,1.350,798.200,1270.000,1.591,13.442,23.428,0.904,1.475,19.928,21.140,0.746,0.751,13.442,23.435,0.189,8.910,9.763,0.018,4155.000,113.751,47.390,8.910,57.153,ON,Moderate coastal haze; Hybrid loop operating; Ceff=1.59x
255,10:07:00,33.200,65.420,63.470,46.550,45.180,32.010,1.502,16.252,17.358,0.829,1.354,800.400,1274.100,1.592,13.478,23.502,0.906,1.480,19.926,21.139,0.747,0.751,13.473,23.503,0.189,8.906,9.760,0.018,4155.000,114.207,47.427,8.906,57.187,ON,Moderate coastal haze; Hybrid loop operating; Ceff=1.59x
256,10:07:30,33.220,65.460,63.510,46.570,45.210,32.020,1.508,16.250,17.356,0.831,1.358,802.500,1277.800,1.592,13.510,23.568,0.909,1.484,19.924,21.137,0.746,0.751,13.504,23.569,0.189,8.903,9.759,0.018,4155.000,114.663,47.479,8.903,57.238,ON,Moderate coastal haze; Hybrid loop operating; Ceff=1.59x
257,10:08:00,33.230,65.520,63.560,46.610,45.250,32.040,1.513,16.247,17.354,0.833,1.361,804.100,1280.800,1.593,13.533,23.620,0.910,1.487,19.920,21.134,0.747,0.752,13.534,23.619,0.189,8.905,9.757,0.018,4155.000,115.043,47.525,8.905,57.282,ON,Moderate coastal haze; Hybrid loop operating; Ceff=1.59x
258,10:08:30,33.240,65.590,63.630,46.660,45.290,32.050,1.516,16.242,17.351,0.834,1.363,805.100,1282.900,1.594,13.546,23.654,0.911,1.490,19.915,21.131,0.747,0.751,13.546,23.649,0.189,8.902,9.754,0.018,4155.000,115.271,47.541,8.902,57.294,ON,Moderate coastal haze; Hybrid loop operating; Ceff=1.59x
259,10:09:00,33.260,65.680,63.710,46.720,45.340,32.060,1.517,16.237,17.348,0.834,1.364,805.400,1284.000,1.594,13.547,23.669,0.912,1.491,19.910,21.128,0.746,0.751,13.542,23.663,0.189,8.896,9.751,0.018,4155.000,115.347,47.531,8.896,57.282,ON,Moderate coastal haze; Hybrid loop operating; Ceff=1.59x
260,10:09:30,33.270,65.770,63.790,46.780,45.390,32.070,1.518,16.232,17.345,0.834,1.365,805.300,1284.300,1.595,13.539,23.668,0.912,1.491,19.904,21.124,0.746,0.751,13.537,23.676,0.189,8.894,9.754,0.018,4155.000,115.423,47.552,8.894,57.306,ON,Moderate coastal haze; Hybrid loop operating; Ceff=1.59x
261,10:10:00,33.290,65.860,63.880,46.840,45.450,32.080,1.517,16.227,17.342,0.833,1.364,804.800,1284.000,1.595,13.525,23.657,0.911,1.491,19.898,21.120,0.746,0.751,13.517,23.654,0.189,8.887,9.747,0.018,4155.000,115.347,47.531,8.887,57.279,ON,Moderate coastal haze; Hybrid loop operating; Ceff=1.6x
262,10:10:30,33.310,65.950,63.950,46.890,45.500,32.090,1.517,16.222,17.338,0.833,1.364,804.200,1283.500,1.596,13.510,23.642,0.910,1.490,19.893,21.117,0.746,0.751,13.513,23.649,0.189,8.890,9.749,0.018,4155.000,115.347,47.550,8.890,57.299,ON,Moderate coastal haze; Hybrid loop operating; Ceff=1.6x
263,10:11:00,33.320,66.030,64.030,46.950,45.540,32.100,1.516,16.217,17.336,0.832,1.363,803.700,1283.300,1.597,13.497,23.633,0.910,1.490,19.888,21.114,0.746,0.751,13.493,23.629,0.189,8.883,9.742,0.018,4155.000,115.271,47.526,8.883,57.268,ON,Moderate coastal haze; Hybrid loop operating; Ceff=1.6x
264,10:11:30,33.340,66.100,64.090,46.990,45.580,32.110,1.517,16.214,17.333,0.832,1.364,803.700,1283.700,1.597,13.492,23.636,0.909,1.490,19.884,21.111,0.746,0.751,13.490,23.642,0.189,8.881,9.745,0.018,4155.000,115.347,47.543,8.881,57.287,ON,Moderate coastal haze; Hybrid loop operating; Ceff=1.6x
265,10:12:00,33.360,66.160,64.140,47.030,45.610,32.120,1.519,16.210,17.331,0.833,1.365,804.200,1284.900,1.598,13.497,23.656,0.910,1.492,19.880,21.109,0.746,0.751,13.503,23.657,0.189,8.884,9.741,0.018,4155.000,115.499,47.561,8.884,57.302,ON,Moderate coastal haze; Hybrid loop operating; Ceff=1.6x
266,10:12:30,33.380,66.190,64.170,47.060,45.640,32.130,1.522,16.208,17.329,0.834,1.367,805.300,1287.200,1.598,13.514,23.696,0.911,1.494,19.878,21.107,0.746,0.751,13.517,23.689,0.189,8.881,9.737,0.018,4155.000,115.728,47.570,8.881,57.307,ON,Moderate coastal haze; Hybrid loop operating; Ceff=1.6x
267,10:13:00,33.400,66.220,64.200,47.080,45.660,32.130,1.527,16.207,17.328,0.836,1.371,807.000,1290.400,1.599,13.541,23.752,0.913,1.498,19.876,21.106,0.746,0.751,13.549,23.757,0.189,8.883,9.741,0.018,4155.000,116.108,47.607,8.883,57.348,ON,Moderate coastal haze; Hybrid loop operating; Ceff=1.6x
268,10:13:30,33.420,66.230,64.220,47.090,45.680,32.140,1.533,16.206,17.327,0.838,1.375,809.100,1294.300,1.600,13.576,23.822,0.916,1.503,19.875,21.105,0.746,0.751,13.581,23.825,0.189,8.881,9.739,0.018,4155.000,116.564,47.651,8.881,57.390,ON,Moderate coastal haze; Hybrid loop operating; Ceff=1.6x
269,10:14:00,33.440,66.230,64.230,47.100,45.690,32.150,1.539,16.206,17.327,0.840,1.379,811.400,1298.500,1.600,13.614,23.898,0.918,1.507,19.875,21.104,0.746,0.751,13.613,23.894,0.189,8.877,9.736,0.018,4155.000,117.020,47.682,8.877,57.418,ON,Moderate coastal haze; Hybrid loop operating; Ceff=1.6x
270,10:14:30,33.460,66.230,64.230,47.100,45.710,32.160,1.546,16.206,17.326,0.842,1.384,813.700,1302.600,1.601,13.652,23.973,0.921,1.512,19.875,21.103,0.746,0.751,13.645,23.979,0.189,8.873,9.740,0.018,4155.000,117.552,47.748,8.873,57.488,ON,Moderate coastal haze; Hybrid loop operating; Ceff=1.6x
271,10:15:00,33.480,66.220,64.240,47.110,45.720,32.170,1.551,16.206,17.325,0.844,1.387,815.600,1306.200,1.601,13.685,24.038,0.923,1.516,19.875,21.103,0.746,0.751,13.678,24.030,0.189,8.873,9.734,0.018,4155.000,117.933,47.771,8.873,57.504,ON,Moderate coastal haze; Hybrid loop operating; Ceff=1.6x
272,10:15:30,33.500,66.220,64.240,47.110,45.730,32.180,1.555,16.206,17.325,0.846,1.390,817.100,1308.900,1.602,13.709,24.088,0.925,1.520,19.875,21.102,0.746,0.751,13.710,24.082,0.189,8.878,9.735,0.018,4155.000,118.237,47.795,8.878,57.530,ON,Moderate coastal haze; Hybrid loop operating; Ceff=1.6x
273,10:16:00,33.520,66.220,64.250,47.120,45.750,32.190,1.558,16.205,17.324,0.847,1.392,817.900,1310.800,1.603,13.722,24.119,0.925,1.522,19.875,21.101,0.746,0.751,13.726,24.115,0.189,8.879,9.734,0.018,4155.000,118.465,47.818,8.879,57.552,ON,Moderate coastal haze; Hybrid loop operating; Ceff=1.6x
274,10:16:30,33.540,66.230,64.270,47.140,45.770,32.190,1.559,16.204,17.323,0.847,1.393,818.200,1311.600,1.603,13.725,24.133,0.926,1.523,19.874,21.100,0.746,0.751,13.725,24.131,0.189,8.875,9.734,0.018,4155.000,118.541,47.819,8.875,57.554,ON,Moderate coastal haze; Hybrid loop operating; Ceff=1.6x
275,10:17:00,33.560,66.260,64.300,47.160,45.800,32.200,1.560,16.203,17.321,0.847,1.393,817.900,1311.700,1.604,13.720,24.133,0.925,1.523,19.872,21.098,0.746,0.751,13.724,24.128,0.189,8.878,9.733,0.018,4155.000,118.617,47.847,8.878,57.579,ON,Moderate coastal haze; Hybrid loop operating; Ceff=1.6x
276,10:17:30,33.590,66.300,64.340,47.200,45.830,32.210,1.559,16.200,17.320,0.846,1.393,817.500,1311.400,1.604,13.709,24.124,0.925,1.522,19.869,21.096,0.746,0.751,13.705,24.127,0.189,8.870,9.734,0.018,4155.000,118.541,47.827,8.870,57.561,ON,Moderate coastal haze; Hybrid loop operating; Ceff=1.6x
277,10:18:00,33.610,66.350,64.400,47.240,45.870,32.220,1.559,16.197,17.317,0.846,1.393,817.000,1311.100,1.605,13.698,24.114,0.924,1.522,19.866,21.094,0.746,0.751,13.703,24.123,0.189,8.874,9.735,0.018,4155.000,118.541,47.838,8.874,57.573,ON,Moderate coastal haze; Hybrid loop operating; Ceff=1.6x
278,10:18:30,33.630,66.420,64.460,47.290,45.910,32.220,1.559,16.193,17.314,0.845,1.393,816.800,1311.200,1.605,13.690,24.111,0.924,1.522,19.861,21.091,0.746,0.751,13.683,24.118,0.189,8.864,9.732,0.018,4155.000,118.541,47.834,8.864,57.566,ON,Moderate coastal haze; Hybrid loop operating; Ceff=1.61x
279,10:19:00,33.660,66.510,64.540,47.340,45.970,32.230,1.560,16.188,17.311,0.846,1.393,817.000,1312.100,1.606,13.689,24.122,0.924,1.523,19.856,21.087,0.746,0.751,13.695,24.114,0.189,8.869,9.724,0.018,4155.000,118.617,47.832,8.869,57.556,ON,Moderate coastal haze; Hybrid loop operating; Ceff=1.61x
280,10:19:30,33.680,66.600,64.620,47.410,46.020,32.230,1.563,16.183,17.307,0.846,1.395,817.900,1313.900,1.607,13.698,24.149,0.925,1.525,19.850,21.083,0.746,0.751,13.691,24.143,0.189,8.857,9.722,0.018,4155.000,118.845,47.858,8.857,57.581,ON,Moderate coastal haze; Hybrid loop operating; Ceff=1.61x
281,10:20:00,33.710,66.700,64.710,47.480,46.080,32.240,1.567,16.177,17.304,0.848,1.398,819.300,1316.700,1.607,13.716,24.194,0.927,1.528,19.844,21.079,0.746,0.751,13.718,24.191,0.189,8.859,9.721,0.018,4155.000,119.149,47.879,8.859,57.600,ON,Moderate coastal haze; Hybrid loop operating; Ceff=1.61x
282,10:20:30,33.730,66.810,64.800,47.550,46.140,32.250,1.573,16.171,17.300,0.850,1.402,821.300,1320.400,1.608,13.744,24.254,0.929,1.532,19.838,21.074,0.746,0.751,13.745,24.255,0.189,8.855,9.719,0.018,4155.000,119.605,47.927,8.855,57.646,ON,Moderate coastal haze; Hybrid loop operating; Ceff=1.61x
283,10:21:00,33.760,66.910,64.890,47.620,46.210,32.250,1.579,16.166,17.296,0.852,1.406,823.700,1324.600,1.608,13.777,24.325,0.931,1.537,19.832,21.070,0.746,0.751,13.773,24.318,0.189,8.847,9.714,0.018,4155.000,120.062,47.958,8.847,57.671,ON,Moderate coastal haze; Hybrid loop operating; Ceff=1.61x
284,10:21:30,33.780,67.000,64.970,47.690,46.270,32.260,1.586,16.161,17.292,0.855,1.411,826.100,1329.000,1.609,13.812,24.398,0.934,1.542,19.826,21.066,0.746,0.751,13.818,24.399,0.189,8.850,9.714,0.018,4155.000,120.594,48.011,8.850,57.724,ON,Moderate coastal haze; Hybrid loop operating; Ceff=1.61x
285,10:22:00,33.810,67.080,65.050,47.750,46.320,32.260,1.592,16.156,17.288,0.857,1.415,828.400,1333.000,1.609,13.844,24.467,0.937,1.547,19.821,21.062,0.745,0.751,13.846,24.463,0.189,8.843,9.710,0.018,4155.000,121.050,48.048,8.843,57.758,ON,Moderate coastal haze; Hybrid loop operating; Ceff=1.61x
286,10:22:30,33.830,67.140,65.110,47.800,46.370,32.270,1.598,16.152,17.285,0.859,1.419,830.200,1336.500,1.610,13.871,24.525,0.939,1.551,19.816,21.059,0.745,0.751,13.875,24.527,0.189,8.842,9.710,0.018,4155.000,121.506,48.103,8.842,57.813,ON,Moderate coastal haze; Hybrid loop operating; Ceff=1.61x
287,10:23:00,33.860,67.190,65.160,47.840,46.410,32.270,1.602,16.149,17.283,0.860,1.421,831.500,1339.000,1.610,13.890,24.567,0.940,1.553,19.813,21.056,0.746,0.751,13.888,24.559,0.189,8.837,9.704,0.018,4155.000,121.810,48.133,8.837,57.837,ON,Moderate coastal haze; Hybrid loop operating; Ceff=1.61x
288,10:23:30,33.880,67.230,65.200,47.870,46.450,32.270,1.604,16.147,17.281,0.861,1.423,832.200,1340.500,1.611,13.899,24.592,0.941,1.555,19.811,21.054,0.746,0.751,13.903,24.591,0.189,8.839,9.706,0.018,4155.000,121.963,48.139,8.839,57.845,ON,Moderate coastal haze; Hybrid loop operating; Ceff=1.61x
289,10:24:00,33.910,67.240,65.220,47.890,46.470,32.280,1.605,16.146,17.280,0.861,1.424,832.300,1341.100,1.611,13.899,24.600,0.941,1.556,19.810,21.053,0.746,0.751,13.902,24.607,0.189,8.837,9.708,0.018,4155.000,122.039,48.148,8.837,57.856,ON,Moderate coastal haze; Hybrid loop operating; Ceff=1.61x
290,10:24:30,33.930,67.250,65.230,47.900,46.490,32.280,1.605,16.145,17.279,0.861,1.424,832.000,1341.100,1.612,13.894,24.598,0.940,1.556,19.809,21.052,0.746,0.751,13.901,24.605,0.189,8.840,9.707,0.018,4155.000,122.039,48.148,8.840,57.855,ON,Moderate coastal haze; Hybrid loop operating; Ceff=1.61x
291,10:25:00,33.960,67.250,65.240,47.910,46.510,32.280,1.604,16.145,17.278,0.860,1.423,831.500,1340.800,1.612,13.886,24.591,0.940,1.555,19.809,21.051,0.746,0.751,13.885,24.587,0.189,8.835,9.702,0.018,4155.000,121.963,48.128,8.835,57.831,ON,Moderate coastal haze; Hybrid loop operating; Ceff=1.61x
292,10:25:30,33.980,67.240,65.250,47.920,46.520,32.290,1.604,16.145,17.278,0.860,1.423,831.200,1340.600,1.613,13.880,24.587,0.940,1.555,19.809,21.050,0.745,0.751,13.885,24.587,0.189,8.838,9.704,0.018,4155.000,121.963,48.135,8.838,57.839,ON,Moderate coastal haze; Hybrid loop operating; Ceff=1.61x
293,10:26:00,34.010,67.240,65.250,47.930,46.540,32.290,1.605,16.145,17.277,0.860,1.423,831.100,1341.000,1.613,13.879,24.592,0.939,1.556,19.809,21.049,0.746,0.751,13.885,24.585,0.189,8.839,9.700,0.018,4155.000,122.039,48.151,8.839,57.851,ON,Moderate coastal haze; Hybrid loop operating; Ceff=1.61x
294,10:26:30,34.030,67.250,65.270,47.940,46.550,32.290,1.607,16.144,17.276,0.860,1.425,831.600,1342.200,1.614,13.886,24.612,0.940,1.557,19.808,21.048,0.746,0.751,13.884,24.618,0.189,8.834,9.705,0.018,4155.000,122.191,48.168,8.834,57.873,ON,Moderate coastal haze; Hybrid loop operating; Ceff=1.61x
295,10:27:00,34.060,67.270,65.300,47.960,46.580,32.290,1.610,16.143,17.274,0.861,1.427,832.700,1344.300,1.614,13.902,24.650,0.941,1.560,19.806,21.047,0.746,0.751,13.899,24.650,0.189,8.832,9.702,0.018,4155.000,122.419,48.183,8.832,57.885,ON,Moderate coastal haze; Hybrid loop operating; Ceff=1.61x
296,10:27:30,34.080,67.310,65.340,48.000,46.620,32.300,1.615,16.140,17.272,0.863,1.430,834.300,1347.400,1.615,13.928,24.703,0.943,1.563,19.804,21.045,0.746,0.751,13.929,24.699,0.189,8.833,9.699,0.018,4155.000,122.799,48.221,8.833,57.920,ON,Moderate coastal haze; Hybrid loop operating; Ceff=1.61x
297,10:28:00,34.110,67.370,65.390,48.040,46.660,32.300,1.621,16.137,17.270,0.865,1.434,836.500,1351.300,1.615,13.959,24.768,0.945,1.567,19.800,21.042,0.746,0.751,13.959,24.765,0.189,8.829,9.697,0.018,4155.000,123.255,48.260,8.829,57.957,ON,Moderate coastal haze; Hybrid loop operating; Ceff=1.62x
298,10:28:30,34.130,67.450,65.470,48.100,46.710,32.300,1.627,16.132,17.266,0.867,1.439,838.800,1355.500,1.616,13.993,24.840,0.948,1.572,19.795,21.038,0.746,0.751,13.986,24.846,0.189,8.822,9.698,0.018,4155.000,123.711,48.289,8.822,57.987,ON,Moderate coastal haze; Hybrid loop operating; Ceff=1.62x
299,10:29:00,34.150,67.540,65.550,48.170,46.770,32.300,1.634,16.127,17.263,0.870,1.443,841.100,1359.600,1.616,14.026,24.909,0.951,1.577,19.789,21.034,0.745,0.751,14.030,24.911,0.189,8.826,9.694,0.018,4155.000,124.244,48.351,8.826,58.045,ON,Moderate coastal haze; Hybrid loop operating; Ceff=1.62x
300,10:29:30,34.180,67.650,65.650,48.240,46.840,32.300,1.639,16.121,17.258,0.872,1.447,843.200,1363.300,1.617,14.053,24.969,0.953,1.581,19.782,21.029,0.745,0.751,14.058,24.972,0.189,8.821,9.692,0.018,4155.000,124.624,48.367,8.821,58.059,ON,Moderate coastal haze; Hybrid loop operating; Ceff=1.62x
301,10:30:00,34.200,67.760,65.750,48.320,46.910,32.300,1.644,16.115,17.254,0.873,1.450,844.700,1366.200,1.617,14.072,25.014,0.954,1.584,19.775,21.024,0.746,0.751,14.068,25.018,0.189,8.812,9.689,0.018,4155.000,125.004,48.411,8.812,58.100,ON,Moderate coastal haze; Hybrid loop operating; Ceff=1.62x
302,10:30:30,34.220,67.880,65.850,48.400,46.980,32.300,1.647,16.108,17.250,0.874,1.452,845.600,1368.100,1.618,14.080,25.040,0.955,1.587,19.768,21.020,0.746,0.751,14.078,25.047,0.189,8.809,9.687,0.018,4155.000,125.232,48.432,8.809,58.119,ON,Moderate coastal haze; Hybrid loop operating; Ceff=1.62x
303,10:31:00,34.250,67.980,65.950,48.470,47.050,32.300,1.648,16.102,17.245,0.874,1.452,845.900,1369.000,1.618,14.078,25.049,0.956,1.587,19.762,21.015,0.745,0.751,14.073,25.040,0.189,8.803,9.678,0.018,4155.000,125.308,48.430,8.803,58.107,ON,Moderate coastal haze; Hybrid loop operating; Ceff=1.62x
304,10:31:30,34.270,68.080,66.030,48.540,47.100,32.300,1.648,16.097,17.242,0.874,1.452,845.700,1369.000,1.619,14.069,25.042,0.955,1.587,19.756,21.011,0.746,0.751,14.069,25.035,0.189,8.802,9.676,0.018,4155.000,125.308,48.430,8.802,58.106,ON,Moderate coastal haze; Hybrid loop operating; Ceff=1.62x
305,10:32:00,34.290,68.160,66.110,48.590,47.150,32.300,1.647,16.092,17.239,0.873,1.452,845.100,1368.400,1.619,14.054,25.026,0.954,1.587,19.751,21.008,0.746,0.751,14.048,25.031,0.189,8.795,9.678,0.018,4155.000,125.232,48.422,8.795,58.100,ON,Moderate coastal haze; Hybrid loop operating; Ceff=1.62x
306,10:32:30,34.310,68.210,66.160,48.630,47.190,32.300,1.646,16.089,17.236,0.873,1.451,844.400,1367.700,1.620,14.039,25.009,0.954,1.586,19.747,21.005,0.745,0.751,14.046,25.009,0.189,8.801,9.675,0.018,4155.000,125.156,48.417,8.801,58.092,ON,Moderate coastal haze; Hybrid loop operating; Ceff=1.62x
307,10:33:00,34.330,68.250,66.200,48.660,47.230,32.300,1.646,16.087,17.234,0.872,1.450,843.900,1367.300,1.620,14.028,24.998,0.953,1.585,19.745,21.003,0.745,0.751,14.028,24.989,0.189,8.795,9.670,0.018,4155.000,125.156,48.431,8.795,58.101,ON,Moderate coastal haze; Hybrid loop operating; Ceff=1.62x
308,10:33:30,34.350,68.270,66.230,48.680,47.250,32.300,1.646,16.085,17.233,0.872,1.451,843.800,1367.500,1.621,14.025,25.000,0.953,1.585,19.743,21.002,0.745,0.751,14.026,25.005,0.189,8.795,9.675,0.018,4155.000,125.156,48.424,8.795,58.099,ON,Moderate coastal haze; Hybrid loop operating; Ceff=1.62x
309,10:34:00,34.370,68.280,66.240,48.690,47.260,32.300,1.648,16.085,17.232,0.872,1.452,844.300,1368.600,1.621,14.032,25.019,0.953,1.587,19.743,21.001,0.746,0.751,14.026,25.021,0.189,8.790,9.673,0.018,4155.000,125.308,48.444,8.790,58.117,ON,Moderate coastal haze; Hybrid loop operating; Ceff=1.62x
310,10:34:30,34.390,68.270,66.240,48.690,47.270,32.300,1.651,16.085,17.232,0.873,1.454,845.300,1370.700,1.621,14.050,25.056,0.955,1.589,19.743,21.000,0.745,0.751,14.042,25.055,0.189,8.789,9.672,0.018,4155.000,125.536,48.458,8.789,58.129,ON,Moderate coastal haze; Hybrid loop operating; Ceff=1.62x
311,10:35:00,34.410,68.260,66.240,48.690,47.280,32.300,1.655,16.085,17.232,0.875,1.457,846.900,1373.600,1.622,14.076,25.109,0.956,1.592,19.743,21.000,0.746,0.751,14.074,25.107,0.189,8.793,9.671,0.018,4155.000,125.840,48.473,8.793,58.144,ON,Moderate coastal haze; Hybrid loop operating; Ceff=1.62x
312,10:35:30,34.430,68.250,66.240,48.690,47.290,32.300,1.661,16.085,17.232,0.877,1.461,848.800,1377.000,1.622,14.108,25.172,0.959,1.596,19.743,21.000,0.745,0.751,14.107,25.176,0.189,8.793,9.674,0.018,4155.000,126.297,48.528,8.793,58.202,ON,Moderate coastal haze; Hybrid loop operating; Ceff=1.62x
313,10:36:00,34.440,68.240,66.250,48.700,47.300,32.300,1.667,16.086,17.231,0.879,1.465,850.900,1380.700,1.623,14.143,25.238,0.961,1.601,19.743,20.999,0.745,0.751,14.140,25.243,0.189,8.792,9.674,0.018,4155.000,126.753,48.573,8.792,58.247,ON,Moderate coastal haze; Hybrid loop operating; Ceff=1.62x
314,10:36:30,34.460,68.250,66.260,48.710,47.310,32.300,1.672,16.085,17.230,0.881,1.468,852.800,1384.100,1.623,14.174,25.299,0.963,1.605,19.743,20.999,0.746,0.751,14.171,25.294,0.189,8.792,9.669,0.018,4155.000,127.133,48.599,8.792,58.268,ON,Moderate coastal haze; Hybrid loop operating; Ceff=1.62x
315,10:37:00,34.480,68.260,66.280,48.720,47.340,32.300,1.676,16.084,17.229,0.883,1.471,854.300,1386.900,1.624,14.198,25.348,0.965,1.608,19.742,20.997,0.745,0.751,14.202,25.344,0.189,8.796,9.669,0.018,4155.000,127.437,48.617,8.796,58.286,ON,Moderate coastal haze; Hybrid loop operating; Ceff=1.62x
316,10:37:30,34.490,68.300,66.320,48.750,47.360,32.300,1.679,16.082,17.228,0.884,1.473,855.200,1388.800,1.624,14.211,25.380,0.966,1.610,19.740,20.996,0.745,0.751,14.216,25.377,0.189,8.796,9.668,0.018,4155.000,127.665,48.638,8.796,58.305,ON,Moderate coastal haze; Hybrid loop operating; Ceff=1.62x
317,10:38:00,34.510,68.340,66.360,48.780,47.400,32.290,1.681,16.079,17.226,0.884,1.474,855.500,1389.600,1.624,14.213,25.391,0.966,1.611,19.736,20.993,0.746,0.751,14.214,25.391,0.189,8.791,9.668,0.018,4155.000,127.817,48.667,8.791,58.335,ON,Moderate coastal haze; Hybrid loop operating; Ceff=1.62x
318,10:38:30,34.520,68.400,66.420,48.820,47.440,32.290,1.680,16.076,17.223,0.884,1.474,855.200,1389.500,1.625,14.204,25.384,0.966,1.611,19.733,20.991,0.745,0.751,14.211,25.387,0.189,8.792,9.667,0.018,4155.000,127.741,48.642,8.792,58.309,ON,Moderate coastal haze; Hybrid loop operating; Ceff=1.62x
319,10:39:00,34.530,68.470,66.490,48.870,47.480,32.290,1.679,16.072,17.221,0.883,1.473,854.400,1388.500,1.625,14.186,25.361,0.965,1.610,19.728,20.988,0.745,0.751,14.192,25.367,0.189,8.788,9.666,0.018,4155.000,127.665,48.648,8.788,58.314,ON,Moderate coastal haze; Hybrid loop operating; Ceff=1.63x
320,10:39:30,34.550,68.550,66.560,48.920,47.520,32.290,1.677,16.067,17.218,0.882,1.471,853.400,1387.100,1.625,14.164,25.331,0.963,1.608,19.723,20.985,0.746,0.751,14.171,25.328,0.189,8.786,9.661,0.018,4155.000,127.513,48.639,8.786,58.300,ON,Moderate coastal haze; Hybrid loop operating; Ceff=1.63x
321,10:40:00,34.560,68.640,66.630,48.970,47.570,32.290,1.675,16.062,17.215,0.880,1.470,852.400,1385.800,1.626,14.142,25.301,0.962,1.606,19.718,20.982,0.746,0.751,14.135,25.306,0.189,8.774,9.662,0.018,4155.000,127.361,48.627,8.774,58.289,ON,Moderate coastal haze; Hybrid loop operating; Ceff=1.63x
322,10:40:30,34.570,68.720,66.700,49.020,47.610,32.290,1.673,16.058,17.212,0.880,1.469,851.600,1384.800,1.626,14.124,25.279,0.961,1.605,19.713,20.979,0.746,0.751,14.131,25.284,0.189,8.780,9.661,0.018,4155.000,127.209,48.604,8.780,58.264,ON,Moderate coastal haze; Hybrid loop operating; Ceff=1.63x
323,10:41:00,34.580,68.800,66.770,49.070,47.650,32.290,1.673,16.053,17.209,0.879,1.468,851.300,1384.600,1.626,14.114,25.270,0.961,1.605,19.708,20.976,0.745,0.751,14.111,25.263,0.189,8.770,9.654,0.018,4155.000,127.209,48.611,8.770,58.264,ON,Moderate coastal haze; Hybrid loop operating; Ceff=1.63x
324,10:41:30,34.590,68.870,66.830,49.120,47.690,32.290,1.674,16.050,17.207,0.879,1.469,851.600,1385.400,1.627,14.114,25.279,0.961,1.606,19.704,20.973,0.745,0.751,14.108,25.277,0.189,8.765,9.654,0.018,4155.000,127.285,48.612,8.765,58.265,ON,Moderate coastal haze; Hybrid loop operating; Ceff=1.63x
325,10:42:00,34.600,68.920,66.880,49.150,47.720,32.290,1.677,16.046,17.205,0.880,1.471,852.400,1387.000,1.627,14.125,25.306,0.962,1.607,19.701,20.971,0.745,0.751,14.120,25.309,0.189,8.765,9.654,0.018,4155.000,127.513,48.643,8.765,58.297,ON,Moderate coastal haze; Hybrid loop operating; Ceff=1.63x
326,10:42:30,34.610,68.970,66.920,49.180,47.750,32.290,1.680,16.044,17.204,0.882,1.473,853.800,1389.500,1.627,14.144,25.347,0.963,1.610,19.698,20.969,0.746,0.751,14.151,25.341,0.189,8.769,9.650,0.018,4155.000,127.741,48.642,8.769,58.292,ON,Moderate coastal haze; Hybrid loop operating; Ceff=1.63x
327,10:43:00,34.620,68.990,66.950,49.200,47.770,32.290,1.685,16.042,17.202,0.883,1.476,855.400,1392.300,1.628,14.169,25.397,0.965,1.614,19.696,20.968,0.745,0.750,14.165,25.390,0.189,8.762,9.649,0.018,4155.000,128.122,48.689,8.762,58.337,ON,Moderate coastal haze; Hybrid loop operating; Ceff=1.63x
328,10:43:30,34.630,69.000,66.970,49.210,47.780,32.290,1.689,16.042,17.202,0.885,1.479,857.000,1395.200,1.628,14.195,25.449,0.967,1.617,19.695,20.967,0.745,0.751,14.197,25.442,0.189,8.765,9.648,0.018,4155.000,128.426,48.703,8.765,58.351,ON,Moderate coastal haze; Hybrid loop operating; Ceff=1.63x
329,10:44:00,34.640,69.000,66.970,49.210,47.780,32.290,1.693,16.042,17.202,0.886,1.482,858.300,1397.700,1.628,14.217,25.494,0.969,1.620,19.695,20.967,0.745,0.751,14.213,25.493,0.189,8.762,9.651,0.018,4155.000,128.730,48.731,8.762,58.381,ON,Moderate coastal haze; Hybrid loop operating; Ceff=1.63x
330,10:44:30,34.650,68.980,66.960,49.200,47.780,32.290,1.696,16.042,17.202,0.887,1.484,859.200,1399.400,1.629,14.233,25.526,0.970,1.622,19.696,20.967,0.745,0.751,14.229,25.528,0.189,8.762,9.652,0.018,4155.000,128.958,48.758,8.762,58.410,ON,Moderate coastal haze; Hybrid loop operating; Ceff=1.63x
331,10:45:00,34.660,68.960,66.950,49.190,47.780,32.290,1.697,16.043,17.202,0.888,1.485,859.600,1400.200,1.629,14.240,25.541,0.970,1.623,19.697,20.968,0.745,0.751,14.246,25.545,0.189,8.769,9.653,0.018,4155.000,129.034,48.759,8.769,58.412,ON,Moderate coastal haze; Hybrid loop operating; Ceff=1.63x
332,10:45:30,34.660,68.930,66.930,49.170,47.770,32.290,1.697,16.045,17.203,0.887,1.484,859.200,1399.900,1.629,14.236,25.537,0.970,1.622,19.699,20.968,0.745,0.751,14.232,25.529,0.189,8.764,9.649,0.018,4155.000,129.034,48.769,8.764,58.418,ON,Moderate coastal haze; Hybrid loop operating; Ceff=1.63x
333,10:46:00,34.670,68.900,66.910,49.150,47.760,32.290,1.695,16.046,17.204,0.886,1.483,858.300,1398.700,1.630,14.223,25.516,0.969,1.621,19.700,20.969,0.745,0.751,14.217,25.514,0.189,8.764,9.651,0.018,4155.000,128.882,48.753,8.764,58.405,ON,Moderate coastal haze; Hybrid loop operating; Ceff=1.63x
334,10:46:30,34.670,68.870,66.900,49.140,47.750,32.290,1.692,16.048,17.205,0.885,1.481,857.000,1396.800,1.630,14.203,25.483,0.967,1.619,19.702,20.970,0.745,0.751,14.202,25.481,0.189,8.768,9.652,0.018,4155.000,128.654,48.733,8.768,58.385,ON,Moderate coastal haze; Hybrid loop operating; Ceff=1.63x
335,10:47:00,34.680,68.850,66.880,49.120,47.750,32.290,1.689,16.049,17.205,0.884,1.479,855.600,1394.700,1.630,14.180,25.446,0.966,1.616,19.703,20.971,0.745,0.751,14.187,25.446,0.189,8.773,9.653,0.018,4155.000,128.426,48.720,8.773,58.374,ON,Moderate coastal haze; Hybrid loop operating; Ceff=1.63x
336,10:47:30,34.690,68.840,66.880,49.120,47.750,32.290,1.686,16.049,17.205,0.882,1.477,854.300,1392.800,1.630,14.159,25.411,0.964,1.614,19.703,20.971,0.745,0.751,14.155,25.412,0.189,8.767,9.653,0.018,4155.000,128.198,48.700,8.767,58.354,ON,Moderate coastal haze; Hybrid loop operating; Ceff=1.63x
337,10:48:00,34.690,68.850,66.890,49.120,47.750,32.290,1.683,16.048,17.205,0.881,1.475,853.400,1391.400,1.631,14.143,25.386,0.963,1.613,19.703,20.971,0.745,0.750,14.138,25.377,0.189,8.766,9.650,0.018,4155.000,127.969,48.662,8.766,58.312,ON,Moderate coastal haze; Hybrid loop operating; Ceff=1.63x
338,10:48:30,34.700,68.870,66.910,49.130,47.760,32.290,1.683,16.047,17.204,0.881,1.475,852.900,1390.900,1.631,14.134,25.376,0.963,1.612,19.701,20.970,0.745,0.751,14.137,25.376,0.189,8.770,9.653,0.018,4155.000,127.969,48.680,8.770,58.333,ON,Moderate coastal haze; Hybrid loop operating; Ceff=1.63x
339,10:49:00,34.700,68.910,66.940,49.150,47.780,32.300,1.683,16.045,17.203,0.881,1.475,853.100,1391.400,1.631,14.135,25.383,0.963,1.613,19.699,20.969,0.745,0.750,14.136,25.374,0.189,8.767,9.649,0.018,4155.000,127.969,48.662,8.767,58.311,ON,Moderate coastal haze; Hybrid loop operating; Ceff=1.63x
340,10:49:30,34.700,68.960,66.990,49.180,47.800,32.300,1.686,16.042,17.202,0.882,1.477,853.900,1392.800,1.631,14.144,25.405,0.964,1.614,19.696,20.967,0.745,0.751,14.149,25.407,0.189,8.767,9.652,0.018,4155.000,128.198,48.700,8.767,58.352,ON,Moderate coastal haze; Hybrid loop operating; Ceff=1.63x
341,10:50:00,34.710,69.030,67.040,49.220,47.830,32.300,1.689,16.039,17.200,0.883,1.479,855.000,1394.900,1.631,14.159,25.440,0.965,1.616,19.692,20.965,0.745,0.751,14.162,25.439,0.189,8.764,9.649,0.018,4155.000,128.426,48.713,8.764,58.362,ON,Moderate coastal haze; Hybrid loop operating; Ceff=1.63x
342,10:50:30,34.710,69.090,67.100,49.260,47.870,32.300,1.693,16.035,17.197,0.884,1.482,856.400,1397.300,1.632,14.178,25.479,0.966,1.619,19.688,20.962,0.745,0.751,14.175,25.486,0.189,8.758,9.650,0.018,4155.000,128.730,48.745,8.758,58.395,ON,Moderate coastal haze; Hybrid loop operating; Ceff=1.63x
343,10:51:00,34.720,69.160,67.160,49.300,47.900,32.300,1.696,16.031,17.195,0.885,1.484,857.700,1399.500,1.632,14.195,25.516,0.968,1.622,19.684,20.960,0.745,0.751,14.187,25.517,0.189,8.752,9.647,0.018,4155.000,128.958,48.754,8.752,58.402,ON,Moderate coastal haze; Hybrid loop operating; Ceff=1.63x
344,10:51:30,34.720,69.220,67.210,49.340,47.930,32.310,1.699,16.028,17.193,0.886,1.486,858.600,1401.300,1.632,14.207,25.544,0.969,1.624,19.680,20.958,0.745,0.751,14.201,25.549,0.189,8.751,9.647,0.018,4155.000,129.186,48.778,8.751,58.425,ON,Moderate coastal haze; Hybrid loop operating; Ceff=1.63x
345,10:52:00,34.720,69.270,67.250,49.370,47.960,32.310,1.700,16.025,17.191,0.887,1.487,859.100,1402.200,1.632,14.211,25.557,0.969,1.625,19.677,20.956,0.745,0.750,14.214,25.563,0.189,8.754,9.646,0.018,4155.000,129.262,48.775,8.754,58.421,ON,Moderate coastal haze; Hybrid loop operating; Ceff=1.63x
346,10:52:30,34.730,69.310,67.290,49.400,47.980,32.310,1.700,16.023,17.190,0.887,1.486,858.900,1402.000,1.632,14.206,25.552,0.969,1.625,19.675,20.954,0.745,0.750,14.212,25.544,0.189,8.755,9.640,0.018,4155.000,129.262,48.782,8.755,58.422,ON,Moderate coastal haze; Hybrid loop operating; Ceff=1.63x
347,10:53:00,34.730,69.330,67.300,49.400,47.990,32.320,1.698,16.022,17.190,0.886,1.485,858.100,1400.900,1.632,14.192,25.531,0.968,1.623,19.674,20.954,0.745,0.751,14.195,25.527,0.189,8.753,9.641,0.018,4155.000,129.110,48.763,8.753,58.404,ON,Moderate coastal haze; Hybrid loop operating; Ceff=1.63x
348,10:53:30,34.730,69.320,67.300,49.400,47.990,32.320,1.695,16.022,17.190,0.884,1.483,856.900,1399.000,1.633,14.171,25.495,0.967,1.621,19.674,20.954,0.745,0.751,14.163,25.493,0.189,8.745,9.641,0.018,4155.000,128.882,48.743,8.745,58.384,ON,Moderate coastal haze; Hybrid loop operating; Ceff=1.63x
349,10:54:00,34.740,69.300,67.290,49.390,47.980,32.330,1.692,16.023,17.190,0.883,1.481,855.300,1396.600,1.633,14.147,25.453,0.965,1.618,19.675,20.955,0.745,0.751,14.148,25.458,0.189,8.752,9.645,0.018,4155.000,128.654,48.740,8.752,58.385,ON,Moderate coastal haze; Hybrid loop operating; Ceff=1.63x
350,10:54:30,34.740,69.260,67.260,49.360,47.960,32.330,1.688,16.025,17.192,0.881,1.478,853.700,1394.100,1.633,14.123,25.410,0.963,1.615,19.677,20.956,0.745,0.751,14.118,25.410,0.189,8.750,9.644,0.018,4155.000,128.350,48.712,8.750,58.356,ON,Moderate coastal haze; Hybrid loop operating; Ceff=1.63x
351,10:55:00,34.750,69.210,67.220,49.330,47.940,32.330,1.684,16.028,17.193,0.880,1.476,852.400,1392.000,1.633,14.104,25.375,0.962,1.613,19.680,20.958,0.745,0.751,14.105,25.377,0.189,8.755,9.646,0.018,4155.000,128.045,48.670,8.755,58.316,ON,Moderate coastal haze; Hybrid loop operating; Ceff=1.63x
352,10:55:30,34.750,69.160,67.170,49.300,47.910,32.340,1.682,16.031,17.195,0.879,1.474,851.500,1390.600,1.633,14.092,25.353,0.961,1.611,19.683,20.960,0.745,0.751,14.091,25.345,0.189,8.756,9.644,0.018,4155.000,127.893,48.661,8.756,58.305,ON,Moderate coastal haze; Hybrid loop operating; Ceff=1.63x
353,10:56:00,34.750,69.100,67.130,49.260,47.880,32.340,1.682,16.034,17.197,0.879,1.474,851.200,1390.200,1.633,14.090,25.349,0.960,1.611,19.687,20.962,0.746,0.751,14.094,25.348,0.189,8.761,9.647,0.018,4155.000,127.893,48.675,8.761,58.323,ON,Moderate coastal haze; Hybrid loop operating; Ceff=1.63x
354,10:56:30,34.760,69.060,67.090,49.230,47.860,32.350,1.682,16.036,17.198,0.879,1.475,851.500,1390.800,1.633,14.098,25.362,0.961,1.612,19.689,20.964,0.745,0.750,14.096,25.367,0.189,8.759,9.650,0.018,4155.000,127.893,48.654,8.759,58.305,ON,Moderate coastal haze; Hybrid loop operating; Ceff=1.63x
355,10:57:00,34.760,69.020,67.070,49.210,47.850,32.350,1.685,16.038,17.199,0.880,1.476,852.300,1392.200,1.634,14.113,25.390,0.962,1.613,19.691,20.965,0.745,0.751,14.113,25.386,0.189,8.762,9.648,0.018,4155.000,128.122,48.692,8.762,58.340,ON,Moderate coastal haze; Hybrid loop operating; Ceff=1.63x
356,10:57:30,34.770,69.000,67.050,49.200,47.840,32.360,1.688,16.039,17.200,0.881,1.478,853.500,1394.200,1.634,14.134,25.428,0.963,1.616,19.692,20.965,0.745,0.751,14.130,25.422,0.189,8.760,9.648,0.018,4155.000,128.350,48.709,8.760,58.356,ON,Moderate coastal haze; Hybrid loop operating; Ceff=1.63x
357,10:58:00,34.770,69.000,67.060,49.210,47.840,32.360,1.691,16.039,17.200,0.883,1.481,854.700,1396.400,1.634,14.155,25.467,0.965,1.618,19.692,20.965,0.745,0.751,14.162,25.473,0.189,8.767,9.652,0.018,4155.000,128.578,48.719,8.767,58.370,ON,Moderate coastal haze; Hybrid loop operating; Ceff=1.63x
358,10:58:30,34.780,69.030,67.080,49.220,47.860,32.370,1.694,16.038,17.199,0.884,1.483,855.800,1398.300,1.634,14.172,25.500,0.966,1.620,19.691,20.964,0.745,0.751,14.178,25.506,0.189,8.765,9.651,0.018,4155.000,128.806,48.739,8.765,58.390,ON,Moderate coastal haze; Hybrid loop operating; Ceff=1.63x
359,10:59:00,34.780,69.060,67.110,49.250,47.880,32.380,1.696,16.036,17.198,0.884,1.484,856.600,1399.500,1.634,14.181,25.520,0.967,1.622,19.689,20.963,0.745,0.751,14.176,25.522,0.189,8.756,9.649,0.018,4155.000,128.958,48.754,8.756,58.403,ON,Moderate coastal haze; Hybrid loop operating; Ceff=1.63x
360,10:59:30,34.790,69.120,67.150,49.280,47.910,32.380,1.697,16.033,17.196,0.884,1.484,856.700,1399.800,1.634,14.181,25.522,0.967,1.622,19.686,20.961,0.745,0.751,14.173,25.519,0.189,8.753,9.646,0.018,4155.000,129.034,48.773,8.753,58.418,ON,Moderate coastal haze; Hybrid loop operating; Ceff=1.63x
361,11:00:00,34.800,69.180,67.200,49.320,47.940,32.390,1.696,16.029,17.194,0.884,1.483,856.300,1399.100,1.634,14.169,25.506,0.966,1.621,19.682,20.958,0.745,0.751,14.170,25.499,0.189,8.755,9.643,0.018,4155.000,128.958,48.768,8.755,58.411,ON,Moderate coastal haze; Hybrid loop operating; Ceff=1.63x
362,11:00:30,34.800,69.240,67.260,49.360,47.970,32.400,1.693,16.026,17.191,0.883,1.482,855.200,1397.500,1.634,14.148,25.472,0.965,1.619,19.678,20.956,0.745,0.751,14.151,25.477,0.189,8.755,9.646,0.018,4155.000,128.730,48.738,8.755,58.383,ON,Moderate coastal haze; Hybrid loop operating; Ceff=1.63x
363,11:01:00,34.810,69.300,67.310,49.400,48.000,32.400,1.689,16.022,17.189,0.881,1.479,853.800,1395.200,1.634,14.121,25.426,0.963,1.617,19.674,20.954,0.745,0.750,14.115,25.423,0.189,8.747,9.641,0.018,4155.000,128.426,48.703,8.747,58.344,ON,Moderate coastal haze; Hybrid loop operating; Ceff=1.63x
364,11:01:30,34.820,69.360,67.350,49.430,48.030,32.410,1.685,16.020,17.188,0.880,1.476,852.200,1392.600,1.634,14.091,25.376,0.961,1.614,19.671,20.952,0.745,0.750,14.098,25.369,0.189,8.753,9.639,0.018,4155.000,128.122,48.678,8.753,58.317,ON,Moderate coastal haze; Hybrid loop operating; Ceff=1.63x
365,11:02:00,34.830,69.400,67.380,49.460,48.050,32.420,1.681,16.017,17.186,0.878,1.474,850.600,1390.100,1.634,14.063,25.328,0.960,1.611,19.669,20.950,0.745,0.750,14.063,25.332,0.189,8.748,9.642,0.018,4155.000,127.817,48.650,8.748,58.292,ON,Moderate coastal haze; Hybrid loop operating; Ceff=1.63x
366,11:02:30,34.840,69.430,67.410,49.470,48.060,32.420,1.678,16.016,17.185,0.877,1.472,849.400,1388.200,1.634,14.041,25.291,0.958,1.608,19.667,20.949,0.745,0.751,14.046,25.296,0.189,8.749,9.641,0.018,4155.000,127.589,48.630,8.749,58.271,ON,Moderate coastal haze; Hybrid loop operating; Ceff=1.63x
367,11:03:00,34.850,69.440,67.410,49.480,48.060,32.430,1.677,16.015,17.185,0.876,1.470,848.700,1387.100,1.634,14.029,25.270,0.957,1.607,19.666,20.949,0.745,0.751,14.029,25.262,0.189,8.746,9.636,0.018,4155.000,127.513,48.639,8.746,58.275,ON,Moderate coastal haze; Hybrid loop operating; Ceff=1.63x
368,11:03:30,34.860,69.430,67.410,49.480,48.060,32.440,1.676,16.016,17.185,0.876,1.470,848.600,1386.900,1.634,14.028,25.268,0.957,1.607,19.667,20.949,0.745,0.751,14.030,25.262,0.189,8.748,9.637,0.018,4155.000,127.437,48.617,8.748,58.255,ON,Moderate coastal haze; Hybrid loop operating; Ceff=1.63x
369,11:04:00,34.870,69.410,67.390,49.470,48.060,32.450,1.678,16.017,17.186,0.876,1.471,849.100,1387.800,1.634,14.037,25.284,0.958,1.608,19.668,20.949,0.745,0.751,14.031,25.281,0.189,8.743,9.638,0.018,4155.000,127.589,48.644,8.743,58.282,ON,Moderate coastal haze; Hybrid loop operating; Ceff=1.63x
370,11:04:30,34.880,69.380,67.370,49.460,48.050,32.450,1.680,16.018,17.186,0.877,1.473,850.100,1389.400,1.634,14.055,25.315,0.959,1.610,19.670,20.950,0.745,0.751,14.048,25.315,0.189,8.743,9.640,0.018,4155.000,127.741,48.645,8.743,58.286,ON,Moderate coastal haze; Hybrid loop operating; Ceff=1.63x
371,11:05:00,34.890,69.340,67.340,49.440,48.040,32.460,1.684,16.020,17.187,0.879,1.475,851.300,1391.500,1.634,14.078,25.354,0.960,1.612,19.672,20.951,0.745,0.751,14.082,25.351,0.189,8.752,9.639,0.018,4155.000,128.045,48.688,8.752,58.327,ON,Moderate coastal haze; Hybrid loop operating; Ceff=1.63x
372,11:05:30,34.900,69.300,67.310,49.420,48.020,32.470,1.687,16.023,17.188,0.880,1.477,852.600,1393.500,1.635,14.101,25.393,0.962,1.615,19.675,20.952,0.745,0.750,14.100,25.387,0.189,8.750,9.639,0.018,4155.000,128.274,48.704,8.750,58.344,ON,Moderate coastal haze; Hybrid loop operating; Ceff=1.63x
373,11:06:00,34.910,69.260,67.270,49.400,48.010,32.470,1.689,16.025,17.189,0.881,1.479,853.600,1395.200,1.635,14.120,25.425,0.963,1.617,19.677,20.953,0.745,0.750,14.118,25.423,0.189,8.751,9.641,0.018,4155.000,128.426,48.703,8.751,58.344,ON,Moderate coastal haze; Hybrid loop operating; Ceff=1.63x
374,11:06:30,34.920,69.220,67.250,49.380,48.000,32.480,1.691,16.027,17.190,0.882,1.480,854.100,1396.000,1.635,14.130,25.442,0.964,1.618,19.679,20.954,0.745,0.750,14.136,25.441,0.189,8.757,9.643,0.018,4155.000,128.578,48.732,8.757,58.375,ON,Moderate coastal haze; Hybrid loop operating; Ceff=1.63x
375,11:07:00,34.940,69.200,67.230,49.380,48.000,32.490,1.691,16.028,17.190,0.882,1.480,854.000,1395.900,1.635,14.130,25.440,0.963,1.617,19.680,20.954,0.746,0.751,14.137,25.441,0.189,8.758,9.643,0.018,4155.000,128.578,48.736,8.758,58.379,ON,Moderate coastal haze; Hybrid loop operating; Ceff=1.63x
376,11:07:30,34.950,69.190,67.220,49.370,48.000,32.500,1.689,16.028,17.190,0.881,1.479,853.300,1394.800,1.635,14.119,25.420,0.963,1.616,19.681,20.954,0.745,0.751,14.121,25.424,0.189,8.756,9.644,0.018,4155.000,128.426,48.717,8.756,58.361,ON,Moderate coastal haze; Hybrid loop operating; Ceff=1.63x
377,11:08:00,34.970,69.190,67.230,49.380,48.010,32.510,1.686,16.028,17.190,0.880,1.477,852.100,1392.800,1.635,14.099,25.384,0.961,1.614,19.681,20.954,0.745,0.751,14.105,25.390,0.189,8.758,9.645,0.018,4155.000,128.198,48.700,8.758,58.345,ON,Moderate coastal haze; Hybrid loop operating; Ceff=1.63x
378,11:08:30,34.980,69.200,67.240,49.400,48.020,32.510,1.682,16.027,17.189,0.878,1.474,850.500,1390.300,1.635,14.073,25.337,0.960,1.611,19.680,20.953,0.745,0.751,14.072,25.337,0.189,8.754,9.642,0.018,4155.000,127.893,48.672,8.754,58.314,ON,Moderate coastal haze; Hybrid loop operating; Ceff=1.63x
379,11:09:00,35.000,69.240,67.270,49.420,48.040,32.520,1.678,16.026,17.187,0.876,1.471,848.900,1387.700,1.635,14.044,25.286,0.958,1.608,19.678,20.951,0.745,0.751,14.039,25.282,0.189,8.750,9.640,0.018,4155.000,127.589,48.647,8.750,58.287,ON,Moderate coastal haze; Hybrid loop operating; Ceff=1.63x
380,11:09:30,35.010,69.280,67.300,49.450,48.070,32.530,1.674,16.023,17.186,0.875,1.469,847.500,1385.400,1.635,14.018,25.241,0.956,1.605,19.675,20.950,0.745,0.751,14.020,25.246,0.189,8.753,9.642,0.018,4155.000,127.285,48.612,8.753,58.254,ON,Moderate coastal haze; Hybrid loop operating; Ceff=1.63x
381,11:10:00,35.030,69.330,67.350,49.490,48.100,32.540,1.671,16.020,17.184,0.874,1.467,846.500,1383.700,1.635,13.997,25.207,0.955,1.603,19.672,20.947,0.745,0.751,14.001,25.209,0.189,8.752,9.639,0.018,4155.000,127.057,48.584,8.752,58.224,ON,Moderate coastal haze; Hybrid loop operating; Ceff=1.63x
382,11:10:30,35.040,69.390,67.400,49.530,48.130,32.540,1.670,16.017,17.182,0.873,1.466,846.000,1383.000,1.635,13.986,25.189,0.954,1.602,19.668,20.945,0.745,0.751,13.983,25.189,0.189,8.745,9.637,0.018,4155.000,126.981,48.580,8.745,58.216,ON,Moderate coastal haze; Hybrid loop operating; Ceff=1.63x
383,11:11:00,35.060,69.460,67.450,49.580,48.170,32.550,1.671,16.014,17.179,0.873,1.466,846.200,1383.300,1.635,13.985,25.190,0.954,1.603,19.665,20.942,0.745,0.750,13.980,25.184,0.189,8.741,9.633,0.018,4155.000,127.057,48.598,8.741,58.231,ON,Moderate coastal haze; Hybrid loop operating; Ceff=1.63x
384,11:11:30,35.080,69.520,67.500,49.620,48.200,32.560,1.673,16.010,17.177,0.874,1.468,846.900,1384.500,1.635,13.993,25.208,0.955,1.604,19.661,20.940,0.745,0.751,13.993,25.216,0.189,8.742,9.636,0.018,4155.000,127.209,48.614,8.742,58.251,ON,Moderate coastal haze; Hybrid loop operating; Ceff=1.63x
385,11:12:00,35.100,69.570,67.540,49.660,48.240,32.560,1.675,16.007,17.175,0.875,1.469,848.000,1386.300,1.635,14.008,25.237,0.956,1.606,19.658,20.937,0.745,0.751,14.006,25.230,0.189,8.739,9.629,0.018,4155.000,127.361,48.609,8.739,58.239,ON,Moderate coastal haze; Hybrid loop operating; Ceff=1.63x
386,11:12:30,35.110,69.620,67.580,49.700,48.270,32.570,1.679,16.005,17.173,0.876,1.472,849.300,1388.500,1.635,14.027,25.273,0.958,1.608,19.655,20.935,0.745,0.751,14.020,25.279,0.189,8.734,9.633,0.018,4155.000,127.665,48.648,8.734,58.281,ON,Moderate coastal haze; Hybrid loop operating; Ceff=1.63x
387,11:13:00,35.130,69.650,67.610,49.730,48.290,32.580,1.682,16.003,17.171,0.878,1.474,850.500,1390.400,1.635,14.044,25.306,0.959,1.611,19.653,20.933,0.745,0.750,14.051,25.310,0.189,8.741,9.631,0.018,4155.000,127.893,48.668,8.741,58.300,ON,Moderate coastal haze; Hybrid loop operating; Ceff=1.63x
388,11:13:30,35.150,69.670,67.620,49.740,48.310,32.580,1.684,16.002,17.170,0.878,1.475,851.300,1391.800,1.635,14.057,25.329,0.960,1.612,19.652,20.932,0.745,0.751,14.050,25.326,0.189,8.732,9.628,0.018,4155.000,128.045,48.677,8.732,58.305,ON,Moderate coastal haze; Hybrid loop operating; Ceff=1.63x
389,11:14:00,35.170,69.670,67.630,49.750,48.320,32.590,1.685,16.002,17.169,0.879,1.476,851.600,1392.400,1.635,14.063,25.338,0.960,1.613,19.652,20.931,0.745,0.750,14.066,25.341,0.189,8.739,9.630,0.018,4155.000,128.122,48.685,8.739,58.315,ON,Moderate coastal haze; Hybrid loop operating; Ceff=1.64x
390,11:14:30,35.190,69.650,67.620,49.760,48.330,32.600,1.684,16.003,17.169,0.878,1.475,851.300,1392.000,1.635,14.059,25.330,0.960,1.612,19.653,20.931,0.745,0.751,14.051,25.324,0.189,8.733,9.626,0.018,4155.000,128.045,48.670,8.733,58.296,ON,Moderate coastal haze; Hybrid loop operating; Ceff=1.64x
391,11:15:00,35.210,69.620,67.600,49.750,48.330,32.600,1.682,16.004,17.169,0.878,1.474,850.500,1390.600,1.635,14.046,25.305,0.959,1.611,19.655,20.932,0.745,0.750,14.052,25.307,0.189,8.742,9.629,0.018,4155.000,127.893,48.661,8.742,58.290,ON,Moderate coastal haze; Hybrid loop operating; Ceff=1.64x
392,11:15:30,35.230,69.580,67.570,49.730,48.320,32.610,1.679,16.006,17.170,0.876,1.472,849.100,1388.500,1.635,14.026,25.268,0.958,1.608,19.657,20.932,0.745,0.751,14.021,25.274,0.189,8.737,9.631,0.018,4155.000,127.665,48.648,8.737,58.279,ON,Moderate coastal haze; Hybrid loop operating; Ceff=1.64x
393,11:16:00,35.250,69.540,67.540,49.720,48.310,32.610,1.675,16.009,17.171,0.875,1.469,847.600,1386.000,1.635,14.003,25.224,0.956,1.605,19.659,20.933,0.745,0.751,14.008,25.224,0.189,8.744,9.629,0.018,4155.000,127.361,48.620,8.744,58.249,ON,Moderate coastal haze; Hybrid loop operating; Ceff=1.64x
394,11:16:30,35.270,69.500,67.510,49.700,48.300,32.620,1.671,16.011,17.171,0.873,1.466,846.000,1383.500,1.635,13.980,25.181,0.954,1.603,19.661,20.934,0.745,0.750,13.978,25.173,0.189,8.742,9.627,0.018,4155.000,127.057,48.591,8.742,58.218,ON,Moderate coastal haze; Hybrid loop operating; Ceff=1.64x
395,11:17:00,35.290,69.470,67.480,49.690,48.300,32.620,1.668,16.012,17.172,0.872,1.464,844.800,1381.600,1.635,13.961,25.146,0.953,1.600,19.663,20.934,0.745,0.751,13.962,25.140,0.189,8.745,9.628,0.018,4155.000,126.829,48.571,8.745,58.198,ON,Moderate coastal haze; Hybrid loop operating; Ceff=1.64x
396,11:17:30,35.310,69.440,67.460,49.680,48.300,32.630,1.666,16.014,17.172,0.871,1.463,844.000,1380.400,1.635,13.950,25.126,0.952,1.599,19.665,20.935,0.745,0.751,13.948,25.123,0.189,8.744,9.629,0.018,4155.000,126.677,48.555,8.744,58.184,ON,Moderate coastal haze; Hybrid loop operating; Ceff=1.64x
397,11:18:00,35.330,69.440,67.460,49.690,48.300,32.630,1.666,16.014,17.172,0.871,1.463,843.900,1380.300,1.636,13.948,25.122,0.952,1.599,19.665,20.934,0.745,0.751,13.948,25.123,0.189,8.745,9.630,0.018,4155.000,126.677,48.558,8.745,58.188,ON,Moderate coastal haze; Hybrid loop operating; Ceff=1.64x
398,11:18:30,35.350,69.450,67.470,49.700,48.320,32.640,1.667,16.013,17.171,0.871,1.464,844.400,1381.100,1.636,13.955,25.136,0.952,1.600,19.664,20.933,0.745,0.750,13.947,25.138,0.189,8.739,9.631,0.018,4155.000,126.753,48.559,8.739,58.190,ON,Moderate coastal haze; Hybrid loop operating; Ceff=1.64x
399,11:19:00,35.370,69.480,67.500,49.730,48.350,32.640,1.670,16.012,17.169,0.872,1.466,845.400,1382.900,1.636,13.970,25.165,0.954,1.602,19.662,20.931,0.745,0.750,13.962,25.170,0.189,8.739,9.630,0.018,4155.000,126.981,48.583,8.739,58.213,ON,Moderate coastal haze; Hybrid loop operating; Ceff=1.64x
400,11:19:30,35.390,69.530,67.540,49.770,48.380,32.650,1.674,16.009,17.167,0.874,1.468,846.700,1385.100,1.636,13.989,25.202,0.955,1.604,19.659,20.929,0.745,0.751,13.992,25.201,0.189,8.743,9.627,0.018,4155.000,127.285,48.622,8.743,58.249,ON,Moderate coastal haze; Hybrid loop operating; Ceff=1.64x
401,11:20:00,35.410,69.590,67.590,49.820,48.420,32.650,1.677,16.005,17.164,0.875,1.471,848.100,1387.500,1.636,14.008,25.241,0.957,1.607,19.656,20.926,0.745,0.751,14.004,25.248,0.189,8.737,9.628,0.018,4155.000,127.513,48.625,8.737,58.253,ON,Moderate coastal haze; Hybrid loop operating; Ceff=1.64x
402,11:20:30,35.430,69.660,67.650,49.880,48.470,32.660,1.681,16.001,17.161,0.876,1.473,849.300,1389.600,1.636,14.024,25.273,0.958,1.610,19.651,20.923,0.745,0.750,14.017,25.278,0.189,8.732,9.625,0.018,4155.000,127.817,48.667,8.732,58.292,ON,Moderate coastal haze; Hybrid loop operating; Ceff=1.64x
403,11:21:00,35.450,69.740,67.720,49.940,48.520,32.660,1.683,15.997,17.158,0.877,1.474,850.100,1391.100,1.636,14.033,25.294,0.959,1.611,19.647,20.919,0.745,0.751,14.029,25.291,0.189,8.732,9.619,0.018,4155.000,127.969,48.673,8.732,58.292,ON,Moderate coastal haze; Hybrid loop operating; Ceff=1.64x
404,11:21:30,35.470,69.810,67.780,49.990,48.570,32.660,1.684,15.993,17.155,0.877,1.475,850.400,1391.600,1.636,14.032,25.298,0.959,1.612,19.642,20.916,0.745,0.750,14.026,25.304,0.189,8.727,9.621,0.018,4155.000,128.045,48.684,8.727,58.305,ON,Moderate coastal haze; Hybrid loop operating; Ceff=1.64x
405,11:22:00,35.490,69.880,67.840,50.040,48.610,32.660,1.683,15.989,17.152,0.877,1.474,850.100,1391.200,1.637,14.023,25.285,0.958,1.611,19.638,20.913,0.745,0.751,14.022,25.282,0.189,8.727,9.615,0.018,4155.000,127.969,48.669,8.727,58.285,ON,Moderate coastal haze; Hybrid loop operating; Ceff=1.64x
406,11:22:30,35.510,69.930,67.880,50.080,48.650,32.670,1.681,15.987,17.150,0.876,1.473,849.200,1389.900,1.637,14.005,25.257,0.957,1.610,19.635,20.910,0.745,0.750,14.005,25.262,0.189,8.726,9.617,0.018,4155.000,127.817,48.657,8.726,58.274,ON,Moderate coastal haze; Hybrid loop operating; Ceff=1.64x
407,11:23:00,35.530,69.960,67.910,50.110,48.680,32.670,1.678,15.985,17.148,0.875,1.471,848.000,1388.000,1.637,13.983,25.220,0.956,1.607,19.633,20.908,0.745,0.751,13.987,25.225,0.189,8.727,9.616,0.018,4155.000,127.589,48.637,8.727,58.252,ON,Moderate coastal haze; Hybrid loop operating; Ceff=1.64x
408,11:23:30,35.550,69.980,67.930,50.130,48.690,32.670,1.675,15.984,17.147,0.873,1.469,846.600,1386.000,1.637,13.960,25.181,0.954,1.605,19.632,20.907,0.745,0.750,13.954,25.189,0.189,8.721,9.616,0.018,4155.000,127.361,48.620,8.721,58.235,ON,Moderate coastal haze; Hybrid loop operating; Ceff=1.64x
409,11:24:00,35.570,69.970,67.930,50.140,48.700,32.670,1.672,15.984,17.147,0.872,1.467,845.400,1384.200,1.637,13.940,25.148,0.953,1.603,19.632,20.907,0.745,0.750,13.938,25.155,0.189,8.723,9.615,0.018,4155.000,127.133,48.596,8.723,58.211,ON,Moderate coastal haze; Hybrid loop operating; Ceff=1.64x
410,11:24:30,35.590,69.950,67.910,50.130,48.700,32.670,1.670,15.985,17.147,0.871,1.465,844.600,1383.000,1.637,13.928,25.127,0.952,1.602,19.633,20.907,0.745,0.750,13.923,25.120,0.189,8.722,9.610,0.018,4155.000,126.981,48.580,8.722,58.190,ON,Moderate coastal haze; Hybrid loop operating; Ceff=1.64x
411,11:25:00,35.610,69.920,67.890,50.120,48.700,32.680,1.670,15.987,17.147,0.871,1.465,844.400,1382.800,1.638,13.926,25.124,0.952,1.601,19.635,20.907,0.745,0.751,13.925,25.120,0.189,8.725,9.612,0.018,4155.000,126.981,48.587,8.725,58.198,ON,Moderate coastal haze; Hybrid loop operating; Ceff=1.64x
412,11:25:30,35.630,69.880,67.850,50.100,48.690,32.680,1.671,15.989,17.148,0.872,1.466,844.800,1383.700,1.638,13.935,25.141,0.953,1.602,19.638,20.908,0.745,0.751,13.942,25.139,0.189,8.732,9.613,0.018,4155.000,127.057,48.584,8.732,58.197,ON,Moderate coastal haze; Hybrid loop operating; Ceff=1.64x
413,11:26:00,35.640,69.830,67.820,50.090,48.680,32.680,1.674,15.991,17.149,0.873,1.468,845.800,1385.500,1.638,13.955,25.176,0.954,1.604,19.640,20.909,0.745,0.751,13.960,25.175,0.189,8.733,9.614,0.018,4155.000,127.285,48.608,8.733,58.222,ON,Moderate coastal haze; Hybrid loop operating; Ceff=1.64x
414,11:26:30,35.660,69.790,67.790,50.070,48.680,32.680,1.678,15.993,17.149,0.874,1.471,847.300,1388.200,1.638,13.982,25.225,0.955,1.608,19.642,20.909,0.745,0.750,13.978,25.226,0.189,8.729,9.615,0.018,4155.000,127.589,48.630,8.729,58.244,ON,Moderate coastal haze; Hybrid loop operating; Ceff=1.64x
415,11:27:00,35.680,69.760,67.780,50.070,48.680,32.680,1.683,15.995,17.149,0.876,1.474,849.100,1391.200,1.639,14.012,25.281,0.957,1.611,19.644,20.910,0.745,0.750,14.012,25.278,0.189,8.731,9.614,0.018,4155.000,127.969,48.669,8.731,58.283,ON,Moderate coastal haze; Hybrid loop operating; Ceff=1.64x
416,11:27:30,35.690,69.750,67.770,50.070,48.680,32.680,1.688,15.996,17.149,0.878,1.477,850.800,1394.300,1.639,14.041,25.336,0.959,1.615,19.645,20.909,0.745,0.750,14.044,25.329,0.189,8.734,9.612,0.018,4155.000,128.350,48.705,8.734,58.317,ON,Moderate coastal haze; Hybrid loop operating; Ceff=1.64x
417,11:28:00,35.710,69.750,67.770,50.080,48.700,32.680,1.692,15.995,17.148,0.879,1.480,852.300,1396.900,1.639,14.065,25.382,0.961,1.618,19.645,20.909,0.745,0.750,14.060,25.379,0.189,8.728,9.613,0.018,4155.000,128.654,48.730,8.728,58.343,ON,Moderate coastal haze; Hybrid loop operating; Ceff=1.64x
418,11:28:30,35.720,69.770,67.790,50.100,48.720,32.680,1.695,15.994,17.147,0.880,1.482,853.300,1398.800,1.639,14.081,25.414,0.962,1.620,19.643,20.907,0.745,0.750,14.075,25.412,0.189,8.727,9.612,0.018,4155.000,128.882,48.750,8.727,58.362,ON,Moderate coastal haze; Hybrid loop operating; Ceff=1.64x
419,11:29:00,35.740,69.800,67.830,50.130,48.750,32.680,1.697,15.992,17.145,0.881,1.483,853.700,1399.800,1.640,14.086,25.428,0.963,1.621,19.641,20.905,0.745,0.750,14.089,25.426,0.189,8.732,9.611,0.018,4155.000,129.034,48.773,8.732,58.383,ON,Moderate coastal haze; Hybrid loop operating; Ceff=1.64x
420,11:29:30,35.750,69.850,67.870,50.170,48.790,32.680,1.697,15.989,17.143,0.881,1.483,853.600,1399.800,1.640,14.081,25.424,0.962,1.621,19.638,20.903,0.745,0.750,14.086,25.423,0.189,8.731,9.609,0.018,4155.000,129.034,48.773,8.731,58.382,ON,Moderate coastal haze; Hybrid loop operating; Ceff=1.64x
421,11:30:00,35.770,69.910,67.930,50.220,48.830,32.680,1.696,15.986,17.140,0.880,1.482,853.000,1399.100,1.640,14.067,25.407,0.962,1.620,19.634,20.900,0.745,0.750,14.068,25.401,0.189,8.726,9.606,0.018,4155.000,128.958,48.768,8.726,58.374,ON,Moderate coastal haze; Hybrid loop operating; Ceff=1.64x
422,11:30:30,35.780,69.980,67.990,50.270,48.870,32.670,1.694,15.982,17.138,0.879,1.481,852.200,1398.000,1.640,14.049,25.381,0.961,1.619,19.630,20.897,0.745,0.750,14.048,25.381,0.189,8.722,9.606,0.018,4155.000,128.806,48.749,8.722,58.355,ON,Moderate coastal haze; Hybrid loop operating; Ceff=1.64x
423,11:31:00,35.790,70.050,68.050,50.320,48.910,32.670,1.692,15.978,17.135,0.878,1.480,851.300,1396.800,1.641,14.031,25.356,0.960,1.617,19.626,20.894,0.745,0.750,14.029,25.360,0.189,8.719,9.606,0.018,4155.000,128.654,48.733,8.719,58.340,ON,Moderate coastal haze; Hybrid loop operating; Ceff=1.64x
424,11:31:30,35.800,70.120,68.100,50.360,48.950,32.670,1.691,15.975,17.132,0.877,1.479,850.700,1396.200,1.641,14.017,25.339,0.959,1.616,19.622,20.891,0.745,0.751,14.010,25.338,0.189,8.714,9.602,0.018,4155.000,128.578,48.725,8.714,58.328,ON,Moderate coastal haze; Hybrid loop operating; Ceff=1.64x
425,11:32:00,35.810,70.180,68.150,50.400,48.990,32.670,1.691,15.971,17.130,0.877,1.479,850.600,1396.300,1.641,14.012,25.337,0.959,1.616,19.618,20.889,0.745,0.751,14.007,25.335,0.189,8.713,9.600,0.018,4155.000,128.578,48.722,8.713,58.322,ON,Moderate coastal haze; Hybrid loop operating; Ceff=1.64x
426,11:32:30,35.820,70.230,68.200,50.440,49.020,32.670,1.693,15.968,17.128,0.878,1.480,851.200,1397.400,1.642,14.017,25.353,0.959,1.618,19.615,20.886,0.745,0.750,14.020,25.349,0.189,8.715,9.598,0.018,4155.000,128.730,48.741,8.715,58.339,ON,Moderate coastal haze; Hybrid loop operating; Ceff=1.64x
427,11:33:00,35.830,70.270,68.230,50.470,49.040,32.660,1.696,15.966,17.127,0.879,1.483,852.300,1399.600,1.642,14.034,25.390,0.961,1.620,19.613,20.885,0.745,0.750,14.034,25.399,0.189,8.712,9.602,0.018,4155.000,128.958,48.751,8.712,58.353,ON,Moderate coastal haze; Hybrid loop operating; Ceff=1.64x
428,11:33:30,35.840,70.290,68.250,50.490,49.060,32.660,1.701,15.965,17.125,0.881,1.486,854.100,1402.700,1.642,14.062,25.445,0.963,1.624,19.611,20.883,0.745,0.750,14.065,25.448,0.189,8.713,9.599,0.018,4155.000,129.338,48.787,8.713,58.385,ON,Moderate coastal haze; Hybrid loop operating; Ceff=1.64x
429,11:34:00,35.850,70.300,68.260,50.500,49.080,32.660,1.707,15.964,17.125,0.883,1.490,856.200,1406.600,1.643,14.096,25.513,0.965,1.628,19.611,20.883,0.745,0.750,14.096,25.516,0.189,8.711,9.598,0.018,4155.000,129.794,48.823,8.711,58.421,ON,Moderate coastal haze; Hybrid loop operating; Ceff=1.64x
430,11:34:30,35.860,70.290,68.260,50.500,49.090,32.660,1.714,15.965,17.124,0.885,1.494,858.500,1410.600,1.643,14.134,25.586,0.968,1.633,19.611,20.882,0.745,0.750,14.129,25.583,0.189,8.708,9.596,0.018,4155.000,130.327,48.884,8.708,58.480,ON,Moderate coastal haze; Hybrid loop operating; Ceff=1.64x
431,11:35:00,35.870,70.270,68.260,50.500,49.090,32.660,1.720,15.965,17.124,0.888,1.498,860.700,1414.500,1.643,14.171,25.657,0.970,1.637,19.612,20.882,0.745,0.751,14.177,25.652,0.189,8.715,9.595,0.018,4155.000,130.783,48.920,8.715,58.515,ON,Moderate coastal haze; Hybrid loop operating; Ceff=1.64x
432,11:35:30,35.870,70.250,68.250,50.490,49.090,32.650,1.725,15.966,17.124,0.890,1.502,862.600,1417.900,1.644,14.203,25.718,0.972,1.641,19.613,20.882,0.745,0.751,14.210,25.720,0.189,8.716,9.598,0.018,4155.000,131.163,48.944,8.716,58.542,ON,Moderate coastal haze; Hybrid loop operating; Ceff=1.64x
433,11:36:00,35.880,70.220,68.230,50.480,49.090,32.650,1.729,15.968,17.125,0.891,1.505,863.900,1420.400,1.644,14.226,25.764,0.974,1.644,19.614,20.883,0.745,0.750,14.227,25.773,0.189,8.714,9.601,0.018,4155.000,131.467,48.972,8.714,58.572,ON,Moderate coastal haze; Hybrid loop operating; Ceff=1.64x
434,11:36:30,35.890,70.200,68.220,50.470,49.090,32.650,1.732,15.969,17.125,0.892,1.506,864.600,1421.900,1.645,14.240,25.793,0.975,1.646,19.616,20.883,0.745,0.750,14.244,25.790,0.189,8.717,9.597,0.018,4155.000,131.695,49.005,8.717,58.602,ON,Moderate coastal haze; Hybrid loop operating; Ceff=1.64x
435,11:37:00,35.890,70.170,68.200,50.470,49.090,32.640,1.733,15.970,17.125,0.892,1.507,864.800,1422.600,1.645,14.244,25.805,0.975,1.647,19.617,20.883,0.745,0.750,14.245,25.807,0.189,8.715,9.598,0.018,4155.000,131.771,49.009,8.715,58.607,ON,Moderate coastal haze; Hybrid loop operating; Ceff=1.64x
436,11:37:30,35.900,70.160,68.200,50.460,49.090,32.640,1.733,15.970,17.125,0.892,1.507,864.600,1422.600,1.645,14.242,25.806,0.975,1.647,19.617,20.883,0.745,0.750,14.245,25.807,0.189,8.718,9.598,0.018,4155.000,131.771,49.009,8.718,58.607,ON,Moderate coastal haze; Hybrid loop operating; Ceff=1.65x
437,11:38:00,35.900,70.160,68.200,50.460,49.100,32.640,1.732,15.970,17.125,0.891,1.507,864.300,1422.300,1.646,14.236,25.801,0.974,1.647,19.617,20.883,0.745,0.750,14.229,25.807,0.189,8.711,9.600,0.018,4155.000,131.695,48.991,8.711,58.592,ON,Moderate coastal haze; Hybrid loop operating; Ceff=1.65x
438,11:38:30,35.900,70.170,68.220,50.470,49.110,32.630,1.732,15.970,17.125,0.891,1.506,864.000,1422.200,1.646,14.230,25.797,0.974,1.646,19.616,20.882,0.745,0.751,14.229,25.790,0.189,8.714,9.595,0.018,4155.000,131.695,48.995,8.714,58.589,ON,Moderate coastal haze; Hybrid loop operating; Ceff=1.65x
439,11:39:00,35.910,70.200,68.240,50.490,49.130,32.630,1.733,15.968,17.123,0.891,1.507,864.100,1422.700,1.646,14.230,25.804,0.974,1.647,19.615,20.881,0.745,0.750,14.227,25.804,0.189,8.712,9.597,0.018,4155.000,131.771,49.006,8.712,58.602,ON,Moderate coastal haze; Hybrid loop operating; Ceff=1.65x
440,11:39:30,35.910,70.240,68.290,50.520,49.150,32.630,1.735,15.965,17.122,0.892,1.508,864.700,1424.000,1.647,14.237,25.825,0.975,1.648,19.612,20.880,0.745,0.751,14.241,25.820,0.189,8.714,9.594,0.018,4155.000,131.923,49.017,8.714,58.611,ON,Moderate coastal haze; Hybrid loop operating; Ceff=1.65x
441,11:40:00,35.910,70.300,68.340,50.560,49.180,32.630,1.739,15.962,17.120,0.893,1.511,865.900,1426.400,1.647,14.253,25.864,0.976,1.651,19.608,20.877,0.745,0.750,14.254,25.868,0.189,8.710,9.595,0.018,4155.000,132.227,49.048,8.710,58.643,ON,Moderate coastal haze; Hybrid loop operating; Ceff=1.65x
442,11:40:30,35.910,70.380,68.400,50.600,49.220,32.620,1.744,15.958,17.117,0.895,1.514,867.800,1429.800,1.648,14.279,25.921,0.978,1.655,19.604,20.875,0.745,0.750,14.282,25.915,0.189,8.708,9.590,0.018,4155.000,132.608,49.072,8.708,58.662,ON,Moderate coastal haze; Hybrid loop operating; Ceff=1.65x
443,11:41:00,35.920,70.460,68.470,50.650,49.260,32.620,1.751,15.953,17.115,0.897,1.519,870.100,1434.000,1.648,14.313,25.992,0.981,1.660,19.599,20.872,0.744,0.750,14.310,25.998,0.189,8.702,9.592,0.018,4155.000,133.140,49.124,8.702,58.717,ON,Moderate coastal haze; Hybrid loop operating; Ceff=1.65x
444,11:41:30,35.920,70.540,68.550,50.710,49.310,32.620,1.759,15.949,17.112,0.900,1.524,872.800,1438.700,1.648,14.351,26.072,0.983,1.665,19.594,20.868,0.745,0.750,14.354,26.079,0.189,8.702,9.591,0.018,4155.000,133.748,49.188,8.702,58.778,ON,Moderate coastal haze; Hybrid loop operating; Ceff=1.65x
445,11:42:00,35.920,70.620,68.620,50.760,49.350,32.610,1.766,15.944,17.109,0.903,1.529,875.500,1443.500,1.649,14.390,26.153,0.986,1.671,19.588,20.865,0.745,0.750,14.397,26.160,0.189,8.701,9.589,0.018,4155.000,134.280,49.219,8.701,58.808,ON,Moderate coastal haze; Hybrid loop operating; Ceff=1.65x
446,11:42:30,35.920,70.700,68.680,50.800,49.390,32.610,1.773,15.940,17.106,0.905,1.533,877.900,1447.900,1.649,14.426,26.228,0.989,1.676,19.584,20.862,0.745,0.750,14.426,26.223,0.189,8.694,9.583,0.018,4155.000,134.813,49.264,8.694,58.847,ON,Moderate coastal haze; Hybrid loop operating; Ceff=1.65x
447,11:43:00,35.920,70.760,68.740,50.840,49.430,32.610,1.779,15.936,17.104,0.907,1.537,880.000,1451.600,1.650,14.455,26.290,0.991,1.680,19.580,20.860,0.745,0.750,14.454,26.289,0.189,8.690,9.582,0.018,4155.000,135.269,49.305,8.690,58.887,ON,Moderate coastal haze; Hybrid loop operating; Ceff=1.65x
448,11:43:30,35.920,70.810,68.790,50.870,49.460,32.610,1.784,15.934,17.102,0.908,1.540,881.400,1454.300,1.650,14.475,26.336,0.993,1.683,19.577,20.858,0.745,0.750,14.468,26.337,0.189,8.685,9.582,0.018,4155.000,135.649,49.352,8.685,58.933,ON,Moderate coastal haze; Hybrid loop operating; Ceff=1.65x
449,11:44:00,35.920,70.840,68.820,50.890,49.480,32.600,1.786,15.932,17.101,0.909,1.542,882.200,1456.000,1.650,14.487,26.365,0.994,1.685,19.575,20.857,0.745,0.750,14.482,26.370,0.189,8.686,9.583,0.018,4155.000,135.801,49.349,8.686,58.932,ON,Moderate coastal haze; Hybrid loop operating; Ceff=1.65x
450,11:44:30,35.910,70.850,68.830,50.900,49.490,32.600,1.788,15.931,17.101,0.910,1.543,882.500,1456.800,1.651,14.491,26.379,0.994,1.686,19.574,20.856,0.745,0.750,14.497,26.387,0.189,8.692,9.584,0.018,4155.000,135.953,49.377,8.692,58.961,ON,Moderate coastal haze; Hybrid loop operating; Ceff=1.65x
451,11:45:00,35.910,70.840,68.840,50.890,49.490,32.600,1.788,15.931,17.101,0.910,1.543,882.500,1457.100,1.651,14.490,26.385,0.994,1.686,19.574,20.856,0.745,0.750,14.497,26.387,0.189,8.692,9.582,0.018,4155.000,135.953,49.367,8.692,58.949,ON,Moderate coastal haze; Hybrid loop operating; Ceff=1.65x
452,11:45:30,35.910,70.820,68.830,50.880,49.480,32.600,1.788,15.932,17.101,0.909,1.543,882.300,1457.200,1.652,14.489,26.388,0.994,1.686,19.575,20.857,0.745,0.750,14.482,26.387,0.189,8.685,9.581,0.018,4155.000,135.953,49.364,8.685,58.945,ON,Moderate coastal haze; Hybrid loop operating; Ceff=1.65x
453,11:46:00,35.910,70.800,68.810,50.860,49.470,32.590,1.789,15.933,17.102,0.909,1.543,882.400,1457.600,1.652,14.491,26.396,0.994,1.687,19.576,20.858,0.745,0.750,14.483,26.388,0.189,8.684,9.579,0.018,4155.000,136.029,49.378,8.684,58.957,ON,Moderate coastal haze; Hybrid loop operating; Ceff=1.65x
454,11:46:30,35.910,70.770,68.800,50.840,49.460,32.590,1.791,15.934,17.103,0.910,1.545,882.800,1458.700,1.652,14.499,26.417,0.994,1.688,19.578,20.859,0.745,0.750,14.500,26.424,0.189,8.690,9.585,0.018,4155.000,136.181,49.396,8.690,58.980,ON,Moderate coastal haze; Hybrid loop operating; Ceff=1.65x
455,11:47:00,35.910,70.750,68.780,50.830,49.450,32.590,1.794,15.935,17.104,0.911,1.547,883.800,1460.600,1.653,14.517,26.454,0.996,1.690,19.579,20.860,0.744,0.750,14.517,26.460,0.189,8.691,9.585,0.018,4155.000,136.409,49.414,8.691,58.999,ON,Moderate coastal haze; Hybrid loop operating; Ceff=1.65x
456,11:47:30,35.910,70.740,68.780,50.820,49.450,32.590,1.798,15.936,17.104,0.913,1.550,885.400,1463.600,1.653,14.543,26.508,0.997,1.694,19.579,20.860,0.745,0.750,14.550,26.511,0.189,8.695,9.584,0.018,4155.000,136.714,49.423,8.695,59.007,ON,Moderate coastal haze; Hybrid loop operating; Ceff=1.65x
457,11:48:00,35.900,70.740,68.790,50.820,49.450,32.590,1.805,15.936,17.104,0.915,1.554,887.500,1467.500,1.653,14.578,26.578,1.000,1.698,19.579,20.860,0.745,0.750,14.581,26.580,0.189,8.693,9.583,0.018,4155.000,137.246,49.483,8.693,59.067,ON,Moderate coastal haze; Hybrid loop operating; Ceff=1.65x
458,11:48:30,35.900,70.760,68.810,50.830,49.470,32.590,1.812,15.934,17.103,0.917,1.559,890.100,1472.000,1.654,14.618,26.659,1.003,1.704,19.578,20.859,0.744,0.750,14.611,26.664,0.189,8.685,9.584,0.018,4155.000,137.778,49.523,8.685,59.107,ON,Moderate coastal haze; Hybrid loop operating; Ceff=1.65x
459,11:49:00,35.900,70.800,68.850,50.850,49.490,32.590,1.820,15.932,17.102,0.920,1.564,892.800,1476.800,1.654,14.660,26.743,1.006,1.709,19.575,20.858,0.744,0.750,14.657,26.748,0.189,8.686,9.583,0.018,4155.000,138.386,49.580,8.686,59.163,ON,Moderate coastal haze; Hybrid loop operating; Ceff=1.65x
460,11:49:30,35.900,70.870,68.910,50.890,49.520,32.590,1.827,15.928,17.100,0.923,1.569,895.400,1481.400,1.655,14.699,26.823,1.009,1.714,19.571,20.855,0.744,0.750,14.702,26.830,0.189,8.687,9.583,0.018,4155.000,138.919,49.617,8.687,59.199,ON,Moderate coastal haze; Hybrid loop operating; Ceff=1.65x
461,11:50:00,35.900,70.940,68.980,50.930,49.560,32.590,1.834,15.924,17.097,0.925,1.573,897.600,1485.500,1.655,14.731,26.892,1.011,1.719,19.566,20.853,0.745,0.750,14.730,26.894,0.189,8.683,9.579,0.018,4155.000,139.451,49.669,8.683,59.248,ON,Moderate coastal haze; Hybrid loop operating; Ceff=1.65x
462,11:50:30,35.900,71.030,69.060,50.990,49.610,32.590,1.839,15.919,17.094,0.927,1.576,899.400,1488.700,1.655,14.753,26.943,1.013,1.723,19.561,20.849,0.745,0.750,14.757,26.940,0.189,8.681,9.575,0.018,4155.000,139.831,49.698,8.681,59.272,ON,Moderate coastal haze; Hybrid loop operating; Ceff=1.66x
463,11:51:00,35.900,71.130,69.140,51.040,49.650,32.590,1.843,15.913,17.091,0.928,1.578,900.400,1490.800,1.656,14.764,26.975,1.014,1.725,19.555,20.846,0.745,0.750,14.767,26.970,0.189,8.678,9.572,0.018,4155.000,140.135,49.735,8.678,59.307,ON,Moderate coastal haze; Hybrid loop operating; Ceff=1.66x
464,11:51:30,35.890,71.230,69.230,51.100,49.700,32.590,1.844,15.908,17.088,0.928,1.579,900.900,1491.900,1.656,14.766,26.989,1.014,1.726,19.549,20.843,0.745,0.750,14.763,26.982,0.189,8.670,9.569,0.018,4155.000,140.211,49.726,8.670,59.295,ON,Moderate coastal haze; Hybrid loop operating; Ceff=1.66x
465,11:52:00,35.890,71.320,69.310,51.150,49.740,32.590,1.845,15.903,17.085,0.928,1.580,900.900,1492.100,1.656,14.760,26.988,1.014,1.726,19.543,20.840,0.745,0.750,14.758,26.994,0.189,8.667,9.572,0.018,4155.000,140.287,49.746,8.667,59.318,ON,Moderate coastal haze; Hybrid loop operating; Ceff=1.66x
466,11:52:30,35.890,71.400,69.380,51.190,49.780,32.590,1.844,15.899,17.083,0.928,1.579,900.600,1491.900,1.657,14.750,26.980,1.014,1.726,19.539,20.837,0.744,0.750,14.754,26.974,0.189,8.668,9.566,0.018,4155.000,140.211,49.726,8.668,59.292,ON,Moderate coastal haze; Hybrid loop operating; Ceff=1.66x
467,11:53:00,35.890,71.460,69.430,51.230,49.810,32.590,1.844,15.895,17.081,0.927,1.579,900.300,1491.700,1.657,14.740,26.972,1.013,1.726,19.535,20.835,0.745,0.750,14.735,26.971,0.189,8.659,9.566,0.018,4155.000,140.211,49.732,8.659,59.299,ON,Moderate coastal haze; Hybrid loop operating; Ceff=1.66x
468,11:53:30,35.890,71.510,69.480,51.250,49.830,32.590,1.844,15.892,17.080,0.927,1.579,900.200,1491.800,1.657,14.736,26.972,1.013,1.726,19.532,20.834,0.745,0.750,14.732,26.969,0.189,8.659,9.565,0.018,4155.000,140.211,49.729,8.659,59.294,ON,Moderate coastal haze; Hybrid loop operating; Ceff=1.66x
469,11:54:00,35.890,71.540,69.510,51.260,49.840,32.590,1.846,15.891,17.079,0.928,1.580,900.500,1492.700,1.658,14.739,26.986,1.014,1.727,19.530,20.833,0.744,0.750,14.747,26.985,0.189,8.665,9.565,0.018,4155.000,140.363,49.753,8.665,59.318,ON,Moderate coastal haze; Hybrid loop operating; Ceff=1.66x
470,11:54:30,35.890,71.550,69.520,51.270,49.850,32.590,1.849,15.890,17.079,0.928,1.582,901.500,1494.500,1.658,14.754,27.018,1.015,1.729,19.529,20.832,0.744,0.750,14.746,27.019,0.189,8.655,9.566,0.018,4155.000,140.591,49.774,8.655,59.339,ON,Moderate coastal haze; Hybrid loop operating; Ceff=1.66x
471,11:55:00,35.890,71.550,69.520,51.260,49.850,32.590,1.853,15.890,17.079,0.930,1.585,903.000,1497.300,1.658,14.778,27.069,1.016,1.732,19.529,20.833,0.745,0.750,14.778,27.070,0.189,8.659,9.566,0.018,4155.000,140.896,49.788,8.659,59.354,ON,Moderate coastal haze; Hybrid loop operating; Ceff=1.66x
472,11:55:30,35.900,71.530,69.520,51.250,49.840,32.600,1.859,15.890,17.079,0.932,1.589,905.000,1500.800,1.658,14.811,27.134,1.019,1.736,19.529,20.833,0.744,0.750,14.809,27.139,0.189,8.658,9.568,0.018,4155.000,141.352,49.833,8.658,59.401,ON,Moderate coastal haze; Hybrid loop operating; Ceff=1.66x
473,11:56:00,35.900,71.520,69.510,51.240,49.840,32.600,1.865,15.891,17.080,0.934,1.593,907.300,1504.900,1.659,14.850,27.208,1.021,1.741,19.530,20.834,0.745,0.750,14.842,27.208,0.189,8.655,9.566,0.018,4155.000,141.808,49.858,8.655,59.424,ON,Moderate coastal haze; Hybrid loop operating; Ceff=1.66x
474,11:56:30,35.900,71.500,69.510,51.230,49.830,32.600,1.872,15.892,17.080,0.937,1.597,909.600,1509.000,1.659,14.889,27.283,1.024,1.746,19.531,20.834,0.744,0.750,14.891,27.277,0.189,8.662,9.564,0.018,4155.000,142.340,49.909,8.662,59.473,ON,Moderate coastal haze; Hybrid loop operating; Ceff=1.66x
475,11:57:00,35.900,71.490,69.500,51.220,49.830,32.600,1.878,15.892,17.081,0.939,1.601,911.700,1512.700,1.659,14.924,27.351,1.026,1.750,19.531,20.834,0.745,0.750,14.923,27.347,0.189,8.660,9.565,0.018,4155.000,142.797,49.946,8.660,59.511,ON,Moderate coastal haze; Hybrid loop operating; Ceff=1.66x
476,11:57:30,35.910,71.480,69.510,51.220,49.830,32.610,1.883,15.892,17.081,0.941,1.604,913.400,1515.700,1.659,14.951,27.406,1.028,1.754,19.531,20.834,0.745,0.750,14.954,27.398,0.189,8.663,9.564,0.018,4155.000,143.177,49.980,8.663,59.544,ON,Moderate coastal haze; Hybrid loop operating; Ceff=1.66x
477,11:58:00,35.910,71.490,69.520,51.220,49.840,32.610,1.887,15.891,17.080,0.942,1.607,914.400,1517.700,1.660,14.968,27.441,1.029,1.756,19.531,20.834,0.745,0.750,14.969,27.448,0.189,8.662,9.569,0.018,4155.000,143.481,50.020,8.662,59.589,ON,Moderate coastal haze; Hybrid loop operating; Ceff=1.66x
478,11:58:30,35.910,71.520,69.550,51.230,49.860,32.610,1.888,15.890,17.080,0.942,1.608,914.800,1518.600,1.660,14.973,27.456,1.030,1.757,19.529,20.833,0.744,0.750,14.968,27.465,0.189,8.657,9.569,0.018,4155.000,143.557,50.017,8.657,59.586,ON,Moderate coastal haze; Hybrid loop operating; Ceff=1.66x
479,11:59:00,35.920,71.550,69.580,51.250,49.880,32.620,1.888,15.888,17.078,0.942,1.607,914.700,1518.500,1.660,14.967,27.452,1.030,1.757,19.527,20.832,0.744,0.750,14.966,27.444,0.189,8.657,9.563,0.018,4155.000,143.557,50.020,8.657,59.583,ON,Moderate coastal haze; Hybrid loop operating; Ceff=1.66x
480,11:59:30,35.920,71.610,69.630,51.280,49.900,32.620,1.887,15.885,17.077,0.941,1.607,914.100,1517.700,1.660,14.954,27.434,1.029,1.756,19.523,20.830,0.744,0.750,14.948,27.443,0.189,8.652,9.567,0.018,4155.000,143.481,50.020,8.652,59.587,ON,Moderate coastal haze; Hybrid loop operating; Ceff=1.66x
481,12:00:00,35.930,71.670,69.690,51.320,49.930,32.620,1.885,15.881,17.075,0.941,1.605,913.300,1516.600,1.661,14.937,27.410,1.028,1.754,19.519,20.828,0.744,0.750,14.944,27.405,0.189,8.657,9.561,0.018,4155.000,143.329,50.004,8.657,59.565,ON,Moderate coastal haze; Hybrid loop operating; Ceff=1.66x
482,12:00:30,35.940,71.740,69.750,51.360,49.960,32.630,1.883,15.877,17.073,0.940,1.604,912.600,1515.600,1.661,14.920,27.388,1.027,1.753,19.515,20.826,0.744,0.750,14.924,27.385,0.189,8.653,9.560,0.018,4155.000,143.177,49.983,8.653,59.544,ON,Moderate coastal haze; Hybrid loop operating; Ceff=1.66x
483,12:01:00,35.940,71.820,69.820,51.400,50.000,32.630,1.882,15.873,17.070,0.939,1.604,912.200,1515.200,1.661,14.909,27.375,1.027,1.753,19.510,20.823,0.744,0.750,14.905,27.380,0.189,8.645,9.561,0.018,4155.000,143.101,49.970,8.645,59.531,ON,Moderate coastal haze; Hybrid loop operating; Ceff=1.66x
484,12:01:30,35.950,71.900,69.890,51.450,50.040,32.640,1.883,15.868,17.068,0.939,1.604,912.300,1515.500,1.661,14.905,27.376,1.027,1.753,19.505,20.820,0.744,0.750,14.900,27.377,0.189,8.641,9.558,0.018,4155.000,143.177,49.987,8.641,59.545,ON,Moderate coastal haze; Hybrid loop operating; Ceff=1.66x
485,12:02:00,35.960,71.980,69.960,51.490,50.080,32.640,1.885,15.864,17.065,0.940,1.605,913.000,1516.800,1.661,14.911,27.395,1.027,1.754,19.500,20.818,0.745,0.750,14.912,27.389,0.189,8.642,9.554,0.018,4155.000,143.329,49.997,8.642,59.551,ON,Moderate coastal haze; Hybrid loop operating; Ceff=1.66x
486,12:02:30,35.960,72.060,70.020,51.540,50.110,32.640,1.889,15.860,17.063,0.941,1.608,914.300,1519.100,1.662,14.927,27.431,1.029,1.757,19.496,20.815,0.744,0.750,14.924,27.437,0.189,8.637,9.556,0.018,4155.000,143.633,50.027,8.637,59.584,ON,Moderate coastal haze; Hybrid loop operating; Ceff=1.66x
487,12:03:00,35.970,72.120,70.080,51.570,50.140,32.650,1.894,15.856,17.061,0.943,1.611,915.900,1522.000,1.662,14.950,27.480,1.030,1.760,19.492,20.813,0.745,0.750,14.952,27.485,0.189,8.638,9.555,0.018,4155.000,144.013,50.064,8.638,59.619,ON,Moderate coastal haze; Hybrid loop operating; Ceff=1.66x
488,12:03:30,35.980,72.170,70.120,51.610,50.170,32.650,1.899,15.853,17.059,0.945,1.614,917.800,1525.300,1.662,14.978,27.536,1.033,1.764,19.489,20.811,0.744,0.750,14.981,27.533,0.189,8.636,9.551,0.018,4155.000,144.393,50.088,8.636,59.638,ON,Moderate coastal haze; Hybrid loop operating; Ceff=1.66x
489,12:04:00,35.990,72.200,70.160,51.630,50.190,32.660,1.904,15.851,17.058,0.947,1.617,919.700,1528.500,1.662,15.005,27.591,1.035,1.768,19.487,20.809,0.744,0.750,15.011,27.583,0.189,8.636,9.548,0.018,4155.000,144.773,50.114,8.636,59.662,ON,Moderate coastal haze; Hybrid loop operating; Ceff=1.66x
490,12:04:30,36.000,72.220,70.180,51.640,50.210,32.660,1.909,15.850,17.057,0.948,1.620,921.200,1531.200,1.662,15.029,27.638,1.036,1.771,19.485,20.809,0.745,0.750,15.026,27.632,0.189,8.630,9.548,0.018,4155.000,145.154,50.157,8.630,59.706,ON,Moderate coastal haze; Hybrid loop operating; Ceff=1.66x
491,12:05:00,36.010,72.230,70.190,51.640,50.210,32.670,1.912,15.850,17.057,0.949,1.622,922.200,1533.000,1.662,15.045,27.670,1.037,1.773,19.485,20.808,0.745,0.750,15.042,27.666,0.189,8.630,9.549,0.018,4155.000,145.382,50.177,8.630,59.726,ON,Moderate coastal haze; Hybrid loop operating; Ceff=1.66x
492,12:05:30,36.020,72.220,70.180,51.640,50.220,32.680,1.913,15.850,17.057,0.950,1.623,922.600,1533.800,1.662,15.052,27.684,1.038,1.774,19.485,20.808,0.744,0.750,15.058,27.684,0.189,8.635,9.550,0.018,4155.000,145.458,50.177,8.635,59.727,ON,Moderate coastal haze; Hybrid loop operating; Ceff=1.66x
493,12:06:00,36.030,72.200,70.170,51.630,50.210,32.680,1.913,15.851,17.057,0.949,1.623,922.400,1533.500,1.663,15.049,27.680,1.038,1.774,19.486,20.809,0.744,0.750,15.043,27.684,0.189,8.629,9.552,0.018,4155.000,145.458,50.187,8.629,59.739,ON,Moderate coastal haze; Hybrid loop operating; Ceff=1.66x
494,12:06:30,36.050,72.170,70.160,51.610,50.200,32.690,1.911,15.852,17.058,0.949,1.622,921.600,1532.400,1.663,15.039,27.661,1.037,1.772,19.488,20.809,0.744,0.750,15.044,27.668,0.189,8.637,9.553,0.018,4155.000,145.306,50.171,8.637,59.724,ON,Moderate coastal haze; Hybrid loop operating; Ceff=1.66x
495,12:07:00,36.060,72.140,70.140,51.600,50.200,32.690,1.908,15.854,17.059,0.948,1.620,920.600,1530.700,1.663,15.023,27.631,1.036,1.770,19.489,20.810,0.744,0.750,15.030,27.636,0.189,8.638,9.552,0.018,4155.000,145.078,50.147,8.638,59.700,ON,Moderate coastal haze; Hybrid loop operating; Ceff=1.66x
496,12:07:30,36.070,72.110,70.120,51.580,50.190,32.700,1.905,15.855,17.059,0.946,1.618,919.400,1528.800,1.663,15.005,27.600,1.034,1.768,19.491,20.811,0.745,0.750,14.999,27.601,0.189,8.632,9.553,0.018,4155.000,144.850,50.131,8.632,59.683,ON,Moderate coastal haze; Hybrid loop operating; Ceff=1.66x
497,12:08:00,36.080,72.100,70.110,51.570,50.180,32.700,1.902,15.856,17.060,0.945,1.616,918.500,1527.300,1.663,14.991,27.573,1.033,1.766,19.492,20.811,0.745,0.750,14.984,27.569,0.189,8.631,9.551,0.018,4155.000,144.621,50.101,8.631,59.652,ON,Moderate coastal haze; Hybrid loop operating; Ceff=1.66x
498,12:08:30,36.100,72.100,70.110,51.570,50.190,32.710,1.901,15.856,17.060,0.945,1.615,917.900,1526.500,1.663,14.982,27.558,1.033,1.765,19.492,20.811,0.744,0.750,14.984,27.552,0.189,8.637,9.550,0.018,4155.000,144.545,50.101,8.637,59.651,ON,Moderate coastal haze; Hybrid loop operating; Ceff=1.66x
499,12:09:00,36.110,72.110,70.130,51.580,50.190,32.710,1.901,15.855,17.059,0.945,1.615,917.900,1526.600,1.663,14.981,27.559,1.033,1.766,19.491,20.811,0.744,0.750,14.983,27.550,0.189,8.637,9.549,0.018,4155.000,144.545,50.098,8.637,59.646,ON,Moderate coastal haze; Hybrid loop operating; Ceff=1.66x
500,12:09:30,36.120,72.140,70.160,51.600,50.210,32.720,1.903,15.853,17.058,0.946,1.617,918.600,1527.700,1.663,14.990,27.577,1.033,1.767,19.489,20.810,0.745,0.750,14.997,27.583,0.189,8.638,9.553,0.018,4155.000,144.697,50.114,8.638,59.667,ON,Moderate coastal haze; Hybrid loop operating; Ceff=1.66x
501,12:10:00,36.140,72.190,70.200,51.630,50.240,32.720,1.906,15.851,17.056,0.947,1.619,919.700,1529.700,1.663,15.005,27.609,1.035,1.769,19.486,20.808,0.744,0.750,15.011,27.614,0.189,8.636,9.551,0.018,4155.000,144.926,50.128,8.636,59.679,ON,Moderate coastal haze; Hybrid loop operating; Ceff=1.66x
502,12:10:30,36.150,72.250,70.250,51.670,50.270,32.730,1.910,15.847,17.054,0.948,1.621,921.300,1532.300,1.663,15.026,27.651,1.036,1.772,19.482,20.805,0.744,0.750,15.023,27.645,0.189,8.628,9.546,0.018,4155.000,145.230,50.148,8.628,59.693,ON,Moderate coastal haze; Hybrid loop operating; Ceff=1.66x
503,12:11:00,36.170,72.320,70.320,51.720,50.320,32.730,1.915,15.843,17.051,0.950,1.624,922.900,1535.100,1.663,15.048,27.696,1.038,1.775,19.478,20.802,0.744,0.750,15.051,27.691,0.189,8.629,9.544,0.018,4155.000,145.610,50.187,8.629,59.731,ON,Moderate coastal haze; Hybrid loop operating; Ceff=1.66x
504,12:11:30,36.180,72.400,70.390,51.770,50.360,32.740,1.919,15.839,17.049,0.951,1.627,924.400,1537.600,1.663,15.068,27.737,1.040,1.778,19.473,20.799,0.744,0.750,15.063,27.739,0.189,8.622,9.545,0.018,4155.000,145.914,50.210,8.622,59.755,ON,Moderate coastal haze; Hybrid loop operating; Ceff=1.66x
505,12:12:00,36.190,72.480,70.450,51.830,50.410,32.750,1.922,15.834,17.046,0.952,1.629,925.600,1539.600,1.663,15.081,27.766,1.041,1.780,19.468,20.796,0.744,0.750,15.074,27.768,0.189,8.617,9.543,0.018,4155.000,146.142,50.223,8.617,59.766,ON,Moderate coastal haze; Hybrid loop operating; Ceff=1.66x
506,12:12:30,36.210,72.560,70.520,51.870,50.450,32.750,1.924,15.830,17.043,0.953,1.630,926.200,1540.600,1.663,15.086,27.778,1.042,1.781,19.463,20.793,0.744,0.750,15.086,27.780,0.189,8.618,9.541,0.018,4155.000,146.294,50.243,8.618,59.784,ON,Moderate coastal haze; Hybrid loop operating; Ceff=1.66x
507,12:13:00,36.220,72.620,70.570,51.920,50.480,32.760,1.924,15.827,17.041,0.953,1.630,926.200,1540.500,1.663,15.081,27.773,1.041,1.781,19.460,20.790,0.744,0.750,15.083,27.777,0.189,8.616,9.540,0.018,4155.000,146.294,50.246,8.616,59.786,ON,Moderate coastal haze; Hybrid loop operating; Ceff=1.66x
508,12:13:30,36.240,72.660,70.620,51.950,50.510,32.760,1.922,15.824,17.039,0.952,1.629,925.600,1539.500,1.663,15.068,27.752,1.041,1.780,19.457,20.788,0.744,0.750,15.064,27.757,0.189,8.611,9.539,0.018,4155.000,146.142,50.227,8.611,59.766,ON,Moderate coastal haze; Hybrid loop operating; Ceff=1.66x
509,12:14:00,36.250,72.690,70.640,51.970,50.530,32.760,1.920,15.822,17.038,0.951,1.627,924.500,1537.800,1.663,15.050,27.718,1.040,1.778,19.455,20.787,0.744,0.750,15.047,27.721,0.189,8.611,9.538,0.018,4155.000,145.990,50.230,8.611,59.768,ON,Moderate coastal haze; Hybrid loop operating; Ceff=1.66x
510,12:14:30,36.270,72.700,70.650,51.970,50.540,32.770,1.916,15.822,17.037,0.950,1.625,923.300,1535.700,1.663,15.029,27.679,1.038,1.776,19.455,20.787,0.744,0.750,15.031,27.685,0.189,8.614,9.538,0.018,4155.000,145.686,50.194,8.614,59.732,ON,Moderate coastal haze; Hybrid loop operating; Ceff=1.66x
511,12:15:00,36.280,72.680,70.640,51.970,50.540,32.770,1.913,15.823,17.037,0.949,1.622,922.000,1533.700,1.663,15.009,27.643,1.037,1.773,19.455,20.787,0.744,0.750,15.016,27.634,0.189,8.617,9.533,0.018,4155.000,145.458,50.180,8.617,59.714,ON,Moderate coastal haze; Hybrid loop operating; Ceff=1.66x
512,12:15:30,36.300,72.650,70.620,51.950,50.530,32.780,1.910,15.824,17.038,0.948,1.621,921.100,1532.100,1.663,14.996,27.616,1.036,1.771,19.457,20.788,0.744,0.750,15.001,27.619,0.189,8.617,9.538,0.018,4155.000,145.230,50.154,8.617,59.692,ON,Moderate coastal haze; Hybrid loop operating; Ceff=1.66x
513,12:16:00,36.310,72.620,70.600,51.930,50.520,32.780,1.909,15.826,17.039,0.947,1.620,920.700,1531.400,1.663,14.992,27.605,1.035,1.771,19.459,20.789,0.744,0.750,14.987,27.603,0.189,8.613,9.537,0.018,4155.000,145.154,50.151,8.613,59.688,ON,Moderate coastal haze; Hybrid loop operating; Ceff=1.66x
514,12:16:30,36.330,72.570,70.560,51.910,50.500,32.780,1.910,15.828,17.040,0.948,1.620,920.900,1531.700,1.663,14.998,27.613,1.036,1.771,19.461,20.790,0.744,0.750,15.005,27.605,0.189,8.621,9.536,0.018,4155.000,145.230,50.167,8.621,59.703,ON,Moderate coastal haze; Hybrid loop operating; Ceff=1.66x
515,12:17:00,36.340,72.530,70.530,51.890,50.490,32.790,1.912,15.830,17.041,0.948,1.622,921.700,1533.000,1.663,15.013,27.638,1.036,1.773,19.464,20.791,0.745,0.750,15.007,27.641,0.189,8.615,9.540,0.018,4155.000,145.382,50.177,8.615,59.717,ON,Moderate coastal haze; Hybrid loop operating; Ceff=1.66x
516,12:17:30,36.350,72.490,70.510,51.870,50.480,32.790,1.915,15.832,17.042,0.950,1.624,923.000,1535.100,1.663,15.036,27.677,1.038,1.775,19.466,20.792,0.744,0.750,15.040,27.676,0.189,8.622,9.539,0.018,4155.000,145.610,50.187,8.622,59.726,ON,Moderate coastal haze; Hybrid loop operating; Ceff=1.66x
517,12:18:00,36.370,72.470,70.490,51.860,50.480,32.790,1.919,15.833,17.042,0.951,1.627,924.600,1537.600,1.663,15.063,27.724,1.040,1.778,19.467,20.792,0.744,0.750,15.057,27.727,0.189,8.616,9.541,0.018,4155.000,145.914,50.210,8.616,59.751,ON,Moderate coastal haze; Hybrid loop operating; Ceff=1.66x
518,12:18:30,36.380,72.460,70.490,51.860,50.490,32.800,1.924,15.834,17.042,0.953,1.630,926.200,1540.300,1.663,15.090,27.771,1.042,1.781,19.467,20.792,0.744,0.750,15.090,27.778,0.189,8.620,9.542,0.018,4155.000,146.294,50.253,8.620,59.795,ON,Moderate coastal haze; Hybrid loop operating; Ceff=1.66x
519,12:19:00,36.390,72.470,70.510,51.870,50.500,32.800,1.927,15.833,17.041,0.954,1.632,927.500,1542.500,1.663,15.111,27.810,1.043,1.784,19.467,20.791,0.744,0.750,15.105,27.811,0.189,8.617,9.540,0.018,4155.000,146.522,50.259,8.617,59.799,ON,Moderate coastal haze; Hybrid loop operating; Ceff=1.66x
520,12:19:30,36.410,72.500,70.540,51.900,50.520,32.800,1.930,15.831,17.040,0.955,1.633,928.500,1544.000,1.663,15.125,27.834,1.044,1.785,19.465,20.790,0.744,0.750,15.119,27.826,0.189,8.615,9.536,0.018,4155.000,146.750,50.289,8.615,59.824,ON,Moderate coastal haze; Hybrid loop operating; Ceff=1.66x
521,12:20:00,36.420,72.550,70.580,51.930,50.550,32.800,1.931,15.829,17.038,0.956,1.634,928.800,1544.500,1.663,15.127,27.840,1.044,1.786,19.462,20.788,0.745,0.750,15.133,27.840,0.189,8.620,9.537,0.018,4155.000,146.826,50.298,8.620,59.836,ON,Moderate coastal haze; Hybrid loop operating; Ceff=1.66x
522,12:20:30,36.430,72.600,70.630,51.970,50.580,32.810,1.930,15.825,17.036,0.955,1.633,928.600,1544.000,1.663,15.119,27.826,1.044,1.785,19.458,20.786,0.744,0.750,15.113,27.820,0.189,8.611,9.533,0.018,4155.000,146.750,50.289,8.611,59.822,ON,Moderate coastal haze; Hybrid loop operating; Ceff=1.66x
523,12:21:00,36.440,72.670,70.680,52.010,50.620,32.810,1.927,15.822,17.034,0.954,1.632,927.800,1542.600,1.663,15.101,27.796,1.043,1.783,19.454,20.783,0.744,0.750,15.094,27.799,0.189,8.608,9.535,0.018,4155.000,146.522,50.256,8.608,59.791,ON,Moderate coastal haze; Hybrid loop operating; Ceff=1.66x
524,12:21:30,36.460,72.740,70.740,52.050,50.660,32.810,1.924,15.818,17.031,0.953,1.630,926.600,1540.500,1.663,15.078,27.754,1.042,1.781,19.450,20.780,0.744,0.750,15.075,27.761,0.189,8.608,9.535,0.018,4155.000,146.294,50.246,8.608,59.781,ON,Moderate coastal haze; Hybrid loop operating; Ceff=1.66x
525,12:22:00,36.470,72.810,70.800,52.100,50.690,32.810,1.920,15.814,17.029,0.952,1.627,925.300,1538.300,1.662,15.053,27.710,1.040,1.778,19.446,20.778,0.744,0.750,15.055,27.706,0.189,8.609,9.530,0.018,4155.000,145.990,50.214,8.609,59.743,ON,Moderate coastal haze; Hybrid loop operating; Ceff=1.66x
526,12:22:30,36.480,72.870,70.850,52.130,50.720,32.810,1.917,15.811,17.027,0.951,1.625,924.200,1536.300,1.662,15.030,27.670,1.039,1.776,19.442,20.776,0.744,0.750,15.036,27.669,0.189,8.608,9.529,0.018,4155.000,145.762,50.200,8.608,59.729,ON,Moderate coastal haze; Hybrid loop operating; Ceff=1.66x
527,12:23:00,36.490,72.910,70.890,52.160,50.750,32.810,1.915,15.808,17.025,0.950,1.624,923.400,1535.000,1.662,15.015,27.643,1.038,1.774,19.440,20.774,0.744,0.750,15.018,27.649,0.189,8.605,9.530,0.018,4155.000,145.610,50.190,8.605,59.721,ON,Moderate coastal haze; Hybrid loop operating; Ceff=1.66x
528,12:23:30,36.500,72.950,70.920,52.190,50.770,32.810,1.914,15.806,17.024,0.950,1.623,923.200,1534.600,1.662,15.009,27.632,1.038,1.774,19.437,20.772,0.744,0.750,15.016,27.630,0.189,8.606,9.526,0.018,4155.000,145.534,50.177,8.606,59.704,ON,Moderate coastal haze; Hybrid loop operating; Ceff=1.66x
529,12:24:00,36.500,72.970,70.940,52.200,50.780,32.810,1.915,15.805,17.023,0.950,1.624,923.600,1535.100,1.662,15.014,27.641,1.038,1.775,19.436,20.772,0.744,0.750,15.015,27.645,0.189,8.601,9.528,0.018,4155.000,145.610,50.187,8.601,59.716,ON,Moderate coastal haze; Hybrid loop operating; Ceff=1.66x
530,12:24:30,36.510,72.970,70.950,52.200,50.780,32.810,1.918,15.805,17.023,0.951,1.625,924.600,1536.700,1.662,15.030,27.668,1.039,1.776,19.436,20.771,0.744,0.750,15.031,27.662,0.189,8.601,9.524,0.018,4155.000,145.838,50.213,8.601,59.738,ON,Moderate coastal haze; Hybrid loop operating; Ceff=1.66x
531,12:25:00,36.520,72.960,70.940,52.200,50.780,32.810,1.921,15.805,17.023,0.952,1.628,926.000,1538.900,1.662,15.053,27.708,1.041,1.779,19.436,20.771,0.744,0.750,15.046,27.713,0.189,8.597,9.528,0.018,4155.000,146.066,50.220,8.597,59.748,ON,Moderate coastal haze; Hybrid loop operating; Ceff=1.66x
532,12:25:30,36.530,72.940,70.930,52.190,50.780,32.810,1.925,15.806,17.024,0.954,1.630,927.600,1541.400,1.662,15.080,27.754,1.043,1.782,19.438,20.772,0.744,0.750,15.079,27.749,0.189,8.601,9.525,0.018,4155.000,146.370,50.243,8.601,59.768,ON,Moderate coastal haze; Hybrid loop operating; Ceff=1.66x
533,12:26:00,36.530,72.910,70.910,52.170,50.770,32.810,1.929,15.808,17.024,0.956,1.633,929.100,1543.700,1.662,15.107,27.798,1.044,1.785,19.439,20.773,0.744,0.750,15.112,27.800,0.189,8.606,9.528,0.018,4155.000,146.674,50.272,8.606,59.801,ON,Moderate coastal haze; Hybrid loop operating; Ceff=1.66x
534,12:26:30,36.540,72.870,70.880,52.150,50.760,32.810,1.932,15.810,17.025,0.957,1.635,930.300,1545.600,1.661,15.128,27.833,1.046,1.787,19.441,20.774,0.744,0.750,15.130,27.836,0.189,8.605,9.529,0.018,4155.000,146.903,50.289,8.605,59.818,ON,Moderate coastal haze; Hybrid loop operating; Ceff=1.66x
535,12:27:00,36.550,72.840,70.860,52.130,50.750,32.810,1.934,15.812,17.026,0.958,1.636,930.900,1546.500,1.661,15.141,27.852,1.047,1.788,19.443,20.775,0.744,0.750,15.148,27.855,0.189,8.610,9.530,0.018,4155.000,147.055,50.311,8.610,59.841,ON,Moderate coastal haze; Hybrid loop operating; Ceff=1.66x
536,12:27:30,36.550,72.800,70.830,52.110,50.740,32.800,1.934,15.813,17.027,0.958,1.636,931.000,1546.400,1.661,15.143,27.852,1.047,1.788,19.445,20.776,0.744,0.750,15.149,27.856,0.189,8.609,9.531,0.018,4155.000,147.055,50.315,8.609,59.846,ON,Moderate coastal haze; Hybrid loop operating; Ceff=1.66x
537,12:28:00,36.560,72.780,70.820,52.100,50.730,32.800,1.932,15.815,17.028,0.957,1.635,930.400,1545.300,1.661,15.135,27.834,1.046,1.786,19.447,20.776,0.744,0.750,15.135,27.841,0.189,8.607,9.532,0.018,4155.000,146.903,50.298,8.607,59.831,ON,Moderate coastal haze; Hybrid loop operating; Ceff=1.66x
538,12:28:30,36.560,72.760,70.810,52.090,50.720,32.800,1.929,15.815,17.028,0.956,1.633,929.300,1543.400,1.661,15.119,27.800,1.045,1.784,19.447,20.777,0.744,0.750,15.119,27.807,0.189,8.608,9.533,0.018,4155.000,146.674,50.282,8.608,59.815,ON,Moderate coastal haze; Hybrid loop operating; Ceff=1.66x
539,12:29:00,36.560,72.760,70.810,52.090,50.720,32.800,1.925,15.816,17.028,0.955,1.630,928.000,1541.000,1.661,15.097,27.758,1.043,1.782,19.448,20.777,0.744,0.750,15.104,27.756,0.189,8.612,9.530,0.018,4155.000,146.370,50.256,8.612,59.786,ON,Moderate coastal haze; Hybrid loop operating; Ceff=1.66x
540,12:29:30,36.560,72.770,70.820,52.090,50.730,32.790,1.921,15.815,17.028,0.953,1.627,926.600,1538.600,1.661,15.074,27.713,1.042,1.779,19.447,20.777,0.744,0.750,15.072,27.705,0.189,8.606,9.527,0.018,4155.000,146.066,50.230,8.606,59.757,ON,Moderate coastal haze; Hybrid loop operating; Ceff=1.66x
541,12:30:00,36.570,72.790,70.840,52.100,50.740,32.790,1.918,15.813,17.027,0.952,1.625,925.400,1536.600,1.660,15.054,27.675,1.040,1.776,19.445,20.776,0.744,0.750,15.054,27.669,0.189,8.607,9.527,0.018,4155.000,145.838,50.217,8.607,59.744,ON,Moderate coastal haze; Hybrid loop operating; Ceff=1.66x
542,12:30:30,36.570,72.830,70.870,52.120,50.750,32.790,1.915,15.811,17.026,0.951,1.624,924.700,1535.200,1.660,15.040,27.649,1.040,1.775,19.443,20.775,0.744,0.750,15.036,27.650,0.189,8.604,9.530,0.018,4155.000,145.610,50.184,8.604,59.713,ON,Moderate coastal haze; Hybrid loop operating; Ceff=1.66x
543,12:31:00,36.570,72.880,70.910,52.150,50.770,32.780,1.915,15.809,17.025,0.951,1.623,924.600,1534.900,1.660,15.035,27.640,1.039,1.774,19.440,20.773,0.744,0.750,15.034,27.632,0.189,8.603,9.525,0.018,4155.000,145.610,50.194,8.603,59.719,ON,Moderate coastal haze; Hybrid loop operating; Ceff=1.66x
544,12:31:30,36.570,72.940,70.960,52.180,50.800,32.780,1.916,15.805,17.023,0.951,1.624,925.100,1535.500,1.660,15.039,27.647,1.040,1.775,19.436,20.771,0.744,0.750,15.031,27.645,0.189,8.597,9.526,0.018,4155.000,145.686,50.200,8.597,59.726,ON,Moderate coastal haze; Hybrid loop operating; Ceff=1.66x
545,12:32:00,36.570,73.000,71.010,52.220,50.830,32.770,1.918,15.802,17.021,0.952,1.626,926.100,1537.000,1.660,15.050,27.670,1.041,1.777,19.433,20.769,0.744,0.750,15.044,27.676,0.189,8.595,9.527,0.018,4155.000,145.838,50.204,8.595,59.731,ON,Moderate coastal haze; Hybrid loop operating; Ceff=1.66x
546,12:32:30,36.570,73.070,71.060,52.250,50.850,32.770,1.922,15.799,17.020,0.954,1.628,927.400,1539.000,1.659,15.068,27.702,1.042,1.779,19.429,20.767,0.744,0.750,15.072,27.709,0.189,8.599,9.526,0.018,4155.000,146.142,50.243,8.599,59.769,ON,Moderate coastal haze; Hybrid loop operating; Ceff=1.66x
547,12:33:00,36.560,73.120,71.110,52.290,50.880,32.760,1.925,15.796,17.018,0.955,1.630,928.800,1541.100,1.659,15.086,27.737,1.044,1.781,19.426,20.766,0.744,0.750,15.085,27.739,0.189,8.593,9.524,0.018,4155.000,146.370,50.253,8.593,59.776,ON,Moderate coastal haze; Hybrid loop operating; Ceff=1.66x
548,12:33:30,36.560,73.170,71.150,52.310,50.900,32.760,1.928,15.793,17.017,0.956,1.632,930.000,1542.900,1.659,15.103,27.767,1.045,1.783,19.423,20.764,0.744,0.750,15.098,27.772,0.189,8.590,9.524,0.018,4155.000,146.598,50.272,8.590,59.796,ON,Moderate coastal haze; Hybrid loop operating; Ceff=1.66x
549,12:34:00,36.560,73.190,71.170,52.330,50.910,32.750,1.930,15.792,17.016,0.957,1.633,930.700,1544.000,1.659,15.113,27.785,1.046,1.785,19.421,20.763,0.744,0.750,15.113,27.787,0.189,8.592,9.522,0.018,4155.000,146.750,50.289,8.592,59.811,ON,Moderate coastal haze; Hybrid loop operating; Ceff=1.66x
550,12:34:30,36.560,73.210,71.190,52.330,50.920,32.750,1.930,15.791,17.015,0.957,1.633,930.900,1544.100,1.659,15.115,27.786,1.046,1.785,19.420,20.763,0.744,0.750,15.112,27.785,0.189,8.589,9.521,0.018,4155.000,146.750,50.285,8.589,59.806,ON,Moderate coastal haze; Hybrid loop operating; Ceff=1.66x
551,12:35:00,36.550,73.200,71.180,52.320,50.910,32.740,1.928,15.791,17.016,0.957,1.632,930.500,1543.200,1.658,15.108,27.770,1.046,1.784,19.421,20.763,0.744,0.750,15.112,27.770,0.189,8.593,9.521,0.018,4155.000,146.598,50.263,8.593,59.784,ON,Moderate coastal haze; Hybrid loop operating; Ceff=1.66x
552,12:35:30,36.550,73.180,71.170,52.310,50.900,32.740,1.925,15.792,17.017,0.956,1.630,929.400,1541.300,1.658,15.093,27.738,1.045,1.781,19.422,20.764,0.744,0.750,15.097,27.738,0.189,8.595,9.522,0.018,4155.000,146.370,50.246,8.595,59.768,ON,Moderate coastal haze; Hybrid loop operating; Ceff=1.66x
553,12:36:00,36.540,73.140,71.140,52.280,50.880,32.730,1.921,15.794,17.018,0.954,1.627,928.000,1538.700,1.658,15.072,27.694,1.043,1.778,19.424,20.766,0.744,0.750,15.067,27.688,0.189,8.591,9.521,0.018,4155.000,146.066,50.227,8.591,59.748,ON,Moderate coastal haze; Hybrid loop operating; Ceff=1.66x
554,12:36:30,36.540,73.090,71.100,52.240,50.850,32.730,1.916,15.797,17.020,0.953,1.624,926.300,1535.700,1.658,15.048,27.645,1.041,1.775,19.427,20.768,0.744,0.750,15.055,27.640,0.189,8.599,9.523,0.018,4155.000,145.686,50.194,8.599,59.717,ON,Moderate coastal haze; Hybrid loop operating; Ceff=1.66x
555,12:37:00,36.530,73.030,71.050,52.200,50.820,32.720,1.912,15.800,17.022,0.951,1.621,924.800,1532.900,1.658,15.026,27.598,1.039,1.772,19.430,20.770,0.744,0.750,15.026,27.593,0.189,8.597,9.524,0.018,4155.000,145.382,50.180,8.597,59.704,ON,Moderate coastal haze; Hybrid loop operating; Ceff=1.66x
556,12:37:30,36.530,72.980,71.010,52.160,50.780,32.710,1.908,15.803,17.024,0.950,1.619,923.500,1530.600,1.657,15.009,27.562,1.038,1.769,19.434,20.773,0.744,0.750,15.013,27.562,0.189,8.601,9.528,0.018,4155.000,145.078,50.151,8.601,59.678,ON,Moderate coastal haze; Hybrid loop operating; Ceff=1.66x
557,12:38:00,36.520,72.930,70.970,52.130,50.750,32.710,1.905,15.806,17.026,0.949,1.617,922.700,1529.200,1.657,15.000,27.539,1.037,1.768,19.437,20.775,0.744,0.750,15.000,27.531,0.189,8.601,9.526,0.018,4155.000,144.850,50.118,8.601,59.643,ON,Moderate coastal haze; Hybrid loop operating; Ceff=1.66x
558,12:38:30,36.520,72.900,70.940,52.100,50.730,32.700,1.905,15.807,17.028,0.949,1.617,922.600,1528.700,1.657,15.000,27.534,1.037,1.767,19.439,20.776,0.744,0.750,15.001,27.534,0.189,8.603,9.530,0.018,4155.000,144.850,50.134,8.603,59.664,ON,Moderate coastal haze; Hybrid loop operating; Ceff=1.66x
559,12:39:00,36.510,72.880,70.920,52.080,50.710,32.700,1.905,15.809,17.029,0.949,1.618,923.000,1529.200,1.657,15.008,27.544,1.038,1.768,19.440,20.778,0.744,0.750,15.003,27.553,0.189,8.600,9.533,0.018,4155.000,144.850,50.118,8.600,59.651,ON,Moderate coastal haze; Hybrid loop operating; Ceff=1.66x
560,12:39:30,36.500,72.880,70.920,52.080,50.710,32.690,1.907,15.809,17.029,0.950,1.619,923.900,1530.400,1.657,15.022,27.567,1.039,1.769,19.440,20.778,0.744,0.750,15.019,27.570,0.189,8.601,9.532,0.018,4155.000,145.002,50.131,8.601,59.663,ON,Moderate coastal haze; Hybrid loop operating; Ceff=1.66x
561,12:40:00,36.500,72.890,70.930,52.080,50.710,32.680,1.910,15.808,17.029,0.951,1.620,925.000,1532.000,1.656,15.039,27.595,1.040,1.771,19.439,20.778,0.744,0.750,15.033,27.587,0.189,8.599,9.528,0.018,4155.000,145.230,50.157,8.599,59.685,ON,Moderate coastal haze; Hybrid loop operating; Ceff=1.66x
562,12:40:30,36.490,72.930,70.960,52.100,50.720,32.680,1.913,15.806,17.028,0.952,1.622,926.000,1533.500,1.656,15.054,27.622,1.041,1.773,19.437,20.777,0.744,0.750,15.047,27.619,0.189,8.598,9.529,0.018,4155.000,145.458,50.187,8.598,59.717,ON,Moderate coastal haze; Hybrid loop operating; Ceff=1.66x
563,12:41:00,36.480,72.980,71.000,52.120,50.740,32.670,1.914,15.803,17.027,0.953,1.623,926.800,1534.600,1.656,15.064,27.638,1.042,1.774,19.434,20.775,0.744,0.750,15.060,27.635,0.189,8.598,9.528,0.018,4155.000,145.534,50.177,8.598,59.705,ON,Moderate coastal haze; Hybrid loop operating; Ceff=1.66x
564,12:41:30,36.470,73.030,71.040,52.150,50.760,32.660,1.915,15.800,17.025,0.953,1.623,927.100,1534.900,1.656,15.065,27.640,1.042,1.774,19.431,20.774,0.744,0.750,15.057,27.632,0.189,8.593,9.525,0.018,4155.000,145.610,50.194,8.593,59.719,ON,Moderate coastal haze; Hybrid loop operating; Ceff=1.66x
565,12:42:00,36.470,73.090,71.090,52.180,50.780,32.660,1.913,15.797,17.024,0.953,1.623,926.800,1534.100,1.655,15.056,27.623,1.042,1.773,19.427,20.772,0.744,0.750,15.055,27.630,0.189,8.594,9.529,0.018,4155.000,145.458,50.167,8.594,59.697,ON,Moderate coastal haze; Hybrid loop operating; Ceff=1.66x
566,12:42:30,36.460,73.150,71.140,52.210,50.800,32.650,1.911,15.794,17.022,0.952,1.621,925.800,1532.300,1.655,15.037,27.589,1.041,1.771,19.424,20.771,0.744,0.750,15.036,27.593,0.189,8.593,9.528,0.018,4155.000,145.306,50.174,8.593,59.702,ON,Moderate coastal haze; Hybrid loop operating; Ceff=1.66x
567,12:43:00,36.450,73.190,71.170,52.230,50.810,32.640,1.906,15.792,17.021,0.951,1.618,924.400,1529.700,1.655,15.010,27.539,1.039,1.768,19.421,20.769,0.744,0.750,15.018,27.540,0.189,8.596,9.526,0.018,4155.000,144.926,50.128,8.596,59.653,ON,Moderate coastal haze; Hybrid loop operating; Ceff=1.65x
568,12:43:30,36.440,73.230,71.190,52.240,50.820,32.640,1.901,15.790,17.021,0.949,1.614,922.600,1526.500,1.655,14.979,27.480,1.037,1.764,19.420,20.769,0.744,0.750,14.985,27.472,0.189,8.594,9.522,0.018,4155.000,144.545,50.101,8.594,59.623,ON,Moderate coastal haze; Hybrid loop operating; Ceff=1.65x
569,12:44:00,36.430,73.240,71.200,52.240,50.820,32.630,1.895,15.789,17.021,0.947,1.611,920.700,1523.100,1.654,14.948,27.420,1.035,1.761,19.419,20.769,0.744,0.750,14.952,27.421,0.189,8.593,9.526,0.018,4155.000,144.089,50.054,8.593,59.580,ON,Moderate coastal haze; Hybrid loop operating; Ceff=1.65x
570,12:44:30,36.430,73.230,71.200,52.230,50.800,32.630,1.890,15.790,17.022,0.945,1.608,919.000,1520.100,1.654,14.921,27.367,1.033,1.757,19.419,20.770,0.744,0.750,14.922,27.371,0.189,8.591,9.527,0.018,4155.000,143.709,50.021,8.591,59.548,ON,Moderate coastal haze; Hybrid loop operating; Ceff=1.65x
571,12:45:00,36.420,73.210,71.170,52.210,50.780,32.620,1.887,15.791,17.023,0.944,1.605,917.700,1517.700,1.654,14.902,27.327,1.031,1.754,19.421,20.771,0.744,0.750,14.907,27.322,0.189,8.594,9.525,0.018,4155.000,143.481,50.020,8.594,59.545,ON,Moderate coastal haze; Hybrid loop operating; Ceff=1.65x
572,12:45:30,36.410,73.170,71.140,52.180,50.750,32.610,1.884,15.794,17.025,0.943,1.604,917.000,1516.300,1.653,14.893,27.305,1.031,1.753,19.423,20.773,0.744,0.750,14.894,27.308,0.189,8.594,9.529,0.018,4155.000,143.253,49.987,8.594,59.516,ON,Moderate coastal haze; Hybrid loop operating; Ceff=1.65x
573,12:46:00,36.400,73.110,71.090,52.140,50.720,32.610,1.884,15.797,17.027,0.943,1.603,916.900,1515.900,1.653,14.895,27.301,1.031,1.752,19.427,20.776,0.744,0.750,14.897,27.294,0.189,8.596,9.527,0.018,4155.000,143.253,50.000,8.596,59.527,ON,Moderate coastal haze; Hybrid loop operating; Ceff=1.65x
574,12:46:30,36.400,73.050,71.040,52.090,50.680,32.600,1.884,15.800,17.029,0.943,1.604,917.400,1516.400,1.653,14.906,27.315,1.031,1.753,19.430,20.778,0.744,0.750,14.899,27.315,0.189,8.593,9.531,0.018,4155.000,143.253,49.984,8.593,59.514,ON,Moderate coastal haze; Hybrid loop operating; Ceff=1.65x
575,12:47:00,36.390,72.990,70.980,52.050,50.650,32.600,1.886,15.803,17.032,0.944,1.605,918.200,1517.500,1.653,14.924,27.340,1.032,1.754,19.434,20.781,0.744,0.750,14.918,27.336,0.189,8.596,9.531,0.018,4155.000,143.405,50.000,8.596,59.532,ON,Moderate coastal haze; Hybrid loop operating; Ceff=1.65x
576,12:47:30,36.380,72.930,70.930,52.010,50.610,32.590,1.888,15.807,17.034,0.945,1.607,919.200,1518.900,1.652,14.944,27.369,1.033,1.756,19.438,20.783,0.744,0.750,14.938,27.374,0.189,8.598,9.535,0.018,4155.000,143.557,50.007,8.598,59.543,ON,Moderate coastal haze; Hybrid loop operating; Ceff=1.65x
577,12:48:00,36.380,72.870,70.890,51.970,50.580,32.590,1.890,15.810,17.036,0.946,1.608,920.100,1520.000,1.652,14.962,27.394,1.034,1.757,19.441,20.785,0.744,0.750,14.956,27.394,0.189,8.601,9.536,0.018,4155.000,143.709,50.024,8.601,59.560,ON,Moderate coastal haze; Hybrid loop operating; Ceff=1.65x
578,12:48:30,36.370,72.830,70.850,51.950,50.560,32.580,1.891,15.812,17.037,0.947,1.609,920.600,1520.600,1.652,14.973,27.408,1.035,1.758,19.444,20.787,0.744,0.750,14.974,27.413,0.189,8.606,9.538,0.018,4155.000,143.785,50.031,8.606,59.569,ON,Moderate coastal haze; Hybrid loop operating; Ceff=1.65x
579,12:49:00,36.370,72.810,70.830,51.930,50.540,32.580,1.891,15.813,17.038,0.947,1.608,920.600,1520.300,1.652,14.974,27.404,1.035,1.758,19.445,20.788,0.744,0.750,14.975,27.397,0.189,8.607,9.535,0.018,4155.000,143.785,50.041,8.607,59.575,ON,Moderate coastal haze; Hybrid loop operating; Ceff=1.65x
580,12:49:30,36.360,72.790,70.820,51.920,50.530,32.570,1.889,15.814,17.039,0.946,1.607,919.900,1519.000,1.651,14.965,27.382,1.034,1.756,19.446,20.789,0.744,0.750,14.960,27.382,0.189,8.605,9.538,0.018,4155.000,143.633,50.030,8.605,59.568,ON,Moderate coastal haze; Hybrid loop operating; Ceff=1.65x
581,12:50:00,36.360,72.800,70.820,51.910,50.530,32.570,1.885,15.814,17.039,0.945,1.605,918.700,1516.700,1.651,14.945,27.341,1.033,1.754,19.446,20.789,0.744,0.750,14.944,27.348,0.189,8.607,9.540,0.018,4155.000,143.329,50.000,8.607,59.540,ON,Moderate coastal haze; Hybrid loop operating; Ceff=1.65x
582,12:50:30,36.350,72.820,70.830,51.920,50.530,32.560,1.880,15.813,17.039,0.943,1.601,917.100,1513.700,1.651,14.917,27.287,1.031,1.750,19.445,20.789,0.744,0.750,14.912,27.279,0.189,8.603,9.535,0.018,4155.000,142.949,49.966,8.603,59.502,ON,Moderate coastal haze; Hybrid loop operating; Ceff=1.65x
583,12:51:00,36.350,72.840,70.850,51.930,50.540,32.560,1.874,15.812,17.039,0.941,1.598,915.200,1510.300,1.650,14.885,27.225,1.029,1.746,19.443,20.788,0.744,0.750,14.879,27.228,0.189,8.602,9.539,0.018,4155.000,142.492,49.919,8.602,59.458,ON,Moderate coastal haze; Hybrid loop operating; Ceff=1.65x
584,12:51:30,36.340,72.880,70.870,51.950,50.540,32.550,1.869,15.810,17.038,0.939,1.594,913.300,1507.000,1.650,14.853,27.164,1.027,1.742,19.441,20.788,0.744,0.750,14.846,27.159,0.189,8.600,9.535,0.018,4155.000,142.112,49.895,8.600,59.430,ON,Moderate coastal haze; Hybrid loop operating; Ceff=1.65x
585,12:52:00,36.340,72.910,70.900,51.960,50.550,32.550,1.864,15.808,17.037,0.938,1.591,911.800,1504.200,1.650,14.825,27.111,1.025,1.739,19.439,20.787,0.744,0.750,14.828,27.106,0.189,8.604,9.534,0.018,4155.000,141.732,49.854,8.604,59.389,ON,Moderate coastal haze; Hybrid loop operating; Ceff=1.65x
586,12:52:30,36.340,72.950,70.920,51.980,50.560,32.550,1.861,15.806,17.036,0.937,1.589,910.700,1502.100,1.649,14.806,27.073,1.024,1.737,19.437,20.786,0.744,0.750,14.810,27.070,0.189,8.604,9.535,0.018,4155.000,141.504,49.843,8.604,59.379,ON,Moderate coastal haze; Hybrid loop operating; Ceff=1.65x
587,12:53:00,36.330,72.980,70.940,51.990,50.570,32.540,1.859,15.805,17.036,0.936,1.588,910.300,1501.100,1.649,14.797,27.053,1.023,1.736,19.436,20.785,0.744,0.750,14.793,27.053,0.189,8.599,9.536,0.018,4155.000,141.352,49.823,8.599,59.359,ON,Moderate coastal haze; Hybrid loop operating; Ceff=1.65x
588,12:53:30,36.330,73.000,70.960,52.000,50.570,32.540,1.859,15.804,17.036,0.936,1.588,910.500,1501.100,1.649,14.799,27.052,1.023,1.736,19.435,20.785,0.744,0.750,14.793,27.053,0.189,8.596,9.536,0.018,4155.000,141.352,49.823,8.596,59.359,ON,Moderate coastal haze; Hybrid loop operating; Ceff=1.65x
589,12:54:00,36.330,73.010,70.960,52.000,50.570,32.540,1.861,15.803,17.035,0.937,1.589,911.100,1501.900,1.648,14.809,27.067,1.024,1.736,19.434,20.785,0.744,0.750,14.807,27.069,0.189,8.599,9.536,0.018,4155.000,141.504,49.850,8.599,59.386,ON,Moderate coastal haze; Hybrid loop operating; Ceff=1.65x
590,12:54:30,36.330,73.000,70.950,52.000,50.560,32.540,1.863,15.804,17.036,0.938,1.590,912.100,1503.300,1.648,14.826,27.092,1.025,1.738,19.435,20.785,0.744,0.750,14.824,27.087,0.189,8.599,9.534,0.018,4155.000,141.656,49.857,8.599,59.391,ON,Moderate coastal haze; Hybrid loop operating; Ceff=1.65x
591,12:55:00,36.330,72.980,70.930,51.990,50.550,32.530,1.865,15.805,17.037,0.939,1.592,913.200,1504.700,1.648,14.844,27.119,1.026,1.740,19.436,20.786,0.744,0.750,14.841,27.123,0.189,8.599,9.537,0.018,4155.000,141.808,49.864,8.599,59.402,ON,Moderate coastal haze; Hybrid loop operating; Ceff=1.65x
592,12:55:30,36.330,72.950,70.900,51.970,50.530,32.530,1.867,15.807,17.038,0.940,1.593,914.000,1505.800,1.647,14.860,27.141,1.027,1.741,19.438,20.787,0.744,0.750,14.859,27.142,0.189,8.601,9.537,0.018,4155.000,141.960,49.881,8.601,59.418,ON,Moderate coastal haze; Hybrid loop operating; Ceff=1.65x
593,12:56:00,36.330,72.900,70.860,51.940,50.510,32.530,1.868,15.810,17.039,0.941,1.593,914.400,1506.200,1.647,14.870,27.151,1.028,1.741,19.441,20.789,0.744,0.750,14.877,27.143,0.189,8.608,9.535,0.018,4155.000,142.036,49.895,8.608,59.430,ON,Moderate coastal haze; Hybrid loop operating; Ceff=1.65x
594,12:56:30,36.330,72.840,70.820,51.900,50.480,32.530,1.867,15.813,17.041,0.940,1.593,914.300,1505.700,1.647,14.871,27.145,1.028,1.741,19.444,20.791,0.744,0.750,14.864,27.146,0.189,8.602,9.539,0.018,4155.000,141.960,49.885,8.602,59.424,ON,Moderate coastal haze; Hybrid loop operating; Ceff=1.65x
595,12:57:00,36.330,72.780,70.760,51.860,50.450,32.530,1.864,15.816,17.043,0.940,1.591,913.500,1504.100,1.646,14.863,27.121,1.027,1.739,19.448,20.793,0.744,0.750,14.867,27.115,0.189,8.611,9.538,0.018,4155.000,141.732,49.857,8.611,59.396,ON,Moderate coastal haze; Hybrid loop operating; Ceff=1.65x
596,12:57:30,36.330,72.710,70.710,51.820,50.420,32.530,1.860,15.820,17.045,0.938,1.589,912.200,1501.700,1.646,14.847,27.081,1.026,1.736,19.452,20.796,0.744,0.750,14.839,27.085,0.189,8.607,9.543,0.018,4155.000,141.428,49.830,8.607,59.373,ON,Moderate coastal haze; Hybrid loop operating; Ceff=1.65x
597,12:58:00,36.330,72.650,70.650,51.780,50.390,32.520,1.855,15.823,17.047,0.937,1.586,910.600,1498.600,1.646,14.824,27.031,1.024,1.733,19.456,20.798,0.744,0.750,14.826,27.037,0.189,8.615,9.546,0.018,4155.000,141.048,49.799,8.615,59.344,ON,Moderate coastal haze; Hybrid loop operating; Ceff=1.65x
598,12:58:30,36.340,72.590,70.610,51.750,50.360,32.520,1.850,15.826,17.049,0.935,1.582,908.800,1495.400,1.645,14.799,26.976,1.022,1.729,19.459,20.800,0.744,0.750,14.797,26.972,0.189,8.615,9.543,0.018,4155.000,140.668,49.771,8.615,59.314,ON,Moderate coastal haze; Hybrid loop operating; Ceff=1.65x
599,12:59:00,36.340,72.550,70.570,51.720,50.340,32.520,1.845,15.829,17.051,0.933,1.579,907.200,1492.400,1.645,14.775,26.925,1.020,1.726,19.462,20.802,0.744,0.750,14.768,26.924,0.189,8.613,9.545,0.018,4155.000,140.287,49.736,8.613,59.281,ON,Moderate coastal haze; Hybrid loop operating; Ceff=1.65x
600,12:59:30,36.340,72.520,70.540,51.700,50.320,32.520,1.841,15.831,17.052,0.932,1.577,905.900,1490.000,1.645,14.757,26.884,1.019,1.723,19.464,20.803,0.744,0.750,14.754,26.891,0.189,8.618,9.549,0.018,4155.000,139.983,49.708,8.618,59.257,ON,Moderate coastal haze; Hybrid loop operating; Ceff=1.64x
601,13:00:00,36.350,72.500,70.530,51.690,50.310,32.520,1.839,15.831,17.052,0.931,1.575,905.200,1488.500,1.644,14.746,26.859,1.018,1.721,19.465,20.803,0.744,0.750,14.739,26.857,0.189,8.615,9.547,0.018,4155.000,139.831,49.704,8.615,59.251,ON,Moderate coastal haze; Hybrid loop operating; Ceff=1.64x
602,13:00:30,36.350,72.510,70.530,51.700,50.310,32.520,1.838,15.831,17.052,0.931,1.575,905.200,1488.100,1.644,14.745,26.851,1.018,1.721,19.465,20.803,0.744,0.750,14.739,26.857,0.189,8.615,9.549,0.018,4155.000,139.755,49.691,8.615,59.240,ON,Moderate coastal haze; Hybrid loop operating; Ceff=1.64x
603,13:01:00,36.360,72.530,70.540,51.710,50.320,32.520,1.839,15.830,17.052,0.932,1.575,905.700,1488.600,1.644,14.752,26.859,1.018,1.721,19.464,20.803,0.745,0.750,14.754,26.857,0.189,8.619,9.546,0.018,4155.000,139.831,49.701,8.619,59.247,ON,Moderate coastal haze; Hybrid loop operating; Ceff=1.64x
604,13:01:30,36.360,72.560,70.560,51.730,50.330,32.520,1.841,15.829,17.051,0.933,1.576,906.600,1489.800,1.643,14.765,26.879,1.019,1.723,19.462,20.801,0.745,0.750,14.768,26.872,0.189,8.619,9.544,0.018,4155.000,139.983,49.715,8.619,59.259,ON,Moderate coastal haze; Hybrid loop operating; Ceff=1.64x
605,13:02:00,36.370,72.600,70.600,51.760,50.350,32.520,1.844,15.826,17.049,0.934,1.578,907.800,1491.400,1.643,14.782,26.904,1.021,1.725,19.459,20.800,0.744,0.750,14.781,26.903,0.189,8.615,9.544,0.018,4155.000,140.211,49.742,8.615,59.287,ON,Moderate coastal haze; Hybrid loop operating; Ceff=1.64x
606,13:02:30,36.380,72.650,70.630,51.790,50.380,32.530,1.846,15.824,17.048,0.935,1.580,908.900,1492.900,1.643,14.797,26.928,1.022,1.726,19.457,20.798,0.744,0.750,14.795,26.936,0.189,8.613,9.546,0.018,4155.000,140.363,49.746,8.613,59.293,ON,Moderate coastal haze; Hybrid loop operating; Ceff=1.64x
607,13:03:00,36.380,72.690,70.670,51.820,50.400,32.530,1.848,15.822,17.046,0.936,1.581,909.700,1493.900,1.642,14.807,26.942,1.023,1.727,19.454,20.796,0.744,0.750,14.809,26.950,0.189,8.613,9.545,0.018,4155.000,140.515,49.767,8.613,59.312,ON,Moderate coastal haze; Hybrid loop operating; Ceff=1.64x
608,13:03:30,36.390,72.730,70.700,51.850,50.420,32.530,1.848,15.820,17.045,0.936,1.581,910.000,1494.000,1.642,14.810,26.943,1.023,1.728,19.452,20.795,0.744,0.750,14.808,26.948,0.189,8.610,9.544,0.018,4155.000,140.515,49.764,8.610,59.307,ON,Moderate coastal haze; Hybrid loop operating; Ceff=1.64x
609,13:04:00,36.400,72.750,70.710,51.860,50.430,32.530,1.846,15.818,17.044,0.936,1.580,909.700,1493.200,1.641,14.803,26.926,1.023,1.727,19.451,20.794,0.744,0.750,14.806,26.930,0.189,8.611,9.542,0.018,4155.000,140.363,49.736,8.611,59.279,ON,Moderate coastal haze; Hybrid loop operating; Ceff=1.64x
610,13:04:30,36.400,72.760,70.720,51.870,50.440,32.530,1.843,15.818,17.043,0.935,1.578,908.800,1491.400,1.641,14.788,26.892,1.022,1.724,19.450,20.794,0.744,0.750,14.790,26.894,0.189,8.611,9.541,0.018,4155.000,140.135,49.715,8.611,59.257,ON,Moderate coastal haze; Hybrid loop operating; Ceff=1.64x
611,13:05:00,36.410,72.740,70.700,51.860,50.430,32.530,1.839,15.819,17.044,0.933,1.575,907.400,1488.700,1.641,14.767,26.845,1.020,1.721,19.451,20.794,0.744,0.750,14.759,26.844,0.189,8.606,9.541,0.018,4155.000,139.831,49.698,8.606,59.238,ON,Moderate coastal haze; Hybrid loop operating; Ceff=1.64x
612,13:05:30,36.420,72.710,70.680,51.840,50.420,32.530,1.834,15.821,17.045,0.932,1.572,905.700,1485.600,1.640,14.741,26.791,1.018,1.718,19.453,20.795,0.744,0.750,14.745,26.795,0.189,8.614,9.543,0.018,4155.000,139.451,49.666,8.614,59.209,ON,Moderate coastal haze; Hybrid loop operating; Ceff=1.64x
613,13:06:00,36.430,72.660,70.640,51.820,50.400,32.540,1.829,15.823,17.046,0.930,1.569,904.000,1482.500,1.640,14.717,26.737,1.016,1.714,19.456,20.797,0.745,0.750,14.715,26.745,0.189,8.613,9.545,0.018,4155.000,139.071,49.634,8.613,59.179,ON,Moderate coastal haze; Hybrid loop operating; Ceff=1.64x
614,13:06:30,36.440,72.600,70.580,51.780,50.370,32.540,1.824,15.827,17.048,0.929,1.566,902.500,1479.700,1.640,14.697,26.690,1.015,1.711,19.460,20.799,0.744,0.750,14.703,26.697,0.189,8.620,9.546,0.018,4155.000,138.691,49.592,8.620,59.138,ON,Moderate coastal haze; Hybrid loop operating; Ceff=1.64x
615,13:07:00,36.440,72.530,70.530,51.740,50.340,32.540,1.821,15.831,17.050,0.928,1.563,901.500,1477.600,1.639,14.684,26.657,1.014,1.709,19.464,20.801,0.744,0.750,14.691,26.649,0.189,8.622,9.543,0.018,4155.000,138.462,49.581,8.622,59.123,ON,Moderate coastal haze; Hybrid loop operating; Ceff=1.64x
616,13:07:30,36.450,72.460,70.470,51.700,50.310,32.540,1.819,15.835,17.052,0.927,1.562,901.000,1476.500,1.639,14.681,26.641,1.013,1.707,19.468,20.803,0.744,0.750,14.679,26.635,0.189,8.620,9.545,0.018,4155.000,138.310,49.563,8.620,59.108,ON,Moderate coastal haze; Hybrid loop operating; Ceff=1.64x
617,13:08:00,36.460,72.390,70.410,51.660,50.280,32.550,1.819,15.838,17.054,0.927,1.562,901.200,1476.400,1.638,14.688,26.643,1.014,1.707,19.472,20.806,0.744,0.750,14.682,26.638,0.189,8.620,9.546,0.018,4155.000,138.310,49.567,8.620,59.113,ON,Moderate coastal haze; Hybrid loop operating; Ceff=1.64x
618,13:08:30,36.470,72.340,70.370,51.630,50.250,32.550,1.820,15.841,17.056,0.928,1.563,901.800,1477.100,1.638,14.702,26.659,1.014,1.708,19.476,20.807,0.744,0.750,14.700,26.659,0.189,8.625,9.549,0.018,4155.000,138.386,49.570,8.625,59.119,ON,Moderate coastal haze; Hybrid loop operating; Ceff=1.64x
619,13:09:00,36.480,72.300,70.330,51.610,50.240,32.550,1.822,15.843,17.057,0.929,1.564,902.800,1478.400,1.638,14.721,26.685,1.015,1.710,19.478,20.808,0.745,0.750,14.718,26.677,0.189,8.626,9.547,0.018,4155.000,138.539,49.581,8.626,59.129,ON,Moderate coastal haze; Hybrid loop operating; Ceff=1.64x
620,13:09:30,36.490,72.280,70.320,51.600,50.230,32.550,1.825,15.844,17.057,0.930,1.566,903.900,1479.800,1.637,14.741,26.712,1.017,1.711,19.479,20.809,0.744,0.750,14.735,26.711,0.189,8.625,9.551,0.018,4155.000,138.767,49.616,8.625,59.166,ON,Moderate coastal haze; Hybrid loop operating; Ceff=1.64x
621,13:10:00,36.500,72.270,70.320,51.610,50.240,32.550,1.827,15.845,17.057,0.931,1.567,904.900,1481.000,1.637,14.756,26.732,1.018,1.713,19.479,20.809,0.744,0.750,14.752,26.728,0.189,8.625,9.549,0.018,4155.000,138.919,49.630,8.625,59.179,ON,Moderate coastal haze; Hybrid loop operating; Ceff=1.64x
622,13:10:30,36.500,72.290,70.330,51.620,50.250,32.560,1.827,15.844,17.056,0.932,1.568,905.400,1481.500,1.636,14.764,26.740,1.018,1.713,19.478,20.808,0.745,0.750,14.767,26.744,0.189,8.629,9.551,0.018,4155.000,138.919,49.613,8.629,59.164,ON,Moderate coastal haze; Hybrid loop operating; Ceff=1.64x
623,13:11:00,36.510,72.320,70.360,51.640,50.270,32.560,1.827,15.842,17.055,0.932,1.567,905.400,1481.100,1.636,14.761,26.730,1.018,1.713,19.476,20.806,0.745,0.750,14.765,26.725,0.189,8.628,9.547,0.018,4155.000,138.919,49.627,8.628,59.174,ON,Moderate coastal haze; Hybrid loop operating; Ceff=1.64x
624,13:11:30,36.520,72.370,70.390,51.670,50.290,32.560,1.824,15.840,17.053,0.931,1.566,904.700,1479.600,1.635,14.748,26.700,1.018,1.711,19.474,20.805,0.744,0.750,14.747,26.705,0.189,8.625,9.550,0.018,4155.000,138.691,49.595,8.625,59.145,ON,Moderate coastal haze; Hybrid loop operating; Ceff=1.64x
625,13:12:00,36.530,72.420,70.430,51.710,50.320,32.560,1.821,15.837,17.052,0.930,1.563,903.500,1477.200,1.635,14.724,26.653,1.016,1.708,19.471,20.803,0.744,0.750,14.728,26.652,0.189,8.625,9.546,0.018,4155.000,138.462,49.594,8.625,59.140,ON,Moderate coastal haze; Hybrid loop operating; Ceff=1.64x
626,13:12:30,36.540,72.460,70.470,51.740,50.340,32.570,1.815,15.834,17.050,0.928,1.560,901.800,1474.100,1.635,14.694,26.594,1.014,1.705,19.468,20.801,0.744,0.750,14.694,26.598,0.189,8.621,9.547,0.018,4155.000,138.006,49.535,8.621,59.082,ON,Moderate coastal haze; Hybrid loop operating; Ceff=1.63x
627,13:13:00,36.540,72.510,70.500,51.770,50.360,32.570,1.810,15.832,17.049,0.926,1.556,899.900,1470.600,1.634,14.660,26.528,1.012,1.701,19.465,20.799,0.744,0.750,14.660,26.528,0.189,8.620,9.544,0.018,4155.000,137.626,49.516,8.620,59.060,ON,Moderate coastal haze; Hybrid loop operating; Ceff=1.63x
628,13:13:30,36.550,72.540,70.530,51.790,50.380,32.570,1.804,15.830,17.048,0.924,1.552,898.100,1467.300,1.634,14.628,26.465,1.010,1.697,19.464,20.798,0.744,0.750,14.627,26.458,0.189,8.617,9.541,0.018,4155.000,137.170,49.463,8.617,59.004,ON,Moderate coastal haze; Hybrid loop operating; Ceff=1.63x
629,13:14:00,36.560,72.560,70.540,51.800,50.390,32.570,1.800,15.829,17.047,0.923,1.549,896.600,1464.400,1.633,14.603,26.412,1.008,1.693,19.462,20.797,0.744,0.750,14.610,26.406,0.189,8.622,9.541,0.018,4155.000,136.866,49.451,8.622,58.991,ON,Moderate coastal haze; Hybrid loop operating; Ceff=1.63x
630,13:14:30,36.570,72.570,70.550,51.800,50.390,32.570,1.796,15.829,17.047,0.921,1.547,895.600,1462.300,1.633,14.586,26.375,1.007,1.691,19.462,20.797,0.744,0.750,14.579,26.372,0.189,8.613,9.542,0.018,4155.000,136.562,49.412,8.613,58.954,ON,Moderate coastal haze; Hybrid loop operating; Ceff=1.63x
631,13:15:00,36.570,72.560,70.530,51.800,50.380,32.580,1.795,15.830,17.047,0.921,1.546,895.100,1461.200,1.632,14.579,26.356,1.007,1.690,19.463,20.798,0.744,0.750,14.579,26.355,0.189,8.618,9.543,0.018,4155.000,136.486,49.421,8.618,58.964,ON,Moderate coastal haze; Hybrid loop operating; Ceff=1.63x
632,13:15:30,36.580,72.530,70.510,51.780,50.370,32.580,1.794,15.831,17.048,0.921,1.546,895.300,1461.100,1.632,14.584,26.355,1.007,1.690,19.465,20.799,0.744,0.750,14.580,26.356,0.189,8.617,9.544,0.018,4155.000,136.409,49.397,8.617,58.941,ON,Moderate coastal haze; Hybrid loop operating; Ceff=1.63x
633,13:16:00,36.580,72.490,70.480,51.760,50.350,32.580,1.795,15.833,17.049,0.922,1.547,895.900,1461.700,1.632,14.596,26.368,1.007,1.690,19.467,20.800,0.745,0.750,14.598,26.375,0.189,8.621,9.547,0.018,4155.000,136.486,49.405,8.621,58.952,ON,Moderate coastal haze; Hybrid loop operating; Ceff=1.63x
634,13:16:30,36.590,72.440,70.440,51.730,50.330,32.580,1.797,15.836,17.051,0.923,1.548,896.700,1462.700,1.631,14.613,26.388,1.008,1.691,19.470,20.801,0.745,0.750,14.617,26.395,0.189,8.625,9.548,0.018,4155.000,136.638,49.426,8.625,58.974,ON,Moderate coastal haze; Hybrid loop operating; Ceff=1.63x
635,13:17:00,36.590,72.380,70.390,51.700,50.310,32.580,1.799,15.839,17.052,0.924,1.549,897.600,1463.600,1.631,14.630,26.409,1.009,1.693,19.473,20.803,0.745,0.750,14.635,26.414,0.189,8.627,9.549,0.018,4155.000,136.790,49.450,8.627,58.999,ON,Moderate coastal haze; Hybrid loop operating; Ceff=1.63x
636,13:17:30,36.600,72.320,70.340,51.670,50.290,32.580,1.799,15.842,17.054,0.924,1.549,898.100,1464.200,1.630,14.643,26.422,1.010,1.693,19.477,20.805,0.744,0.750,14.638,26.417,0.189,8.624,9.546,0.018,4155.000,136.790,49.430,8.624,58.976,ON,Moderate coastal haze; Hybrid loop operating; Ceff=1.63x
637,13:18:00,36.600,72.270,70.300,51.640,50.260,32.580,1.799,15.845,17.055,0.924,1.549,898.200,1463.900,1.630,14.648,26.420,1.010,1.693,19.480,20.807,0.745,0.750,14.641,26.418,0.189,8.624,9.548,0.018,4155.000,136.790,49.440,8.624,58.989,ON,Moderate coastal haze; Hybrid loop operating; Ceff=1.63x
638,13:18:30,36.610,72.220,70.260,51.610,50.240,32.580,1.797,15.848,17.057,0.924,1.548,897.700,1462.600,1.629,14.642,26.400,1.010,1.692,19.483,20.808,0.744,0.750,14.644,26.404,0.189,8.631,9.552,0.018,4155.000,136.638,49.429,8.631,58.981,ON,Moderate coastal haze; Hybrid loop operating; Ceff=1.63x
639,13:19:00,36.610,72.190,70.230,51.590,50.230,32.580,1.793,15.850,17.058,0.923,1.545,896.500,1460.300,1.629,14.626,26.361,1.009,1.689,19.485,20.809,0.744,0.750,14.630,26.355,0.189,8.634,9.549,0.018,4155.000,136.333,49.397,8.634,58.946,ON,Moderate coastal haze; Hybrid loop operating; Ceff=1.63x
640,13:19:30,36.610,72.160,70.210,51.580,50.220,32.590,1.788,15.851,17.059,0.921,1.542,894.900,1457.200,1.628,14.600,26.305,1.007,1.685,19.486,20.810,0.744,0.750,14.599,26.305,0.189,8.631,9.551,0.018,4155.000,135.953,49.364,8.631,58.915,ON,Moderate coastal haze; Hybrid loop operating; Ceff=1.63x
641,13:20:00,36.610,72.150,70.200,51.570,50.210,32.590,1.782,15.852,17.059,0.919,1.538,892.800,1453.400,1.628,14.567,26.238,1.004,1.681,19.487,20.811,0.745,0.750,14.568,26.237,0.189,8.633,9.551,0.018,4155.000,135.497,49.327,8.633,58.878,ON,Moderate coastal haze; Hybrid loop operating; Ceff=1.63x
642,13:20:30,36.610,72.160,70.200,51.570,50.210,32.580,1.776,15.851,17.059,0.917,1.534,890.700,1449.500,1.627,14.532,26.168,1.002,1.676,19.487,20.811,0.744,0.750,14.535,26.169,0.189,8.634,9.552,0.018,4155.000,135.041,49.293,8.634,58.845,ON,Moderate coastal haze; Hybrid loop operating; Ceff=1.63x
643,13:21:00,36.610,72.170,70.220,51.580,50.210,32.580,1.770,15.851,17.059,0.915,1.530,888.700,1445.900,1.627,14.499,26.101,1.000,1.672,19.486,20.810,0.744,0.750,14.504,26.100,0.189,8.635,9.551,0.018,4155.000,134.585,49.249,8.635,58.800,ON,Moderate coastal haze; Hybrid loop operating; Ceff=1.63x
644,13:21:30,36.610,72.200,70.230,51.590,50.220,32.580,1.765,15.849,17.058,0.913,1.527,887.100,1442.900,1.627,14.471,26.046,0.998,1.669,19.484,20.810,0.744,0.750,14.470,26.048,0.189,8.631,9.551,0.018,4155.000,134.204,49.212,8.631,58.763,ON,Moderate coastal haze; Hybrid loop operating; Ceff=1.63x
645,13:22:00,36.610,72.240,70.260,51.610,50.230,32.580,1.762,15.847,17.057,0.912,1.525,886.100,1440.800,1.626,14.452,26.006,0.997,1.666,19.482,20.809,0.744,0.750,14.452,26.012,0.189,8.630,9.552,0.018,4155.000,133.976,49.200,8.630,58.752,ON,Moderate coastal haze; Hybrid loop operating; Ceff=1.63x
646,13:22:30,36.610,72.280,70.290,51.640,50.240,32.580,1.760,15.845,17.056,0.912,1.523,885.600,1439.700,1.626,14.443,25.984,0.996,1.665,19.480,20.807,0.744,0.750,14.451,25.976,0.189,8.634,9.546,0.018,4155.000,133.824,49.181,8.634,58.728,ON,Moderate coastal haze; Hybrid loop operating; Ceff=1.63x
647,13:23:00,36.610,72.320,70.320,51.660,50.260,32.580,1.760,15.843,17.055,0.912,1.523,885.800,1439.400,1.625,14.442,25.978,0.996,1.665,19.478,20.806,0.744,0.750,14.449,25.975,0.189,8.630,9.548,0.018,4155.000,133.824,49.192,8.630,58.740,ON,Moderate coastal haze; Hybrid loop operating; Ceff=1.63x
648,13:23:30,36.610,72.360,70.350,51.680,50.270,32.580,1.760,15.841,17.054,0.912,1.524,886.300,1439.800,1.625,14.449,25.983,0.997,1.665,19.475,20.805,0.744,0.750,14.447,25.990,0.189,8.625,9.551,0.018,4155.000,133.824,49.178,8.625,58.729,ON,Moderate coastal haze; Hybrid loop operating; Ceff=1.62x
649,13:24:00,36.600,72.390,70.370,51.690,50.280,32.580,1.761,15.840,17.053,0.913,1.524,887.000,1440.500,1.624,14.458,25.994,0.998,1.666,19.474,20.804,0.744,0.750,14.462,25.989,0.189,8.627,9.546,0.018,4155.000,133.900,49.182,8.627,58.728,ON,Moderate coastal haze; Hybrid loop operating; Ceff=1.62x
650,13:24:30,36.600,72.400,70.380,51.700,50.280,32.570,1.762,15.839,17.053,0.913,1.525,887.500,1441.000,1.624,14.466,26.002,0.998,1.666,19.473,20.804,0.744,0.750,14.461,26.006,0.189,8.621,9.549,0.018,4155.000,133.976,49.193,8.621,58.742,ON,Moderate coastal haze; Hybrid loop operating; Ceff=1.62x
651,13:25:00,36.600,72.400,70.370,51.700,50.280,32.570,1.762,15.839,17.053,0.914,1.525,887.700,1440.900,1.623,14.470,26.001,0.998,1.666,19.473,20.804,0.745,0.750,14.477,26.006,0.189,8.629,9.549,0.018,4155.000,133.976,49.196,8.629,58.746,ON,Moderate coastal haze; Hybrid loop operating; Ceff=1.62x
652,13:25:30,36.590,72.380,70.360,51.690,50.270,32.570,1.761,15.840,17.054,0.913,1.524,887.400,1440.000,1.623,14.466,25.985,0.998,1.665,19.474,20.805,0.744,0.750,14.462,25.990,0.189,8.623,9.550,0.018,4155.000,133.900,49.199,8.623,58.749,ON,Moderate coastal haze; Hybrid loop operating; Ceff=1.62x
653,13:26:00,36.590,72.350,70.330,51.660,50.250,32.560,1.757,15.842,17.055,0.912,1.522,886.500,1438.000,1.622,14.453,25.952,0.997,1.663,19.477,20.806,0.744,0.750,14.448,25.958,0.189,8.623,9.551,0.018,4155.000,133.596,49.156,8.623,58.707,ON,Moderate coastal haze; Hybrid loop operating; Ceff=1.62x
654,13:26:30,36.580,72.300,70.280,51.630,50.220,32.560,1.753,15.845,17.057,0.911,1.519,885.000,1435.100,1.622,14.431,25.903,0.995,1.660,19.480,20.808,0.745,0.750,14.435,25.910,0.189,8.630,9.552,0.018,4155.000,133.292,49.143,8.630,58.695,ON,Moderate coastal haze; Hybrid loop operating; Ceff=1.62x
655,13:27:00,36.570,72.230,70.230,51.590,50.190,32.560,1.747,15.848,17.059,0.909,1.515,883.000,1431.400,1.621,14.403,25.841,0.993,1.655,19.483,20.811,0.744,0.750,14.406,25.844,0.189,8.632,9.553,0.018,4155.000,132.836,49.101,8.632,58.654,ON,Moderate coastal haze; Hybrid loop operating; Ceff=1.62x
656,13:27:30,36.570,72.160,70.170,51.540,50.150,32.550,1.740,15.852,17.062,0.907,1.511,880.700,1427.300,1.621,14.371,25.772,0.991,1.651,19.488,20.814,0.744,0.750,14.378,25.781,0.189,8.638,9.557,0.018,4155.000,132.304,49.045,8.638,58.602,ON,Moderate coastal haze; Hybrid loop operating; Ceff=1.62x
657,13:28:00,36.560,72.090,70.110,51.490,50.110,32.550,1.734,15.856,17.064,0.904,1.506,878.500,1423.300,1.620,14.339,25.704,0.988,1.646,19.492,20.817,0.745,0.750,14.334,25.698,0.189,8.633,9.553,0.018,4155.000,131.847,49.013,8.633,58.566,ON,Moderate coastal haze; Hybrid loop operating; Ceff=1.62x
658,13:28:30,36.550,72.020,70.050,51.440,50.060,32.540,1.728,15.860,17.067,0.902,1.503,876.600,1419.700,1.620,14.312,25.644,0.986,1.642,19.496,20.820,0.745,0.750,14.306,25.652,0.189,8.635,9.560,0.018,4155.000,131.391,48.967,8.635,58.527,ON,Moderate coastal haze; Hybrid loop operating; Ceff=1.62x
659,13:29:00,36.540,71.960,70.000,51.400,50.030,32.540,1.724,15.863,17.069,0.901,1.500,875.100,1416.900,1.619,14.292,25.598,0.985,1.639,19.500,20.822,0.744,0.750,14.293,25.604,0.189,8.642,9.561,0.018,4155.000,131.087,48.951,8.642,58.512,ON,Moderate coastal haze; Hybrid loop operating; Ceff=1.62x
660,13:29:30,36.530,71.920,69.950,51.370,50.000,32.530,1.721,15.866,17.071,0.900,1.498,874.200,1415.000,1.619,14.281,25.568,0.984,1.637,19.503,20.824,0.744,0.750,14.279,25.572,0.189,8.642,9.562,0.018,4155.000,130.859,48.931,8.642,58.493,ON,Moderate coastal haze; Hybrid loop operating; Ceff=1.62x
661,13:30:00,36.520,71.890,69.930,51.350,49.970,32.530,1.719,15.868,17.073,0.900,1.497,874.000,1414.200,1.618,14.278,25.554,0.983,1.636,19.505,20.826,0.745,0.750,14.281,25.558,0.189,8.646,9.562,0.018,4155.000,130.707,48.902,8.646,58.464,ON,Moderate coastal haze; Hybrid loop operating; Ceff=1.62x
662,13:30:30,36.510,71.880,69.910,51.340,49.960,32.520,1.719,15.868,17.073,0.900,1.497,874.200,1414.100,1.618,14.283,25.555,0.984,1.636,19.505,20.826,0.744,0.750,14.281,25.558,0.189,8.644,9.563,0.018,4155.000,130.707,48.905,8.644,58.468,ON,Moderate coastal haze; Hybrid loop operating; Ceff=1.62x
663,13:31:00,36.500,71.890,69.910,51.340,49.960,32.520,1.720,15.868,17.074,0.901,1.497,874.800,1414.600,1.617,14.293,25.564,0.984,1.636,19.505,20.827,0.745,0.750,14.297,25.560,0.189,8.647,9.560,0.018,4155.000,130.783,48.916,8.647,58.477,ON,Moderate coastal haze; Hybrid loop operating; Ceff=1.62x
664,13:31:30,36.490,71.910,69.930,51.340,49.960,32.510,1.721,15.867,17.073,0.901,1.498,875.500,1415.200,1.616,14.302,25.574,0.985,1.637,19.504,20.826,0.744,0.750,14.296,25.575,0.189,8.640,9.562,0.018,4155.000,130.859,48.924,8.640,58.486,ON,Moderate coastal haze; Hybrid loop operating; Ceff=1.62x
665,13:32:00,36.480,71.950,69.950,51.360,49.970,32.510,1.721,15.865,17.072,0.902,1.498,875.900,1415.500,1.616,14.307,25.578,0.986,1.637,19.502,20.825,0.744,0.750,14.310,25.574,0.189,8.644,9.559,0.018,4155.000,130.859,48.914,8.644,58.473,ON,Moderate coastal haze; Hybrid loop operating; Ceff=1.62x
666,13:32:30,36.470,71.990,69.980,51.380,49.980,32.500,1.721,15.863,17.072,0.902,1.498,876.000,1415.100,1.615,14.306,25.569,0.986,1.637,19.500,20.824,0.744,0.750,14.308,25.574,0.189,8.642,9.562,0.018,4155.000,130.859,48.928,8.642,58.490,ON,Moderate coastal haze; Hybrid loop operating; Ceff=1.62x
667,13:33:00,36.460,72.030,70.010,51.400,49.990,32.490,1.719,15.861,17.071,0.901,1.496,875.400,1413.700,1.615,14.295,25.543,0.985,1.635,19.497,20.823,0.744,0.750,14.291,25.538,0.189,8.637,9.558,0.018,4155.000,130.707,48.919,8.637,58.477,ON,Moderate coastal haze; Hybrid loop operating; Ceff=1.61x
668,13:33:30,36.440,72.060,70.030,51.410,49.990,32.480,1.715,15.859,17.070,0.900,1.494,874.300,1411.400,1.614,14.274,25.500,0.984,1.633,19.495,20.823,0.744,0.750,14.273,25.503,0.189,8.638,9.560,0.018,4155.000,130.403,48.885,8.638,58.445,ON,Moderate coastal haze; Hybrid loop operating; Ceff=1.61x
669,13:34:00,36.430,72.080,70.040,51.420,49.990,32.480,1.710,15.858,17.070,0.898,1.490,872.600,1408.200,1.614,14.246,25.442,0.982,1.629,19.494,20.823,0.744,0.750,14.240,25.434,0.189,8.635,9.556,0.018,4155.000,130.022,48.853,8.635,58.409,ON,Moderate coastal haze; Hybrid loop operating; Ceff=1.61x
670,13:34:30,36.420,72.080,70.040,51.420,49.980,32.470,1.704,15.858,17.070,0.896,1.486,870.600,1404.400,1.613,14.212,25.374,0.979,1.625,19.494,20.823,0.745,0.750,14.209,25.366,0.189,8.635,9.557,0.018,4155.000,129.566,48.813,8.635,58.370,ON,Moderate coastal haze; Hybrid loop operating; Ceff=1.61x
671,13:35:00,36.400,72.070,70.020,51.400,49.960,32.460,1.698,15.859,17.071,0.894,1.482,868.400,1400.400,1.613,14.177,25.303,0.977,1.620,19.495,20.824,0.744,0.750,14.178,25.299,0.189,8.638,9.559,0.018,4155.000,129.110,48.780,8.638,58.339,ON,Moderate coastal haze; Hybrid loop operating; Ceff=1.61x
672,13:35:30,36.390,72.030,69.990,51.370,49.940,32.450,1.692,15.861,17.073,0.892,1.478,866.300,1396.600,1.612,14.146,25.237,0.975,1.616,19.498,20.826,0.744,0.750,14.148,25.234,0.189,8.641,9.560,0.018,4155.000,128.654,48.740,8.641,58.300,ON,Moderate coastal haze; Hybrid loop operating; Ceff=1.61x
673,13:36:00,36.380,71.980,69.940,51.330,49.900,32.450,1.686,15.865,17.076,0.890,1.475,864.600,1393.300,1.612,14.121,25.183,0.973,1.612,19.501,20.829,0.744,0.750,14.120,25.187,0.189,8.641,9.565,0.018,4155.000,128.198,48.683,8.641,58.247,ON,Moderate coastal haze; Hybrid loop operating; Ceff=1.61x
674,13:36:30,36.360,71.910,69.880,51.280,49.850,32.440,1.683,15.868,17.078,0.889,1.472,863.400,1391.000,1.611,14.107,25.146,0.972,1.609,19.505,20.832,0.744,0.750,14.107,25.139,0.189,8.645,9.562,0.018,4155.000,127.969,48.676,8.645,58.238,ON,Moderate coastal haze; Hybrid loop operating; Ceff=1.61x
675,13:37:00,36.350,71.830,69.810,51.220,49.800,32.430,1.681,15.873,17.081,0.888,1.471,862.900,1389.600,1.610,14.103,25.127,0.971,1.608,19.510,20.835,0.744,0.750,14.095,25.126,0.189,8.643,9.567,0.018,4155.000,127.817,48.667,8.643,58.234,ON,Moderate coastal haze; Hybrid loop operating; Ceff=1.61x
676,13:37:30,36.340,71.750,69.730,51.160,49.750,32.420,1.680,15.878,17.085,0.889,1.471,862.900,1389.200,1.610,14.109,25.125,0.971,1.607,19.516,20.839,0.745,0.750,14.116,25.132,0.189,8.655,9.572,0.018,4155.000,127.741,48.652,8.655,58.224,ON,Moderate coastal haze; Hybrid loop operating; Ceff=1.61x
677,13:38:00,36.320,71.660,69.660,51.110,49.700,32.410,1.680,15.882,17.088,0.889,1.471,863.400,1389.500,1.609,14.122,25.136,0.972,1.608,19.521,20.842,0.744,0.750,14.119,25.136,0.189,8.652,9.572,0.018,4155.000,127.741,48.642,8.652,58.214,ON,Moderate coastal haze; Hybrid loop operating; Ceff=1.61x
678,13:38:30,36.310,71.590,69.590,51.060,49.660,32.400,1.681,15.887,17.091,0.890,1.472,864.100,1390.100,1.609,14.139,25.153,0.973,1.608,19.525,20.845,0.744,0.750,14.139,25.158,0.189,8.658,9.576,0.018,4155.000,127.817,48.650,8.658,58.226,ON,Moderate coastal haze; Hybrid loop operating; Ceff=1.61x
679,13:39:00,36.290,71.520,69.530,51.010,49.620,32.390,1.682,15.890,17.093,0.891,1.472,864.800,1390.700,1.608,14.154,25.168,0.973,1.609,19.529,20.848,0.745,0.750,14.158,25.161,0.189,8.662,9.573,0.018,4155.000,127.893,48.658,8.662,58.230,ON,Moderate coastal haze; Hybrid loop operating; Ceff=1.61x
680,13:39:30,36.280,71.470,69.490,50.970,49.590,32.390,1.683,15.893,17.095,0.891,1.473,865.200,1390.800,1.608,14.164,25.174,0.974,1.609,19.532,20.850,0.745,0.750,14.161,25.181,0.189,8.660,9.580,0.018,4155.000,127.969,48.683,8.660,58.263,ON,Moderate coastal haze; Hybrid loop operating; Ceff=1.61x
681,13:40:00,36.270,71.440,69.460,50.950,49.560,32.380,1.682,15.895,17.097,0.891,1.472,865.100,1390.200,1.607,14.164,25.165,0.974,1.609,19.535,20.852,0.744,0.750,14.162,25.167,0.189,8.662,9.578,0.018,4155.000,127.893,48.675,8.662,58.254,ON,Moderate coastal haze; Hybrid loop operating; Ceff=1.61x
682,13:40:30,36.250,71.420,69.440,50.930,49.540,32.370,1.679,15.896,17.098,0.890,1.470,864.400,1388.500,1.606,14.154,25.137,0.973,1.607,19.536,20.853,0.745,0.750,14.147,25.134,0.189,8.660,9.578,0.018,4155.000,127.665,48.648,8.660,58.226,ON,Moderate coastal haze; Hybrid loop operating; Ceff=1.61x
683,13:41:00,36.240,71.410,69.430,50.920,49.530,32.360,1.675,15.897,17.098,0.889,1.467,863.100,1385.900,1.606,14.133,25.091,0.972,1.604,19.536,20.854,0.744,0.750,14.132,25.083,0.189,8.664,9.576,0.018,4155.000,127.361,48.623,8.664,58.199,ON,Moderate coastal haze; Hybrid loop operating; Ceff=1.61x
684,13:41:30,36.230,71.420,69.430,50.920,49.520,32.350,1.669,15.896,17.099,0.887,1.464,861.300,1382.500,1.605,14.103,25.030,0.970,1.600,19.536,20.854,0.744,0.750,14.100,25.033,0.189,8.662,9.580,0.018,4155.000,126.905,48.568,8.662,58.149,ON,Moderate coastal haze; Hybrid loop operating; Ceff=1.61x
685,13:42:00,36.210,71.440,69.440,50.920,49.520,32.340,1.663,15.896,17.099,0.885,1.460,859.200,1378.600,1.605,14.068,24.959,0.967,1.595,19.535,20.854,0.745,0.750,14.068,24.965,0.189,8.663,9.581,0.018,4155.000,126.449,48.530,8.663,58.112,ON,Moderate coastal haze; Hybrid loop operating; Ceff=1.6x
686,13:42:30,36.200,71.460,69.440,50.930,49.520,32.330,1.657,15.895,17.099,0.883,1.455,857.000,1374.600,1.604,14.032,24.887,0.965,1.591,19.534,20.854,0.744,0.750,14.035,24.879,0.189,8.665,9.576,0.018,4155.000,125.992,48.496,8.665,58.072,ON,Moderate coastal haze; Hybrid loop operating; Ceff=1.6x
687,13:43:00,36.190,71.480,69.450,50.930,49.510,32.320,1.651,15.894,17.099,0.881,1.452,855.100,1370.900,1.603,13.999,24.821,0.963,1.586,19.533,20.854,0.744,0.750,14.003,24.828,0.189,8.664,9.582,0.018,4155.000,125.536,48.451,8.664,58.033,ON,Moderate coastal haze; Hybrid loop operating; Ceff=1.6x
688,13:43:30,36.180,71.490,69.460,50.930,49.500,32.310,1.647,15.893,17.099,0.879,1.448,853.600,1368.000,1.603,13.974,24.767,0.961,1.583,19.533,20.855,0.744,0.750,13.970,24.759,0.189,8.659,9.576,0.018,4155.000,125.232,48.436,8.659,58.012,ON,Moderate coastal haze; Hybrid loop operating; Ceff=1.6x
689,13:44:00,36.160,71.490,69.450,50.920,49.490,32.300,1.643,15.893,17.100,0.878,1.446,852.600,1365.900,1.602,13.958,24.731,0.960,1.581,19.533,20.855,0.744,0.750,13.954,24.727,0.189,8.660,9.578,0.018,4155.000,124.928,48.393,8.660,57.971,ON,Moderate coastal haze; Hybrid loop operating; Ceff=1.6x
690,13:44:30,36.150,71.490,69.440,50.910,49.470,32.290,1.642,15.894,17.101,0.878,1.445,852.300,1364.800,1.601,13.953,24.713,0.959,1.579,19.534,20.856,0.745,0.750,13.955,24.711,0.189,8.663,9.580,0.018,4155.000,124.852,48.402,8.663,57.982,ON,Moderate coastal haze; Hybrid loop operating; Ceff=1.6x
691,13:45:00,36.140,71.460,69.410,50.890,49.450,32.280,1.641,15.896,17.102,0.878,1.445,852.500,1364.600,1.601,13.958,24.710,0.960,1.579,19.535,20.858,0.744,0.750,13.957,24.712,0.189,8.662,9.582,0.018,4155.000,124.776,48.380,8.662,57.962,ON,Moderate coastal haze; Hybrid loop operating; Ceff=1.6x
692,13:45:30,36.130,71.430,69.380,50.860,49.430,32.270,1.642,15.898,17.103,0.879,1.445,853.000,1364.900,1.600,13.969,24.719,0.960,1.580,19.538,20.859,0.745,0.750,13.974,24.714,0.189,8.668,9.580,0.018,4155.000,124.852,48.399,8.668,57.979,ON,Moderate coastal haze; Hybrid loop operating; Ceff=1.6x
693,13:46:00,36.120,71.370,69.330,50.830,49.390,32.270,1.643,15.901,17.106,0.879,1.446,853.700,1365.300,1.599,13.983,24.731,0.961,1.580,19.541,20.862,0.745,0.750,13.977,24.735,0.189,8.663,9.586,0.018,4155.000,124.928,48.414,8.663,58.000,ON,Moderate coastal haze; Hybrid loop operating; Ceff=1.6x
694,13:46:30,36.110,71.310,69.270,50.780,49.350,32.260,1.643,15.904,17.108,0.880,1.446,854.100,1365.600,1.599,13.995,24.739,0.962,1.580,19.545,20.864,0.744,0.750,13.996,24.738,0.189,8.670,9.585,0.018,4155.000,124.928,48.403,8.670,57.988,ON,Moderate coastal haze; Hybrid loop operating; Ceff=1.6x
695,13:47:00,36.100,71.230,69.210,50.730,49.310,32.250,1.642,15.909,17.111,0.880,1.446,854.200,1365.100,1.598,14.001,24.737,0.962,1.580,19.549,20.867,0.744,0.750,14.000,24.743,0.189,8.672,9.590,0.018,4155.000,124.852,48.391,8.672,57.981,ON,Moderate coastal haze; Hybrid loop operating; Ceff=1.6x
696,13:47:30,36.090,71.150,69.130,50.680,49.270,32.240,1.640,15.913,17.114,0.880,1.444,853.800,1363.800,1.597,13.999,24.718,0.961,1.578,19.555,20.871,0.745,0.751,14.003,24.713,0.189,8.678,9.588,0.018,4155.000,124.700,48.379,8.678,57.966,ON,Moderate coastal haze; Hybrid loop operating; Ceff=1.6x
697,13:48:00,36.080,71.060,69.060,50.620,49.220,32.230,1.636,15.918,17.117,0.879,1.442,852.600,1361.400,1.597,13.986,24.680,0.960,1.576,19.560,20.874,0.745,0.750,13.992,24.683,0.189,8.683,9.593,0.018,4155.000,124.396,48.346,8.683,57.939,ON,Moderate coastal haze; Hybrid loop operating; Ceff=1.6x
698,13:48:30,36.070,70.980,68.990,50.570,49.170,32.220,1.631,15.923,17.120,0.877,1.438,850.900,1358.100,1.596,13.963,24.625,0.958,1.572,19.565,20.877,0.745,0.750,13.964,24.619,0.189,8.683,9.591,0.018,4155.000,124.016,48.315,8.683,57.906,ON,Moderate coastal haze; Hybrid loop operating; Ceff=1.6x
699,13:49:00,36.070,70.900,68.920,50.510,49.120,32.210,1.625,15.927,17.123,0.875,1.434,848.700,1354.000,1.595,13.932,24.557,0.956,1.567,19.570,20.881,0.745,0.751,13.936,24.554,0.189,8.688,9.595,0.018,4155.000,123.559,48.283,8.688,57.878,ON,Moderate coastal haze; Hybrid loop operating; Ceff=1.6x
700,13:49:30,36.060,70.830,68.850,50.460,49.080,32.200,1.618,15.931,17.125,0.872,1.429,846.300,1349.600,1.595,13.897,24.481,0.953,1.562,19.574,20.884,0.745,0.750,13.892,24.472,0.189,8.685,9.594,0.018,4155.000,123.027,48.232,8.685,57.826,ON,Moderate coastal haze; Hybrid loop operating; Ceff=1.59x
701,13:50:00,36.050,70.770,68.800,50.420,49.040,32.200,1.611,15.934,17.128,0.870,1.425,844.000,1345.200,1.594,13.861,24.405,0.951,1.557,19.578,20.886,0.744,0.750,13.863,24.407,0.189,8.690,9.600,0.018,4155.000,122.495,48.180,8.690,57.780,ON,Moderate coastal haze; Hybrid loop operating; Ceff=1.59x
702,13:50:30,36.050,70.730,68.760,50.390,49.010,32.190,1.605,15.937,17.130,0.868,1.421,841.900,1341.200,1.593,13.830,24.337,0.948,1.553,19.580,20.888,0.745,0.750,13.833,24.342,0.189,8.694,9.603,0.018,4155.000,122.039,48.144,8.694,57.747,ON,Moderate coastal haze; Hybrid loop operating; Ceff=1.59x
703,13:51:00,36.040,70.700,68.730,50.370,48.990,32.180,1.600,15.938,17.131,0.866,1.417,840.200,1338.000,1.592,13.805,24.281,0.947,1.549,19.582,20.890,0.744,0.750,13.802,24.275,0.189,8.692,9.599,0.018,4155.000,121.658,48.109,8.692,57.708,ON,Moderate coastal haze; Hybrid loop operating; Ceff=1.59x
704,13:51:30,36.030,70.690,68.710,50.360,48.970,32.170,1.597,15.939,17.132,0.865,1.415,839.200,1335.700,1.592,13.788,24.241,0.945,1.546,19.583,20.890,0.745,0.751,13.787,24.242,0.189,8.693,9.603,0.018,4155.000,121.430,48.101,8.693,57.704,ON,Moderate coastal haze; Hybrid loop operating; Ceff=1.59x
705,13:52:00,36.030,70.700,68.710,50.360,48.970,32.170,1.594,15.939,17.132,0.865,1.413,838.700,1334.300,1.591,13.780,24.216,0.945,1.545,19.583,20.891,0.745,0.750,13.787,24.208,0.189,8.698,9.599,0.018,4155.000,121.202,48.061,8.698,57.660,ON,Moderate coastal haze; Hybrid loop operating; Ceff=1.59x
706,13:52:30,36.020,70.710,68.710,50.360,48.960,32.160,1.593,15.939,17.132,0.865,1.413,838.700,1333.600,1.590,13.779,24.203,0.945,1.544,19.583,20.891,0.745,0.750,13.787,24.208,0.189,8.698,9.604,0.018,4155.000,121.126,48.056,8.698,57.661,ON,Moderate coastal haze; Hybrid loop operating; Ceff=1.59x
707,13:53:00,36.020,70.720,68.720,50.370,48.960,32.150,1.593,15.938,17.132,0.865,1.412,838.900,1333.300,1.589,13.782,24.197,0.945,1.544,19.582,20.891,0.745,0.750,13.786,24.190,0.189,8.695,9.600,0.018,4155.000,121.126,48.067,8.695,57.667,ON,Moderate coastal haze; Hybrid loop operating; Ceff=1.59x
708,13:53:30,36.020,70.740,68.720,50.380,48.960,32.150,1.592,15.937,17.132,0.865,1.412,839.100,1332.900,1.589,13.784,24.190,0.945,1.543,19.581,20.890,0.745,0.750,13.786,24.190,0.189,8.693,9.602,0.018,4155.000,121.050,48.051,8.693,57.654,ON,Moderate coastal haze; Hybrid loop operating; Ceff=1.59x
709,13:54:00,36.010,70.750,68.730,50.380,48.960,32.140,1.591,15.937,17.132,0.865,1.411,839.000,1332.100,1.588,13.782,24.175,0.945,1.542,19.581,20.890,0.745,0.750,13.786,24.173,0.189,8.694,9.601,0.018,4155.000,120.974,48.050,8.694,57.651,ON,Moderate coastal haze; Hybrid loop operating; Ceff=1.59x
710,13:54:30,36.010,70.750,68.720,50.380,48.960,32.130,1.588,15.937,17.132,0.864,1.409,838.400,1330.500,1.587,13.773,24.146,0.944,1.540,19.581,20.890,0.745,0.751,13.770,24.139,0.189,8.690,9.599,0.018,4155.000,120.746,48.017,8.690,57.616,ON,Moderate coastal haze; Hybrid loop operating; Ceff=1.59x
711,13:55:00,36.010,70.740,68.700,50.370,48.940,32.130,1.584,15.938,17.133,0.863,1.407,837.200,1327.900,1.586,13.754,24.100,0.943,1.537,19.582,20.891,0.745,0.751,13.754,24.106,0.189,8.693,9.605,0.018,4155.000,120.442,47.990,8.693,57.595,ON,Moderate coastal haze; Hybrid loop operating; Ceff=1.59x
712,13:55:30,36.010,70.700,68.670,50.340,48.920,32.120,1.579,15.940,17.134,0.861,1.403,835.300,1324.200,1.585,13.725,24.036,0.941,1.533,19.584,20.893,0.745,0.750,13.724,24.039,0.189,8.693,9.605,0.018,4155.000,120.062,47.972,8.693,57.577,ON,Moderate coastal haze; Hybrid loop operating; Ceff=1.59x
713,13:56:00,36.010,70.650,68.620,50.310,48.890,32.110,1.572,15.943,17.136,0.859,1.398,832.800,1319.600,1.584,13.689,23.956,0.938,1.528,19.588,20.895,0.745,0.750,13.695,23.956,0.189,8.701,9.605,0.018,4155.000,119.529,47.926,8.701,57.531,ON,Moderate coastal haze; Hybrid loop operating; Ceff=1.58x
714,13:56:30,36.010,70.580,68.550,50.260,48.850,32.110,1.564,15.948,17.138,0.856,1.393,830.000,1314.400,1.584,13.646,23.866,0.935,1.522,19.592,20.898,0.745,0.750,13.651,23.873,0.189,8.702,9.610,0.018,4155.000,118.921,47.871,8.702,57.481,ON,Moderate coastal haze; Hybrid loop operating; Ceff=1.58x
715,13:57:00,36.010,70.490,68.480,50.210,48.800,32.100,1.555,15.952,17.142,0.853,1.387,827.000,1309.000,1.583,13.603,23.773,0.932,1.516,19.598,20.901,0.745,0.750,13.607,23.776,0.189,8.706,9.610,0.018,4155.000,118.237,47.792,8.706,57.402,ON,Moderate coastal haze; Hybrid loop operating; Ceff=1.58x
716,13:57:30,36.010,70.390,68.390,50.150,48.750,32.100,1.547,15.958,17.145,0.850,1.381,824.200,1303.700,1.582,13.561,23.683,0.929,1.510,19.604,20.905,0.745,0.750,13.564,23.677,0.189,8.708,9.609,0.018,4155.000,117.628,47.739,8.708,57.348,ON,Moderate coastal haze; Hybrid loop operating; Ceff=1.58x
717,13:58:00,36.010,70.290,68.300,50.080,48.690,32.090,1.540,15.964,17.149,0.847,1.376,821.600,1299.000,1.581,13.526,23.604,0.926,1.504,19.610,20.909,0.745,0.751,13.522,23.597,0.189,8.708,9.611,0.018,4155.000,117.096,47.695,8.708,57.306,ON,Moderate coastal haze; Hybrid loop operating; Ceff=1.58x
718,13:58:30,36.010,70.180,68.210,50.020,48.630,32.090,1.534,15.969,17.152,0.845,1.372,819.600,1295.200,1.580,13.500,23.539,0.924,1.500,19.616,20.913,0.745,0.750,13.494,23.533,0.189,8.711,9.613,0.018,4155.000,116.640,47.648,8.711,57.262,ON,Moderate coastal haze; Hybrid loop operating; Ceff=1.58x
719,13:59:00,36.010,70.090,68.120,49.960,48.580,32.080,1.530,15.975,17.155,0.844,1.369,818.200,1292.200,1.579,13.482,23.491,0.922,1.496,19.622,20.916,0.745,0.751,13.483,23.485,0.189,8.719,9.616,0.018,4155.000,116.336,47.635,8.719,57.251,ON,Moderate coastal haze; Hybrid loop operating; Ceff=1.58x
720,13:59:30,36.010,70.010,68.050,49.910,48.540,32.080,1.526,15.979,17.158,0.843,1.367,817.300,1290.000,1.578,13.472,23.456,0.921,1.494,19.627,20.919,0.745,0.751,13.470,23.455,0.189,8.720,9.620,0.018,4155.000,116.032,47.591,8.720,57.211,ON,Moderate coastal haze; Hybrid loop operating; Ceff=1.58x
721,14:00:00,36.010,69.940,67.990,49.870,48.500,32.080,1.524,15.983,17.160,0.843,1.365,816.800,1288.400,1.577,13.467,23.431,0.921,1.492,19.631,20.922,0.745,0.751,13.474,23.423,0.189,8.728,9.619,0.018,4155.000,115.880,47.588,8.728,57.207,ON,Moderate coastal haze; Hybrid loop operating; Ceff=1.58x
722,14:00:30,36.000,69.900,67.940,49.840,48.480,32.070,1.522,15.986,17.162,0.842,1.364,816.400,1287.000,1.576,13.464,23.409,0.920,1.491,19.634,20.924,0.745,0.750,13.460,23.409,0.189,8.723,9.624,0.018,4155.000,115.728,47.577,8.723,57.201,ON,Moderate coastal haze; Hybrid loop operating; Ceff=1.58x
723,14:01:00,36.000,69.870,67.910,49.820,48.460,32.070,1.520,15.988,17.163,0.842,1.362,815.900,1285.500,1.575,13.457,23.382,0.920,1.489,19.636,20.925,0.745,0.750,13.462,23.376,0.189,8.730,9.621,0.018,4155.000,115.575,47.570,8.730,57.191,ON,Moderate coastal haze; Hybrid loop operating; Ceff=1.58x
724,14:01:30,35.990,69.860,67.900,49.820,48.450,32.070,1.516,15.988,17.164,0.841,1.360,815.000,1283.300,1.575,13.444,23.344,0.919,1.486,19.637,20.925,0.745,0.751,13.446,23.343,0.189,8.729,9.624,0.018,4155.000,115.271,47.526,8.729,57.150,ON,Moderate coastal haze; Hybrid loop operating; Ceff=1.57x
725,14:02:00,35.990,69.860,67.890,49.820,48.440,32.060,1.512,15.989,17.164,0.839,1.357,813.600,1280.200,1.574,13.420,23.288,0.917,1.483,19.637,20.926,0.745,0.750,13.415,23.292,0.189,8.724,9.626,0.018,4155.000,114.967,47.515,8.724,57.142,ON,Moderate coastal haze; Hybrid loop operating; Ceff=1.57x
726,14:02:30,35.980,69.870,67.890,49.820,48.440,32.060,1.505,15.988,17.164,0.837,1.353,811.500,1276.200,1.573,13.386,23.214,0.915,1.478,19.637,20.926,0.745,0.751,13.382,23.223,0.189,8.725,9.628,0.018,4155.000,114.435,47.444,8.725,57.072,ON,Moderate coastal haze; Hybrid loop operating; Ceff=1.57x
727,14:03:00,35.970,69.880,67.890,49.820,48.430,32.060,1.498,15.988,17.164,0.834,1.347,808.800,1271.100,1.572,13.341,23.122,0.912,1.472,19.637,20.926,0.745,0.751,13.334,23.120,0.189,8.723,9.624,0.018,4155.000,113.903,47.412,8.723,57.036,ON,Moderate coastal haze; Hybrid loop operating; Ceff=1.57x
728,14:03:30,35.970,69.880,67.890,49.820,48.430,32.050,1.489,15.988,17.164,0.831,1.341,805.600,1265.200,1.571,13.288,23.016,0.908,1.465,19.637,20.926,0.745,0.751,13.286,23.017,0.189,8.726,9.626,0.018,4155.000,113.218,47.347,8.726,56.973,ON,Moderate coastal haze; Hybrid loop operating; Ceff=1.57x
729,14:04:00,35.960,69.880,67.870,49.820,48.410,32.050,1.479,15.988,17.165,0.827,1.334,802.100,1258.900,1.570,13.230,22.901,0.904,1.458,19.637,20.926,0.745,0.751,13.222,22.898,0.189,8.722,9.624,0.018,4155.000,112.458,47.265,8.722,56.889,ON,Moderate coastal haze; Hybrid loop operating; Ceff=1.57x
730,14:04:30,35.960,69.860,67.850,49.800,48.390,32.050,1.470,15.990,17.166,0.824,1.327,798.600,1252.500,1.568,13.173,22.787,0.900,1.451,19.638,20.928,0.745,0.750,13.176,22.779,0.189,8.729,9.623,0.018,4155.000,111.774,47.217,8.729,56.840,ON,Moderate coastal haze; Hybrid loop operating; Ceff=1.57x
731,14:05:00,35.950,69.830,67.810,49.780,48.370,32.050,1.461,15.992,17.167,0.820,1.321,795.300,1246.500,1.567,13.121,22.680,0.897,1.444,19.641,20.929,0.745,0.750,13.113,22.678,0.189,8.724,9.626,0.018,4155.000,111.089,47.154,8.724,56.780,ON,Moderate coastal haze; Hybrid loop operating; Ceff=1.57x
732,14:05:30,35.950,69.780,67.760,49.740,48.330,32.040,1.453,15.995,17.169,0.818,1.316,792.400,1241.200,1.566,13.077,22.587,0.894,1.438,19.644,20.932,0.745,0.750,13.084,22.594,0.189,8.736,9.632,0.018,4155.000,110.481,47.096,8.736,56.728,ON,Moderate coastal haze; Hybrid loop operating; Ceff=1.57x
733,14:06:00,35.940,69.710,67.690,49.700,48.290,32.040,1.446,15.999,17.172,0.815,1.311,790.100,1236.800,1.565,13.043,22.510,0.891,1.433,19.649,20.935,0.745,0.750,13.039,22.512,0.189,8.732,9.631,0.018,4155.000,109.949,47.036,8.732,56.667,ON,Moderate coastal haze; Hybrid loop operating; Ceff=1.57x
734,14:06:30,35.930,69.620,67.610,49.640,48.240,32.040,1.441,16.004,17.175,0.814,1.307,788.400,1233.200,1.564,13.020,22.451,0.889,1.429,19.654,20.938,0.745,0.750,13.027,22.448,0.189,8.743,9.631,0.018,4155.000,109.569,47.010,8.743,56.641,ON,Moderate coastal haze; Hybrid loop operating; Ceff=1.56x
735,14:07:00,35.930,69.530,67.520,49.580,48.180,32.040,1.437,16.009,17.179,0.812,1.304,787.200,1230.500,1.563,13.006,22.407,0.888,1.426,19.660,20.942,0.745,0.750,12.999,22.401,0.189,8.737,9.632,0.018,4155.000,109.264,46.982,8.737,56.615,ON,Moderate coastal haze; Hybrid loop operating; Ceff=1.56x
736,14:07:30,35.920,69.420,67.430,49.520,48.120,32.040,1.433,16.015,17.182,0.812,1.302,786.300,1228.200,1.562,12.997,22.372,0.887,1.423,19.666,20.946,0.745,0.751,13.004,22.371,0.189,8.751,9.637,0.018,4155.000,108.960,46.939,8.751,56.577,ON,Moderate coastal haze; Hybrid loop operating; Ceff=1.56x
737,14:08:00,35.910,69.320,67.330,49.450,48.060,32.040,1.430,16.021,17.186,0.811,1.300,785.400,1226.100,1.561,12.989,22.338,0.886,1.421,19.673,20.950,0.745,0.750,12.993,22.342,0.189,8.753,9.641,0.018,4155.000,108.732,46.921,8.753,56.563,ON,Moderate coastal haze; Hybrid loop operating; Ceff=1.56x
738,14:08:30,35.910,69.210,67.240,49.390,48.010,32.030,1.427,16.027,17.190,0.810,1.297,784.400,1223.600,1.560,12.978,22.299,0.885,1.418,19.680,20.954,0.745,0.750,12.982,22.295,0.189,8.757,9.641,0.018,4155.000,108.504,46.919,8.757,56.559,ON,Moderate coastal haze; Hybrid loop operating; Ceff=1.56x
739,14:09:00,35.900,69.110,67.150,49.330,47.950,32.030,1.422,16.033,17.193,0.808,1.294,783.000,1220.400,1.559,12.960,22.247,0.883,1.414,19.686,20.958,0.746,0.751,12.955,22.248,0.189,8.754,9.645,0.018,4155.000,108.124,46.877,8.754,56.522,ON,Moderate coastal haze; Hybrid loop operating; Ceff=1.56x
740,14:09:30,35.890,69.020,67.060,49.270,47.900,32.030,1.416,16.038,17.196,0.806,1.290,780.900,1216.400,1.558,12.932,22.179,0.881,1.410,19.691,20.961,0.745,0.750,12.927,22.183,0.189,8.758,9.649,0.018,4155.000,107.668,46.832,8.758,56.481,ON,Moderate coastal haze; Hybrid loop operating; Ceff=1.56x
741,14:10:00,35.880,68.940,66.990,49.220,47.860,32.030,1.408,16.043,17.199,0.804,1.284,778.300,1211.400,1.556,12.893,22.092,0.878,1.404,19.696,20.964,0.746,0.751,12.899,22.084,0.189,8.769,9.645,0.018,4155.000,107.059,46.760,8.769,56.405,ON,Moderate coastal haze; Hybrid loop operating; Ceff=1.56x
742,14:10:30,35.880,68.880,66.930,49.180,47.820,32.030,1.400,16.046,17.201,0.800,1.278,775.100,1205.500,1.555,12.843,21.988,0.875,1.397,19.700,20.967,0.745,0.751,12.837,21.983,0.189,8.763,9.648,0.018,4155.000,106.451,46.722,8.763,56.370,ON,Moderate coastal haze; Hybrid loop operating; Ceff=1.56x
743,14:11:00,35.870,68.830,66.880,49.150,47.780,32.030,1.390,16.049,17.203,0.797,1.271,771.500,1199.000,1.554,12.786,21.873,0.871,1.390,19.704,20.969,0.745,0.750,12.791,21.865,0.189,8.772,9.649,0.018,4155.000,105.691,46.640,8.772,56.288,ON,Moderate coastal haze; Hybrid loop operating; Ceff=1.55x
744,14:11:30,35.860,68.800,66.840,49.120,47.750,32.030,1.380,16.052,17.205,0.793,1.264,767.700,1192.300,1.553,12.726,21.752,0.866,1.382,19.706,20.971,0.746,0.751,12.729,21.747,0.189,8.773,9.651,0.018,4155.000,104.930,46.564,8.773,56.215,ON,Moderate coastal haze; Hybrid loop operating; Ceff=1.55x
745,14:12:00,35.850,68.770,66.800,49.110,47.730,32.030,1.371,16.053,17.206,0.789,1.257,764.000,1185.700,1.552,12.667,21.635,0.862,1.374,19.708,20.972,0.746,0.751,12.666,21.628,0.189,8.772,9.651,0.018,4155.000,104.246,46.518,8.772,56.169,ON,Moderate coastal haze; Hybrid loop operating; Ceff=1.55x
746,14:12:30,35.840,68.750,66.780,49.090,47.710,32.030,1.362,16.055,17.207,0.786,1.251,760.700,1179.700,1.551,12.613,21.527,0.859,1.367,19.710,20.973,0.745,0.751,12.619,21.526,0.189,8.777,9.654,0.018,4155.000,103.562,46.448,8.777,56.102,ON,Moderate coastal haze; Hybrid loop operating; Ceff=1.55x
747,14:13:00,35.830,68.740,66.750,49.080,47.690,32.020,1.354,16.056,17.208,0.783,1.246,757.900,1174.500,1.550,12.569,21.434,0.856,1.361,19.711,20.974,0.745,0.751,12.572,21.441,0.189,8.777,9.659,0.018,4155.000,102.953,46.379,8.777,56.039,ON,Moderate coastal haze; Hybrid loop operating; Ceff=1.55x
748,14:13:30,35.820,68.730,66.730,49.070,47.670,32.020,1.348,16.057,17.209,0.781,1.241,755.800,1170.300,1.548,12.534,21.358,0.853,1.356,19.712,20.975,0.745,0.751,12.541,21.356,0.189,8.779,9.655,0.018,4155.000,102.497,46.340,8.779,55.995,ON,Moderate coastal haze; Hybrid loop operating; Ceff=1.55x
749,14:14:00,35.810,68.720,66.700,49.060,47.650,32.020,1.343,16.058,17.210,0.779,1.238,754.300,1167.100,1.547,12.510,21.300,0.851,1.353,19.713,20.976,0.746,0.751,12.509,21.306,0.189,8.775,9.659,0.018,4155.000,102.117,46.294,8.775,55.953,ON,Moderate coastal haze; Hybrid loop operating; Ceff=1.55x
750,14:14:30,35.790,68.690,66.670,49.040,47.620,32.020,1.340,16.060,17.211,0.778,1.235,753.200,1164.500,1.546,12.494,21.256,0.850,1.350,19.715,20.978,0.746,0.751,12.495,21.256,0.189,8.777,9.658,0.018,4155.000,101.889,46.294,8.777,55.952,ON,Moderate coastal haze; Hybrid loop operating; Ceff=1.55x
751,14:15:00,35.780,68.660,66.630,49.020,47.600,32.020,1.337,16.062,17.213,0.777,1.233,752.400,1162.400,1.545,12.483,21.220,0.849,1.347,19.718,20.979,0.746,0.751,12.480,21.224,0.189,8.776,9.661,0.018,4155.000,101.661,46.274,8.776,55.934,ON,Moderate coastal haze; Hybrid loop operating; Ceff=1.54x
752,14:15:30,35.770,68.610,66.580,48.990,47.560,32.020,1.334,16.065,17.215,0.776,1.231,751.600,1160.300,1.544,12.472,21.184,0.848,1.345,19.721,20.981,0.746,0.751,12.466,21.192,0.189,8.776,9.663,0.018,4155.000,101.433,46.254,8.776,55.917,ON,Moderate coastal haze; Hybrid loop operating; Ceff=1.54x
753,14:16:00,35.760,68.540,66.510,48.950,47.520,32.020,1.330,16.069,17.217,0.775,1.228,750.500,1157.800,1.543,12.458,21.142,0.847,1.342,19.725,20.984,0.746,0.751,12.453,21.142,0.189,8.780,9.662,0.018,4155.000,101.129,46.215,8.780,55.876,ON,Moderate coastal haze; Hybrid loop operating; Ceff=1.54x
754,14:16:30,35.740,68.460,66.440,48.900,47.480,32.010,1.325,16.073,17.220,0.774,1.225,749.000,1154.600,1.542,12.438,21.088,0.846,1.338,19.730,20.987,0.745,0.751,12.441,21.095,0.189,8.788,9.667,0.018,4155.000,100.748,46.168,8.788,55.835,ON,Moderate coastal haze; Hybrid loop operating; Ceff=1.54x
755,14:17:00,35.730,68.370,66.350,48.840,47.420,32.010,1.319,16.079,17.223,0.772,1.220,746.900,1150.600,1.540,12.409,21.019,0.843,1.334,19.736,20.991,0.746,0.751,12.413,21.012,0.189,8.793,9.662,0.018,4155.000,100.292,46.119,8.793,55.781,ON,Moderate coastal haze; Hybrid loop operating; Ceff=1.54x
756,14:17:30,35.710,68.260,66.250,48.770,47.360,32.010,1.312,16.085,17.227,0.769,1.215,744.300,1145.600,1.539,12.370,20.935,0.840,1.328,19.743,20.995,0.746,0.751,12.369,20.931,0.189,8.793,9.667,0.018,4155.000,99.760,46.075,8.793,55.742,ON,Moderate coastal haze; Hybrid loop operating; Ceff=1.54x
757,14:18:00,35.700,68.140,66.140,48.700,47.290,32.010,1.304,16.092,17.231,0.766,1.209,741.100,1139.900,1.538,12.325,20.837,0.837,1.322,19.750,21.000,0.746,0.751,12.326,20.832,0.189,8.800,9.670,0.018,4155.000,99.152,46.023,8.800,55.692,ON,Moderate coastal haze; Hybrid loop operating; Ceff=1.54x
758,14:18:30,35.680,68.020,66.030,48.620,47.220,32.010,1.295,16.099,17.236,0.762,1.203,737.700,1133.900,1.537,12.275,20.733,0.833,1.315,19.758,21.004,0.746,0.751,12.267,20.735,0.189,8.799,9.675,0.018,4155.000,98.467,45.947,8.799,55.622,ON,Moderate coastal haze; Hybrid loop operating; Ceff=1.54x
759,14:19:00,35.660,67.900,65.920,48.540,47.150,32.000,1.287,16.105,17.240,0.759,1.197,734.300,1127.800,1.536,12.224,20.628,0.830,1.308,19.765,21.009,0.745,0.751,12.224,20.636,0.189,8.808,9.681,0.018,4155.000,97.859,45.910,8.808,55.591,ON,Moderate coastal haze; Hybrid loop operating; Ceff=1.54x
760,14:19:30,35.640,67.790,65.810,48.470,47.090,32.000,1.278,16.112,17.244,0.756,1.191,731.100,1122.100,1.535,12.177,20.530,0.826,1.301,19.772,21.014,0.746,0.751,12.181,20.538,0.189,8.815,9.684,0.018,4155.000,97.175,45.820,8.815,55.505,ON,Moderate coastal haze; Hybrid loop operating; Ceff=1.53x
761,14:20:00,35.630,67.690,65.720,48.400,47.030,32.000,1.271,16.118,17.248,0.753,1.185,728.400,1117.100,1.534,12.138,20.444,0.823,1.295,19.779,21.018,0.746,0.751,12.137,20.439,0.189,8.816,9.681,0.018,4155.000,96.642,45.773,8.816,55.454,ON,Moderate coastal haze; Hybrid loop operating; Ceff=1.53x
762,14:20:30,35.610,67.610,65.630,48.350,46.970,32.000,1.266,16.123,17.251,0.751,1.181,726.300,1113.100,1.533,12.107,20.376,0.821,1.291,19.784,21.021,0.745,0.751,12.108,20.373,0.189,8.821,9.684,0.018,4155.000,96.262,45.757,8.821,55.442,ON,Moderate coastal haze; Hybrid loop operating; Ceff=1.53x
763,14:21:00,35.590,67.540,65.570,48.300,46.920,31.990,1.261,16.127,17.254,0.750,1.178,724.900,1110.100,1.531,12.087,20.325,0.819,1.287,19.789,21.024,0.746,0.751,12.095,20.325,0.189,8.828,9.687,0.018,4155.000,95.882,45.700,8.828,55.387,ON,Moderate coastal haze; Hybrid loop operating; Ceff=1.53x
764,14:21:30,35.570,67.490,65.510,48.270,46.890,31.990,1.258,16.130,17.256,0.749,1.176,724.000,1108.000,1.530,12.076,20.290,0.818,1.285,19.792,21.027,0.746,0.751,12.081,20.293,0.189,8.829,9.690,0.018,4155.000,95.654,45.677,8.829,55.368,ON,Moderate coastal haze; Hybrid loop operating; Ceff=1.53x
765,14:22:00,35.550,67.460,65.470,48.250,46.860,31.990,1.256,16.132,17.258,0.748,1.174,723.600,1106.600,1.529,12.071,20.267,0.818,1.283,19.794,21.028,0.746,0.751,12.067,20.261,0.189,8.823,9.687,0.018,4155.000,95.502,45.662,8.823,55.350,ON,Moderate coastal haze; Hybrid loop operating; Ceff=1.53x
766,14:22:30,35.520,67.440,65.440,48.230,46.840,31.980,1.255,16.133,17.259,0.748,1.173,723.400,1105.600,1.528,12.069,20.248,0.818,1.282,19.796,21.030,0.745,0.751,12.067,20.245,0.189,8.826,9.688,0.018,4155.000,95.426,45.667,8.826,55.356,ON,Moderate coastal haze; Hybrid loop operating; Ceff=1.53x
767,14:23:00,35.500,67.430,65.420,48.230,46.820,31.980,1.253,16.134,17.259,0.748,1.172,723.100,1104.400,1.527,12.064,20.227,0.817,1.281,19.797,21.030,0.746,0.751,12.068,20.228,0.189,8.830,9.691,0.018,4155.000,95.274,45.644,8.830,55.335,ON,Moderate coastal haze; Hybrid loop operating; Ceff=1.53x
768,14:23:30,35.480,67.430,65.410,48.220,46.800,31.970,1.251,16.135,17.260,0.747,1.170,722.500,1102.700,1.526,12.055,20.198,0.817,1.279,19.798,21.031,0.745,0.751,12.053,20.194,0.189,8.827,9.690,0.018,4155.000,95.122,45.642,8.827,55.331,ON,Moderate coastal haze; Hybrid loop operating; Ceff=1.53x
769,14:24:00,35.460,67.420,65.390,48.210,46.790,31.970,1.247,16.136,17.261,0.746,1.168,721.400,1100.300,1.525,12.037,20.155,0.815,1.276,19.798,21.032,0.746,0.751,12.037,20.161,0.189,8.829,9.695,0.018,4155.000,94.818,45.595,8.829,55.290,ON,Moderate coastal haze; Hybrid loop operating; Ceff=1.53x
770,14:24:30,35.430,67.400,65.360,48.200,46.770,31.960,1.243,16.137,17.262,0.744,1.164,719.700,1097.000,1.524,12.011,20.097,0.813,1.272,19.800,21.033,0.746,0.751,12.006,20.093,0.189,8.826,9.691,0.018,4155.000,94.513,45.585,8.826,55.276,ON,Moderate coastal haze; Hybrid loop operating; Ceff=1.52x
771,14:25:00,35.410,67.370,65.320,48.170,46.740,31.960,1.237,16.139,17.264,0.742,1.160,717.500,1093.000,1.523,11.976,20.025,0.811,1.268,19.802,21.035,0.746,0.751,11.975,20.026,0.189,8.831,9.694,0.018,4155.000,94.057,45.531,8.831,55.226,ON,Moderate coastal haze; Hybrid loop operating; Ceff=1.52x
772,14:25:30,35.390,67.320,65.270,48.140,46.700,31.960,1.230,16.142,17.266,0.739,1.155,714.900,1088.400,1.522,11.936,19.944,0.808,1.262,19.806,21.037,0.746,0.751,11.929,19.942,0.189,8.829,9.694,0.018,4155.000,93.525,45.465,8.829,55.159,ON,Moderate coastal haze; Hybrid loop operating; Ceff=1.52x
773,14:26:00,35.360,67.250,65.200,48.090,46.650,31.950,1.223,16.146,17.269,0.737,1.150,712.100,1083.500,1.521,11.893,19.859,0.805,1.257,19.810,21.040,0.746,0.751,11.900,19.859,0.189,8.842,9.698,0.018,4155.000,92.993,45.411,8.842,55.108,ON,Moderate coastal haze; Hybrid loop operating; Ceff=1.52x
774,14:26:30,35.340,67.160,65.110,48.030,46.590,31.940,1.217,16.152,17.272,0.734,1.145,709.500,1078.800,1.521,11.854,19.778,0.802,1.251,19.816,21.044,0.746,0.751,11.856,19.776,0.189,8.841,9.699,0.018,4155.000,92.536,45.385,8.841,55.084,ON,Moderate coastal haze; Hybrid loop operating; Ceff=1.52x
775,14:27:00,35.310,67.050,65.010,47.960,46.530,31.940,1.211,16.158,17.276,0.732,1.141,707.200,1074.700,1.520,11.821,19.708,0.800,1.247,19.823,21.049,0.745,0.751,11.828,19.712,0.189,8.849,9.705,0.018,4155.000,92.080,45.333,8.849,55.038,ON,Moderate coastal haze; Hybrid loop operating; Ceff=1.52x
776,14:27:30,35.280,66.930,64.900,47.880,46.460,31.930,1.206,16.165,17.281,0.730,1.137,705.400,1071.400,1.519,11.798,19.654,0.798,1.243,19.830,21.054,0.746,0.751,11.800,19.648,0.189,8.851,9.703,0.018,4155.000,91.700,45.285,8.851,54.988,ON,Moderate coastal haze; Hybrid loop operating; Ceff=1.52x
777,14:28:00,35.260,66.810,64.790,47.800,46.380,31.930,1.203,16.172,17.285,0.729,1.135,704.300,1069.100,1.518,11.786,19.618,0.796,1.240,19.838,21.059,0.746,0.751,11.789,19.618,0.189,8.857,9.709,0.018,4155.000,91.472,45.270,8.857,54.979,ON,Moderate coastal haze; Hybrid loop operating; Ceff=1.52x
778,14:28:30,35.230,66.680,64.670,47.720,46.310,31.920,1.201,16.179,17.290,0.728,1.134,703.900,1067.800,1.517,11.785,19.602,0.796,1.239,19.846,21.064,0.746,0.751,11.778,19.607,0.189,8.853,9.715,0.018,4155.000,91.320,45.249,8.853,54.965,ON,Moderate coastal haze; Hybrid loop operating; Ceff=1.52x
779,14:29:00,35.210,66.560,64.560,47.640,46.240,31.910,1.201,16.186,17.294,0.729,1.133,704.000,1067.400,1.516,11.792,19.600,0.796,1.239,19.853,21.069,0.746,0.751,11.800,19.594,0.189,8.868,9.713,0.018,4155.000,91.320,45.266,8.868,54.979,ON,Moderate coastal haze; Hybrid loop operating; Ceff=1.52x
780,14:29:30,35.180,66.450,64.460,47.570,46.170,31.910,1.201,16.192,17.298,0.729,1.133,704.400,1067.500,1.516,11.805,19.607,0.797,1.239,19.860,21.073,0.746,0.751,11.804,19.599,0.189,8.866,9.714,0.018,4155.000,91.320,45.262,8.866,54.976,ON,Moderate coastal haze; Hybrid loop operating; Ceff=1.52x
781,14:30:00,35.150,66.360,64.380,47.500,46.120,31.900,1.201,16.197,17.302,0.730,1.134,704.900,1067.800,1.515,11.819,19.617,0.797,1.239,19.866,21.077,0.746,0.751,11.824,19.620,0.189,8.875,9.722,0.018,4155.000,91.320,45.249,8.875,54.972,ON,Moderate coastal haze; Hybrid loop operating; Ceff=1.51x
782,14:30:30,35.120,66.280,64.300,47.450,46.070,31.890,1.201,16.202,17.305,0.730,1.134,705.300,1067.800,1.514,11.829,19.621,0.798,1.239,19.871,21.080,0.746,0.751,11.827,19.624,0.189,8.873,9.724,0.018,4155.000,91.320,45.249,8.873,54.973,ON,Moderate coastal haze; Hybrid loop operating; Ceff=1.51x
783,14:31:00,35.100,66.220,64.240,47.410,46.030,31.880,1.200,16.205,17.307,0.730,1.133,705.200,1067.200,1.513,11.831,19.613,0.798,1.239,19.875,21.083,0.746,0.751,11.830,19.609,0.189,8.876,9.722,0.018,4155.000,91.244,45.237,8.876,54.959,ON,Moderate coastal haze; Hybrid loop operating; Ceff=1.51x
784,14:31:30,35.070,66.180,64.200,47.380,46.000,31.880,1.198,16.208,17.309,0.730,1.132,704.600,1065.800,1.513,11.824,19.590,0.797,1.237,19.877,21.085,0.746,0.751,11.832,19.594,0.189,8.885,9.727,0.018,4155.000,91.092,45.221,8.885,54.948,ON,Moderate coastal haze; Hybrid loop operating; Ceff=1.51x
785,14:32:00,35.040,66.160,64.170,47.360,45.970,31.870,1.195,16.209,17.311,0.728,1.129,703.500,1063.500,1.512,11.806,19.551,0.796,1.234,19.879,21.086,0.746,0.751,11.800,19.544,0.189,8.875,9.723,0.018,4155.000,90.864,45.205,8.875,54.929,ON,Moderate coastal haze; Hybrid loop operating; Ceff=1.51x
786,14:32:30,35.010,66.140,64.140,47.340,45.950,31.860,1.191,16.211,17.312,0.727,1.126,701.800,1060.500,1.511,11.779,19.498,0.794,1.231,19.881,21.088,0.746,0.751,11.785,19.493,0.189,8.885,9.726,0.018,4155.000,90.559,45.182,8.885,54.907,ON,Moderate coastal haze; Hybrid loop operating; Ceff=1.51x
787,14:33:00,34.980,66.130,64.130,47.330,45.930,31.850,1.186,16.212,17.313,0.725,1.123,699.800,1057.100,1.511,11.747,19.436,0.792,1.227,19.882,21.089,0.746,0.751,11.754,19.442,0.189,8.887,9.731,0.018,4155.000,90.179,45.137,8.887,54.868,ON,Moderate coastal haze; Hybrid loop operating; Ceff=1.51x
788,14:33:30,34.960,66.120,64.110,47.320,45.900,31.840,1.181,16.212,17.314,0.722,1.119,697.800,1053.600,1.510,11.713,19.372,0.790,1.223,19.882,21.090,0.746,0.751,11.705,19.374,0.189,8.875,9.729,0.018,4155.000,89.799,45.096,8.875,54.825,ON,Moderate coastal haze; Hybrid loop operating; Ceff=1.51x
789,14:34:00,34.930,66.110,64.080,47.300,45.880,31.830,1.177,16.213,17.315,0.721,1.115,695.900,1050.300,1.509,11.683,19.314,0.787,1.219,19.884,21.091,0.747,0.751,11.690,19.306,0.189,8.888,9.726,0.018,4155.000,89.495,45.084,8.888,54.810,ON,Moderate coastal haze; Hybrid loop operating; Ceff=1.51x
790,14:34:30,34.900,66.090,64.060,47.280,45.850,31.830,1.173,16.215,17.316,0.719,1.113,694.400,1047.700,1.509,11.659,19.268,0.786,1.216,19.885,21.093,0.746,0.751,11.659,19.273,0.189,8.883,9.733,0.018,4155.000,89.191,45.042,8.883,54.775,ON,Moderate coastal haze; Hybrid loop operating; Ceff=1.51x
791,14:35:00,34.870,66.060,64.020,47.250,45.820,31.820,1.171,16.217,17.318,0.718,1.111,693.600,1046.000,1.508,11.647,19.239,0.785,1.214,19.887,21.095,0.746,0.751,11.644,19.240,0.189,8.882,9.732,0.018,4155.000,89.039,45.039,8.882,54.771,ON,Moderate coastal haze; Hybrid loop operating; Ceff=1.51x
792,14:35:30,34.840,66.020,63.970,47.220,45.790,31.810,1.170,16.220,17.320,0.718,1.110,693.300,1045.300,1.508,11.646,19.229,0.785,1.213,19.890,21.097,0.746,0.751,11.646,19.225,0.189,8.888,9.731,0.018,4155.000,88.963,45.030,8.888,54.762,ON,Moderate coastal haze; Hybrid loop operating; Ceff=1.51x
793,14:36:00,34.820,65.960,63.910,47.180,45.740,31.800,1.170,16.223,17.323,0.718,1.110,693.700,1045.500,1.507,11.655,19.236,0.785,1.214,19.894,21.100,0.746,0.751,11.648,19.229,0.189,8.884,9.731,0.018,4155.000,88.963,45.022,8.884,54.753,ON,Moderate coastal haze; Hybrid loop operating; Ceff=1.51x
794,14:36:30,34.790,65.880,63.840,47.130,45.700,31.790,1.171,16.227,17.326,0.719,1.111,694.600,1046.400,1.506,11.673,19.257,0.786,1.215,19.899,21.103,0.746,0.751,11.667,19.249,0.189,8.887,9.733,0.018,4155.000,89.039,45.021,8.887,54.755,ON,Moderate coastal haze; Hybrid loop operating; Ceff=1.51x
795,14:37:00,34.760,65.800,63.760,47.070,45.640,31.780,1.173,16.232,17.329,0.721,1.113,695.600,1047.600,1.506,11.696,19.284,0.787,1.216,19.904,21.107,0.747,0.751,11.703,19.287,0.189,8.902,9.741,0.018,4155.000,89.191,45.047,8.902,54.788,ON,Moderate coastal haze; Hybrid loop operating; Ceff=1.51x
796,14:37:30,34.730,65.700,63.680,47.010,45.590,31.770,1.175,16.238,17.332,0.722,1.114,696.700,1048.800,1.505,11.718,19.311,0.789,1.218,19.910,21.110,0.746,0.751,11.724,19.308,0.189,8.904,9.740,0.018,4155.000,89.343,45.072,8.904,54.812,ON,Moderate coastal haze; Hybrid loop operating; Ceff=1.51x
797,14:38:00,34.710,65.600,63.590,46.940,45.530,31.760,1.176,16.243,17.336,0.722,1.115,697.400,1049.600,1.505,11.735,19.330,0.790,1.219,19.916,21.114,0.746,0.751,11.727,19.330,0.189,8.897,9.744,0.018,4155.000,89.419,45.076,8.897,54.820,ON,Moderate coastal haze; Hybrid loop operating; Ceff=1.5x
798,14:38:30,34.680,65.500,63.500,46.870,45.470,31.750,1.176,16.249,17.340,0.723,1.115,697.700,1049.600,1.504,11.745,19.337,0.790,1.219,19.923,21.119,0.746,0.751,11.748,19.334,0.189,8.909,9.746,0.018,4155.000,89.419,45.076,8.909,54.822,ON,Moderate coastal haze; Hybrid loop operating; Ceff=1.5x
799,14:39:00,34.660,65.400,63.410,46.800,45.410,31.740,1.175,16.255,17.344,0.723,1.114,697.300,1048.800,1.504,11.745,19.327,0.790,1.218,19.929,21.123,0.746,0.751,11.752,19.321,0.189,8.918,9.747,0.018,4155.000,89.343,45.072,8.918,54.819,ON,Moderate coastal haze; Hybrid loop operating; Ceff=1.5x
800,14:39:30,34.630,65.300,63.320,46.740,45.350,31.730,1.172,16.260,17.347,0.722,1.113,696.400,1047.100,1.504,11.734,19.300,0.789,1.216,19.935,21.127,0.746,0.751,11.740,19.307,0.189,8.919,9.756,0.018,4155.000,89.115,45.030,8.919,54.786,ON,Moderate coastal haze; Hybrid loop operating; Ceff=1.5x
801,14:40:00,34.600,65.220,63.240,46.680,45.300,31.720,1.169,16.265,17.351,0.720,1.110,695.000,1044.800,1.503,11.715,19.261,0.787,1.213,19.940,21.130,0.747,0.751,11.711,19.260,0.189,8.915,9.753,0.018,4155.000,88.887,45.013,8.915,54.767,ON,Moderate coastal haze; Hybrid loop operating; Ceff=1.5x
802,14:40:30,34.580,65.140,63.180,46.630,45.250,31.700,1.165,16.269,17.354,0.719,1.107,693.400,1042.000,1.503,11.691,19.215,0.785,1.210,19.945,21.134,0.747,0.751,11.697,19.211,0.189,8.926,9.755,0.018,4155.000,88.583,44.980,8.926,54.735,ON,Moderate coastal haze; Hybrid loop operating; Ceff=1.5x
803,14:41:00,34.550,65.080,63.120,46.580,45.210,31.690,1.161,16.273,17.356,0.717,1.104,691.800,1039.300,1.502,11.667,19.167,0.784,1.207,19.949,21.136,0.746,0.751,11.668,19.161,0.189,8.924,9.755,0.018,4155.000,88.278,44.942,8.924,54.697,ON,Moderate coastal haze; Hybrid loop operating; Ceff=1.5x
804,14:41:30,34.530,65.040,63.080,46.550,45.180,31.680,1.158,16.275,17.358,0.716,1.102,690.400,1036.900,1.502,11.646,19.127,0.782,1.204,19.951,21.139,0.746,0.752,11.653,19.129,0.189,8.930,9.761,0.018,4155.000,88.050,44.930,8.930,54.690,ON,Moderate coastal haze; Hybrid loop operating; Ceff=1.5x
805,14:42:00,34.510,65.020,63.050,46.530,45.150,31.670,1.156,16.277,17.360,0.715,1.100,689.500,1035.200,1.501,11.632,19.098,0.781,1.202,19.953,21.140,0.746,0.752,11.638,19.096,0.189,8.931,9.760,0.018,4155.000,87.898,44.926,8.931,54.686,ON,Moderate coastal haze; Hybrid loop operating; Ceff=1.5x
806,14:42:30,34.480,65.000,63.030,46.510,45.130,31.660,1.155,16.278,17.361,0.714,1.099,689.200,1034.500,1.501,11.628,19.086,0.781,1.202,19.954,21.141,0.746,0.751,11.622,19.080,0.189,8.923,9.758,0.018,4155.000,87.822,44.917,8.923,54.676,ON,Moderate coastal haze; Hybrid loop operating; Ceff=1.5x
807,14:43:00,34.460,65.000,63.020,46.500,45.110,31.650,1.155,16.278,17.361,0.715,1.100,689.500,1034.700,1.501,11.633,19.091,0.781,1.202,19.955,21.142,0.746,0.751,11.639,19.097,0.189,8.931,9.765,0.018,4155.000,87.822,44.908,8.931,54.674,ON,Moderate coastal haze; Hybrid loop operating; Ceff=1.5x
808,14:43:30,34.440,65.010,63.010,46.500,45.100,31.640,1.156,16.278,17.362,0.716,1.101,690.300,1035.700,1.500,11.647,19.110,0.782,1.203,19.954,21.143,0.746,0.751,11.655,19.116,0.189,8.933,9.765,0.018,4155.000,87.898,44.904,8.933,54.669,ON,Moderate coastal haze; Hybrid loop operating; Ceff=1.5x
809,14:44:00,34.420,65.020,63.020,46.500,45.100,31.630,1.159,16.278,17.362,0.717,1.102,691.500,1037.200,1.500,11.667,19.138,0.783,1.205,19.954,21.143,0.747,0.751,11.671,19.133,0.189,8.930,9.760,0.018,4155.000,88.126,44.955,8.930,54.715,ON,Moderate coastal haze; Hybrid loop operating; Ceff=1.5x
810,14:44:30,34.390,65.030,63.010,46.500,45.090,31.620,1.161,16.277,17.362,0.718,1.104,692.800,1038.900,1.500,11.689,19.169,0.785,1.207,19.954,21.143,0.746,0.751,11.687,19.168,0.189,8.925,9.762,0.018,4155.000,88.278,44.959,8.925,54.721,ON,Moderate coastal haze; Hybrid loop operating; Ceff=1.5x
811,14:45:00,34.370,65.030,63.010,46.500,45.080,31.610,1.163,16.278,17.363,0.719,1.106,693.900,1040.300,1.499,11.708,19.196,0.786,1.208,19.954,21.144,0.747,0.752,11.704,19.203,0.189,8.924,9.767,0.018,4155.000,88.430,44.976,8.924,54.743,ON,Moderate coastal haze; Hybrid loop operating; Ceff=1.5x
812,14:45:30,34.350,65.020,62.990,46.480,45.060,31.600,1.164,16.278,17.364,0.720,1.107,694.700,1041.200,1.499,11.721,19.213,0.787,1.209,19.955,21.144,0.746,0.752,11.720,19.222,0.189,8.926,9.768,0.018,4155.000,88.506,44.976,8.926,54.744,ON,Moderate coastal haze; Hybrid loop operating; Ceff=1.5x
813,14:46:00,34.330,64.990,62.970,46.460,45.040,31.590,1.164,16.280,17.365,0.720,1.107,694.900,1041.200,1.498,11.726,19.215,0.787,1.209,19.957,21.146,0.747,0.752,11.722,19.223,0.189,8.925,9.768,0.018,4155.000,88.506,44.976,8.925,54.744,ON,Moderate coastal haze; Hybrid loop operating; Ceff=1.5x
814,14:46:30,34.310,64.950,62.920,46.430,45.010,31.580,1.163,16.283,17.367,0.720,1.106,694.400,1040.200,1.498,11.720,19.200,0.787,1.208,19.959,21.148,0.746,0.752,11.724,19.208,0.189,8.933,9.770,0.018,4155.000,88.430,44.980,8.933,54.751,ON,Moderate coastal haze; Hybrid loop operating; Ceff=1.5x
815,14:47:00,34.290,64.890,62.870,46.390,44.970,31.560,1.160,16.286,17.369,0.719,1.104,693.400,1038.500,1.498,11.706,19.170,0.786,1.206,19.963,21.151,0.746,0.752,11.710,19.175,0.189,8.935,9.770,0.018,4155.000,88.202,44.938,8.935,54.707,ON,Moderate coastal haze; Hybrid loop operating; Ceff=1.5x
816,14:47:30,34.280,64.810,62.800,46.340,44.930,31.550,1.157,16.290,17.372,0.717,1.101,692.000,1036.100,1.497,11.686,19.130,0.784,1.204,19.968,21.154,0.746,0.751,11.680,19.127,0.189,8.930,9.767,0.018,4155.000,87.974,44.925,8.930,54.693,ON,Moderate coastal haze; Hybrid loop operating; Ceff=1.5x
817,14:48:00,34.260,64.720,62.730,46.280,44.880,31.540,1.153,16.295,17.375,0.716,1.098,690.400,1033.400,1.497,11.663,19.085,0.782,1.200,19.973,21.157,0.747,0.752,11.667,19.078,0.189,8.941,9.768,0.018,4155.000,87.670,44.887,8.941,54.655,ON,Moderate coastal haze; Hybrid loop operating; Ceff=1.5x
818,14:48:30,34.240,64.630,62.640,46.210,44.820,31.530,1.150,16.300,17.379,0.714,1.096,688.800,1030.800,1.496,11.642,19.043,0.781,1.198,19.979,21.161,0.746,0.751,11.638,19.047,0.189,8.940,9.777,0.018,4155.000,87.442,44.883,8.940,54.660,ON,Moderate coastal haze; Hybrid loop operating; Ceff=1.5x
819,14:49:00,34.220,64.530,62.560,46.150,44.770,31.520,1.147,16.306,17.382,0.713,1.094,687.600,1028.800,1.496,11.627,19.010,0.779,1.195,19.985,21.165,0.747,0.752,11.626,19.016,0.189,8.946,9.780,0.018,4155.000,87.214,44.853,8.946,54.633,ON,Moderate coastal haze; Hybrid loop operating; Ceff=1.5x
820,14:49:30,34.210,64.440,62.480,46.090,44.710,31.510,1.145,16.311,17.386,0.712,1.092,687.000,1027.500,1.496,11.620,18.990,0.779,1.194,19.990,21.169,0.746,0.751,11.613,18.986,0.189,8.944,9.776,0.018,4155.000,87.062,44.832,8.944,54.608,ON,Moderate coastal haze; Hybrid loop operating; Ceff=1.5x
821,14:50:00,34.190,64.370,62.410,46.030,44.670,31.500,1.145,16.315,17.389,0.712,1.092,686.900,1027.100,1.495,11.623,18.987,0.779,1.193,19.995,21.172,0.746,0.752,11.616,18.989,0.189,8.948,9.782,0.018,4155.000,87.062,44.849,8.948,54.631,ON,Moderate coastal haze; Hybrid loop operating; Ceff=1.5x
822,14:50:30,34.170,64.300,62.350,45.990,44.630,31.490,1.145,16.319,17.391,0.713,1.092,687.400,1027.600,1.495,11.634,18.999,0.779,1.194,19.999,21.175,0.747,0.751,11.635,18.991,0.189,8.956,9.778,0.018,4155.000,87.062,44.827,8.956,54.605,ON,Moderate coastal haze; Hybrid loop operating; Ceff=1.49x
823,14:51:00,34.160,64.260,62.310,45.960,44.600,31.480,1.147,16.321,17.393,0.714,1.094,688.400,1028.700,1.494,11.653,19.023,0.780,1.195,20.002,21.177,0.747,0.752,11.653,19.028,0.189,8.957,9.787,0.018,4155.000,87.214,44.857,8.957,54.644,ON,Moderate coastal haze; Hybrid loop operating; Ceff=1.49x
824,14:51:30,34.140,64.240,62.290,45.940,44.580,31.470,1.149,16.322,17.394,0.715,1.095,689.600,1030.300,1.494,11.674,19.053,0.782,1.197,20.003,21.178,0.746,0.752,11.670,19.046,0.189,8.954,9.781,0.018,4155.000,87.366,44.866,8.954,54.647,ON,Moderate coastal haze; Hybrid loop operating; Ceff=1.49x
825,14:52:00,34.130,64.240,62.290,45.940,44.570,31.460,1.151,16.323,17.394,0.716,1.097,690.800,1031.700,1.494,11.695,19.081,0.783,1.199,20.003,21.178,0.747,0.751,11.687,19.081,0.189,8.952,9.786,0.018,4155.000,87.518,44.883,8.952,54.669,ON,Moderate coastal haze; Hybrid loop operating; Ceff=1.49x
826,14:52:30,34.120,64.260,62.290,45.940,44.570,31.460,1.152,16.322,17.394,0.717,1.098,691.700,1032.800,1.493,11.710,19.100,0.784,1.200,20.003,21.178,0.747,0.752,11.703,19.099,0.189,8.952,9.784,0.018,4155.000,87.594,44.874,8.952,54.658,ON,Moderate coastal haze; Hybrid loop operating; Ceff=1.49x
827,14:53:00,34.100,64.280,62.310,45.960,44.580,31.450,1.153,16.321,17.394,0.718,1.098,692.100,1033.200,1.493,11.716,19.106,0.785,1.200,20.001,21.178,0.746,0.752,11.718,19.099,0.189,8.959,9.780,0.018,4155.000,87.670,44.896,8.959,54.676,ON,Moderate coastal haze; Hybrid loop operating; Ceff=1.49x
828,14:53:30,34.090,64.320,62.330,45.970,44.590,31.440,1.152,16.319,17.393,0.718,1.098,691.900,1032.600,1.492,11.711,19.094,0.784,1.200,19.999,21.177,0.747,0.751,11.717,19.098,0.189,8.960,9.785,0.018,4155.000,87.594,44.883,8.960,54.668,ON,Moderate coastal haze; Hybrid loop operating; Ceff=1.49x
829,14:54:00,34.080,64.350,62.360,45.990,44.590,31.430,1.150,16.317,17.392,0.717,1.096,691.100,1031.100,1.492,11.696,19.065,0.783,1.198,19.997,21.176,0.747,0.752,11.699,19.062,0.189,8.957,9.781,0.018,4155.000,87.442,44.870,8.957,54.651,ON,Moderate coastal haze; Hybrid loop operating; Ceff=1.49x
830,14:54:30,34.060,64.380,62.380,46.000,44.600,31.420,1.147,16.316,17.392,0.715,1.094,689.800,1028.800,1.491,11.673,19.022,0.782,1.195,19.996,21.175,0.747,0.752,11.666,19.027,0.189,8.948,9.785,0.018,4155.000,87.214,44.853,8.948,54.638,ON,Moderate coastal haze; Hybrid loop operating; Ceff=1.49x
831,14:55:00,34.050,64.400,62.380,46.010,44.600,31.410,1.143,16.315,17.392,0.714,1.091,688.100,1025.900,1.491,11.644,18.970,0.780,1.192,19.995,21.175,0.747,0.752,11.649,18.975,0.189,8.957,9.786,0.018,4155.000,86.910,44.823,8.957,54.609,ON,Moderate coastal haze; Hybrid loop operating; Ceff=1.49x
832,14:55:30,34.040,64.400,62.380,46.000,44.590,31.400,1.139,16.315,17.392,0.712,1.088,686.400,1023.000,1.490,11.614,18.916,0.778,1.189,19.995,21.176,0.747,0.751,11.616,18.922,0.189,8.954,9.787,0.018,4155.000,86.606,44.793,8.954,54.580,ON,Moderate coastal haze; Hybrid loop operating; Ceff=1.49x
833,14:56:00,34.030,64.380,62.360,45.990,44.570,31.400,1.135,16.316,17.393,0.710,1.085,684.800,1020.300,1.490,11.588,18.867,0.776,1.186,19.996,21.177,0.747,0.751,11.584,18.871,0.189,8.950,9.786,0.018,4155.000,86.301,44.754,8.950,54.540,ON,Moderate coastal haze; Hybrid loop operating; Ceff=1.49x
834,14:56:30,34.020,64.350,62.330,45.960,44.540,31.390,1.132,16.318,17.395,0.709,1.083,683.600,1018.200,1.489,11.570,18.830,0.775,1.183,19.998,21.179,0.747,0.752,11.569,18.839,0.189,8.955,9.789,0.018,4155.000,86.073,44.727,8.955,54.517,ON,Moderate coastal haze; Hybrid loop operating; Ceff=1.49x
835,14:57:00,34.000,64.300,62.280,45.920,44.510,31.380,1.130,16.321,17.397,0.708,1.081,683.000,1016.900,1.489,11.562,18.809,0.774,1.182,20.002,21.181,0.747,0.751,11.555,18.806,0.189,8.952,9.785,0.018,4155.000,85.921,44.705,8.952,54.490,ON,Moderate coastal haze; Hybrid loop operating; Ceff=1.49x
836,14:57:30,33.990,64.240,62.220,45.880,44.470,31.370,1.130,16.325,17.399,0.708,1.081,682.900,1016.500,1.488,11.564,18.804,0.774,1.181,20.006,21.183,0.747,0.752,11.558,18.808,0.189,8.955,9.790,0.018,4155.000,85.921,44.723,8.955,54.513,ON,Moderate coastal haze; Hybrid loop operating; Ceff=1.49x
837,14:58:00,33.980,64.160,62.160,45.830,44.430,31.370,1.130,16.329,17.402,0.709,1.081,683.500,1016.800,1.488,11.577,18.815,0.775,1.182,20.010,21.186,0.747,0.751,11.577,18.812,0.189,8.962,9.789,0.018,4155.000,85.921,44.710,8.962,54.499,ON,Moderate coastal haze; Hybrid loop operating; Ceff=1.49x
838,14:58:30,33.970,64.090,62.100,45.780,44.390,31.360,1.132,16.333,17.404,0.710,1.082,684.300,1017.800,1.487,11.595,18.836,0.776,1.183,20.015,21.189,0.747,0.751,11.596,18.831,0.189,8.966,9.789,0.018,4155.000,86.073,44.745,8.966,54.534,ON,Moderate coastal haze; Hybrid loop operating; Ceff=1.49x
839,14:59:00,33.960,64.010,62.030,45.730,44.350,31.350,1.133,16.337,17.407,0.711,1.083,685.400,1018.900,1.487,11.616,18.860,0.777,1.184,20.019,21.192,0.747,0.752,11.616,18.852,0.189,8.967,9.789,0.018,4155.000,86.149,44.736,8.967,54.526,ON,Moderate coastal haze; Hybrid loop operating; Ceff=1.49x
840,14:59:30,33.950,63.950,61.970,45.690,44.310,31.350,1.135,16.341,17.410,0.712,1.084,686.200,1019.800,1.486,11.634,18.880,0.778,1.185,20.023,21.195,0.747,0.752,11.635,18.872,0.189,8.971,9.792,0.018,4155.000,86.301,44.776,8.971,54.567,ON,Moderate coastal haze; Hybrid loop operating; Ceff=1.49x
841,15:00:00,33.940,63.890,61.920,45.650,44.280,31.340,1.135,16.344,17.412,0.713,1.085,686.800,1020.200,1.485,11.646,18.890,0.779,1.186,20.027,21.197,0.746,0.751,11.653,18.892,0.189,8.978,9.798,0.018,4155.000,86.301,44.758,8.978,54.556,ON,Moderate coastal haze; Hybrid loop operating; Ceff=1.49x
842,15:00:30,33.930,63.850,61.890,45.620,44.250,31.340,1.134,16.346,17.413,0.713,1.084,686.700,1019.700,1.485,11.648,18.884,0.779,1.185,20.029,21.199,0.747,0.752,11.655,18.876,0.189,8.980,9.794,0.018,4155.000,86.225,44.741,8.980,54.535,ON,Moderate coastal haze; Hybrid loop operating; Ceff=1.48x
843,15:01:00,33.910,63.820,61.860,45.600,44.230,31.330,1.132,16.348,17.415,0.712,1.083,686.100,1018.300,1.484,11.638,18.859,0.778,1.184,20.031,21.200,0.747,0.751,11.640,18.860,0.189,8.976,9.800,0.018,4155.000,86.073,44.723,8.976,54.523,ON,Moderate coastal haze; Hybrid loop operating; Ceff=1.48x
844,15:01:30,33.900,63.800,61.850,45.590,44.220,31.320,1.129,16.349,17.415,0.711,1.080,684.800,1016.000,1.484,11.617,18.817,0.777,1.181,20.032,21.201,0.746,0.752,11.624,18.808,0.189,8.981,9.795,0.018,4155.000,85.845,44.705,8.981,54.500,ON,Moderate coastal haze; Hybrid loop operating; Ceff=1.48x
845,15:02:00,33.890,63.810,61.840,45.580,44.210,31.320,1.125,16.349,17.416,0.709,1.077,683.000,1012.900,1.483,11.587,18.762,0.775,1.177,20.032,21.202,0.746,0.752,11.591,18.757,0.189,8.980,9.798,0.018,4155.000,85.541,44.683,8.980,54.481,ON,Moderate coastal haze; Hybrid loop operating; Ceff=1.48x
846,15:02:30,33.880,63.820,61.850,45.590,44.210,31.310,1.120,16.348,17.416,0.707,1.074,681.000,1009.500,1.482,11.552,18.698,0.772,1.173,20.031,21.202,0.747,0.752,11.558,18.705,0.189,8.980,9.804,0.018,4155.000,85.161,44.635,8.980,54.438,ON,Moderate coastal haze; Hybrid loop operating; Ceff=1.48x
847,15:03:00,33.870,63.840,61.860,45.590,44.210,31.310,1.116,16.347,17.416,0.705,1.070,679.000,1006.100,1.482,11.518,18.635,0.770,1.169,20.030,21.202,0.747,0.752,11.525,18.635,0.189,8.980,9.800,0.018,4155.000,84.857,44.626,8.980,54.426,ON,Moderate coastal haze; Hybrid loop operating; Ceff=1.48x
848,15:03:30,33.850,63.870,61.870,45.600,44.210,31.310,1.111,16.346,17.415,0.703,1.067,677.300,1003.100,1.481,11.487,18.578,0.768,1.166,20.029,21.201,0.747,0.752,11.491,18.582,0.189,8.977,9.801,0.018,4155.000,84.477,44.558,8.977,54.360,ON,Moderate coastal haze; Hybrid loop operating; Ceff=1.48x
849,15:04:00,33.840,63.900,61.890,45.610,44.210,31.300,1.108,16.345,17.415,0.701,1.064,676.000,1000.700,1.480,11.464,18.534,0.767,1.163,20.027,21.201,0.746,0.752,11.458,18.530,0.189,8.968,9.797,0.018,4155.000,84.248,44.545,8.968,54.342,ON,Moderate coastal haze; Hybrid loop operating; Ceff=1.48x
850,15:04:30,33.830,63.920,61.900,45.620,44.210,31.300,1.106,16.343,17.415,0.701,1.063,675.300,999.200,1.480,11.451,18.506,0.766,1.161,20.026,21.201,0.746,0.752,11.456,18.512,0.189,8.976,9.803,0.018,4155.000,84.096,44.531,8.976,54.334,ON,Moderate coastal haze; Hybrid loop operating; Ceff=1.48x
851,15:05:00,33.820,63.940,61.910,45.630,44.200,31.290,1.105,16.343,17.415,0.700,1.062,675.100,998.600,1.479,11.448,18.494,0.766,1.161,20.025,21.201,0.746,0.751,11.440,18.495,0.189,8.966,9.799,0.018,4155.000,84.020,44.518,8.966,54.317,ON,Moderate coastal haze; Hybrid loop operating; Ceff=1.48x
852,15:05:30,33.800,63.950,61.910,45.620,44.200,31.290,1.105,16.342,17.415,0.701,1.062,675.500,998.600,1.478,11.454,18.495,0.766,1.161,20.025,21.201,0.747,0.751,11.456,18.495,0.189,8.973,9.799,0.018,4155.000,84.020,44.518,8.973,54.317,ON,Moderate coastal haze; Hybrid loop operating; Ceff=1.48x
853,15:06:00,33.790,63.940,61.900,45.610,44.190,31.280,1.106,16.343,17.416,0.702,1.063,676.100,999.100,1.478,11.465,18.504,0.767,1.161,20.026,21.202,0.746,0.752,11.473,18.513,0.189,8.978,9.804,0.018,4155.000,84.096,44.536,8.978,54.340,ON,Moderate coastal haze; Hybrid loop operating; Ceff=1.48x
854,15:06:30,33.770,63.920,61.880,45.600,44.170,31.280,1.107,16.344,17.417,0.702,1.063,676.800,999.500,1.477,11.477,18.515,0.767,1.162,20.027,21.203,0.747,0.751,11.473,18.514,0.189,8.970,9.801,0.018,4155.000,84.172,44.558,8.970,54.359,ON,Moderate coastal haze; Hybrid loop operating; Ceff=1.48x
855,15:07:00,33.760,63.880,61.850,45.570,44.140,31.280,1.107,16.346,17.418,0.703,1.063,677.200,999.700,1.476,11.486,18.519,0.768,1.162,20.029,21.204,0.747,0.752,11.491,18.515,0.189,8.978,9.799,0.018,4155.000,84.172,44.549,8.978,54.348,ON,Moderate coastal haze; Hybrid loop operating; Ceff=1.48x
856,15:07:30,33.740,63.830,61.800,45.530,44.110,31.270,1.106,16.349,17.420,0.703,1.063,677.200,999.100,1.475,11.488,18.512,0.768,1.161,20.032,21.207,0.747,0.752,11.493,18.517,0.189,8.980,9.806,0.018,4155.000,84.096,44.536,8.980,54.342,ON,Moderate coastal haze; Hybrid loop operating; Ceff=1.48x
857,15:08:00,33.730,63.770,61.740,45.490,44.070,31.270,1.104,16.353,17.423,0.702,1.061,676.500,997.700,1.475,11.480,18.488,0.767,1.160,20.036,21.209,0.747,0.751,11.480,18.486,0.189,8.979,9.803,0.018,4155.000,83.944,44.517,8.979,54.321,ON,Moderate coastal haze; Hybrid loop operating; Ceff=1.47x
858,15:08:30,33.710,63.690,61.680,45.440,44.030,31.270,1.101,16.357,17.426,0.701,1.059,675.200,995.300,1.474,11.462,18.447,0.766,1.157,20.041,21.213,0.747,0.752,11.466,18.454,0.189,8.985,9.810,0.018,4155.000,83.716,44.503,8.985,54.314,ON,Moderate coastal haze; Hybrid loop operating; Ceff=1.47x
859,15:09:00,33.700,63.610,61.610,45.380,43.980,31.270,1.096,16.361,17.429,0.699,1.055,673.400,992.000,1.473,11.435,18.391,0.764,1.153,20.046,21.216,0.747,0.752,11.436,18.388,0.189,8.986,9.807,0.018,4155.000,83.336,44.449,8.986,54.256,ON,Moderate coastal haze; Hybrid loop operating; Ceff=1.47x
860,15:09:30,33.680,63.530,61.540,45.320,43.930,31.260,1.091,16.366,17.432,0.697,1.051,671.100,988.200,1.472,11.400,18.324,0.761,1.149,20.051,21.219,0.747,0.752,11.407,18.321,0.189,8.993,9.809,0.018,4155.000,82.956,44.416,8.993,54.225,ON,Moderate coastal haze; Hybrid loop operating; Ceff=1.47x
861,15:10:00,33.660,63.450,61.470,45.270,43.880,31.260,1.086,16.370,17.435,0.694,1.047,668.700,984.100,1.472,11.363,18.252,0.759,1.144,20.056,21.223,0.746,0.752,11.361,18.254,0.189,8.989,9.814,0.018,4155.000,82.576,44.397,8.989,54.211,ON,Moderate coastal haze; Hybrid loop operating; Ceff=1.47x
862,15:10:30,33.640,63.390,61.410,45.220,43.830,31.260,1.080,16.374,17.438,0.692,1.043,666.400,980.100,1.471,11.327,18.183,0.756,1.140,20.060,21.226,0.747,0.751,11.331,18.188,0.189,8.996,9.819,0.018,4155.000,82.119,44.332,8.996,54.150,ON,Moderate coastal haze; Hybrid loop operating; Ceff=1.47x
863,15:11:00,33.620,63.330,61.350,45.170,43.790,31.260,1.076,16.377,17.440,0.690,1.039,664.400,976.700,1.470,11.296,18.122,0.754,1.136,20.064,21.229,0.747,0.751,11.300,18.120,0.189,8.999,9.816,0.018,4155.000,81.815,44.321,8.999,54.137,ON,Moderate coastal haze; Hybrid loop operating; Ceff=1.47x
864,15:11:30,33.610,63.290,61.310,45.140,43.760,31.250,1.072,16.380,17.442,0.688,1.036,662.900,974.000,1.469,11.273,18.075,0.752,1.133,20.066,21.231,0.747,0.751,11.269,18.070,0.189,8.995,9.816,0.018,4155.000,81.511,44.279,8.995,54.095,ON,Moderate coastal haze; Hybrid loop operating; Ceff=1.47x
865,15:12:00,33.590,63.260,61.280,45.120,43.730,31.250,1.069,16.382,17.444,0.687,1.034,662.000,972.200,1.469,11.259,18.043,0.751,1.130,20.068,21.233,0.747,0.752,11.254,18.037,0.189,8.995,9.816,0.018,4155.000,81.283,44.237,8.995,54.053,ON,Moderate coastal haze; Hybrid loop operating; Ceff=1.47x
866,15:12:30,33.560,63.250,61.270,45.100,43.710,31.250,1.068,16.382,17.445,0.687,1.033,661.700,971.200,1.468,11.254,18.025,0.751,1.129,20.069,21.234,0.747,0.752,11.254,18.021,0.189,8.999,9.817,0.018,4155.000,81.207,44.241,8.999,54.058,ON,Moderate coastal haze; Hybrid loop operating; Ceff=1.47x
867,15:13:00,33.540,63.260,61.260,45.100,43.700,31.250,1.067,16.382,17.446,0.687,1.033,661.800,970.700,1.467,11.255,18.018,0.751,1.129,20.069,21.234,0.747,0.752,11.254,18.022,0.189,8.998,9.823,0.018,4155.000,81.131,44.222,8.998,54.045,ON,Moderate coastal haze; Hybrid loop operating; Ceff=1.47x
868,15:13:30,33.520,63.270,61.270,45.100,43.690,31.240,1.067,16.382,17.446,0.687,1.033,662.000,970.600,1.466,11.259,18.015,0.751,1.129,20.068,21.235,0.747,0.751,11.254,18.022,0.189,8.995,9.824,0.018,4155.000,81.131,44.227,8.995,54.051,ON,Moderate coastal haze; Hybrid loop operating; Ceff=1.47x
869,15:14:00,33.500,63.290,61.280,45.100,43.680,31.240,1.067,16.381,17.446,0.687,1.032,662.200,970.300,1.465,11.262,18.010,0.751,1.128,20.067,21.235,0.747,0.752,11.254,18.004,0.189,8.992,9.818,0.018,4155.000,81.131,44.240,8.992,54.058,ON,Moderate coastal haze; Hybrid loop operating; Ceff=1.47x
870,15:14:30,33.480,63.310,61.280,45.100,43.680,31.240,1.066,16.380,17.446,0.687,1.032,662.100,969.500,1.464,11.258,17.996,0.751,1.127,20.066,21.235,0.747,0.752,11.253,18.004,0.189,8.993,9.826,0.018,4155.000,81.055,44.235,8.993,54.061,ON,Moderate coastal haze; Hybrid loop operating; Ceff=1.46x
871,15:15:00,33.450,63.320,61.280,45.100,43.670,31.240,1.064,16.380,17.446,0.687,1.030,661.400,968.000,1.464,11.247,17.968,0.750,1.126,20.066,21.235,0.747,0.751,11.253,17.969,0.189,9.002,9.822,0.018,4155.000,80.903,44.221,9.002,54.043,ON,Moderate coastal haze; Hybrid loop operating; Ceff=1.46x
872,15:15:30,33.430,63.320,61.270,45.090,43.650,31.230,1.060,16.380,17.447,0.685,1.027,660.100,965.500,1.463,11.225,17.923,0.749,1.123,20.066,21.236,0.747,0.752,11.220,17.918,0.189,8.994,9.819,0.018,4155.000,80.599,44.169,8.994,53.988,ON,Moderate coastal haze; Hybrid loop operating; Ceff=1.46x
873,15:16:00,33.400,63.300,61.250,45.060,43.630,31.230,1.056,16.381,17.449,0.683,1.024,658.100,962.100,1.462,11.193,17.862,0.747,1.119,20.068,21.238,0.747,0.752,11.188,17.868,0.189,8.995,9.826,0.018,4155.000,80.295,44.157,8.995,53.984,ON,Moderate coastal haze; Hybrid loop operating; Ceff=1.46x
874,15:16:30,33.380,63.260,61.210,45.030,43.590,31.230,1.050,16.384,17.451,0.681,1.019,655.700,958.000,1.461,11.154,17.788,0.744,1.114,20.071,21.240,0.747,0.752,11.158,17.783,0.189,9.003,9.821,0.018,4155.000,79.838,44.094,9.003,53.916,ON,Moderate coastal haze; Hybrid loop operating; Ceff=1.46x
875,15:17:00,33.350,63.200,61.150,44.980,43.540,31.220,1.044,16.388,17.454,0.678,1.014,652.900,953.400,1.460,11.110,17.707,0.741,1.109,20.075,21.243,0.747,0.752,11.111,17.698,0.189,9.004,9.822,0.018,4155.000,79.382,44.054,9.004,53.876,ON,Moderate coastal haze; Hybrid loop operating; Ceff=1.46x
876,15:17:30,33.330,63.110,61.070,44.920,43.490,31.220,1.038,16.392,17.457,0.675,1.010,650.100,948.700,1.459,11.066,17.624,0.738,1.103,20.080,21.247,0.747,0.752,11.065,17.632,0.189,9.005,9.833,0.018,4155.000,78.926,44.018,9.005,53.851,ON,Moderate coastal haze; Hybrid loop operating; Ceff=1.46x
877,15:18:00,33.300,63.010,60.980,44.850,43.420,31.220,1.032,16.398,17.461,0.672,1.005,647.500,944.400,1.459,11.026,17.548,0.735,1.098,20.086,21.252,0.747,0.752,11.019,17.548,0.189,9.004,9.831,0.018,4155.000,78.470,43.963,9.004,53.794,ON,Moderate coastal haze; Hybrid loop operating; Ceff=1.46x
878,15:18:30,33.270,62.900,60.880,44.770,43.350,31.220,1.027,16.404,17.466,0.670,1.001,645.300,940.600,1.458,10.994,17.484,0.732,1.094,20.093,21.257,0.747,0.752,10.991,17.483,0.189,9.012,9.835,0.018,4155.000,78.089,43.926,9.012,53.761,ON,Moderate coastal haze; Hybrid loop operating; Ceff=1.46x
879,15:19:00,33.250,62.790,60.770,44.680,43.270,31.210,1.023,16.411,17.470,0.669,0.998,643.700,937.700,1.457,10.972,17.435,0.731,1.091,20.100,21.262,0.747,0.752,10.979,17.435,0.189,9.024,9.838,0.018,4155.000,77.785,43.891,9.024,53.728,ON,Moderate coastal haze; Hybrid loop operating; Ceff=1.46x
880,15:19:30,33.220,62.670,60.670,44.600,43.200,31.210,1.020,16.417,17.475,0.668,0.996,642.700,935.700,1.456,10.960,17.403,0.730,1.088,20.107,21.267,0.747,0.752,10.967,17.405,0.189,9.028,9.842,0.018,4155.000,77.557,43.855,9.028,53.697,ON,Moderate coastal haze; Hybrid loop operating; Ceff=1.46x
881,15:20:00,33.190,62.560,60.570,44.530,43.130,31.210,1.019,16.424,17.479,0.667,0.995,642.100,934.300,1.455,10.956,17.384,0.729,1.087,20.114,21.271,0.747,0.752,10.955,17.392,0.189,9.027,9.849,0.018,4155.000,77.481,43.878,9.027,53.727,ON,Moderate coastal haze; Hybrid loop operating; Ceff=1.46x
882,15:20:30,33.160,62.470,60.480,44.460,43.070,31.200,1.017,16.429,17.483,0.667,0.994,642.000,933.500,1.454,10.958,17.374,0.729,1.086,20.120,21.276,0.747,0.752,10.958,17.378,0.189,9.031,9.850,0.018,4155.000,77.329,43.830,9.031,53.679,ON,Moderate coastal haze; Hybrid loop operating; Ceff=1.45x
883,15:21:00,33.130,62.380,60.410,44.400,43.010,31.200,1.017,16.434,17.487,0.667,0.993,641.900,932.900,1.453,10.961,17.366,0.729,1.085,20.125,21.280,0.747,0.752,10.961,17.365,0.189,9.035,9.848,0.018,4155.000,77.329,43.858,9.035,53.706,ON,Moderate coastal haze; Hybrid loop operating; Ceff=1.45x
884,15:21:30,33.100,62.320,60.340,44.350,42.970,31.190,1.015,16.437,17.490,0.667,0.992,641.700,932.000,1.452,10.960,17.352,0.729,1.084,20.129,21.283,0.747,0.752,10.963,17.350,0.189,9.040,9.850,0.018,4155.000,77.177,43.814,9.040,53.663,ON,Moderate coastal haze; Hybrid loop operating; Ceff=1.45x
885,15:22:00,33.070,62.270,60.300,44.310,42.930,31.190,1.013,16.440,17.492,0.666,0.991,641.000,930.500,1.452,10.951,17.327,0.728,1.083,20.132,21.285,0.747,0.752,10.949,17.335,0.189,9.038,9.857,0.018,4155.000,77.025,43.798,9.038,53.655,ON,Moderate coastal haze; Hybrid loop operating; Ceff=1.45x
886,15:22:30,33.040,62.240,60.260,44.280,42.890,31.180,1.010,16.442,17.494,0.665,0.988,639.800,928.100,1.451,10.932,17.286,0.727,1.080,20.135,21.287,0.747,0.752,10.934,17.284,0.189,9.042,9.853,0.018,4155.000,76.797,43.781,9.042,53.635,ON,Moderate coastal haze; Hybrid loop operating; Ceff=1.45x
887,15:23:00,33.010,62.220,60.230,44.250,42.860,31.180,1.006,16.444,17.495,0.663,0.985,638.000,924.900,1.450,10.902,17.228,0.725,1.076,20.136,21.289,0.747,0.752,10.902,17.233,0.189,9.041,9.858,0.018,4155.000,76.493,43.759,9.041,53.617,ON,Moderate coastal haze; Hybrid loop operating; Ceff=1.45x
888,15:23:30,32.970,62.210,60.210,44.230,42.830,31.170,1.001,16.445,17.497,0.660,0.980,635.500,920.800,1.449,10.861,17.154,0.722,1.071,20.137,21.291,0.747,0.752,10.854,17.147,0.189,9.037,9.853,0.018,4155.000,76.113,43.735,9.037,53.588,ON,Moderate coastal haze; Hybrid loop operating; Ceff=1.45x
889,15:24:00,32.940,62.200,60.190,44.210,42.810,31.170,0.994,16.446,17.498,0.658,0.975,632.700,916.100,1.448,10.813,17.068,0.719,1.066,20.138,21.292,0.747,0.752,10.821,17.061,0.189,9.050,9.853,0.018,4155.000,75.580,43.652,9.050,53.505,ON,Moderate coastal haze; Hybrid loop operating; Ceff=1.45x
890,15:24:30,32.910,62.180,60.160,44.190,42.780,31.160,0.988,16.447,17.500,0.654,0.970,629.600,911.200,1.447,10.762,16.977,0.715,1.060,20.140,21.294,0.747,0.752,10.756,16.975,0.189,9.039,9.857,0.018,4155.000,75.124,43.622,9.039,53.479,ON,Moderate coastal haze; Hybrid loop operating; Ceff=1.45x
891,15:25:00,32.880,62.150,60.130,44.160,42.740,31.160,0.981,16.449,17.502,0.651,0.965,626.700,906.300,1.446,10.713,16.889,0.712,1.055,20.142,21.296,0.747,0.752,10.708,16.889,0.189,9.041,9.860,0.018,4155.000,74.592,43.547,9.041,53.407,ON,Moderate coastal haze; Hybrid loop operating; Ceff=1.45x
892,15:25:30,32.850,62.120,60.080,44.120,42.700,31.150,0.975,16.451,17.504,0.649,0.960,624.000,901.900,1.445,10.669,16.809,0.709,1.049,20.145,21.299,0.747,0.752,10.677,16.804,0.189,9.053,9.858,0.018,4155.000,74.136,43.492,9.053,53.350,ON,Moderate coastal haze; Hybrid loop operating; Ceff=1.45x
893,15:26:00,32.810,62.060,60.020,44.080,42.650,31.150,0.971,16.455,17.507,0.646,0.956,621.800,898.200,1.444,10.635,16.744,0.706,1.045,20.148,21.302,0.748,0.752,10.630,16.737,0.189,9.045,9.859,0.018,4155.000,73.831,43.492,9.045,53.351,ON,Moderate coastal haze; Hybrid loop operating; Ceff=1.44x
894,15:26:30,32.780,61.990,59.950,44.020,42.590,31.140,0.967,16.459,17.510,0.645,0.953,620.300,895.400,1.444,10.612,16.696,0.705,1.042,20.153,21.305,0.747,0.752,10.616,16.687,0.189,9.055,9.861,0.018,4155.000,73.527,43.448,9.055,53.309,ON,Moderate coastal haze; Hybrid loop operating; Ceff=1.44x
895,15:27:00,32.750,61.900,59.870,43.960,42.530,31.130,0.964,16.464,17.514,0.644,0.951,619.300,893.400,1.443,10.600,16.664,0.704,1.040,20.158,21.310,0.747,0.752,10.603,16.656,0.189,9.059,9.864,0.018,4155.000,73.299,43.410,9.059,53.274,ON,Moderate coastal haze; Hybrid loop operating; Ceff=1.44x
896,15:27:30,32.710,61.800,59.770,43.880,42.460,31.130,0.963,16.470,17.518,0.643,0.950,618.800,892.200,1.442,10.596,16.645,0.703,1.038,20.165,21.314,0.747,0.752,10.590,16.642,0.189,9.055,9.869,0.018,4155.000,73.223,43.423,9.055,53.293,ON,Moderate coastal haze; Hybrid loop operating; Ceff=1.44x
897,15:28:00,32.680,61.690,59.670,43.800,42.390,31.120,0.962,16.476,17.523,0.643,0.949,618.600,891.300,1.441,10.598,16.635,0.703,1.037,20.172,21.319,0.747,0.752,10.594,16.629,0.189,9.061,9.872,0.018,4155.000,73.147,43.422,9.061,53.294,ON,Moderate coastal haze; Hybrid loop operating; Ceff=1.44x
898,15:28:30,32.650,61.570,59.560,43.720,42.310,31.110,0.960,16.483,17.528,0.643,0.948,618.400,890.500,1.440,10.600,16.624,0.703,1.037,20.180,21.324,0.747,0.752,10.599,16.617,0.189,9.068,9.873,0.018,4155.000,72.995,43.371,9.068,53.244,ON,Moderate coastal haze; Hybrid loop operating; Ceff=1.44x
899,15:29:00,32.610,61.440,59.440,43.630,42.240,31.100,0.959,16.491,17.533,0.643,0.947,618.000,889.300,1.439,10.598,16.608,0.702,1.035,20.188,21.330,0.748,0.752,10.604,16.604,0.189,9.078,9.879,0.018,4155.000,72.919,43.384,9.078,53.263,ON,Moderate coastal haze; Hybrid loop operating; Ceff=1.44x
900,15:29:30,32.580,61.310,59.330,43.550,42.160,31.090,0.956,16.498,17.537,0.642,0.945,617.100,887.400,1.438,10.588,16.579,0.701,1.033,20.195,21.335,0.748,0.752,10.592,16.572,0.189,9.081,9.881,0.018,4155.000,72.691,43.341,9.081,53.222,ON,Moderate coastal haze; Hybrid loop operating; Ceff=1.44x
901,15:30:00,32.550,61.190,59.220,43.460,42.080,31.090,0.953,16.505,17.542,0.640,0.943,615.600,884.700,1.437,10.568,16.534,0.700,1.030,20.203,21.340,0.747,0.752,10.563,16.542,0.189,9.079,9.893,0.018,4155.000,72.463,43.337,9.079,53.230,ON,Moderate coastal haze; Hybrid loop operating; Ceff=1.44x
902,15:30:30,32.520,61.080,59.110,43.380,42.010,31.080,0.948,16.511,17.547,0.638,0.939,613.500,881.200,1.436,10.538,16.473,0.697,1.026,20.210,21.345,0.748,0.752,10.534,16.477,0.189,9.085,9.893,0.018,4155.000,72.083,43.281,9.085,53.174,ON,Moderate coastal haze; Hybrid loop operating; Ceff=1.44x
903,15:31:00,32.480,60.970,59.010,43.310,41.940,31.070,0.943,16.517,17.551,0.636,0.934,610.900,876.900,1.435,10.497,16.397,0.695,1.021,20.217,21.350,0.747,0.752,10.505,16.393,0.189,9.098,9.891,0.018,4155.000,71.702,43.264,9.098,53.154,ON,Moderate coastal haze; Hybrid loop operating; Ceff=1.44x
904,15:31:30,32.450,60.880,58.930,43.250,41.880,31.060,0.936,16.522,17.555,0.633,0.929,607.900,872.100,1.434,10.451,16.312,0.691,1.016,20.222,21.354,0.748,0.752,10.458,16.309,0.189,9.103,9.894,0.018,4155.000,71.170,43.179,9.103,53.073,ON,Moderate coastal haze; Hybrid loop operating; Ceff=1.43x
905,15:32:00,32.420,60.810,58.850,43.190,41.820,31.050,0.930,16.527,17.558,0.629,0.924,604.900,867.200,1.434,10.403,16.224,0.688,1.010,20.227,21.358,0.748,0.752,10.395,16.224,0.189,9.093,9.898,0.018,4155.000,70.714,43.144,9.093,53.043,ON,Moderate coastal haze; Hybrid loop operating; Ceff=1.43x
906,15:32:30,32.390,60.750,58.790,43.140,41.770,31.040,0.924,16.531,17.561,0.627,0.919,602.100,862.500,1.433,10.357,16.141,0.685,1.005,20.231,21.361,0.747,0.752,10.365,16.139,0.189,9.108,9.900,0.018,4155.000,70.258,43.100,9.108,53.000,ON,Moderate coastal haze; Hybrid loop operating; Ceff=1.43x
907,15:33:00,32.360,60.700,58.730,43.100,41.720,31.030,0.919,16.534,17.564,0.624,0.915,599.600,858.500,1.432,10.317,16.068,0.682,1.000,20.235,21.364,0.748,0.752,10.317,16.071,0.189,9.104,9.905,0.018,4155.000,69.878,43.066,9.104,52.971,ON,Moderate coastal haze; Hybrid loop operating; Ceff=1.43x
908,15:33:30,32.320,60.660,58.690,43.070,41.680,31.020,0.915,16.536,17.566,0.622,0.911,597.800,855.300,1.431,10.287,16.011,0.680,0.996,20.237,21.366,0.748,0.752,10.285,16.003,0.189,9.103,9.899,0.018,4155.000,69.573,43.039,9.103,52.939,ON,Moderate coastal haze; Hybrid loop operating; Ceff=1.43x
909,15:34:00,32.290,60.630,58.650,43.040,41.650,31.010,0.912,16.538,17.568,0.621,0.909,596.500,853.000,1.430,10.267,15.970,0.679,0.993,20.240,21.368,0.747,0.753,10.270,15.969,0.189,9.110,9.905,0.018,4155.000,69.345,43.014,9.110,52.919,ON,Moderate coastal haze; Hybrid loop operating; Ceff=1.43x
910,15:34:30,32.260,60.610,58.610,43.010,41.610,31.000,0.910,16.540,17.570,0.620,0.907,595.900,851.500,1.429,10.258,15.944,0.678,0.992,20.242,21.370,0.747,0.752,10.255,15.936,0.189,9.105,9.902,0.018,4155.000,69.193,42.995,9.105,52.897,ON,Moderate coastal haze; Hybrid loop operating; Ceff=1.43x
911,15:35:00,32.230,60.580,58.570,42.990,41.580,30.990,0.909,16.542,17.571,0.620,0.907,595.600,850.600,1.428,10.255,15.929,0.678,0.991,20.244,21.372,0.747,0.752,10.256,15.937,0.189,9.111,9.913,0.018,4155.000,69.117,42.993,9.111,52.906,ON,Moderate coastal haze; Hybrid loop operating; Ceff=1.43x
912,15:35:30,32.200,60.540,58.530,42.960,41.550,30.980,0.908,16.544,17.573,0.620,0.906,595.600,850.000,1.427,10.256,15.919,0.677,0.990,20.246,21.374,0.748,0.752,10.257,15.921,0.189,9.112,9.910,0.018,4155.000,69.041,42.976,9.112,52.887,ON,Moderate coastal haze; Hybrid loop operating; Ceff=1.43x
913,15:36:00,32.170,60.500,58.480,42.920,41.510,30.970,0.907,16.547,17.575,0.620,0.905,595.400,849.200,1.426,10.255,15.908,0.677,0.989,20.249,21.377,0.748,0.752,10.259,15.905,0.189,9.117,9.910,0.018,4155.000,68.965,42.969,9.117,52.879,ON,Moderate coastal haze; Hybrid loop operating; Ceff=1.43x
914,15:36:30,32.140,60.440,58.420,42.880,41.460,30.950,0.905,16.551,17.578,0.619,0.904,595.000,848.000,1.425,10.250,15.888,0.677,0.988,20.253,21.379,0.748,0.752,10.245,15.891,0.189,9.110,9.915,0.018,4155.000,68.813,42.935,9.110,52.850,ON,Moderate coastal haze; Hybrid loop operating; Ceff=1.43x
915,15:37:00,32.110,60.370,58.350,42.830,41.410,30.940,0.903,16.555,17.581,0.618,0.902,594.000,846.100,1.424,10.236,15.854,0.676,0.986,20.258,21.383,0.747,0.752,10.231,15.858,0.189,9.113,9.917,0.018,4155.000,68.661,42.936,9.113,52.853,ON,Moderate coastal haze; Hybrid loop operating; Ceff=1.42x
916,15:37:30,32.090,60.280,58.260,42.770,41.350,30.930,0.899,16.560,17.585,0.617,0.899,592.400,843.200,1.423,10.213,15.806,0.674,0.982,20.264,21.387,0.748,0.753,10.218,15.809,0.189,9.126,9.920,0.018,4155.000,68.357,42.893,9.126,52.813,ON,Moderate coastal haze; Hybrid loop operating; Ceff=1.42x
917,15:38:00,32.060,60.170,58.160,42.690,41.290,30.920,0.894,16.566,17.589,0.615,0.895,590.200,839.600,1.423,10.180,15.742,0.672,0.978,20.271,21.391,0.747,0.752,10.188,15.742,0.189,9.133,9.920,0.018,4155.000,67.977,42.838,9.133,52.758,ON,Moderate coastal haze; Hybrid loop operating; Ceff=1.42x
918,15:38:30,32.030,60.050,58.050,42.610,41.220,30.900,0.889,16.573,17.593,0.612,0.891,587.600,835.300,1.422,10.140,15.667,0.669,0.973,20.278,21.396,0.747,0.753,10.143,15.675,0.189,9.133,9.929,0.018,4155.000,67.596,42.817,9.133,52.747,ON,Moderate coastal haze; Hybrid loop operating; Ceff=1.42x
919,15:39:00,32.000,59.920,57.930,42.530,41.140,30.890,0.883,16.581,17.598,0.609,0.886,584.700,830.700,1.421,10.096,15.586,0.665,0.968,20.286,21.402,0.748,0.752,10.098,15.592,0.189,9.138,9.931,0.018,4155.000,67.140,42.764,9.138,52.695,ON,Moderate coastal haze; Hybrid loop operating; Ceff=1.42x
920,15:39:30,31.980,59.790,57.810,42.440,41.060,30.880,0.877,16.588,17.603,0.606,0.881,581.900,826.100,1.420,10.053,15.505,0.662,0.963,20.295,21.407,0.748,0.752,10.052,15.508,0.189,9.140,9.933,0.018,4155.000,66.684,42.710,9.140,52.642,ON,Moderate coastal haze; Hybrid loop operating; Ceff=1.42x
921,15:40:00,31.950,59.660,57.690,42.350,40.980,30.870,0.872,16.596,17.608,0.603,0.876,579.300,822.000,1.419,10.014,15.432,0.659,0.958,20.303,21.412,0.748,0.752,10.007,15.425,0.189,9.140,9.928,0.018,4155.000,66.304,42.678,9.140,52.607,ON,Moderate coastal haze; Hybrid loop operating; Ceff=1.42x
922,15:40:30,31.930,59.540,57.580,42.270,40.910,30.850,0.867,16.603,17.613,0.601,0.873,577.200,818.500,1.418,9.983,15.371,0.657,0.954,20.310,21.418,0.748,0.752,9.978,15.376,0.189,9.147,9.940,0.018,4155.000,65.924,42.615,9.147,52.554,ON,Moderate coastal haze; Hybrid loop operating; Ceff=1.42x
923,15:41:00,31.900,59.430,57.470,42.200,40.840,30.840,0.864,16.609,17.617,0.600,0.870,575.700,815.800,1.417,9.962,15.326,0.656,0.951,20.317,21.422,0.747,0.752,9.965,15.327,0.189,9.159,9.940,0.018,4155.000,65.696,42.608,9.159,52.548,ON,Moderate coastal haze; Hybrid loop operating; Ceff=1.42x
924,15:41:30,31.880,59.340,57.390,42.140,40.780,30.830,0.862,16.614,17.620,0.599,0.868,574.900,814.100,1.416,9.951,15.297,0.655,0.949,20.323,21.426,0.748,0.752,9.952,15.294,0.189,9.159,9.940,0.018,4155.000,65.543,42.598,9.159,52.538,ON,Moderate coastal haze; Hybrid loop operating; Ceff=1.42x
925,15:42:00,31.850,59.260,57.310,42.090,40.730,30.810,0.860,16.619,17.623,0.599,0.867,574.500,813.000,1.415,9.948,15.281,0.654,0.948,20.328,21.429,0.748,0.752,9.955,15.279,0.189,9.168,9.944,0.018,4155.000,65.391,42.557,9.168,52.500,ON,Moderate coastal haze; Hybrid loop operating; Ceff=1.42x
926,15:42:30,31.830,59.210,57.260,42.060,40.690,30.800,0.860,16.622,17.625,0.599,0.866,574.500,812.500,1.414,9.950,15.272,0.654,0.947,20.331,21.431,0.748,0.752,9.957,15.263,0.189,9.170,9.939,0.018,4155.000,65.391,42.583,9.170,52.522,ON,Moderate coastal haze; Hybrid loop operating; Ceff=1.41x
927,15:43:00,31.810,59.180,57.220,42.030,40.660,30.790,0.859,16.624,17.627,0.599,0.866,574.500,812.000,1.413,9.952,15.265,0.654,0.946,20.334,21.433,0.748,0.753,9.958,15.265,0.189,9.171,9.947,0.018,4155.000,65.315,42.560,9.171,52.506,ON,Moderate coastal haze; Hybrid loop operating; Ceff=1.41x
928,15:43:30,31.790,59.160,57.190,42.020,40.640,30.770,0.858,16.625,17.628,0.599,0.865,574.400,811.200,1.412,9.951,15.252,0.654,0.946,20.335,21.434,0.748,0.752,9.958,15.248,0.189,9.173,9.946,0.018,4155.000,65.239,42.552,9.173,52.498,ON,Moderate coastal haze; Hybrid loop operating; Ceff=1.41x
929,15:44:00,31.760,59.160,57.170,42.010,40.630,30.760,0.856,16.626,17.629,0.598,0.864,573.800,809.900,1.412,9.941,15.228,0.653,0.944,20.336,21.435,0.749,0.753,9.942,15.231,0.189,9.168,9.951,0.018,4155.000,65.087,42.521,9.168,52.471,ON,Moderate coastal haze; Hybrid loop operating; Ceff=1.41x
930,15:44:30,31.740,59.150,57.160,42.010,40.610,30.740,0.854,16.627,17.629,0.597,0.862,572.600,807.800,1.411,9.922,15.188,0.652,0.942,20.337,21.436,0.748,0.752,9.926,15.196,0.189,9.172,9.953,0.018,4155.000,64.935,42.532,9.172,52.485,ON,Moderate coastal haze; Hybrid loop operating; Ceff=1.41x
931,15:45:00,31.720,59.140,57.140,42.000,40.590,30.730,0.850,16.627,17.630,0.595,0.858,570.900,804.700,1.410,9.892,15.132,0.650,0.938,20.337,21.437,0.748,0.753,9.893,15.127,0.189,9.169,9.946,0.018,4155.000,64.631,42.496,9.169,52.442,ON,Moderate coastal haze; Hybrid loop operating; Ceff=1.41x
932,15:45:30,31.700,59.130,57.110,41.980,40.570,30.720,0.845,16.629,17.631,0.593,0.854,568.600,800.900,1.409,9.853,15.062,0.648,0.934,20.339,21.438,0.748,0.752,9.861,15.057,0.189,9.176,9.947,0.018,4155.000,64.251,42.446,9.176,52.393,ON,Moderate coastal haze; Hybrid loop operating; Ceff=1.41x
933,15:46:00,31.680,59.100,57.070,41.960,40.550,30.700,0.840,16.631,17.633,0.590,0.850,565.800,796.600,1.408,9.807,14.982,0.644,0.929,20.341,21.439,0.749,0.752,9.812,14.988,0.189,9.176,9.955,0.018,4155.000,63.871,42.423,9.176,52.378,ON,Moderate coastal haze; Hybrid loop operating; Ceff=1.41x
934,15:46:30,31.660,59.050,57.020,41.930,40.510,30.690,0.834,16.634,17.635,0.587,0.845,563.000,792.000,1.407,9.760,14.898,0.641,0.923,20.344,21.442,0.748,0.753,9.764,14.902,0.189,9.176,9.955,0.018,4155.000,63.414,42.364,9.176,52.320,ON,Moderate coastal haze; Hybrid loop operating; Ceff=1.41x
935,15:47:00,31.640,58.980,56.950,41.880,40.460,30.680,0.828,16.638,17.637,0.584,0.840,560.200,787.600,1.406,9.715,14.818,0.638,0.918,20.349,21.445,0.748,0.753,9.717,14.815,0.189,9.177,9.953,0.018,4155.000,62.958,42.295,9.177,52.247,ON,Moderate coastal haze; Hybrid loop operating; Ceff=1.41x
936,15:47:30,31.620,58.900,56.870,41.830,40.410,30.660,0.823,16.643,17.641,0.581,0.836,557.800,783.700,1.405,9.677,14.748,0.635,0.914,20.354,21.448,0.749,0.752,9.670,14.748,0.189,9.172,9.957,0.018,4155.000,62.578,42.248,9.172,52.205,ON,Moderate coastal haze; Hybrid loop operating; Ceff=1.41x
937,15:48:00,31.610,58.800,56.780,41.770,40.350,30.650,0.819,16.649,17.644,0.580,0.833,555.900,780.600,1.404,9.648,14.692,0.633,0.910,20.361,21.452,0.749,0.753,9.656,14.697,0.189,9.191,9.962,0.018,4155.000,62.274,42.210,9.191,52.172,ON,Moderate coastal haze; Hybrid loop operating; Ceff=1.4x
938,15:48:30,31.590,58.680,56.670,41.700,40.290,30.640,0.817,16.655,17.648,0.578,0.830,554.600,778.300,1.403,9.631,14.653,0.632,0.907,20.368,21.457,0.748,0.753,9.627,14.648,0.189,9.184,9.958,0.018,4155.000,62.122,42.231,9.184,52.189,ON,Moderate coastal haze; Hybrid loop operating; Ceff=1.4x
939,15:49:00,31.570,58.570,56.560,41.620,40.220,30.620,0.815,16.662,17.652,0.578,0.829,553.900,776.800,1.402,9.623,14.629,0.631,0.906,20.375,21.461,0.748,0.752,9.631,14.634,0.189,9.199,9.967,0.018,4155.000,61.970,42.209,9.199,52.177,ON,Moderate coastal haze; Hybrid loop operating; Ceff=1.4x
940,15:49:30,31.550,58.450,56.460,41.550,40.160,30.610,0.814,16.668,17.656,0.577,0.828,553.700,775.900,1.401,9.623,14.616,0.631,0.905,20.382,21.466,0.748,0.752,9.617,14.619,0.189,9.190,9.969,0.018,4155.000,61.894,42.206,9.190,52.176,ON,Moderate coastal haze; Hybrid loop operating; Ceff=1.4x
941,15:50:00,31.540,58.340,56.350,41.480,40.100,30.600,0.813,16.675,17.660,0.577,0.827,553.600,775.300,1.400,9.627,14.609,0.631,0.904,20.389,21.470,0.748,0.753,9.621,14.605,0.189,9.196,9.967,0.018,4155.000,61.818,42.187,9.196,52.154,ON,Moderate coastal haze; Hybrid loop operating; Ceff=1.4x
942,15:50:30,31.520,58.230,56.260,41.420,40.040,30.580,0.812,16.681,17.664,0.577,0.827,553.500,774.600,1.399,9.630,14.600,0.631,0.903,20.396,21.474,0.748,0.753,9.625,14.608,0.189,9.201,9.978,0.018,4155.000,61.742,42.173,9.201,52.152,ON,Moderate coastal haze; Hybrid loop operating; Ceff=1.4x
943,15:51:00,31.500,58.150,56.180,41.370,39.990,30.570,0.811,16.686,17.667,0.577,0.825,553.100,773.600,1.399,9.626,14.583,0.631,0.902,20.402,21.477,0.748,0.753,9.628,14.575,0.189,9.210,9.969,0.018,4155.000,61.666,42.176,9.210,52.145,ON,Moderate coastal haze; Hybrid loop operating; Ceff=1.4x
944,15:51:30,31.490,58.070,56.110,41.320,39.950,30.560,0.808,16.690,17.669,0.576,0.824,552.200,771.800,1.398,9.614,14.552,0.630,0.900,20.406,21.480,0.748,0.753,9.613,14.559,0.189,9.211,9.981,0.018,4155.000,61.437,42.118,9.211,52.099,ON,Moderate coastal haze; Hybrid loop operating; Ceff=1.4x
945,15:52:00,31.470,58.020,56.050,41.290,39.910,30.540,0.805,16.693,17.671,0.574,0.821,550.700,769.100,1.397,9.590,14.505,0.628,0.897,20.410,21.482,0.748,0.753,9.582,14.508,0.189,9.206,9.981,0.018,4155.000,61.209,42.109,9.206,52.090,ON,Moderate coastal haze; Hybrid loop operating; Ceff=1.4x
946,15:52:30,31.450,57.980,56.000,41.260,39.880,30.530,0.801,16.696,17.673,0.572,0.817,548.600,765.600,1.396,9.554,14.440,0.625,0.893,20.413,21.484,0.749,0.753,9.550,14.439,0.189,9.211,9.979,0.018,4155.000,60.905,42.091,9.211,52.070,ON,Moderate coastal haze; Hybrid loop operating; Ceff=1.4x
947,15:53:00,31.440,57.950,55.970,41.240,39.860,30.520,0.795,16.698,17.674,0.569,0.813,545.900,761.400,1.395,9.509,14.362,0.622,0.888,20.415,21.485,0.749,0.753,9.501,14.369,0.189,9.209,9.985,0.018,4155.000,60.449,42.006,9.209,51.991,ON,Moderate coastal haze; Hybrid loop operating; Ceff=1.39x
948,15:53:30,31.420,57.930,55.940,41.230,39.840,30.510,0.790,16.699,17.675,0.566,0.808,542.900,756.800,1.394,9.458,14.275,0.619,0.883,20.416,21.486,0.748,0.752,9.452,14.281,0.189,9.211,9.985,0.018,4155.000,60.069,41.996,9.211,51.980,ON,Moderate coastal haze; Hybrid loop operating; Ceff=1.39x
949,15:54:00,31.410,57.920,55.920,41.220,39.830,30.490,0.784,16.700,17.676,0.563,0.803,539.900,752.000,1.393,9.406,14.186,0.616,0.877,20.417,21.487,0.748,0.753,9.402,14.194,0.189,9.214,9.987,0.018,4155.000,59.613,41.943,9.214,51.930,ON,Moderate coastal haze; Hybrid loop operating; Ceff=1.39x
950,15:54:30,31.390,57.910,55.900,41.220,39.810,30.480,0.778,16.701,17.677,0.560,0.798,537.000,747.600,1.392,9.357,14.103,0.612,0.872,20.418,21.488,0.749,0.753,9.353,14.106,0.189,9.215,9.983,0.018,4155.000,59.156,41.867,9.215,51.850,ON,Moderate coastal haze; Hybrid loop operating; Ceff=1.39x
951,15:55:00,31.380,57.900,55.880,41.210,39.790,30.470,0.774,16.702,17.678,0.558,0.794,534.600,743.700,1.391,9.316,14.031,0.610,0.867,20.419,21.489,0.748,0.753,9.320,14.036,0.189,9.224,9.986,0.018,4155.000,58.852,41.870,9.224,51.856,ON,Moderate coastal haze; Hybrid loop operating; Ceff=1.39x
952,15:55:30,31.360,57.880,55.850,41.190,39.770,30.460,0.770,16.704,17.678,0.556,0.790,532.800,740.600,1.390,9.284,13.974,0.607,0.864,20.421,21.490,0.749,0.753,9.287,13.966,0.189,9.223,9.977,0.018,4155.000,58.548,41.828,9.223,51.805,ON,Moderate coastal haze; Hybrid loop operating; Ceff=1.39x
953,15:56:00,31.340,57.850,55.810,41.180,39.750,30.450,0.767,16.706,17.680,0.555,0.788,531.500,738.400,1.389,9.264,13.933,0.606,0.861,20.423,21.491,0.749,0.753,9.272,13.932,0.189,9.230,9.983,0.018,4155.000,58.320,41.789,9.230,51.772,ON,Moderate coastal haze; Hybrid loop operating; Ceff=1.39x
954,15:56:30,31.330,57.810,55.760,41.150,39.720,30.440,0.765,16.708,17.681,0.554,0.786,530.800,736.900,1.388,9.253,13.906,0.605,0.860,20.426,21.493,0.749,0.752,9.256,13.897,0.189,9.227,9.978,0.018,4155.000,58.168,41.765,9.227,51.743,ON,Moderate coastal haze; Hybrid loop operating; Ceff=1.39x
955,15:57:00,31.310,57.750,55.700,41.120,39.680,30.430,0.764,16.712,17.683,0.553,0.785,530.400,735.900,1.387,9.249,13.889,0.605,0.858,20.430,21.495,0.748,0.753,9.242,13.881,0.189,9.219,9.980,0.018,4155.000,58.092,41.767,9.219,51.747,ON,Moderate coastal haze; Hybrid loop operating; Ceff=1.39x
956,15:57:30,31.300,57.680,55.630,41.070,39.640,30.420,0.763,16.716,17.686,0.553,0.785,530.100,735.000,1.386,9.247,13.875,0.605,0.857,20.434,21.498,0.748,0.753,9.244,13.884,0.189,9.227,9.994,0.018,4155.000,58.016,41.764,9.227,51.758,ON,Moderate coastal haze; Hybrid loop operating; Ceff=1.39x
957,15:58:00,31.280,57.590,55.550,41.020,39.590,30.410,0.761,16.721,17.689,0.553,0.783,529.700,733.900,1.386,9.243,13.858,0.604,0.856,20.440,21.501,0.749,0.753,9.247,13.850,0.189,9.236,9.985,0.018,4155.000,57.864,41.717,9.236,51.702,ON,Moderate coastal haze; Hybrid loop operating; Ceff=1.39x
958,15:58:30,31.260,57.500,55.460,40.970,39.540,30.400,0.760,16.726,17.692,0.552,0.782,528.900,732.300,1.385,9.233,13.831,0.603,0.854,20.446,21.505,0.749,0.753,9.233,13.835,0.189,9.236,9.996,0.018,4155.000,57.788,41.753,9.236,51.749,ON,Moderate coastal haze; Hybrid loop operating; Ceff=1.38x
959,15:59:00,31.250,57.390,55.370,40.900,39.480,30.390,0.757,16.732,17.696,0.551,0.779,527.600,730.000,1.384,9.214,13.789,0.602,0.852,20.453,21.509,0.748,0.752,9.219,13.785,0.189,9.246,9.991,0.018,4155.000,57.560,41.719,9.246,51.710,ON,Moderate coastal haze; Hybrid loop operating; Ceff=1.38x
960,15:59:30,31.230,57.280,55.260,40.830,39.420,30.380,0.753,16.739,17.700,0.549,0.776,525.600,726.700,1.383,9.183,13.732,0.600,0.848,20.460,21.513,0.748,0.753,9.190,13.735,0.189,9.251,10.000,0.018,4155.000,57.255,41.687,9.251,51.687,ON,Moderate coastal haze; Hybrid loop operating; Ceff=1.38x
961,16:00:00,31.210,57.160,55.160,40.760,39.360,30.370,0.748,16.745,17.704,0.546,0.772,523.000,722.700,1.382,9.143,13.659,0.597,0.843,20.467,21.517,0.748,0.753,9.143,13.667,0.189,9.249,10.006,0.018,4155.000,56.875,41.639,9.249,51.646,ON,Moderate coastal haze; Hybrid loop operating; Ceff=1.38x
