No.,Time,T.amb (°C),T.D.REF – normal PV (°C),T.U.REF – normal PV (°C),T.D.CPV-HNEPCM-HNF (°C),T.U.CPV-HNEPCM-HNF (°C),T.F.IN Hybrid NF (°C),T.F.DELTA Hybrid NF (°C),V.REF – normal PV (V),V.CPV-Hybrid (V),I.REF – normal PV (A),I.CPV-Hybrid (A),Direct POA irradiance – reference (W/m²),Effective irradiance – CPV hybrid (W/m²),Ceff – mirrors,P(max) REF (W),P(max) CPV Hybrid (W),Isc REF (A),Isc CPV Hybrid (A),Voc REF (V),Voc CPV Hybrid (V),FF REF,FF CPV Hybrid,P.REF normal PV (W),P.CPV-HNEPCM-HNF (W),AREA (m²),?ele.REF (%),?ele.CPV-Hybrid (%),m Hybrid NF (kg/s),Cp Hybrid NF (J/kg·K),Q.CPV-Hybrid (W),?th.CPV-Hybrid (%),?total.REF (%),?total.CPV-Hybrid (%),Pump state,Simulation note
1,08:00:00,29.560,31.850,29.800,32.220,30.790,30.620,0.000,18.253,18.213,0.499,0.710,468.300,660.300,1.410,9.108,12.923,0.545,0.775,22.120,22.075,0.756,0.755,9.108,12.931,0.189,10.291,10.362,0.018,4155.000,0.000,0.000,10.291,10.362,OFF,Clear and hot; Below controller ON threshold; Ceff=1.41x
2,08:00:30,29.570,33.190,31.140,34.210,32.770,30.640,0.000,18.174,18.095,0.501,0.713,470.700,664.200,1.411,9.106,12.896,0.548,0.779,22.033,21.946,0.754,0.754,9.105,12.902,0.189,10.235,10.277,0.018,4155.000,0.000,0.000,10.235,10.277,OFF,Clear and hot; Below controller ON threshold; Ceff=1.41x
3,08:01:00,29.580,34.430,32.390,35.960,34.520,30.650,0.000,18.100,17.991,0.504,0.717,473.600,668.700,1.412,9.116,12.892,0.550,0.783,21.951,21.832,0.755,0.754,9.122,12.900,0.189,10.191,10.207,0.018,4155.000,0.000,0.000,10.191,10.207,OFF,Clear and hot; Below controller ON threshold; Ceff=1.41x
4,08:01:30,29.600,35.590,33.550,37.500,36.070,30.660,0.000,18.030,17.899,0.507,0.721,476.800,673.600,1.413,9.134,12.905,0.554,0.788,21.876,21.731,0.754,0.754,9.141,12.905,0.189,10.144,10.137,0.018,4155.000,0.000,0.000,10.144,10.137,OFF,Clear and hot; Below controller ON threshold; Ceff=1.41x
5,08:02:00,29.610,36.670,34.630,38.860,37.440,30.680,0.000,17.966,17.818,0.510,0.726,480.000,678.600,1.414,9.155,12.927,0.557,0.793,21.805,21.642,0.754,0.753,9.163,12.936,0.189,10.100,10.086,0.018,4155.000,0.000,0.000,10.100,10.086,OFF,Clear and hot; Below controller ON threshold; Ceff=1.41x
6,08:02:30,29.620,37.670,35.650,40.060,38.640,30.690,0.000,17.906,17.746,0.512,0.730,482.900,683.100,1.415,9.172,12.950,0.560,0.798,21.739,21.564,0.753,0.753,9.168,12.955,0.189,10.045,10.034,0.018,4155.000,0.000,0.000,10.045,10.034,OFF,Clear and hot; Below controller ON threshold; Ceff=1.41x
7,08:03:00,29.640,38.610,36.600,41.120,39.720,30.700,0.000,17.850,17.682,0.514,0.733,485.300,687.100,1.416,9.183,12.967,0.562,0.801,21.677,21.494,0.754,0.753,9.175,12.961,0.189,10.003,9.981,0.018,4155.000,0.000,0.000,10.003,9.981,OFF,Clear and hot; Below controller ON threshold; Ceff=1.42x
8,08:03:30,29.650,39.500,37.500,42.070,40.670,30.710,0.000,17.797,17.626,0.516,0.736,487.200,690.100,1.417,9.184,12.973,0.564,0.804,21.619,21.432,0.753,0.753,9.183,12.973,0.189,9.973,9.946,0.018,4155.000,0.000,0.000,9.973,9.946,OFF,Clear and hot; Below controller ON threshold; Ceff=1.42x
9,08:04:00,29.660,40.330,38.340,42.900,41.510,30.720,0.000,17.747,17.576,0.517,0.738,488.400,692.300,1.418,9.175,12.969,0.565,0.806,21.564,21.377,0.753,0.753,9.175,12.971,0.189,9.940,9.913,0.018,4155.000,0.000,0.000,9.940,9.913,OFF,Clear and hot; Below controller ON threshold; Ceff=1.42x
10,08:04:30,29.680,41.130,39.140,43.650,42.260,30.740,0.000,17.699,17.531,0.517,0.739,489.100,693.800,1.419,9.158,12.956,0.566,0.808,21.512,21.329,0.752,0.752,9.150,12.955,0.189,9.899,9.880,0.018,4155.000,0.000,0.000,9.899,9.880,OFF,Clear and hot; Below controller ON threshold; Ceff=1.42x
11,08:05:00,29.690,41.890,39.910,44.310,42.930,30.750,0.000,17.654,17.492,0.517,0.740,489.400,694.700,1.419,9.136,12.937,0.566,0.808,21.463,21.285,0.752,0.752,9.127,12.944,0.189,9.868,9.859,0.018,4155.000,0.000,0.000,9.868,9.859,OFF,Clear and hot; Below controller ON threshold; Ceff=1.42x
12,08:05:30,29.700,42.620,40.640,43.640,42.260,30.760,0.715,17.610,17.532,0.517,0.741,489.700,695.500,1.420,9.113,12.989,0.566,0.810,21.415,21.329,0.752,0.752,9.104,12.991,0.189,9.837,9.883,0.018,4155.000,54.366,41.359,9.837,51.242,ON,Clear and hot; Hybrid loop operating; Ceff=1.42x
13,08:06:00,29.720,43.320,41.330,43.060,41.670,30.770,0.716,17.569,17.566,0.518,0.742,490.100,696.600,1.421,9.094,13.040,0.566,0.811,21.369,21.367,0.752,0.753,9.101,13.034,0.189,9.825,9.900,0.018,4155.000,54.442,41.351,9.825,51.251,ON,Clear and hot; Hybrid loop operating; Ceff=1.42x
14,08:06:30,29.730,43.990,42.000,42.560,41.170,30.780,0.718,17.529,17.596,0.518,0.744,490.900,698.200,1.422,9.083,13.098,0.566,0.814,21.326,21.399,0.752,0.752,9.080,13.091,0.189,9.787,9.921,0.018,4155.000,54.594,41.372,9.787,51.293,ON,Clear and hot; Hybrid loop operating; Ceff=1.42x
15,08:07:00,29.740,44.650,42.650,42.140,40.740,30.790,0.721,17.490,17.622,0.519,0.747,492.300,700.700,1.423,9.084,13.167,0.568,0.817,21.283,21.427,0.751,0.752,9.077,13.164,0.189,9.756,9.940,0.018,4155.000,54.822,41.396,9.756,51.336,ON,Clear and hot; Hybrid loop operating; Ceff=1.42x
16,08:07:30,29.760,45.270,43.260,41.780,40.370,30.800,0.725,17.453,17.643,0.521,0.751,494.300,704.000,1.424,9.097,13.250,0.570,0.821,21.243,21.451,0.751,0.752,9.093,13.250,0.189,9.733,9.958,0.018,4155.000,55.126,41.431,9.733,51.389,ON,Clear and hot; Hybrid loop operating; Ceff=1.42x
17,08:08:00,29.770,45.870,43.850,41.470,40.060,30.810,0.730,17.418,17.662,0.524,0.756,496.800,708.100,1.425,9.121,13.344,0.572,0.826,21.204,21.471,0.752,0.752,9.127,13.352,0.189,9.720,9.977,0.018,4155.000,55.507,41.475,9.720,51.452,ON,Clear and hot; Hybrid loop operating; Ceff=1.43x
18,08:08:30,29.790,46.440,44.410,41.210,39.790,30.820,0.736,17.384,17.677,0.527,0.761,499.800,712.800,1.426,9.154,13.448,0.575,0.831,21.167,21.489,0.752,0.753,9.161,13.452,0.189,9.698,9.985,0.018,4155.000,55.963,41.540,9.698,51.526,ON,Clear and hot; Hybrid loop operating; Ceff=1.43x
19,08:09:00,29.800,46.980,44.940,40.990,39.560,30.830,0.742,17.352,17.691,0.530,0.766,503.000,717.800,1.427,9.191,13.555,0.579,0.837,21.132,21.503,0.751,0.753,9.197,13.551,0.189,9.674,9.989,0.018,4155.000,56.419,41.587,9.674,51.576,ON,Clear and hot; Hybrid loop operating; Ceff=1.43x
20,08:09:30,29.820,47.490,45.440,40.790,39.360,30.840,0.748,17.322,17.703,0.533,0.771,506.000,722.600,1.428,9.227,13.657,0.582,0.843,21.099,21.516,0.751,0.753,9.233,13.649,0.189,9.654,9.994,0.018,4155.000,56.875,41.645,9.654,51.639,ON,Clear and hot; Hybrid loop operating; Ceff=1.43x
21,08:10:00,29.830,47.950,45.900,40.620,39.190,30.850,0.753,17.295,17.713,0.535,0.776,508.800,727.000,1.429,9.259,13.750,0.585,0.848,21.069,21.527,0.751,0.753,9.253,13.745,0.189,9.622,10.004,0.018,4155.000,57.255,41.670,9.622,51.673,ON,Clear and hot; Hybrid loop operating; Ceff=1.43x
22,08:10:30,29.850,48.380,46.330,40.470,39.030,30.850,0.758,17.270,17.722,0.538,0.780,511.000,730.700,1.430,9.283,13.828,0.587,0.853,21.041,21.537,0.752,0.753,9.291,13.823,0.189,9.620,10.009,0.018,4155.000,57.636,41.734,9.620,51.743,ON,Clear and hot; Hybrid loop operating; Ceff=1.43x
23,08:11:00,29.870,48.760,46.720,40.330,38.900,30.860,0.761,17.246,17.730,0.539,0.783,512.600,733.500,1.431,9.297,13.889,0.589,0.856,21.016,21.546,0.751,0.753,9.296,13.883,0.189,9.595,10.014,0.018,4155.000,57.864,41.739,9.595,51.753,ON,Clear and hot; Hybrid loop operating; Ceff=1.43x
24,08:11:30,29.880,49.110,47.070,40.200,38.770,30.870,0.763,17.226,17.738,0.540,0.786,513.700,735.500,1.432,9.301,13.934,0.590,0.859,20.993,21.555,0.751,0.753,9.302,13.942,0.189,9.581,10.030,0.018,4155.000,58.016,41.735,9.581,51.765,ON,Clear and hot; Hybrid loop operating; Ceff=1.43x
25,08:12:00,29.900,49.430,47.390,40.080,38.650,30.880,0.765,17.207,17.745,0.540,0.787,514.200,736.800,1.433,9.299,13.966,0.591,0.860,20.973,21.563,0.750,0.753,9.292,13.965,0.189,9.561,10.029,0.018,4155.000,58.168,41.771,9.561,51.799,ON,Clear and hot; Hybrid loop operating; Ceff=1.43x
26,08:12:30,29.920,49.710,47.690,39.970,38.550,30.890,0.766,17.190,17.751,0.541,0.788,514.600,737.800,1.434,9.294,13.991,0.591,0.861,20.954,21.570,0.750,0.753,9.300,13.988,0.189,9.562,10.031,0.018,4155.000,58.244,41.769,9.562,51.800,ON,Clear and hot; Hybrid loop operating; Ceff=1.43x
27,08:13:00,29.940,49.970,47.960,39.860,38.460,30.890,0.767,17.174,17.757,0.541,0.789,514.900,738.800,1.435,9.290,14.015,0.591,0.863,20.937,21.576,0.751,0.753,9.291,14.010,0.189,9.547,10.034,0.018,4155.000,58.320,41.767,9.547,51.800,ON,Clear and hot; Hybrid loop operating; Ceff=1.43x
28,08:13:30,29.960,50.210,48.210,39.770,38.370,30.900,0.769,17.159,17.762,0.541,0.791,515.600,740.200,1.436,9.291,14.047,0.592,0.864,20.920,21.582,0.750,0.753,9.283,14.050,0.189,9.526,10.043,0.018,4155.000,58.472,41.796,9.526,51.839,ON,Clear and hot; Hybrid loop operating; Ceff=1.44x
29,08:14:00,29.980,50.440,48.450,39.690,38.300,30.910,0.772,17.145,17.767,0.543,0.793,516.700,742.200,1.437,9.302,14.091,0.593,0.867,20.905,21.587,0.750,0.753,9.310,14.089,0.189,9.533,10.044,0.018,4155.000,58.700,41.846,9.533,51.890,ON,Clear and hot; Hybrid loop operating; Ceff=1.44x
30,08:14:30,30.000,50.670,48.690,39.630,38.250,30.910,0.775,17.131,17.770,0.544,0.796,518.400,745.200,1.437,9.324,14.150,0.595,0.870,20.890,21.590,0.750,0.753,9.319,14.145,0.189,9.512,10.043,0.018,4155.000,58.928,41.840,9.512,51.883,ON,Clear and hot; Hybrid loop operating; Ceff=1.44x
31,08:15:00,30.020,50.900,48.930,39.590,38.210,30.920,0.780,17.117,17.773,0.547,0.800,520.800,749.100,1.438,9.356,14.226,0.597,0.875,20.874,21.593,0.751,0.753,9.363,14.218,0.189,9.512,10.043,0.018,4155.000,59.308,41.890,9.512,51.933,ON,Clear and hot; Hybrid loop operating; Ceff=1.44x
32,08:15:30,30.040,51.140,49.170,39.570,38.190,30.930,0.786,17.103,17.774,0.550,0.805,523.600,753.700,1.439,9.398,14.315,0.601,0.880,20.859,21.594,0.750,0.753,9.407,14.308,0.189,9.505,10.044,0.018,4155.000,59.765,41.955,9.505,51.999,ON,Clear and hot; Hybrid loop operating; Ceff=1.44x
33,08:16:00,30.060,51.380,49.410,39.570,38.190,30.930,0.792,17.088,17.774,0.553,0.811,526.800,758.800,1.440,9.446,14.412,0.604,0.886,20.843,21.594,0.750,0.753,9.450,14.415,0.189,9.491,10.051,0.018,4155.000,60.221,41.991,9.491,52.042,ON,Clear and hot; Hybrid loop operating; Ceff=1.44x
34,08:16:30,30.080,51.640,49.660,39.590,38.200,30.940,0.799,17.073,17.773,0.556,0.816,530.100,764.100,1.441,9.494,14.511,0.608,0.892,20.826,21.593,0.750,0.753,9.493,14.503,0.189,9.475,10.042,0.018,4155.000,60.753,42.068,9.475,52.111,ON,Clear and hot; Hybrid loop operating; Ceff=1.44x
35,08:17:00,30.100,51.900,49.920,39.620,38.230,30.940,0.805,17.058,17.771,0.559,0.822,533.300,769.100,1.442,9.539,14.604,0.611,0.898,20.809,21.591,0.750,0.753,9.535,14.608,0.189,9.460,10.049,0.018,4155.000,61.209,42.109,9.460,52.158,ON,Clear and hot; Hybrid loop operating; Ceff=1.44x
36,08:17:30,30.130,52.170,50.170,39.660,38.270,30.950,0.811,17.042,17.769,0.562,0.826,536.000,773.500,1.443,9.577,14.685,0.614,0.903,20.792,21.589,0.750,0.753,9.578,14.677,0.189,9.454,10.040,0.018,4155.000,61.666,42.181,9.454,52.221,ON,Clear and hot; Hybrid loop operating; Ceff=1.44x
37,08:18:00,30.150,52.430,50.430,39.710,38.310,30.950,0.815,17.027,17.766,0.564,0.830,538.100,777.100,1.444,9.605,14.751,0.616,0.907,20.776,21.586,0.751,0.753,9.603,14.746,0.189,9.443,10.040,0.018,4155.000,61.970,42.193,9.443,52.233,ON,Clear and hot; Hybrid loop operating; Ceff=1.44x
38,08:18:30,30.170,52.680,50.670,39.770,38.360,30.960,0.818,17.012,17.763,0.566,0.833,539.600,779.800,1.445,9.622,14.800,0.618,0.911,20.760,21.582,0.750,0.753,9.629,14.797,0.189,9.441,10.040,0.018,4155.000,62.198,42.202,9.441,52.241,ON,Clear and hot; Hybrid loop operating; Ceff=1.45x
39,08:19:00,30.200,52.920,50.900,39.820,38.400,30.960,0.821,16.998,17.760,0.567,0.835,540.600,781.700,1.446,9.630,14.834,0.619,0.913,20.744,21.579,0.750,0.753,9.638,14.830,0.189,9.433,10.038,0.018,4155.000,62.426,42.254,9.433,52.291,ON,Clear and hot; Hybrid loop operating; Ceff=1.45x
40,08:19:30,30.220,53.140,51.110,39.870,38.450,30.970,0.823,16.986,17.757,0.567,0.837,541.200,783.100,1.447,9.632,14.857,0.620,0.914,20.730,21.576,0.749,0.753,9.631,14.863,0.189,9.416,10.042,0.018,4155.000,62.578,42.281,9.416,52.323,ON,Clear and hot; Hybrid loop operating; Ceff=1.45x
41,08:20:00,30.250,53.330,51.300,39.910,38.490,30.970,0.824,16.974,17.755,0.567,0.838,541.700,784.300,1.448,9.632,14.877,0.620,0.916,20.718,21.574,0.750,0.753,9.624,14.879,0.189,9.400,10.037,0.018,4155.000,62.654,42.267,9.400,52.305,ON,Clear and hot; Hybrid loop operating; Ceff=1.45x
42,08:20:30,30.280,53.500,51.470,39.940,38.520,30.980,0.826,16.964,17.753,0.568,0.839,542.300,785.700,1.449,9.635,14.901,0.621,0.917,20.706,21.571,0.749,0.753,9.636,14.895,0.189,9.401,10.030,0.018,4155.000,62.806,42.294,9.401,52.325,ON,Clear and hot; Hybrid loop operating; Ceff=1.45x
43,08:21:00,30.300,53.650,51.620,39.970,38.540,30.980,0.828,16.955,17.752,0.569,0.841,543.200,787.600,1.450,9.645,14.935,0.622,0.919,20.697,21.570,0.749,0.753,9.647,14.929,0.189,9.397,10.029,0.018,4155.000,62.958,42.295,9.397,52.324,ON,Clear and hot; Hybrid loop operating; Ceff=1.45x
44,08:21:30,30.330,53.780,51.760,39.980,38.560,30.980,0.832,16.947,17.750,0.570,0.844,544.700,790.200,1.451,9.666,14.984,0.623,0.923,20.688,21.569,0.750,0.753,9.660,14.981,0.189,9.383,10.031,0.018,4155.000,63.262,42.359,9.383,52.390,ON,Clear and hot; Hybrid loop operating; Ceff=1.45x
45,08:22:00,30.360,53.890,51.870,39.990,38.580,30.990,0.836,16.941,17.750,0.573,0.848,546.800,793.800,1.452,9.699,15.051,0.626,0.927,20.681,21.568,0.749,0.753,9.707,15.052,0.189,9.393,10.033,0.018,4155.000,63.567,42.370,9.393,52.402,ON,Clear and hot; Hybrid loop operating; Ceff=1.45x
46,08:22:30,30.390,53.980,51.980,40.000,38.600,30.990,0.842,16.935,17.749,0.575,0.853,549.500,798.200,1.453,9.742,15.134,0.629,0.932,20.674,21.567,0.749,0.753,9.738,15.140,0.189,9.376,10.036,0.018,4155.000,64.023,42.439,9.376,52.474,ON,Clear and hot; Hybrid loop operating; Ceff=1.45x
47,08:23:00,30.420,54.070,52.080,40.010,38.620,31.000,0.848,16.929,17.748,0.579,0.858,552.700,803.300,1.453,9.794,15.230,0.632,0.938,20.668,21.566,0.750,0.753,9.802,15.228,0.189,9.383,10.030,0.018,4155.000,64.479,42.470,9.383,52.500,ON,Clear and hot; Hybrid loop operating; Ceff=1.45x
48,08:23:30,30.450,54.160,52.180,40.020,38.640,31.000,0.855,16.924,17.747,0.582,0.864,556.100,808.700,1.454,9.850,15.332,0.636,0.944,20.662,21.565,0.750,0.753,9.850,15.333,0.189,9.372,10.032,0.018,4155.000,65.011,42.534,9.372,52.566,ON,Clear and hot; Hybrid loop operating; Ceff=1.45x
49,08:24:00,30.470,54.250,52.280,40.040,38.660,31.000,0.862,16.918,17.746,0.585,0.870,559.400,814.100,1.455,9.905,15.433,0.640,0.950,20.656,21.564,0.749,0.753,9.897,15.439,0.189,9.361,10.034,0.018,4155.000,65.543,42.598,9.361,52.632,ON,Clear and hot; Hybrid loop operating; Ceff=1.46x
50,08:24:30,30.500,54.340,52.380,40.060,38.690,31.010,0.868,16.912,17.744,0.589,0.875,562.500,819.100,1.456,9.955,15.526,0.643,0.956,20.649,21.562,0.750,0.753,9.961,15.526,0.189,9.370,10.029,0.018,4155.000,66.000,42.633,9.370,52.662,ON,Clear and hot; Hybrid loop operating; Ceff=1.46x
51,08:25:00,30.530,54.450,52.500,40.100,38.730,31.010,0.874,16.905,17.742,0.591,0.880,565.100,823.400,1.457,9.996,15.605,0.646,0.961,20.642,21.559,0.750,0.753,9.991,15.613,0.189,9.354,10.033,0.018,4155.000,66.456,42.703,9.354,52.736,ON,Clear and hot; Hybrid loop operating; Ceff=1.46x
52,08:25:30,30.570,54.580,52.630,40.150,38.780,31.020,0.878,16.898,17.739,0.593,0.883,567.000,826.800,1.458,10.025,15.666,0.648,0.965,20.634,21.556,0.750,0.753,10.021,15.664,0.189,9.351,10.024,0.018,4155.000,66.760,42.722,9.351,52.746,ON,Clear and hot; Hybrid loop operating; Ceff=1.46x
53,08:26:00,30.600,54.710,52.760,40.200,38.840,31.020,0.881,16.890,17.736,0.595,0.886,568.400,829.400,1.459,10.043,15.710,0.650,0.968,20.625,21.553,0.749,0.753,10.050,15.714,0.189,9.355,10.025,0.018,4155.000,66.988,42.734,9.355,52.758,ON,Clear and hot; Hybrid loop operating; Ceff=1.46x
54,08:26:30,30.630,54.860,52.900,40.270,38.900,31.020,0.884,16.881,17.732,0.595,0.888,569.300,831.100,1.460,10.052,15.740,0.651,0.970,20.615,21.548,0.749,0.753,10.044,15.746,0.189,9.335,10.024,0.018,4155.000,67.216,42.792,9.335,52.816,ON,Clear and hot; Hybrid loop operating; Ceff=1.46x
55,08:27:00,30.660,55.020,53.060,40.340,38.970,31.030,0.885,16.872,17.728,0.596,0.889,569.800,832.500,1.461,10.055,15.761,0.651,0.972,20.605,21.544,0.750,0.753,10.056,15.760,0.189,9.337,10.016,0.018,4155.000,67.292,42.768,9.337,52.785,ON,Clear and hot; Hybrid loop operating; Ceff=1.46x
56,08:27:30,30.690,55.180,53.210,40.420,39.040,31.030,0.887,16.862,17.723,0.596,0.890,570.300,833.700,1.462,10.057,15.779,0.652,0.973,20.595,21.539,0.749,0.753,10.050,15.773,0.189,9.324,10.010,0.018,4155.000,67.444,42.803,9.324,52.813,ON,Clear and hot; Hybrid loop operating; Ceff=1.46x
57,08:28:00,30.720,55.350,53.370,40.500,39.110,31.040,0.889,16.853,17.719,0.597,0.892,571.000,835.300,1.463,10.062,15.803,0.652,0.975,20.584,21.534,0.750,0.753,10.061,15.805,0.189,9.323,10.012,0.018,4155.000,67.596,42.817,9.323,52.829,ON,Clear and hot; Hybrid loop operating; Ceff=1.46x
58,08:28:30,30.750,55.510,53.520,40.580,39.190,31.040,0.892,16.843,17.714,0.598,0.894,572.100,837.400,1.464,10.074,15.839,0.654,0.977,20.574,21.529,0.749,0.753,10.072,15.836,0.189,9.315,10.006,0.018,4155.000,67.825,42.854,9.315,52.860,ON,Clear and hot; Hybrid loop operating; Ceff=1.46x
59,08:29:00,30.790,55.680,53.670,40.660,39.260,31.050,0.895,16.834,17.709,0.600,0.897,573.800,840.400,1.465,10.097,15.891,0.656,0.981,20.564,21.524,0.748,0.753,10.100,15.885,0.189,9.314,10.001,0.018,4155.000,68.053,42.845,9.314,52.846,ON,Clear and hot; Hybrid loop operating; Ceff=1.46x
60,08:29:30,30.820,55.830,53.820,40.740,39.330,31.050,0.900,16.825,17.705,0.602,0.901,576.100,844.300,1.466,10.131,15.960,0.658,0.985,20.554,21.519,0.749,0.753,10.129,15.952,0.189,9.302,9.997,0.018,4155.000,68.433,42.885,9.302,52.882,ON,Clear and hot; Hybrid loop operating; Ceff=1.47x
61,08:30:00,30.850,55.970,53.950,40.820,39.400,31.060,0.906,16.817,17.701,0.605,0.906,578.900,849.000,1.467,10.174,16.043,0.661,0.991,20.545,21.514,0.749,0.752,10.174,16.037,0.189,9.299,9.994,0.018,4155.000,68.889,42.932,9.299,52.926,ON,Clear and hot; Hybrid loop operating; Ceff=1.47x
62,08:30:30,30.880,56.090,54.070,40.880,39.470,31.060,0.913,16.809,17.697,0.608,0.912,582.100,854.200,1.468,10.224,16.138,0.665,0.997,20.537,21.510,0.749,0.753,10.220,16.140,0.189,9.289,9.997,0.018,4155.000,69.421,43.000,9.289,52.997,ON,Clear and hot; Hybrid loop operating; Ceff=1.47x
63,08:31:00,30.910,56.200,54.180,40.940,39.530,31.070,0.920,16.803,17.693,0.612,0.918,585.400,859.600,1.468,10.278,16.236,0.668,1.003,20.530,21.506,0.749,0.753,10.283,16.242,0.189,9.294,9.997,0.018,4155.000,69.954,43.058,9.294,53.055,ON,Clear and hot; Hybrid loop operating; Ceff=1.47x
64,08:31:30,30.950,56.300,54.280,40.990,39.580,31.070,0.927,16.797,17.690,0.615,0.923,588.600,864.800,1.469,10.329,16.330,0.672,1.009,20.524,21.503,0.749,0.753,10.330,16.328,0.189,9.286,9.990,0.018,4155.000,70.486,43.125,9.286,53.114,ON,Clear and hot; Hybrid loop operating; Ceff=1.47x
65,08:32:00,30.980,56.380,54.370,41.030,39.630,31.080,0.933,16.792,17.688,0.618,0.928,591.300,869.400,1.470,10.373,16.414,0.675,1.014,20.518,21.500,0.749,0.753,10.377,16.414,0.189,9.286,9.990,0.018,4155.000,70.942,43.174,9.286,53.164,ON,Clear and hot; Hybrid loop operating; Ceff=1.47x
66,08:32:30,31.010,56.450,54.450,41.070,39.670,31.080,0.938,16.788,17.685,0.620,0.932,593.500,873.200,1.471,10.409,16.484,0.678,1.019,20.513,21.497,0.748,0.753,10.409,16.482,0.189,9.279,9.987,0.018,4155.000,71.322,43.216,9.279,53.204,ON,Clear and hot; Hybrid loop operating; Ceff=1.47x
67,08:33:00,31.040,56.500,54.510,41.100,39.710,31.090,0.942,16.784,17.683,0.622,0.935,595.100,876.100,1.472,10.434,16.536,0.679,1.022,20.509,21.495,0.749,0.753,10.440,16.534,0.189,9.282,9.985,0.018,4155.000,71.626,43.257,9.282,53.242,ON,Clear and hot; Hybrid loop operating; Ceff=1.47x
68,08:33:30,31.070,56.560,54.580,41.130,39.740,31.090,0.944,16.781,17.681,0.623,0.937,596.100,878.100,1.473,10.448,16.571,0.680,1.024,20.505,21.493,0.749,0.753,10.455,16.567,0.189,9.280,9.983,0.018,4155.000,71.778,43.250,9.280,53.233,ON,Clear and hot; Hybrid loop operating; Ceff=1.47x
69,08:34:00,31.110,56.610,54.640,41.160,39.780,31.100,0.946,16.777,17.679,0.623,0.939,596.700,879.500,1.474,10.455,16.594,0.681,1.026,20.502,21.491,0.749,0.753,10.452,16.601,0.189,9.268,9.987,0.018,4155.000,71.931,43.273,9.268,53.260,ON,Clear and hot; Hybrid loop operating; Ceff=1.47x
70,08:34:30,31.140,56.670,54.710,41.190,39.820,31.110,0.947,16.773,17.677,0.623,0.940,597.000,880.500,1.475,10.458,16.611,0.681,1.027,20.498,21.489,0.749,0.753,10.450,16.616,0.189,9.261,9.985,0.018,4155.000,72.007,43.269,9.261,53.254,ON,Clear and hot; Hybrid loop operating; Ceff=1.47x
71,08:35:00,31.170,56.740,54.780,41.220,39.860,31.110,0.949,16.769,17.675,0.624,0.941,597.300,881.500,1.476,10.461,16.628,0.682,1.028,20.493,21.486,0.748,0.753,10.464,16.632,0.189,9.269,9.983,0.018,4155.000,72.159,43.312,9.269,53.295,ON,Clear and hot; Hybrid loop operating; Ceff=1.48x
72,08:35:30,31.200,56.820,54.860,41.270,39.900,31.120,0.951,16.764,17.672,0.624,0.942,597.900,883.000,1.477,10.468,16.653,0.682,1.030,20.488,21.483,0.749,0.753,10.461,16.647,0.189,9.257,9.975,0.018,4155.000,72.311,43.329,9.257,53.304,ON,Clear and hot; Hybrid loop operating; Ceff=1.48x
73,08:36:00,31.230,56.910,54.960,41.320,39.960,31.130,0.954,16.759,17.669,0.626,0.945,599.100,885.200,1.478,10.483,16.691,0.684,1.032,20.482,21.479,0.748,0.753,10.491,16.697,0.189,9.265,9.980,0.018,4155.000,72.539,43.358,9.265,53.338,ON,Clear and hot; Hybrid loop operating; Ceff=1.48x
74,08:36:30,31.260,57.020,55.070,41.390,40.020,31.130,0.958,16.752,17.665,0.627,0.948,600.800,888.300,1.479,10.508,16.745,0.686,1.036,20.474,21.475,0.748,0.753,10.504,16.746,0.189,9.250,9.975,0.018,4155.000,72.843,43.388,9.250,53.362,ON,Clear and hot; Hybrid loop operating; Ceff=1.48x
75,08:37:00,31.290,57.150,55.190,41.460,40.090,31.140,0.963,16.745,17.661,0.630,0.952,603.100,892.300,1.480,10.542,16.814,0.688,1.040,20.466,21.471,0.749,0.753,10.549,16.813,0.189,9.255,9.970,0.018,4155.000,73.223,43.419,9.255,53.388,ON,Clear and hot; Hybrid loop operating; Ceff=1.48x
76,08:37:30,31.320,57.290,55.320,41.550,40.170,31.150,0.969,16.737,17.656,0.632,0.957,605.800,896.900,1.480,10.584,16.896,0.691,1.046,20.457,21.465,0.749,0.753,10.578,16.897,0.189,9.239,9.968,0.018,4155.000,73.679,43.465,9.239,53.433,ON,Clear and hot; Hybrid loop operating; Ceff=1.48x
77,08:38:00,31.350,57.440,55.460,41.640,40.250,31.160,0.976,16.728,17.651,0.635,0.962,608.900,902.000,1.481,10.630,16.985,0.695,1.052,20.448,21.460,0.748,0.752,10.622,16.980,0.189,9.230,9.960,0.018,4155.000,74.212,43.531,9.230,53.492,ON,Clear and hot; Hybrid loop operating; Ceff=1.48x
78,08:38:30,31.380,57.600,55.600,41.730,40.340,31.160,0.982,16.719,17.646,0.639,0.968,611.900,907.000,1.482,10.676,17.074,0.698,1.058,20.438,21.454,0.748,0.752,10.683,17.081,0.189,9.238,9.964,0.018,4155.000,74.668,43.558,9.238,53.522,ON,Clear and hot; Hybrid loop operating; Ceff=1.48x
79,08:39:00,31.400,57.750,55.740,41.830,40.420,31.170,0.988,16.710,17.640,0.641,0.973,614.700,911.800,1.483,10.718,17.157,0.701,1.063,20.428,21.448,0.748,0.753,10.711,17.164,0.189,9.220,9.960,0.018,4155.000,75.124,43.593,9.220,53.553,ON,Clear and hot; Hybrid loop operating; Ceff=1.48x
80,08:39:30,31.430,57.900,55.880,41.920,40.500,31.180,0.994,16.702,17.635,0.644,0.977,617.100,915.800,1.484,10.752,17.227,0.704,1.068,20.419,21.442,0.748,0.752,10.756,17.229,0.189,9.222,9.954,0.018,4155.000,75.580,43.666,9.222,53.620,ON,Clear and hot; Hybrid loop operating; Ceff=1.48x
81,08:40:00,31.460,58.030,56.010,42.000,40.580,31.190,0.998,16.694,17.630,0.646,0.980,618.800,919.000,1.485,10.776,17.280,0.705,1.071,20.411,21.437,0.749,0.753,10.784,17.277,0.189,9.221,9.947,0.018,4155.000,75.884,43.689,9.221,53.637,ON,Clear and hot; Hybrid loop operating; Ceff=1.49x
82,08:40:30,31.490,58.150,56.120,42.070,40.650,31.200,1.001,16.687,17.626,0.647,0.982,619.900,921.200,1.486,10.790,17.317,0.707,1.074,20.403,21.432,0.748,0.752,10.796,17.309,0.189,9.215,9.941,0.018,4155.000,76.113,43.716,9.215,53.657,ON,Clear and hot; Hybrid loop operating; Ceff=1.49x
83,08:41:00,31.510,58.250,56.210,42.130,40.710,31.210,1.003,16.682,17.623,0.647,0.984,620.500,922.600,1.487,10.796,17.340,0.707,1.075,20.397,21.429,0.749,0.753,10.793,17.341,0.189,9.203,9.945,0.018,4155.000,76.265,43.737,9.203,53.682,ON,Clear and hot; Hybrid loop operating; Ceff=1.49x
84,08:41:30,31.540,58.330,56.290,42.180,40.760,31.220,1.004,16.677,17.620,0.647,0.985,620.700,923.500,1.488,10.796,17.353,0.707,1.076,20.392,21.425,0.749,0.753,10.790,17.356,0.189,9.198,9.944,0.018,4155.000,76.341,43.738,9.198,53.681,ON,Clear and hot; Hybrid loop operating; Ceff=1.49x
85,08:42:00,31.560,58.380,56.360,42.210,40.790,31.230,1.005,16.673,17.618,0.647,0.986,620.800,924.200,1.489,10.794,17.363,0.708,1.077,20.388,21.423,0.748,0.753,10.787,17.371,0.189,9.194,9.945,0.018,4155.000,76.417,43.748,9.194,53.693,ON,Clear and hot; Hybrid loop operating; Ceff=1.49x
86,08:42:30,31.590,58.420,56.400,42.240,40.820,31.240,1.006,16.671,17.616,0.648,0.986,621.000,925.100,1.490,10.796,17.378,0.708,1.078,20.385,21.421,0.748,0.753,10.803,17.369,0.189,9.204,9.934,0.018,4155.000,76.493,43.749,9.204,53.683,ON,Clear and hot; Hybrid loop operating; Ceff=1.49x
87,08:43:00,31.610,58.460,56.440,42.260,40.850,31.250,1.008,16.669,17.615,0.648,0.988,621.600,926.500,1.491,10.805,17.404,0.708,1.080,20.383,21.420,0.749,0.752,10.802,17.404,0.189,9.194,9.939,0.018,4155.000,76.645,43.770,9.194,53.709,ON,Clear and hot; Hybrid loop operating; Ceff=1.49x
88,08:43:30,31.630,58.480,56.480,42.270,40.870,31.260,1.011,16.667,17.614,0.649,0.990,622.800,928.800,1.491,10.823,17.446,0.710,1.082,20.381,21.419,0.748,0.753,10.817,17.438,0.189,9.189,9.934,0.018,4155.000,76.873,43.791,9.189,53.725,ON,Clear and hot; Hybrid loop operating; Ceff=1.49x
89,08:44:00,31.660,58.510,56.520,42.290,40.900,31.270,1.015,16.665,17.612,0.651,0.994,624.500,932.000,1.492,10.852,17.504,0.712,1.086,20.379,21.417,0.748,0.753,10.849,17.506,0.189,9.192,9.938,0.018,4155.000,77.177,43.814,9.192,53.752,ON,Clear and hot; Hybrid loop operating; Ceff=1.49x
90,08:44:30,31.680,58.540,56.560,42.310,40.920,31.280,1.021,16.663,17.611,0.654,0.998,626.900,936.100,1.493,10.891,17.578,0.714,1.091,20.376,21.416,0.749,0.752,10.898,17.576,0.189,9.198,9.934,0.018,4155.000,77.633,43.880,9.198,53.814,ON,Clear and hot; Hybrid loop operating; Ceff=1.49x
91,08:45:00,31.700,58.590,56.610,42.340,40.960,31.290,1.027,16.660,17.609,0.656,1.003,629.600,940.800,1.494,10.936,17.664,0.717,1.096,20.373,21.414,0.749,0.753,10.929,17.662,0.189,9.184,9.933,0.018,4155.000,78.089,43.917,9.184,53.850,ON,Clear and hot; Hybrid loop operating; Ceff=1.49x
92,08:45:30,31.720,58.650,56.680,42.380,41.000,31.300,1.034,16.656,17.606,0.659,1.008,632.600,945.700,1.495,10.984,17.754,0.721,1.102,20.368,21.411,0.748,0.752,10.976,17.747,0.189,9.180,9.929,0.018,4155.000,78.622,43.987,9.180,53.916,ON,Clear and hot; Hybrid loop operating; Ceff=1.5x
93,08:46:00,31.740,58.740,56.760,42.430,41.050,31.320,1.040,16.651,17.603,0.662,1.014,635.400,950.600,1.496,11.030,17.841,0.724,1.108,20.363,21.407,0.748,0.752,11.023,17.849,0.189,9.179,9.935,0.018,4155.000,79.078,44.015,9.179,53.949,ON,Clear and hot; Hybrid loop operating; Ceff=1.5x
94,08:46:30,31.760,58.830,56.860,42.500,41.110,31.330,1.046,16.645,17.600,0.665,1.018,637.900,954.900,1.497,11.069,17.919,0.727,1.113,20.357,21.404,0.748,0.752,11.069,17.917,0.189,9.181,9.928,0.018,4155.000,79.534,44.069,9.181,53.997,ON,Clear and hot; Hybrid loop operating; Ceff=1.5x
95,08:47:00,31.780,58.950,56.970,42.570,41.180,31.340,1.051,16.638,17.596,0.667,1.022,640.000,958.600,1.498,11.098,17.981,0.729,1.117,20.349,21.399,0.748,0.752,11.098,17.983,0.189,9.175,9.926,0.018,4155.000,79.914,44.109,9.175,54.035,ON,Clear and hot; Hybrid loop operating; Ceff=1.5x
96,08:47:30,31.800,59.080,57.080,42.640,41.250,31.350,1.055,16.631,17.591,0.668,1.025,641.400,961.300,1.499,11.117,18.026,0.731,1.120,20.342,21.394,0.748,0.752,11.110,18.031,0.189,9.164,9.924,0.018,4155.000,80.219,44.152,9.164,54.077,ON,Clear and hot; Hybrid loop operating; Ceff=1.5x
97,08:48:00,31.820,59.210,57.210,42.730,41.320,31.360,1.057,16.623,17.587,0.669,1.027,642.200,963.100,1.500,11.125,18.054,0.731,1.122,20.333,21.389,0.748,0.752,11.121,18.062,0.189,9.162,9.923,0.018,4155.000,80.371,44.153,9.162,54.076,ON,Clear and hot; Hybrid loop operating; Ceff=1.5x
98,08:48:30,31.840,59.340,57.330,42.810,41.390,31.380,1.059,16.616,17.582,0.670,1.028,642.600,964.200,1.501,11.124,18.069,0.732,1.123,20.325,21.384,0.748,0.752,11.133,18.074,0.189,9.166,9.918,0.018,4155.000,80.523,44.186,9.166,54.105,ON,Clear and hot; Hybrid loop operating; Ceff=1.5x
99,08:49:00,31.850,59.470,57.450,42.880,41.460,31.390,1.059,16.609,17.578,0.670,1.028,642.600,964.900,1.501,11.120,18.077,0.732,1.124,20.317,21.379,0.748,0.752,11.128,18.070,0.189,9.163,9.909,0.018,4155.000,80.523,44.154,9.163,54.063,ON,Clear and hot; Hybrid loop operating; Ceff=1.5x
100,08:49:30,31.870,59.590,57.560,42.950,41.530,31.400,1.060,16.602,17.574,0.670,1.029,642.700,965.600,1.502,11.115,18.085,0.732,1.125,20.309,21.375,0.748,0.752,11.123,18.084,0.189,9.157,9.909,0.018,4155.000,80.599,44.164,9.157,54.073,ON,Clear and hot; Hybrid loop operating; Ceff=1.5x
101,08:50:00,31.890,59.700,57.650,43.020,41.580,31.420,1.062,16.596,17.570,0.670,1.030,643.100,966.700,1.503,11.116,18.101,0.732,1.126,20.303,21.371,0.748,0.752,11.119,18.097,0.189,9.148,9.905,0.018,4155.000,80.751,44.197,9.148,54.102,ON,Clear and hot; Hybrid loop operating; Ceff=1.5x
102,08:50:30,31.900,59.790,57.740,43.070,41.630,31.430,1.064,16.590,17.567,0.671,1.032,643.900,968.500,1.504,11.126,18.131,0.733,1.128,20.297,21.368,0.748,0.752,11.132,18.129,0.189,9.147,9.904,0.018,4155.000,80.903,44.198,9.147,54.102,ON,Clear and hot; Hybrid loop operating; Ceff=1.5x
103,08:51:00,31.920,59.860,57.810,43.110,41.670,31.440,1.068,16.586,17.565,0.672,1.035,645.300,971.100,1.505,11.147,18.178,0.734,1.131,20.292,21.365,0.748,0.752,11.146,18.180,0.189,9.139,9.905,0.018,4155.000,81.207,44.245,9.139,54.151,ON,Clear and hot; Hybrid loop operating; Ceff=1.51x
104,08:51:30,31.930,59.910,57.870,43.150,41.710,31.450,1.073,16.583,17.563,0.674,1.039,647.300,974.800,1.506,11.179,18.243,0.737,1.135,20.289,21.363,0.748,0.752,11.177,18.248,0.189,9.136,9.905,0.018,4155.000,81.587,44.284,9.136,54.188,ON,Clear and hot; Hybrid loop operating; Ceff=1.51x
105,08:52:00,31.950,59.960,57.910,43.170,41.740,31.470,1.079,16.580,17.561,0.677,1.043,649.900,979.200,1.507,11.221,18.324,0.740,1.140,20.286,21.361,0.747,0.752,11.225,18.316,0.189,9.138,9.897,0.018,4155.000,82.043,44.331,9.138,54.228,ON,Clear and hot; Hybrid loop operating; Ceff=1.51x
106,08:52:30,31.960,59.980,57.950,43.190,41.760,31.480,1.086,16.578,17.560,0.680,1.049,652.800,984.200,1.508,11.269,18.416,0.743,1.146,20.284,21.360,0.748,0.752,11.273,18.420,0.189,9.137,9.903,0.018,4155.000,82.576,44.392,9.137,54.295,ON,Clear and hot; Hybrid loop operating; Ceff=1.51x
107,08:53:00,31.980,60.000,57.980,43.200,41.780,31.490,1.093,16.577,17.559,0.683,1.054,655.800,989.300,1.509,11.320,18.510,0.746,1.152,20.282,21.359,0.748,0.752,11.322,18.507,0.189,9.135,9.898,0.018,4155.000,83.108,44.448,9.135,54.346,ON,Clear and hot; Hybrid loop operating; Ceff=1.51x
108,08:53:30,31.990,60.020,58.010,43.210,41.800,31.510,1.099,16.575,17.558,0.686,1.059,658.600,994.200,1.509,11.368,18.600,0.750,1.158,20.281,21.358,0.747,0.752,11.370,18.594,0.189,9.135,9.895,0.018,4155.000,83.564,44.472,9.135,54.367,ON,Clear and hot; Hybrid loop operating; Ceff=1.51x
109,08:54:00,32.000,60.040,58.030,43.220,41.820,31.520,1.105,16.574,17.557,0.688,1.064,661.100,998.500,1.510,11.409,18.679,0.752,1.163,20.279,21.357,0.748,0.752,11.403,18.681,0.189,9.126,9.899,0.018,4155.000,84.020,44.522,9.126,54.421,ON,Clear and hot; Hybrid loop operating; Ceff=1.51x
110,08:54:30,32.020,60.060,58.070,43.240,41.840,31.530,1.110,16.572,17.556,0.690,1.068,663.000,1001.900,1.511,11.440,18.742,0.754,1.167,20.277,21.355,0.748,0.752,11.435,18.750,0.189,9.125,9.902,0.018,4155.000,84.401,44.572,9.125,54.473,ON,Clear and hot; Hybrid loop operating; Ceff=1.51x
111,08:55:00,32.030,60.090,58.110,43.260,41.870,31.550,1.113,16.570,17.555,0.692,1.070,664.300,1004.500,1.512,11.461,18.788,0.756,1.170,20.275,21.354,0.748,0.752,11.466,18.784,0.189,9.133,9.894,0.018,4155.000,84.629,44.576,9.133,54.470,ON,Clear and hot; Hybrid loop operating; Ceff=1.51x
112,08:55:30,32.040,60.130,58.150,43.280,41.900,31.560,1.116,16.568,17.553,0.692,1.072,665.000,1006.200,1.513,11.471,18.818,0.757,1.172,20.272,21.352,0.747,0.752,11.465,18.817,0.189,9.122,9.895,0.018,4155.000,84.857,44.621,9.122,54.516,ON,Clear and hot; Hybrid loop operating; Ceff=1.51x
113,08:56:00,32.060,60.190,58.210,43.320,41.930,31.570,1.117,16.564,17.551,0.693,1.073,665.300,1007.300,1.514,11.474,18.836,0.757,1.173,20.268,21.350,0.748,0.752,11.479,18.832,0.189,9.129,9.892,0.018,4155.000,84.933,44.612,9.129,54.504,ON,Clear and hot; Hybrid loop operating; Ceff=1.51x
114,08:56:30,32.070,60.260,58.280,43.360,41.970,31.590,1.118,16.560,17.549,0.693,1.074,665.500,1008.100,1.515,11.474,18.849,0.757,1.174,20.264,21.348,0.748,0.752,11.476,18.848,0.189,9.124,9.892,0.018,4155.000,85.009,44.617,9.124,54.509,ON,Clear and hot; Hybrid loop operating; Ceff=1.51x
115,08:57:00,32.080,60.340,58.360,43.400,42.010,31.600,1.120,16.556,17.546,0.693,1.075,665.800,1009.200,1.516,11.475,18.865,0.757,1.175,20.259,21.345,0.748,0.752,11.473,18.862,0.189,9.118,9.889,0.018,4155.000,85.161,44.648,9.118,54.537,ON,Clear and hot; Hybrid loop operating; Ceff=1.52x
116,08:57:30,32.090,60.430,58.440,43.460,42.060,31.610,1.122,16.550,17.543,0.694,1.077,666.400,1010.700,1.517,11.481,18.890,0.758,1.177,20.253,21.341,0.748,0.752,11.486,18.894,0.189,9.119,9.891,0.018,4155.000,85.313,44.661,9.119,54.552,ON,Clear and hot; Hybrid loop operating; Ceff=1.52x
117,08:58:00,32.100,60.540,58.540,43.520,42.120,31.630,1.125,16.544,17.539,0.695,1.079,667.600,1013.100,1.517,11.496,18.929,0.759,1.179,20.246,21.337,0.748,0.752,11.498,18.925,0.189,9.113,9.884,0.018,4155.000,85.541,44.675,9.113,54.558,ON,Clear and hot; Hybrid loop operating; Ceff=1.52x
118,08:58:30,32.120,60.650,58.640,43.580,42.170,31.640,1.130,16.538,17.536,0.697,1.083,669.400,1016.400,1.518,11.522,18.986,0.761,1.183,20.240,21.333,0.748,0.752,11.527,18.991,0.189,9.111,9.886,0.018,4155.000,85.921,44.727,9.111,54.614,ON,Clear and hot; Hybrid loop operating; Ceff=1.52x
119,08:59:00,32.130,60.760,58.740,43.650,42.230,31.650,1.136,16.532,17.532,0.699,1.087,671.800,1020.600,1.519,11.557,19.061,0.764,1.188,20.233,21.329,0.748,0.752,11.556,19.057,0.189,9.101,9.880,0.018,4155.000,86.377,44.780,9.101,54.660,ON,Clear and hot; Hybrid loop operating; Ceff=1.52x
120,08:59:30,32.140,60.870,58.840,43.710,42.290,31.660,1.142,16.526,17.529,0.702,1.092,674.700,1025.600,1.520,11.601,19.148,0.767,1.194,20.226,21.325,0.748,0.752,11.601,19.142,0.189,9.098,9.875,0.018,4155.000,86.834,44.797,9.098,54.672,ON,Clear and hot; Hybrid loop operating; Ceff=1.52x
121,09:00:00,32.150,60.970,58.930,43.780,42.350,31.680,1.150,16.520,17.525,0.705,1.098,677.800,1030.900,1.521,11.650,19.243,0.771,1.200,20.220,21.322,0.747,0.752,11.647,19.242,0.189,9.092,9.876,0.018,4155.000,87.442,44.879,9.092,54.755,ON,Clear and hot; Hybrid loop operating; Ceff=1.52x
122,09:00:30,32.160,61.060,59.010,43.830,42.400,31.690,1.157,16.515,17.522,0.708,1.104,680.900,1036.300,1.522,11.699,19.338,0.774,1.206,20.214,21.318,0.748,0.752,11.693,19.344,0.189,9.086,9.877,0.018,4155.000,87.974,44.917,9.086,54.793,ON,Clear and hot; Hybrid loop operating; Ceff=1.52x
123,09:01:00,32.180,61.130,59.090,43.880,42.440,31.700,1.164,16.510,17.519,0.711,1.109,683.800,1041.200,1.523,11.744,19.426,0.777,1.212,20.209,21.315,0.748,0.752,11.739,19.429,0.189,9.083,9.873,0.018,4155.000,88.506,44.976,9.083,54.849,ON,Clear and hot; Hybrid loop operating; Ceff=1.52x
124,09:01:30,32.190,61.190,59.150,43.910,42.480,31.710,1.170,16.507,17.517,0.714,1.113,686.100,1045.400,1.524,11.781,19.502,0.780,1.217,20.205,21.313,0.748,0.752,11.786,19.496,0.189,9.089,9.868,0.018,4155.000,88.963,45.026,9.089,54.894,ON,Clear and hot; Hybrid loop operating; Ceff=1.52x
125,09:02:00,32.200,61.230,59.200,43.940,42.510,31.730,1.175,16.504,17.515,0.716,1.117,687.900,1048.700,1.524,11.810,19.561,0.782,1.221,20.202,21.311,0.748,0.752,11.817,19.564,0.189,9.089,9.871,0.018,4155.000,89.343,45.076,9.089,54.947,ON,Clear and hot; Hybrid loop operating; Ceff=1.52x
126,09:02:30,32.210,61.260,59.230,43.950,42.530,31.740,1.178,16.502,17.514,0.717,1.119,689.100,1051.100,1.525,11.828,19.604,0.783,1.223,20.200,21.310,0.748,0.752,11.832,19.598,0.189,9.085,9.865,0.018,4155.000,89.571,45.088,9.085,54.953,ON,Clear and hot; Hybrid loop operating; Ceff=1.53x
127,09:03:00,32.230,61.270,59.250,43.960,42.550,31.750,1.180,16.501,17.513,0.717,1.121,689.800,1052.700,1.526,11.839,19.634,0.784,1.225,20.199,21.309,0.748,0.752,11.831,19.632,0.189,9.075,9.867,0.018,4155.000,89.723,45.096,9.075,54.963,ON,Clear and hot; Hybrid loop operating; Ceff=1.53x
128,09:03:30,32.240,61.270,59.270,43.960,42.560,31.760,1.182,16.501,17.513,0.718,1.122,690.100,1053.900,1.527,11.844,19.654,0.784,1.227,20.199,21.308,0.748,0.752,11.848,19.650,0.189,9.084,9.865,0.018,4155.000,89.875,45.121,9.084,54.986,ON,Clear and hot; Hybrid loop operating; Ceff=1.53x
129,09:04:00,32.260,61.270,59.280,43.960,42.570,31.770,1.183,16.500,17.513,0.718,1.123,690.400,1054.900,1.528,11.848,19.673,0.785,1.228,20.198,21.308,0.747,0.752,11.847,19.667,0.189,9.079,9.864,0.018,4155.000,89.951,45.116,9.079,54.981,ON,Clear and hot; Hybrid loop operating; Ceff=1.53x
130,09:04:30,32.270,61.280,59.290,43.960,42.580,31.780,1.185,16.500,17.513,0.719,1.125,690.900,1056.200,1.529,11.856,19.697,0.785,1.229,20.198,21.308,0.748,0.752,11.864,19.702,0.189,9.085,9.870,0.018,4155.000,90.103,45.137,9.085,55.007,ON,Clear and hot; Hybrid loop operating; Ceff=1.53x
131,09:05:00,32.280,61.290,59.310,43.970,42.590,31.790,1.188,16.499,17.512,0.719,1.127,691.800,1058.200,1.530,11.871,19.733,0.786,1.232,20.197,21.307,0.748,0.752,11.863,19.736,0.189,9.073,9.868,0.018,4155.000,90.331,45.166,9.073,55.034,ON,Clear and hot; Hybrid loop operating; Ceff=1.53x
132,09:05:30,32.300,61.310,59.340,43.980,42.610,31.800,1.192,16.497,17.511,0.721,1.130,693.200,1061.000,1.531,11.894,19.785,0.788,1.235,20.195,21.306,0.747,0.752,11.894,19.787,0.189,9.079,9.868,0.018,4155.000,90.636,45.198,9.079,55.066,ON,Clear and hot; Hybrid loop operating; Ceff=1.53x
133,09:06:00,32.310,61.350,59.380,44.010,42.630,31.810,1.197,16.495,17.510,0.723,1.134,695.300,1064.800,1.531,11.928,19.853,0.790,1.239,20.192,21.305,0.748,0.752,11.926,19.856,0.189,9.075,9.867,0.018,4155.000,91.016,45.226,9.075,55.092,ON,Clear and hot; Hybrid loop operating; Ceff=1.53x
134,09:06:30,32.330,61.410,59.440,44.040,42.670,31.820,1.204,16.492,17.507,0.726,1.139,697.900,1069.400,1.532,11.970,19.936,0.793,1.244,20.189,21.302,0.748,0.752,11.973,19.940,0.189,9.077,9.866,0.018,4155.000,91.548,45.295,9.077,55.160,ON,Clear and hot; Hybrid loop operating; Ceff=1.53x
135,09:07:00,32.350,61.480,59.520,44.090,42.720,31.830,1.211,16.487,17.505,0.729,1.144,700.900,1074.600,1.533,12.017,20.029,0.797,1.251,20.184,21.299,0.747,0.752,12.019,20.026,0.189,9.073,9.860,0.018,4155.000,92.080,45.338,9.073,55.198,ON,Clear and hot; Hybrid loop operating; Ceff=1.53x
136,09:07:30,32.360,61.580,59.610,44.150,42.770,31.840,1.219,16.481,17.501,0.732,1.150,704.100,1080.000,1.534,12.066,20.125,0.800,1.257,20.178,21.295,0.747,0.752,12.064,20.126,0.189,9.066,9.860,0.018,4155.000,92.688,45.409,9.066,55.269,ON,Clear and hot; Hybrid loop operating; Ceff=1.53x
137,09:08:00,32.380,61.690,59.710,44.220,42.840,31.850,1.226,16.475,17.497,0.735,1.155,707.100,1085.200,1.535,12.112,20.217,0.803,1.263,20.171,21.291,0.748,0.752,12.109,20.209,0.189,9.061,9.853,0.018,4155.000,93.221,45.451,9.061,55.304,ON,Clear and hot; Hybrid loop operating; Ceff=1.53x
138,09:08:30,32.400,61.810,59.820,44.300,42.900,31.860,1.233,16.468,17.493,0.738,1.160,709.700,1089.900,1.536,12.151,20.298,0.806,1.268,20.163,21.286,0.748,0.752,12.153,20.292,0.189,9.061,9.851,0.018,4155.000,93.753,45.513,9.061,55.364,ON,Clear and hot; Hybrid loop operating; Ceff=1.54x
139,09:09:00,32.410,61.930,59.930,44.370,42.970,31.870,1.238,16.462,17.489,0.740,1.164,711.800,1093.700,1.537,12.180,20.363,0.809,1.273,20.156,21.282,0.747,0.752,12.182,20.357,0.189,9.055,9.848,0.018,4155.000,94.133,45.539,9.055,55.387,ON,Clear and hot; Hybrid loop operating; Ceff=1.54x
140,09:09:30,32.430,62.050,60.040,44.440,43.040,31.870,1.242,16.455,17.484,0.741,1.167,713.300,1096.600,1.537,12.199,20.411,0.810,1.276,20.148,21.277,0.747,0.752,12.193,20.404,0.189,9.044,9.845,0.018,4155.000,94.437,45.565,9.044,55.410,ON,Clear and hot; Hybrid loop operating; Ceff=1.54x
141,09:10:00,32.450,62.150,60.140,44.510,43.100,31.880,1.245,16.449,17.481,0.742,1.169,714.200,1098.600,1.538,12.209,20.441,0.811,1.278,20.142,21.273,0.747,0.752,12.205,20.435,0.189,9.042,9.842,0.018,4155.000,94.665,45.592,9.042,55.434,ON,Clear and hot; Hybrid loop operating; Ceff=1.54x
142,09:10:30,32.470,62.250,60.220,44.570,43.150,31.890,1.247,16.443,17.477,0.743,1.171,714.600,1099.800,1.539,12.211,20.460,0.812,1.279,20.136,21.269,0.747,0.752,12.217,20.466,0.189,9.046,9.846,0.018,4155.000,94.818,45.616,9.046,55.461,ON,Clear and hot; Hybrid loop operating; Ceff=1.54x
143,09:11:00,32.490,62.320,60.300,44.620,43.200,31.900,1.248,16.439,17.475,0.743,1.172,714.800,1100.700,1.540,12.210,20.472,0.812,1.280,20.131,21.266,0.747,0.752,12.214,20.481,0.189,9.041,9.845,0.018,4155.000,94.894,45.615,9.041,55.460,ON,Clear and hot; Hybrid loop operating; Ceff=1.54x
144,09:11:30,32.510,62.380,60.350,44.650,43.240,31.900,1.249,16.436,17.472,0.743,1.172,715.000,1101.600,1.541,12.210,20.486,0.812,1.281,20.127,21.264,0.747,0.752,12.212,20.477,0.189,9.037,9.835,0.018,4155.000,94.970,45.614,9.037,55.449,ON,Clear and hot; Hybrid loop operating; Ceff=1.54x
145,09:12:00,32.530,62.410,60.400,44.680,43.270,31.910,1.251,16.433,17.471,0.743,1.174,715.400,1103.000,1.542,12.216,20.509,0.812,1.283,20.125,21.262,0.748,0.752,12.210,20.511,0.189,9.030,9.839,0.018,4155.000,95.122,45.629,9.030,55.468,ON,Clear and hot; Hybrid loop operating; Ceff=1.54x
146,09:12:30,32.550,62.440,60.430,44.700,43.290,31.920,1.254,16.432,17.470,0.744,1.176,716.400,1105.000,1.543,12.230,20.545,0.813,1.285,20.123,21.261,0.748,0.752,12.225,20.545,0.189,9.029,9.837,0.018,4155.000,95.350,45.656,9.029,55.493,ON,Clear and hot; Hybrid loop operating; Ceff=1.54x
147,09:13:00,32.580,62.450,60.450,44.710,43.300,31.920,1.258,16.431,17.469,0.746,1.179,717.900,1108.000,1.543,12.256,20.600,0.815,1.289,20.122,21.260,0.747,0.752,12.258,20.596,0.189,9.034,9.835,0.018,4155.000,95.654,45.677,9.034,55.513,ON,Clear and hot; Hybrid loop operating; Ceff=1.54x
148,09:13:30,32.600,62.450,60.460,44.710,43.320,31.930,1.264,16.430,17.468,0.748,1.183,720.000,1111.900,1.544,12.292,20.671,0.818,1.293,20.121,21.259,0.747,0.752,12.290,20.665,0.189,9.031,9.833,0.018,4155.000,96.110,45.734,9.031,55.568,ON,Clear and hot; Hybrid loop operating; Ceff=1.54x
149,09:14:00,32.620,62.460,60.480,44.720,43.340,31.930,1.270,16.429,17.467,0.751,1.188,722.700,1116.500,1.545,12.335,20.756,0.821,1.299,20.120,21.258,0.747,0.752,12.338,20.751,0.189,9.033,9.834,0.018,4155.000,96.566,45.762,9.033,55.596,ON,Clear and hot; Hybrid loop operating; Ceff=1.55x
150,09:14:30,32.650,62.470,60.500,44.730,43.360,31.940,1.278,16.428,17.466,0.754,1.194,725.500,1121.600,1.546,12.384,20.849,0.824,1.305,20.119,21.257,0.747,0.752,12.387,20.854,0.189,9.034,9.838,0.018,4155.000,97.175,45.841,9.034,55.679,ON,Clear and hot; Hybrid loop operating; Ceff=1.55x
151,09:15:00,32.670,62.490,60.530,44.750,43.380,31.950,1.285,16.427,17.465,0.757,1.199,728.500,1126.700,1.547,12.432,20.942,0.827,1.310,20.118,21.256,0.747,0.752,12.435,20.941,0.189,9.032,9.834,0.018,4155.000,97.707,45.883,9.032,55.717,ON,Clear and hot; Hybrid loop operating; Ceff=1.55x
152,09:15:30,32.690,62.530,60.580,44.780,43.420,31.950,1.292,16.424,17.463,0.760,1.204,731.100,1131.500,1.548,12.476,21.028,0.830,1.316,20.115,21.254,0.747,0.752,12.482,21.025,0.189,9.033,9.832,0.018,4155.000,98.239,45.938,9.033,55.769,ON,Clear and hot; Hybrid loop operating; Ceff=1.55x
153,09:16:00,32.720,62.580,60.630,44.820,43.460,31.950,1.298,16.421,17.461,0.762,1.208,733.400,1135.500,1.548,12.511,21.100,0.833,1.321,20.111,21.251,0.747,0.752,12.513,21.093,0.189,9.027,9.828,0.018,4155.000,98.695,45.988,9.027,55.817,ON,Clear and hot; Hybrid loop operating; Ceff=1.55x
154,09:16:30,32.750,62.650,60.700,44.870,43.510,31.960,1.302,16.417,17.458,0.764,1.212,735.000,1138.700,1.549,12.535,21.154,0.834,1.324,20.107,21.248,0.747,0.752,12.543,21.159,0.189,9.029,9.832,0.018,4155.000,99.000,46.000,9.029,55.832,ON,Clear and hot; Hybrid loop operating; Ceff=1.55x
155,09:17:00,32.770,62.740,60.790,44.930,43.570,31.960,1.305,16.412,17.454,0.764,1.214,736.000,1140.900,1.550,12.547,21.189,0.836,1.327,20.101,21.244,0.747,0.752,12.539,21.189,0.189,9.014,9.827,0.018,4155.000,99.228,46.018,9.014,55.844,ON,Clear and hot; Hybrid loop operating; Ceff=1.55x
156,09:17:30,32.800,62.840,60.880,45.000,43.630,31.970,1.307,16.406,17.451,0.765,1.215,736.500,1142.200,1.551,12.549,21.207,0.836,1.328,20.095,21.240,0.747,0.752,12.551,21.203,0.189,9.016,9.822,0.018,4155.000,99.380,46.036,9.016,55.857,ON,Clear and hot; Hybrid loop operating; Ceff=1.55x
157,09:18:00,32.820,62.950,60.980,45.070,43.690,31.970,1.308,16.400,17.446,0.765,1.216,736.500,1142.900,1.552,12.544,21.214,0.836,1.329,20.088,21.235,0.747,0.752,12.546,21.214,0.189,9.013,9.821,0.018,4155.000,99.456,46.043,9.013,55.864,ON,Clear and hot; Hybrid loop operating; Ceff=1.55x
158,09:18:30,32.850,63.060,61.090,45.150,43.760,31.970,1.309,16.393,17.442,0.765,1.216,736.400,1143.300,1.553,12.536,21.216,0.836,1.329,20.081,21.231,0.747,0.752,12.541,21.209,0.189,9.010,9.815,0.018,4155.000,99.532,46.062,9.010,55.877,ON,Clear and hot; Hybrid loop operating; Ceff=1.55x
159,09:19:00,32.880,63.180,61.190,45.220,43.830,31.980,1.310,16.387,17.438,0.765,1.217,736.500,1144.000,1.553,12.530,21.222,0.836,1.330,20.073,21.226,0.747,0.752,12.536,21.222,0.189,9.006,9.815,0.018,4155.000,99.608,46.069,9.006,55.884,ON,Clear and hot; Hybrid loop operating; Ceff=1.55x
160,09:19:30,32.910,63.300,61.300,45.300,43.900,31.980,1.312,16.380,17.434,0.765,1.218,736.900,1145.200,1.554,12.531,21.239,0.836,1.331,20.066,21.221,0.747,0.752,12.531,21.235,0.189,8.997,9.811,0.018,4155.000,99.760,46.091,8.997,55.901,ON,Clear and hot; Hybrid loop operating; Ceff=1.55x
161,09:20:00,32.940,63.410,61.400,45.370,43.960,31.980,1.315,16.374,17.429,0.766,1.220,737.800,1147.300,1.555,12.541,21.271,0.837,1.334,20.060,21.217,0.747,0.752,12.542,21.263,0.189,8.995,9.806,0.018,4155.000,99.988,46.111,8.995,55.918,ON,Clear and hot; Hybrid loop operating; Ceff=1.56x
162,09:20:30,32.960,63.500,61.490,45.440,44.020,31.990,1.319,16.368,17.426,0.767,1.224,739.300,1150.300,1.556,12.561,21.321,0.839,1.337,20.053,21.213,0.747,0.752,12.554,21.329,0.189,8.985,9.811,0.018,4155.000,100.292,46.131,8.985,55.942,ON,Clear and hot; Hybrid loop operating; Ceff=1.56x
163,09:21:00,32.990,63.590,61.570,45.500,44.080,31.990,1.325,16.363,17.422,0.770,1.228,741.400,1154.200,1.557,12.592,21.387,0.841,1.342,20.048,21.209,0.747,0.751,12.600,21.394,0.189,8.992,9.807,0.018,4155.000,100.748,46.184,8.992,55.992,ON,Clear and hot; Hybrid loop operating; Ceff=1.56x
164,09:21:30,33.020,63.660,61.640,45.550,44.130,31.990,1.331,16.359,17.419,0.772,1.232,744.000,1158.700,1.557,12.631,21.467,0.844,1.347,20.043,21.206,0.747,0.752,12.629,21.460,0.189,8.981,9.799,0.018,4155.000,101.205,46.213,8.981,56.013,ON,Clear and hot; Hybrid loop operating; Ceff=1.56x
165,09:22:00,33.050,63.720,61.700,45.590,44.180,32.000,1.338,16.356,17.417,0.775,1.237,746.700,1163.500,1.558,12.674,21.552,0.847,1.352,20.040,21.203,0.747,0.752,12.676,21.545,0.189,8.982,9.797,0.018,4155.000,101.737,46.265,8.982,56.062,ON,Clear and hot; Hybrid loop operating; Ceff=1.56x
166,09:22:30,33.080,63.760,61.750,45.630,44.220,32.000,1.345,16.353,17.414,0.778,1.242,749.300,1168.300,1.559,12.716,21.637,0.850,1.358,20.037,21.200,0.747,0.752,12.723,21.628,0.189,8.984,9.795,0.018,4155.000,102.269,46.316,8.984,56.111,ON,Clear and hot; Hybrid loop operating; Ceff=1.56x
167,09:23:00,33.110,63.790,61.790,45.660,44.250,32.000,1.351,16.351,17.412,0.780,1.247,751.700,1172.500,1.560,12.754,21.712,0.852,1.363,20.034,21.198,0.747,0.751,12.754,21.713,0.189,8.977,9.798,0.018,4155.000,102.725,46.356,8.977,56.154,ON,Clear and hot; Hybrid loop operating; Ceff=1.56x
168,09:23:30,33.140,63.820,61.820,45.680,44.280,32.000,1.356,16.349,17.411,0.782,1.251,753.500,1176.000,1.561,12.783,21.774,0.855,1.367,20.032,21.196,0.746,0.751,12.785,21.781,0.189,8.977,9.800,0.018,4155.000,103.105,46.389,8.977,56.188,ON,Clear and hot; Hybrid loop operating; Ceff=1.56x
169,09:24:00,33.170,63.840,61.850,45.710,44.320,32.000,1.360,16.347,17.409,0.783,1.253,754.700,1178.500,1.562,12.802,21.817,0.856,1.370,20.031,21.194,0.747,0.751,12.800,21.813,0.189,8.974,9.793,0.018,4155.000,103.410,46.427,8.974,56.220,ON,Clear and hot; Hybrid loop operating; Ceff=1.56x
170,09:24:30,33.200,63.860,61.880,45.730,44.340,32.010,1.362,16.346,17.407,0.784,1.255,755.300,1180.100,1.562,12.811,21.844,0.857,1.371,20.029,21.193,0.746,0.752,12.815,21.846,0.189,8.977,9.795,0.018,4155.000,103.562,46.432,8.977,56.227,ON,Clear and hot; Hybrid loop operating; Ceff=1.56x
171,09:25:00,33.230,63.890,61.920,45.750,44.380,32.010,1.363,16.344,17.406,0.784,1.256,755.400,1180.800,1.563,12.811,21.856,0.857,1.372,20.027,21.191,0.746,0.752,12.814,21.862,0.189,8.975,9.796,0.018,4155.000,103.638,46.439,8.975,56.235,ON,Clear and hot; Hybrid loop operating; Ceff=1.56x
172,09:25:30,33.260,63.920,61.960,45.780,44.410,32.010,1.364,16.342,17.404,0.784,1.256,755.300,1181.200,1.564,12.806,21.859,0.856,1.373,20.025,21.189,0.747,0.751,12.812,21.859,0.189,8.975,9.792,0.018,4155.000,103.714,46.457,8.975,56.249,ON,Clear and hot; Hybrid loop operating; Ceff=1.56x
173,09:26:00,33.290,63.960,62.000,45.820,44.450,32.010,1.364,16.339,17.402,0.783,1.256,755.100,1181.500,1.565,12.800,21.861,0.856,1.373,20.022,21.186,0.747,0.752,12.793,21.857,0.189,8.964,9.788,0.018,4155.000,103.714,46.445,8.964,56.233,ON,Clear and hot; Hybrid loop operating; Ceff=1.56x
174,09:26:30,33.320,64.020,62.060,45.860,44.490,32.020,1.365,16.336,17.399,0.783,1.257,755.100,1182.100,1.566,12.797,21.870,0.856,1.374,20.018,21.183,0.747,0.751,12.791,21.871,0.189,8.963,9.789,0.018,4155.000,103.790,46.456,8.963,56.245,ON,Clear and hot; Hybrid loop operating; Ceff=1.57x
175,09:27:00,33.350,64.100,62.140,45.920,44.540,32.020,1.367,16.331,17.396,0.784,1.258,755.600,1183.500,1.566,12.801,21.890,0.857,1.375,20.013,21.180,0.746,0.752,12.804,21.884,0.189,8.966,9.784,0.018,4155.000,103.942,46.469,8.966,56.252,ON,Clear and hot; Hybrid loop operating; Ceff=1.57x
176,09:27:30,33.380,64.190,62.220,45.980,44.600,32.020,1.371,16.326,17.392,0.785,1.261,756.700,1185.800,1.567,12.814,21.927,0.858,1.378,20.007,21.176,0.746,0.751,12.816,21.931,0.189,8.961,9.786,0.018,4155.000,104.246,46.514,8.961,56.300,ON,Clear and hot; Hybrid loop operating; Ceff=1.57x
177,09:28:00,33.410,64.300,62.320,46.060,44.670,32.020,1.376,16.320,17.388,0.787,1.264,758.400,1189.100,1.568,12.837,21.981,0.860,1.382,20.000,21.171,0.746,0.751,12.844,21.978,0.189,8.961,9.779,0.018,4155.000,104.626,46.554,8.961,56.334,ON,Clear and hot; Hybrid loop operating; Ceff=1.57x
178,09:28:30,33.440,64.420,62.430,46.140,44.740,32.020,1.382,16.313,17.383,0.789,1.268,760.600,1193.200,1.569,12.868,22.049,0.862,1.386,19.993,21.166,0.747,0.752,12.871,22.042,0.189,8.953,9.774,0.018,4155.000,105.082,46.597,8.953,56.371,ON,Clear and hot; Hybrid loop operating; Ceff=1.57x
179,09:29:00,33.470,64.540,62.540,46.220,44.820,32.030,1.388,16.306,17.379,0.791,1.273,763.200,1197.800,1.570,12.904,22.128,0.865,1.392,19.985,21.161,0.746,0.751,12.898,22.123,0.189,8.942,9.773,0.018,4155.000,105.539,46.619,8.942,56.392,ON,Clear and hot; Hybrid loop operating; Ceff=1.57x
180,09:29:30,33.500,64.670,62.660,46.310,44.900,32.030,1.396,16.299,17.374,0.794,1.278,765.900,1202.700,1.570,12.943,22.209,0.868,1.397,19.977,21.155,0.746,0.751,12.941,22.204,0.189,8.940,9.768,0.018,4155.000,106.147,46.697,8.940,56.465,ON,Clear and hot; Hybrid loop operating; Ceff=1.57x
181,09:30:00,33.530,64.800,62.770,46.400,44.980,32.030,1.402,16.292,17.369,0.797,1.283,768.400,1207.300,1.571,12.979,22.286,0.871,1.402,19.969,21.150,0.746,0.752,12.985,22.284,0.189,8.941,9.766,0.018,4155.000,106.603,46.719,8.941,56.485,ON,Clear and hot; Hybrid loop operating; Ceff=1.57x
182,09:30:30,33.560,64.910,62.880,46.480,45.050,32.030,1.408,16.285,17.364,0.799,1.287,770.600,1211.300,1.572,13.009,22.353,0.873,1.407,19.962,21.145,0.746,0.751,13.012,22.347,0.189,8.934,9.761,0.018,4155.000,107.059,46.764,8.934,56.525,ON,Clear and hot; Hybrid loop operating; Ceff=1.57x
183,09:31:00,33.590,65.010,62.970,46.550,45.120,32.040,1.413,16.279,17.360,0.800,1.291,772.200,1214.400,1.573,13.030,22.404,0.875,1.410,19.956,21.141,0.746,0.752,13.023,22.412,0.189,8.923,9.765,0.018,4155.000,107.440,46.810,8.923,56.575,ON,Clear and hot; Hybrid loop operating; Ceff=1.57x
184,09:31:30,33.620,65.100,63.050,46.610,45.180,32.040,1.416,16.274,17.356,0.801,1.293,773.200,1216.600,1.573,13.042,22.439,0.876,1.413,19.950,21.137,0.746,0.751,13.035,22.441,0.189,8.920,9.760,0.018,4155.000,107.668,46.825,8.920,56.585,ON,Clear and hot; Hybrid loop operating; Ceff=1.57x
185,09:32:00,33.640,65.160,63.120,46.660,45.230,32.040,1.418,16.270,17.353,0.802,1.294,773.600,1217.900,1.574,13.045,22.458,0.876,1.414,19.946,21.133,0.747,0.752,13.049,22.455,0.189,8.924,9.755,0.018,4155.000,107.820,46.841,8.924,56.596,ON,Clear and hot; Hybrid loop operating; Ceff=1.57x
186,09:32:30,33.670,65.200,63.170,46.700,45.270,32.040,1.419,16.268,17.351,0.802,1.295,773.700,1218.500,1.575,13.043,22.466,0.876,1.415,19.943,21.131,0.747,0.751,13.047,22.470,0.189,8.922,9.757,0.018,4155.000,107.896,46.851,8.922,56.608,ON,Clear and hot; Hybrid loop operating; Ceff=1.58x
187,09:33:00,33.700,65.230,63.200,46.720,45.300,32.050,1.420,16.266,17.349,0.802,1.295,773.500,1218.900,1.576,13.039,22.470,0.876,1.415,19.941,21.129,0.746,0.752,13.045,22.467,0.189,8.923,9.752,0.018,4155.000,107.972,46.868,8.923,56.621,ON,Clear and hot; Hybrid loop operating; Ceff=1.58x
188,09:33:30,33.720,65.250,63.230,46.740,45.320,32.050,1.420,16.265,17.348,0.802,1.296,773.500,1219.400,1.577,13.036,22.478,0.876,1.416,19.940,21.128,0.746,0.751,13.045,22.483,0.189,8.923,9.755,0.018,4155.000,107.972,46.849,8.923,56.605,ON,Clear and hot; Hybrid loop operating; Ceff=1.58x
189,09:34:00,33.750,65.260,63.250,46.750,45.340,32.050,1.422,16.264,17.347,0.802,1.297,773.700,1220.500,1.577,13.040,22.496,0.876,1.417,19.939,21.127,0.747,0.751,13.044,22.499,0.189,8.920,9.754,0.018,4155.000,108.124,46.873,8.920,56.627,ON,Clear and hot; Hybrid loop operating; Ceff=1.58x
190,09:34:30,33.770,65.260,63.260,46.760,45.360,32.060,1.425,16.263,17.346,0.803,1.299,774.500,1222.400,1.578,13.053,22.529,0.877,1.419,19.938,21.126,0.746,0.752,13.059,22.532,0.189,8.921,9.753,0.018,4155.000,108.352,46.899,8.921,56.652,ON,Clear and hot; Hybrid loop operating; Ceff=1.58x
191,09:35:00,33.800,65.280,63.290,46.780,45.390,32.060,1.429,16.262,17.345,0.804,1.302,776.000,1225.200,1.579,13.076,22.579,0.879,1.423,19.937,21.124,0.746,0.751,13.075,22.583,0.189,8.915,9.753,0.018,4155.000,108.656,46.923,8.915,56.675,ON,Clear and hot; Hybrid loop operating; Ceff=1.58x
192,09:35:30,33.820,65.300,63.320,46.800,45.410,32.070,1.435,16.260,17.344,0.806,1.306,778.000,1229.000,1.580,13.109,22.647,0.881,1.427,19.935,21.123,0.746,0.751,13.106,22.651,0.189,8.913,9.752,0.018,4155.000,109.112,46.974,8.913,56.726,ON,Clear and hot; Hybrid loop operating; Ceff=1.58x
193,09:36:00,33.850,65.340,63.360,46.840,45.450,32.070,1.441,16.258,17.342,0.809,1.311,780.500,1233.600,1.580,13.149,22.728,0.884,1.432,19.932,21.120,0.746,0.751,13.153,22.735,0.189,8.916,9.751,0.018,4155.000,109.569,46.995,8.916,56.746,ON,Clear and hot; Hybrid loop operating; Ceff=1.58x
194,09:36:30,33.870,65.400,63.420,46.880,45.500,32.080,1.449,16.254,17.339,0.812,1.316,783.300,1238.600,1.581,13.192,22.816,0.887,1.438,19.929,21.118,0.746,0.751,13.198,22.818,0.189,8.915,9.747,0.018,4155.000,110.177,47.065,8.915,56.812,ON,Clear and hot; Hybrid loop operating; Ceff=1.58x
195,09:37:00,33.890,65.470,63.490,46.930,45.550,32.080,1.456,16.250,17.336,0.814,1.321,786.100,1243.600,1.582,13.235,22.903,0.890,1.444,19.924,21.114,0.746,0.751,13.228,22.901,0.189,8.903,9.743,0.018,4155.000,110.709,47.102,8.903,56.846,ON,Clear and hot; Hybrid loop operating; Ceff=1.58x
196,09:37:30,33.920,65.570,63.580,47.000,45.610,32.080,1.463,16.244,17.332,0.817,1.326,788.700,1248.300,1.583,13.272,22.983,0.893,1.449,19.918,21.110,0.746,0.751,13.271,22.982,0.189,8.903,9.741,0.018,4155.000,111.241,47.150,8.903,56.892,ON,Clear and hot; Hybrid loop operating; Ceff=1.58x
197,09:38:00,33.940,65.680,63.680,47.080,45.680,32.090,1.469,16.238,17.328,0.819,1.330,790.800,1252.200,1.584,13.301,23.048,0.895,1.454,19.911,21.105,0.746,0.751,13.299,23.046,0.189,8.898,9.738,0.018,4155.000,111.698,47.196,8.898,56.934,ON,Clear and hot; Hybrid loop operating; Ceff=1.58x
198,09:38:30,33.960,65.800,63.790,47.160,45.750,32.100,1.474,16.231,17.323,0.821,1.333,792.300,1255.200,1.584,13.319,23.095,0.897,1.457,19.903,21.100,0.746,0.751,13.326,23.092,0.189,8.899,9.734,0.018,4155.000,112.078,47.244,8.899,56.978,ON,Clear and hot; Hybrid loop operating; Ceff=1.58x
199,09:39:00,33.980,65.920,63.910,47.240,45.830,32.100,1.477,16.224,17.318,0.821,1.335,793.200,1257.200,1.585,13.327,23.125,0.898,1.459,19.896,21.095,0.746,0.751,13.320,23.120,0.189,8.885,9.730,0.018,4155.000,112.306,47.265,8.885,56.995,ON,Clear and hot; Hybrid loop operating; Ceff=1.59x
200,09:39:30,34.000,66.040,64.020,47.320,45.900,32.110,1.479,16.217,17.314,0.822,1.336,793.600,1258.400,1.586,13.327,23.140,0.898,1.461,19.888,21.090,0.746,0.751,13.330,23.132,0.189,8.887,9.726,0.018,4155.000,112.458,47.284,8.887,57.009,ON,Clear and hot; Hybrid loop operating; Ceff=1.59x
201,09:40:00,34.020,66.160,64.120,47.390,45.960,32.110,1.480,16.211,17.310,0.822,1.337,793.600,1259.100,1.587,13.321,23.146,0.898,1.461,19.881,21.085,0.746,0.751,13.325,23.143,0.189,8.884,9.725,0.018,4155.000,112.534,47.289,8.884,57.015,ON,Clear and hot; Hybrid loop operating; Ceff=1.59x
202,09:40:30,34.040,66.260,64.210,47.460,46.020,32.120,1.481,16.205,17.306,0.822,1.338,793.600,1259.700,1.587,13.315,23.150,0.898,1.462,19.875,21.081,0.746,0.751,13.321,23.155,0.189,8.881,9.726,0.018,4155.000,112.610,47.299,8.881,57.024,ON,Clear and hot; Hybrid loop operating; Ceff=1.59x
203,09:41:00,34.060,66.340,64.290,47.510,46.080,32.130,1.482,16.200,17.303,0.822,1.339,793.800,1260.600,1.588,13.313,23.161,0.898,1.463,19.869,21.078,0.746,0.751,13.316,23.169,0.189,8.876,9.724,0.018,4155.000,112.686,47.297,8.876,57.021,ON,Clear and hot; Hybrid loop operating; Ceff=1.59x
204,09:41:30,34.070,66.410,64.360,47.560,46.120,32.130,1.484,16.196,17.300,0.822,1.340,794.400,1262.100,1.589,13.318,23.184,0.899,1.465,19.865,21.075,0.746,0.751,13.313,23.182,0.189,8.867,9.718,0.018,4155.000,112.838,47.304,8.867,57.023,ON,Clear and hot; Hybrid loop operating; Ceff=1.59x
205,09:42:00,34.090,66.460,64.410,47.590,46.160,32.140,1.488,16.193,17.298,0.823,1.343,795.500,1264.500,1.590,13.335,23.226,0.900,1.467,19.862,21.073,0.746,0.751,13.327,23.231,0.189,8.864,9.721,0.018,4155.000,113.142,47.342,8.864,57.062,ON,Clear and hot; Hybrid loop operating; Ceff=1.59x
206,09:42:30,34.110,66.500,64.450,47.620,46.180,32.150,1.493,16.191,17.296,0.825,1.346,797.300,1267.900,1.590,13.362,23.286,0.902,1.471,19.859,21.071,0.746,0.751,13.358,23.280,0.189,8.864,9.715,0.018,4155.000,113.522,47.373,8.864,57.088,ON,Clear and hot; Hybrid loop operating; Ceff=1.59x
207,09:43:00,34.120,66.520,64.480,47.640,46.210,32.150,1.500,16.190,17.295,0.828,1.351,799.600,1272.300,1.591,13.400,23.363,0.905,1.476,19.858,21.070,0.746,0.751,13.405,23.366,0.189,8.870,9.717,0.018,4155.000,114.055,47.431,8.870,57.148,ON,Clear and hot; Hybrid loop operating; Ceff=1.59x
208,09:43:30,34.140,66.530,64.500,47.650,46.230,32.160,1.507,16.189,17.294,0.830,1.356,802.400,1277.200,1.592,13.445,23.452,0.908,1.482,19.857,21.069,0.746,0.751,13.437,23.451,0.189,8.860,9.715,0.018,4155.000,114.587,47.469,8.860,57.184,ON,Clear and hot; Hybrid loop operating; Ceff=1.59x
209,09:44:00,34.150,66.530,64.520,47.660,46.240,32.170,1.515,16.188,17.294,0.833,1.362,805.300,1282.400,1.593,13.492,23.546,0.911,1.488,19.856,21.068,0.746,0.751,13.485,23.554,0.189,8.860,9.718,0.018,4155.000,115.195,47.528,8.860,57.246,ON,Clear and hot; Hybrid loop operating; Ceff=1.59x
210,09:44:30,34.170,66.540,64.530,47.670,46.260,32.180,1.523,16.187,17.293,0.836,1.367,808.100,1287.400,1.593,13.538,23.637,0.914,1.494,19.855,21.067,0.746,0.751,13.532,23.640,0.189,8.860,9.715,0.018,4155.000,115.804,47.593,8.860,57.309,ON,Clear and hot; Hybrid loop operating; Ceff=1.59x
211,09:45:00,34.180,66.550,64.560,47.680,46.280,32.190,1.529,16.186,17.292,0.839,1.372,810.500,1291.900,1.594,13.578,23.718,0.917,1.499,19.854,21.066,0.746,0.751,13.580,23.725,0.189,8.865,9.716,0.018,4155.000,116.260,47.614,8.865,57.331,ON,Clear and hot; Hybrid loop operating; Ceff=1.59x
212,09:45:30,34.200,66.570,64.580,47.690,46.300,32.200,1.535,16.185,17.291,0.841,1.375,812.400,1295.600,1.595,13.609,23.783,0.919,1.503,19.852,21.065,0.746,0.751,13.612,23.775,0.189,8.865,9.709,0.018,4155.000,116.716,47.665,8.865,57.374,ON,Clear and hot; Hybrid loop operating; Ceff=1.59x
213,09:46:00,34.210,66.600,64.620,47.720,46.330,32.210,1.539,16.183,17.289,0.842,1.378,813.700,1298.200,1.595,13.628,23.829,0.920,1.506,19.850,21.063,0.746,0.751,13.626,23.824,0.189,8.860,9.710,0.018,4155.000,117.020,47.693,8.860,57.403,ON,Clear and hot; Hybrid loop operating; Ceff=1.6x
214,09:46:30,34.220,66.640,64.670,47.750,46.370,32.210,1.542,16.180,17.287,0.843,1.380,814.400,1299.900,1.596,13.637,23.857,0.921,1.508,19.847,21.061,0.746,0.751,13.640,23.856,0.189,8.861,9.710,0.018,4155.000,117.248,47.724,8.861,57.434,ON,Clear and hot; Hybrid loop operating; Ceff=1.6x
215,09:47:00,34.230,66.700,64.730,47.780,46.400,32.220,1.543,16.177,17.285,0.843,1.381,814.600,1300.900,1.597,13.637,23.871,0.921,1.509,19.843,21.058,0.746,0.751,13.637,23.871,0.189,8.858,9.709,0.018,4155.000,117.324,47.718,8.858,57.427,ON,Clear and hot; Hybrid loop operating; Ceff=1.6x
216,09:47:30,34.250,66.770,64.800,47.830,46.450,32.230,1.544,16.173,17.282,0.843,1.382,814.600,1301.500,1.598,13.633,23.877,0.921,1.510,19.839,21.056,0.746,0.751,13.634,23.884,0.189,8.855,9.709,0.018,4155.000,117.400,47.727,8.855,57.436,ON,Clear and hot; Hybrid loop operating; Ceff=1.6x
217,09:48:00,34.260,66.860,64.870,47.880,46.490,32.240,1.545,16.168,17.280,0.843,1.382,814.600,1302.000,1.598,13.627,23.883,0.921,1.511,19.834,21.052,0.746,0.751,13.630,23.881,0.189,8.853,9.705,0.018,4155.000,117.476,47.739,8.853,57.444,ON,Clear and hot; Hybrid loop operating; Ceff=1.6x
218,09:48:30,34.270,66.950,64.960,47.940,46.540,32.250,1.546,16.162,17.276,0.843,1.383,814.900,1303.000,1.599,13.626,23.896,0.921,1.512,19.828,21.049,0.746,0.751,13.625,23.893,0.189,8.846,9.702,0.018,4155.000,117.552,47.734,8.846,57.436,ON,Clear and hot; Hybrid loop operating; Ceff=1.6x
219,09:49:00,34.280,67.050,65.050,48.000,46.590,32.260,1.549,16.157,17.273,0.844,1.385,815.600,1304.800,1.600,13.632,23.922,0.922,1.514,19.822,21.045,0.746,0.751,13.637,23.923,0.189,8.846,9.701,0.018,4155.000,117.781,47.760,8.846,57.461,ON,Clear and hot; Hybrid loop operating; Ceff=1.6x
220,09:49:30,34.290,67.150,65.140,48.060,46.650,32.270,1.553,16.151,17.270,0.845,1.388,816.900,1307.500,1.600,13.648,23.965,0.924,1.517,19.815,21.042,0.745,0.751,13.648,23.971,0.189,8.839,9.700,0.018,4155.000,118.085,47.785,8.839,57.485,ON,Clear and hot; Hybrid loop operating; Ceff=1.6x
221,09:50:00,34.300,67.250,65.230,48.120,46.700,32.280,1.559,16.146,17.266,0.847,1.392,818.800,1311.100,1.601,13.674,24.026,0.926,1.521,19.809,21.038,0.745,0.751,13.676,24.034,0.189,8.837,9.699,0.018,4155.000,118.541,47.838,8.837,57.537,ON,Clear and hot; Hybrid loop operating; Ceff=1.6x
222,09:50:30,34.310,67.340,65.310,48.170,46.750,32.290,1.565,16.140,17.263,0.849,1.396,821.200,1315.500,1.602,13.708,24.102,0.928,1.526,19.804,21.034,0.746,0.751,13.703,24.099,0.189,8.829,9.693,0.018,4155.000,118.997,47.861,8.829,57.554,ON,Clear and hot; Hybrid loop operating; Ceff=1.6x
223,09:51:00,34.320,67.420,65.390,48.220,46.800,32.300,1.573,16.136,17.260,0.852,1.401,823.900,1320.500,1.603,13.749,24.187,0.931,1.531,19.798,21.031,0.746,0.751,13.748,24.181,0.189,8.829,9.689,0.018,4155.000,119.605,47.924,8.829,57.613,ON,Clear and hot; Hybrid loop operating; Ceff=1.6x
224,09:51:30,34.330,67.490,65.450,48.270,46.840,32.310,1.581,16.132,17.258,0.855,1.407,826.700,1325.400,1.603,13.790,24.274,0.934,1.537,19.794,21.028,0.746,0.751,13.793,24.282,0.189,8.828,9.693,0.018,4155.000,120.214,47.989,8.828,57.683,ON,Clear and hot; Hybrid loop operating; Ceff=1.6x
225,09:52:00,34.340,67.540,65.510,48.300,46.880,32.330,1.588,16.128,17.256,0.857,1.411,829.200,1330.100,1.604,13.829,24.355,0.937,1.543,19.790,21.026,0.746,0.751,13.822,24.348,0.189,8.819,9.685,0.018,4155.000,120.746,48.032,8.819,57.717,ON,Clear and hot; Hybrid loop operating; Ceff=1.6x
226,09:52:30,34.350,67.580,65.550,48.330,46.900,32.340,1.594,16.126,17.254,0.860,1.416,831.300,1334.000,1.605,13.861,24.425,0.939,1.547,19.788,21.024,0.746,0.751,13.868,24.432,0.189,8.827,9.690,0.018,4155.000,121.202,48.072,8.827,57.762,ON,Clear and hot; Hybrid loop operating; Ceff=1.6x
227,09:53:00,34.360,67.600,65.580,48.340,46.920,32.350,1.599,16.125,17.253,0.861,1.419,832.800,1337.000,1.605,13.885,24.478,0.941,1.551,19.786,21.023,0.746,0.751,13.884,24.482,0.189,8.821,9.688,0.018,4155.000,121.582,48.115,8.821,57.803,ON,Clear and hot; Hybrid loop operating; Ceff=1.61x
228,09:53:30,34.370,67.610,65.590,48.350,46.940,32.360,1.602,16.124,17.252,0.862,1.421,833.700,1339.000,1.606,13.898,24.513,0.942,1.553,19.786,21.023,0.746,0.751,13.899,24.515,0.189,8.821,9.687,0.018,4155.000,121.810,48.133,8.821,57.820,ON,Clear and hot; Hybrid loop operating; Ceff=1.61x
229,09:54:00,34.380,67.600,65.600,48.340,46.940,32.370,1.603,16.124,17.252,0.862,1.422,834.000,1340.000,1.607,13.903,24.532,0.942,1.554,19.785,21.023,0.746,0.751,13.899,24.532,0.189,8.818,9.687,0.018,4155.000,121.887,48.127,8.818,57.814,ON,Clear and hot; Hybrid loop operating; Ceff=1.61x
230,09:54:30,34.380,67.590,65.610,48.340,46.950,32.380,1.604,16.124,17.252,0.862,1.422,833.900,1340.500,1.608,13.902,24.540,0.942,1.555,19.786,21.023,0.746,0.751,13.899,24.532,0.189,8.819,9.683,0.018,4155.000,121.963,48.139,8.819,57.822,ON,Clear and hot; Hybrid loop operating; Ceff=1.61x
231,09:55:00,34.390,67.580,65.610,48.330,46.950,32.390,1.604,16.124,17.252,0.862,1.423,833.600,1340.600,1.608,13.897,24.543,0.942,1.555,19.786,21.023,0.746,0.751,13.899,24.550,0.189,8.822,9.689,0.018,4155.000,121.963,48.135,8.822,57.825,ON,Clear and hot; Hybrid loop operating; Ceff=1.61x
232,09:55:30,34.400,67.580,65.610,48.330,46.950,32.400,1.605,16.124,17.252,0.862,1.423,833.400,1340.900,1.609,13.895,24.549,0.942,1.555,19.786,21.023,0.746,0.751,13.899,24.550,0.189,8.824,9.687,0.018,4155.000,122.039,48.155,8.824,57.842,ON,Clear and hot; Hybrid loop operating; Ceff=1.61x
233,09:56:00,34.410,67.580,65.620,48.330,46.960,32.410,1.606,16.124,17.252,0.862,1.424,833.600,1341.800,1.610,13.897,24.564,0.942,1.556,19.785,21.022,0.746,0.751,13.899,24.567,0.189,8.822,9.687,0.018,4155.000,122.115,48.152,8.822,57.840,ON,Clear and hot; Hybrid loop operating; Ceff=1.61x
234,09:56:30,34.420,67.600,65.650,48.340,46.970,32.420,1.609,16.122,17.251,0.863,1.426,834.300,1343.500,1.610,13.908,24.594,0.943,1.558,19.784,21.022,0.745,0.751,13.913,24.600,0.189,8.824,9.688,0.018,4155.000,122.343,48.181,8.824,57.869,ON,Clear and hot; Hybrid loop operating; Ceff=1.61x
235,09:57:00,34.430,67.640,65.690,48.360,47.000,32.440,1.613,16.120,17.250,0.864,1.428,835.600,1346.200,1.611,13.927,24.641,0.944,1.561,19.782,21.020,0.746,0.751,13.928,24.633,0.189,8.819,9.682,0.018,4155.000,122.647,48.204,8.819,57.886,ON,Clear and hot; Hybrid loop operating; Ceff=1.61x
236,09:57:30,34.440,67.690,65.740,48.400,47.030,32.450,1.618,16.117,17.248,0.866,1.432,837.500,1349.800,1.612,13.955,24.703,0.946,1.565,19.778,21.018,0.746,0.751,13.957,24.699,0.189,8.818,9.682,0.018,4155.000,123.027,48.225,8.818,57.906,ON,Clear and hot; Hybrid loop operating; Ceff=1.61x
237,09:58:00,34.450,67.770,65.810,48.440,47.070,32.460,1.625,16.113,17.246,0.868,1.437,839.800,1354.100,1.612,13.989,24.777,0.949,1.570,19.773,21.015,0.746,0.751,13.986,24.783,0.189,8.812,9.684,0.018,4155.000,123.559,48.280,8.812,57.963,ON,Clear and hot; Hybrid loop operating; Ceff=1.61x
238,09:58:30,34.460,67.860,65.890,48.490,47.120,32.470,1.632,16.108,17.243,0.871,1.442,842.300,1358.700,1.613,14.025,24.856,0.952,1.575,19.768,21.012,0.745,0.751,14.030,24.864,0.189,8.813,9.683,0.018,4155.000,124.092,48.323,8.813,58.006,ON,Clear and hot; Hybrid loop operating; Ceff=1.61x
239,09:59:00,34.470,67.950,65.970,48.560,47.170,32.480,1.639,16.102,17.239,0.873,1.446,844.800,1363.200,1.614,14.060,24.933,0.954,1.581,19.762,21.008,0.746,0.751,14.057,24.928,0.189,8.804,9.675,0.018,4155.000,124.624,48.370,8.804,58.046,ON,Clear and hot; Hybrid loop operating; Ceff=1.61x
240,09:59:30,34.480,68.060,66.070,48.620,47.230,32.490,1.646,16.096,17.235,0.875,1.450,846.900,1367.300,1.614,14.089,25.000,0.957,1.585,19.755,21.004,0.745,0.751,14.084,24.991,0.189,8.799,9.671,0.018,4155.000,125.156,48.431,8.799,58.102,ON,Clear and hot; Hybrid loop operating; Ceff=1.61x
241,10:00:00,34.500,68.160,66.160,48.690,47.290,32.500,1.651,16.091,17.232,0.877,1.454,848.500,1370.500,1.615,14.110,25.052,0.958,1.589,19.749,21.000,0.746,0.751,14.112,25.055,0.189,8.800,9.673,0.018,4155.000,125.536,48.465,8.800,58.138,ON,Clear and hot; Hybrid loop operating; Ceff=1.62x
242,10:00:30,34.510,68.260,66.250,48.750,47.340,32.510,1.654,16.085,17.229,0.878,1.456,849.600,1372.700,1.616,14.120,25.086,0.959,1.591,19.743,20.996,0.746,0.751,14.123,25.085,0.189,8.795,9.669,0.018,4155.000,125.764,48.475,8.795,58.144,ON,Clear and hot; Hybrid loop operating; Ceff=1.62x
243,10:01:00,34.520,68.340,66.320,48.800,47.390,32.520,1.656,16.080,17.226,0.878,1.457,850.000,1373.900,1.616,14.122,25.103,0.960,1.593,19.738,20.993,0.745,0.751,14.118,25.098,0.189,8.788,9.666,0.018,4155.000,125.916,48.491,8.788,58.157,ON,Clear and hot; Hybrid loop operating; Ceff=1.62x
244,10:01:30,34.530,68.410,66.390,48.840,47.420,32.530,1.657,16.077,17.223,0.878,1.458,849.900,1374.300,1.617,14.116,25.106,0.960,1.593,19.734,20.991,0.745,0.751,14.116,25.111,0.189,8.788,9.668,0.018,4155.000,125.992,48.507,8.788,58.174,ON,Clear and hot; Hybrid loop operating; Ceff=1.62x
245,10:02:00,34.540,68.450,66.430,48.870,47.450,32.540,1.656,16.074,17.221,0.878,1.458,849.400,1374.200,1.618,14.106,25.101,0.959,1.593,19.731,20.989,0.745,0.751,14.113,25.108,0.189,8.791,9.667,0.018,4155.000,125.916,48.481,8.791,58.148,ON,Clear and hot; Hybrid loop operating; Ceff=1.62x
246,10:02:30,34.560,68.480,66.460,48.890,47.470,32.550,1.656,16.072,17.220,0.877,1.457,849.000,1374.000,1.618,14.096,25.095,0.959,1.593,19.729,20.987,0.745,0.751,14.095,25.090,0.189,8.784,9.661,0.018,4155.000,125.916,48.488,8.784,58.149,ON,Clear and hot; Hybrid loop operating; Ceff=1.62x
247,10:03:00,34.570,68.490,66.480,48.890,47.490,32.560,1.656,16.071,17.220,0.877,1.457,848.700,1374.100,1.619,14.091,25.097,0.958,1.593,19.728,20.987,0.746,0.751,14.094,25.090,0.189,8.787,9.661,0.018,4155.000,125.916,48.484,8.787,58.145,ON,Clear and hot; Hybrid loop operating; Ceff=1.62x
248,10:03:30,34.590,68.490,66.480,48.890,47.490,32.570,1.658,16.071,17.220,0.877,1.458,848.900,1375.000,1.620,14.094,25.112,0.958,1.594,19.728,20.987,0.746,0.751,14.094,25.107,0.189,8.785,9.661,0.018,4155.000,126.069,48.511,8.785,58.172,ON,Clear and hot; Hybrid loop operating; Ceff=1.62x
249,10:04:00,34.600,68.470,66.480,48.890,47.490,32.580,1.660,16.072,17.220,0.878,1.460,849.700,1376.800,1.620,14.107,25.145,0.959,1.596,19.728,20.987,0.746,0.751,14.111,25.141,0.189,8.787,9.662,0.018,4155.000,126.221,48.506,8.787,58.168,ON,Clear and hot; Hybrid loop operating; Ceff=1.62x
250,10:04:30,34.620,68.460,66.480,48.880,47.490,32.590,1.665,16.072,17.220,0.879,1.463,851.000,1379.600,1.621,14.131,25.196,0.961,1.599,19.729,20.987,0.745,0.751,14.127,25.193,0.189,8.783,9.662,0.018,4155.000,126.601,48.554,8.783,58.215,ON,Clear and hot; Hybrid loop operating; Ceff=1.62x
251,10:05:00,34.630,68.450,66.470,48.880,47.500,32.600,1.671,16.073,17.220,0.881,1.467,853.000,1383.200,1.622,14.163,25.263,0.963,1.603,19.730,20.987,0.745,0.751,14.160,25.262,0.189,8.783,9.663,0.018,4155.000,127.057,48.602,8.783,58.265,ON,Clear and hot; Hybrid loop operating; Ceff=1.62x
252,10:05:30,34.650,68.440,66.480,48.880,47.510,32.610,1.677,16.073,17.220,0.884,1.472,855.200,1387.400,1.622,14.201,25.340,0.966,1.608,19.729,20.987,0.745,0.751,14.209,25.348,0.189,8.791,9.667,0.018,4155.000,127.513,48.629,8.791,58.295,ON,Clear and hot; Hybrid loop operating; Ceff=1.62x
253,10:06:00,34.660,68.450,66.500,48.890,47.520,32.620,1.684,16.072,17.219,0.886,1.476,857.600,1391.900,1.623,14.239,25.419,0.968,1.613,19.729,20.986,0.746,0.751,14.240,25.415,0.189,8.785,9.661,0.018,4155.000,128.045,48.674,8.785,58.335,ON,Clear and hot; Hybrid loop operating; Ceff=1.62x
254,10:06:30,34.680,68.480,66.530,48.910,47.550,32.620,1.691,16.070,17.217,0.888,1.481,859.800,1396.000,1.624,14.275,25.493,0.971,1.618,19.727,20.984,0.745,0.751,14.270,25.498,0.189,8.782,9.664,0.018,4155.000,128.578,48.732,8.782,58.397,ON,Clear and hot; Hybrid loop operating; Ceff=1.62x
255,10:07:00,34.700,68.520,66.570,48.940,47.580,32.630,1.696,16.068,17.215,0.890,1.484,861.700,1399.600,1.624,14.303,25.555,0.973,1.622,19.724,20.982,0.745,0.751,14.301,25.547,0.189,8.781,9.658,0.018,4155.000,128.958,48.751,8.781,58.409,ON,Clear and hot; Hybrid loop operating; Ceff=1.62x
256,10:07:30,34.720,68.580,66.630,48.990,47.620,32.640,1.701,16.064,17.213,0.891,1.487,863.000,1402.300,1.625,14.320,25.599,0.974,1.625,19.720,20.979,0.746,0.751,14.313,25.596,0.189,8.775,9.658,0.018,4155.000,129.338,48.800,8.775,58.458,ON,Clear and hot; Hybrid loop operating; Ceff=1.62x
257,10:08:00,34.740,68.660,66.700,49.040,47.670,32.650,1.703,16.060,17.210,0.892,1.489,863.700,1404.000,1.626,14.327,25.624,0.975,1.627,19.715,20.976,0.745,0.751,14.326,25.626,0.189,8.776,9.657,0.018,4155.000,129.490,48.799,8.776,58.456,ON,Clear and hot; Hybrid loop operating; Ceff=1.63x
258,10:08:30,34.750,68.750,66.780,49.100,47.730,32.660,1.704,16.054,17.206,0.892,1.490,863.800,1404.700,1.626,14.323,25.632,0.975,1.628,19.709,20.972,0.745,0.751,14.320,25.637,0.189,8.771,9.657,0.018,4155.000,129.566,48.803,8.771,58.460,ON,Clear and hot; Hybrid loop operating; Ceff=1.63x
259,10:09:00,34.770,68.850,66.870,49.170,47.780,32.660,1.705,16.049,17.203,0.892,1.490,863.600,1404.800,1.627,14.312,25.626,0.975,1.628,19.703,20.968,0.745,0.751,14.316,25.632,0.189,8.771,9.654,0.018,4155.000,129.642,48.828,8.771,58.482,ON,Clear and hot; Hybrid loop operating; Ceff=1.63x
260,10:09:30,34.790,68.950,66.960,49.230,47.840,32.670,1.704,16.043,17.199,0.891,1.489,863.100,1404.600,1.627,14.298,25.615,0.974,1.628,19.697,20.964,0.745,0.751,14.294,25.609,0.189,8.763,9.647,0.018,4155.000,129.566,48.806,8.763,58.453,ON,Clear and hot; Hybrid loop operating; Ceff=1.63x
261,10:10:00,34.810,69.050,67.050,49.300,47.900,32.680,1.704,16.038,17.196,0.891,1.489,862.600,1404.400,1.628,14.284,25.605,0.973,1.627,19.691,20.960,0.746,0.751,14.290,25.605,0.189,8.765,9.646,0.018,4155.000,129.566,48.813,8.765,58.460,ON,Clear and hot; Hybrid loop operating; Ceff=1.63x
262,10:10:30,34.840,69.140,67.130,49.360,47.950,32.680,1.705,16.033,17.192,0.890,1.489,862.500,1404.800,1.629,14.277,25.606,0.973,1.628,19.685,20.957,0.745,0.751,14.269,25.599,0.189,8.754,9.642,0.018,4155.000,129.642,48.828,8.754,58.470,ON,Clear and hot; Hybrid loop operating; Ceff=1.63x
263,10:11:00,34.860,69.220,67.200,49.410,48.000,32.690,1.706,16.028,17.189,0.891,1.491,862.900,1406.000,1.629,14.278,25.622,0.974,1.629,19.680,20.953,0.745,0.751,14.281,25.629,0.189,8.757,9.645,0.018,4155.000,129.718,48.815,8.757,58.460,ON,Clear and hot; Hybrid loop operating; Ceff=1.63x
264,10:11:30,34.880,69.290,67.270,49.460,48.040,32.690,1.710,16.024,17.186,0.892,1.493,864.000,1408.200,1.630,14.291,25.657,0.975,1.632,19.676,20.950,0.745,0.750,14.293,25.659,0.189,8.753,9.641,0.018,4155.000,130.022,48.853,8.753,58.494,ON,Clear and hot; Hybrid loop operating; Ceff=1.63x
265,10:12:00,34.900,69.350,67.320,49.500,48.080,32.700,1.715,16.021,17.184,0.893,1.496,865.600,1411.400,1.631,14.315,25.711,0.976,1.635,19.672,20.948,0.746,0.751,14.307,25.707,0.189,8.745,9.637,0.018,4155.000,130.403,48.885,8.745,58.522,ON,Clear and hot; Hybrid loop operating; Ceff=1.63x
266,10:12:30,34.930,69.390,67.360,49.540,48.110,32.700,1.721,16.018,17.182,0.896,1.500,867.700,1415.400,1.631,14.347,25.780,0.979,1.640,19.670,20.945,0.745,0.751,14.352,25.773,0.189,8.752,9.634,0.018,4155.000,130.859,48.917,8.752,58.552,ON,Clear and hot; Hybrid loop operating; Ceff=1.63x
267,10:13:00,34.950,69.420,67.390,49.560,48.140,32.710,1.728,16.017,17.180,0.898,1.505,870.100,1419.900,1.632,14.385,25.859,0.982,1.645,19.668,20.944,0.745,0.751,14.383,25.856,0.189,8.746,9.635,0.018,4155.000,131.391,48.961,8.746,58.595,ON,Clear and hot; Hybrid loop operating; Ceff=1.63x
268,10:13:30,34.970,69.430,67.410,49.580,48.170,32.710,1.736,16.015,17.179,0.901,1.510,872.600,1424.400,1.632,14.424,25.938,0.984,1.650,19.667,20.942,0.745,0.751,14.430,25.940,0.189,8.749,9.636,0.018,4155.000,131.999,49.032,8.749,58.667,ON,Clear and hot; Hybrid loop operating; Ceff=1.63x
269,10:14:00,35.000,69.440,67.430,49.600,48.190,32.720,1.742,16.015,17.178,0.903,1.514,874.800,1428.500,1.633,14.459,26.012,0.987,1.655,19.666,20.941,0.745,0.751,14.462,26.007,0.189,8.747,9.633,0.018,4155.000,132.456,49.060,8.747,58.693,ON,Clear and hot; Hybrid loop operating; Ceff=1.63x
270,10:14:30,35.020,69.440,67.440,49.610,48.210,32.720,1.748,16.014,17.177,0.905,1.518,876.600,1431.900,1.634,14.488,26.072,0.989,1.659,19.665,20.940,0.745,0.751,14.493,26.075,0.189,8.748,9.635,0.018,4155.000,132.912,49.112,8.748,58.747,ON,Clear and hot; Hybrid loop operating; Ceff=1.63x
271,10:15:00,35.050,69.450,67.460,49.620,48.230,32.720,1.752,16.014,17.176,0.906,1.520,877.700,1434.400,1.634,14.507,26.115,0.990,1.662,19.665,20.939,0.745,0.750,14.509,26.108,0.189,8.746,9.630,0.018,4155.000,133.216,49.139,8.746,58.769,ON,Clear and hot; Hybrid loop operating; Ceff=1.63x
272,10:15:30,35.070,69.450,67.470,49.640,48.250,32.730,1.754,16.013,17.175,0.906,1.522,878.300,1435.800,1.635,14.516,26.139,0.991,1.663,19.664,20.938,0.745,0.751,14.508,26.140,0.189,8.740,9.633,0.018,4155.000,133.368,49.147,8.740,58.780,ON,Clear and hot; Hybrid loop operating; Ceff=1.63x
273,10:16:00,35.100,69.470,67.500,49.660,48.280,32.730,1.755,16.012,17.174,0.907,1.523,878.400,1436.500,1.635,14.515,26.148,0.991,1.664,19.663,20.936,0.745,0.751,14.523,26.156,0.189,8.748,9.634,0.018,4155.000,133.444,49.151,8.748,58.785,ON,Clear and hot; Hybrid loop operating; Ceff=1.64x
274,10:16:30,35.120,69.500,67.530,49.680,48.310,32.730,1.755,16.010,17.172,0.906,1.523,878.100,1436.500,1.636,14.509,26.146,0.990,1.664,19.661,20.934,0.745,0.751,14.505,26.153,0.189,8.740,9.633,0.018,4155.000,133.444,49.151,8.740,58.784,ON,Clear and hot; Hybrid loop operating; Ceff=1.64x
275,10:17:00,35.150,69.540,67.570,49.720,48.340,32.740,1.755,16.008,17.170,0.906,1.522,877.700,1436.400,1.637,14.500,26.141,0.990,1.664,19.658,20.932,0.745,0.751,14.503,26.133,0.189,8.743,9.626,0.018,4155.000,133.444,49.154,8.743,58.780,ON,Clear and hot; Hybrid loop operating; Ceff=1.64x
276,10:17:30,35.170,69.590,67.620,49.760,48.380,32.740,1.755,16.004,17.167,0.906,1.523,877.500,1436.600,1.637,14.493,26.140,0.990,1.664,19.655,20.929,0.745,0.751,14.500,26.145,0.189,8.743,9.629,0.018,4155.000,133.444,49.148,8.743,58.777,ON,Clear and hot; Hybrid loop operating; Ceff=1.64x
277,10:18:00,35.200,69.660,67.690,49.810,48.430,32.740,1.757,16.000,17.164,0.906,1.523,877.700,1437.500,1.638,14.492,26.150,0.990,1.665,19.650,20.926,0.745,0.751,14.496,26.141,0.189,8.739,9.622,0.018,4155.000,133.596,49.173,8.739,58.794,ON,Clear and hot; Hybrid loop operating; Ceff=1.64x
278,10:18:30,35.230,69.750,67.770,49.870,48.480,32.740,1.759,15.995,17.161,0.906,1.525,878.500,1439.300,1.638,14.499,26.176,0.991,1.667,19.645,20.922,0.745,0.751,14.491,26.171,0.189,8.728,9.621,0.018,4155.000,133.748,49.167,8.728,58.788,ON,Clear and hot; Hybrid loop operating; Ceff=1.64x
279,10:19:00,35.250,69.850,67.860,49.940,48.540,32.740,1.764,15.990,17.157,0.908,1.528,879.900,1442.100,1.639,14.516,26.220,0.992,1.670,19.639,20.918,0.745,0.751,14.519,26.216,0.189,8.731,9.619,0.018,4155.000,134.128,49.211,8.731,58.830,ON,Clear and hot; Hybrid loop operating; Ceff=1.64x
280,10:19:30,35.280,69.960,67.950,50.020,48.610,32.750,1.770,15.984,17.153,0.910,1.532,881.900,1445.800,1.639,14.541,26.280,0.994,1.674,19.632,20.914,0.745,0.751,14.545,26.278,0.189,8.727,9.617,0.018,4155.000,134.585,49.252,8.727,58.869,ON,Clear and hot; Hybrid loop operating; Ceff=1.64x
281,10:20:00,35.310,70.070,68.050,50.090,48.680,32.750,1.777,15.978,17.149,0.912,1.537,884.300,1450.300,1.640,14.573,26.352,0.997,1.679,19.625,20.909,0.745,0.751,14.572,26.358,0.189,8.719,9.616,0.018,4155.000,135.117,49.294,8.719,58.909,ON,Clear and hot; Hybrid loop operating; Ceff=1.64x
282,10:20:30,35.330,70.180,68.150,50.170,48.750,32.750,1.785,15.971,17.144,0.915,1.542,886.800,1455.000,1.641,14.609,26.429,1.000,1.685,19.618,20.904,0.745,0.750,14.613,26.436,0.189,8.719,9.613,0.018,4155.000,135.725,49.355,8.719,58.969,ON,Clear and hot; Hybrid loop operating; Ceff=1.64x
283,10:21:00,35.360,70.280,68.240,50.240,48.820,32.750,1.792,15.966,17.140,0.917,1.546,889.300,1459.600,1.641,14.643,26.505,1.002,1.690,19.612,20.899,0.745,0.750,14.641,26.498,0.189,8.711,9.606,0.018,4155.000,136.257,49.393,8.711,58.998,ON,Clear and hot; Hybrid loop operating; Ceff=1.64x
284,10:21:30,35.390,70.370,68.330,50.310,48.880,32.750,1.799,15.960,17.136,0.919,1.551,891.500,1463.700,1.642,14.673,26.571,1.005,1.695,19.606,20.895,0.745,0.750,14.667,26.578,0.189,8.705,9.607,0.018,4155.000,136.790,49.447,8.705,59.054,ON,Clear and hot; Hybrid loop operating; Ceff=1.64x
285,10:22:00,35.410,70.450,68.400,50.370,48.930,32.750,1.804,15.956,17.133,0.921,1.554,893.200,1466.900,1.642,14.694,26.623,1.006,1.698,19.601,20.891,0.745,0.751,14.695,26.625,0.189,8.705,9.603,0.018,4155.000,137.170,49.476,8.705,59.080,ON,Clear and hot; Hybrid loop operating; Ceff=1.64x
286,10:22:30,35.440,70.510,68.460,50.420,48.980,32.750,1.807,15.952,17.130,0.922,1.556,894.200,1469.100,1.643,14.707,26.658,1.008,1.701,19.598,20.888,0.744,0.750,14.708,26.654,0.189,8.703,9.600,0.018,4155.000,137.398,49.484,8.703,59.084,ON,Clear and hot; Hybrid loop operating; Ceff=1.64x
287,10:23:00,35.460,70.550,68.500,50.450,49.020,32.750,1.809,15.950,17.128,0.922,1.557,894.600,1470.300,1.643,14.712,26.676,1.008,1.702,19.595,20.886,0.745,0.750,14.706,26.668,0.189,8.698,9.597,0.018,4155.000,137.550,49.499,8.698,59.095,ON,Clear and hot; Hybrid loop operating; Ceff=1.64x
288,10:23:30,35.490,70.570,68.530,50.480,49.050,32.750,1.810,15.948,17.126,0.922,1.558,894.600,1470.800,1.644,14.709,26.681,1.008,1.703,19.593,20.884,0.745,0.750,14.704,26.682,0.189,8.697,9.599,0.018,4155.000,137.626,49.509,8.697,59.108,ON,Clear and hot; Hybrid loop operating; Ceff=1.64x
289,10:24:00,35.520,70.580,68.550,50.490,49.070,32.750,1.810,15.948,17.125,0.922,1.558,894.300,1470.800,1.645,14.704,26.679,1.008,1.703,19.592,20.883,0.745,0.750,14.704,26.681,0.189,8.699,9.598,0.018,4155.000,137.626,49.509,8.699,59.107,ON,Clear and hot; Hybrid loop operating; Ceff=1.64x
290,10:24:30,35.540,70.580,68.560,50.500,49.090,32.750,1.810,15.947,17.124,0.922,1.558,894.000,1470.800,1.645,14.699,26.678,1.007,1.703,19.592,20.882,0.745,0.750,14.703,26.679,0.189,8.702,9.597,0.018,4155.000,137.626,49.509,8.702,59.107,ON,Clear and hot; Hybrid loop operating; Ceff=1.65x
291,10:25:00,35.570,70.570,68.560,50.510,49.100,32.750,1.811,15.947,17.124,0.922,1.558,894.000,1471.300,1.646,14.698,26.685,1.007,1.703,19.592,20.881,0.745,0.750,14.703,26.679,0.189,8.702,9.594,0.018,4155.000,137.702,49.520,8.702,59.114,ON,Clear and hot; Hybrid loop operating; Ceff=1.65x
292,10:25:30,35.590,70.570,68.570,50.520,49.120,32.750,1.813,15.947,17.123,0.922,1.560,894.400,1472.500,1.646,14.705,26.706,1.008,1.705,19.592,20.881,0.745,0.750,14.703,26.712,0.189,8.698,9.598,0.018,4155.000,137.854,49.534,8.698,59.132,ON,Clear and hot; Hybrid loop operating; Ceff=1.65x
293,10:26:00,35.620,70.580,68.590,50.530,49.140,32.750,1.816,15.946,17.122,0.923,1.562,895.500,1474.700,1.647,14.721,26.744,1.009,1.707,19.591,20.880,0.745,0.750,14.718,26.745,0.189,8.696,9.596,0.018,4155.000,138.082,49.542,8.696,59.137,ON,Clear and hot; Hybrid loop operating; Ceff=1.65x
294,10:26:30,35.640,70.600,68.610,50.550,49.160,32.750,1.822,15.945,17.121,0.925,1.565,897.100,1477.900,1.647,14.747,26.799,1.011,1.711,19.590,20.878,0.745,0.750,14.749,26.794,0.189,8.699,9.593,0.018,4155.000,138.539,49.598,8.699,59.191,ON,Clear and hot; Hybrid loop operating; Ceff=1.65x
295,10:27:00,35.670,70.630,68.650,50.580,49.200,32.750,1.828,15.943,17.119,0.927,1.569,899.200,1481.900,1.648,14.779,26.868,1.013,1.715,19.587,20.876,0.745,0.750,14.779,26.860,0.189,8.696,9.590,0.018,4155.000,138.995,49.627,8.696,59.217,ON,Clear and hot; Hybrid loop operating; Ceff=1.65x
296,10:27:30,35.690,70.690,68.710,50.630,49.240,32.750,1.835,15.940,17.116,0.929,1.574,901.700,1486.400,1.648,14.816,26.945,1.016,1.720,19.584,20.873,0.745,0.751,14.808,26.941,0.189,8.689,9.590,0.018,4155.000,139.527,49.666,8.689,59.256,ON,Clear and hot; Hybrid loop operating; Ceff=1.65x
297,10:28:00,35.710,70.760,68.780,50.680,49.290,32.750,1.843,15.935,17.113,0.932,1.579,904.200,1491.000,1.649,14.852,27.023,1.019,1.726,19.579,20.870,0.744,0.750,14.851,27.021,0.189,8.690,9.589,0.018,4155.000,140.135,49.729,8.690,59.318,ON,Clear and hot; Hybrid loop operating; Ceff=1.65x
298,10:28:30,35.730,70.850,68.860,50.750,49.350,32.750,1.850,15.930,17.109,0.934,1.584,906.500,1495.400,1.650,14.884,27.094,1.021,1.731,19.573,20.865,0.745,0.750,14.879,27.101,0.189,8.684,9.589,0.018,4155.000,140.668,49.771,8.684,59.360,ON,Clear and hot; Hybrid loop operating; Ceff=1.65x
299,10:29:00,35.760,70.960,68.960,50.820,49.420,32.750,1.856,15.924,17.105,0.936,1.587,908.400,1499.000,1.650,14.908,27.151,1.023,1.735,19.567,20.861,0.745,0.750,14.905,27.146,0.189,8.681,9.582,0.018,4155.000,141.124,49.812,8.681,59.394,ON,Clear and hot; Hybrid loop operating; Ceff=1.65x
300,10:29:30,35.780,71.070,69.060,50.900,49.490,32.750,1.860,15.918,17.101,0.937,1.590,909.800,1501.700,1.651,14.923,27.191,1.025,1.738,19.560,20.856,0.744,0.750,14.915,27.191,0.189,8.674,9.580,0.018,4155.000,141.428,49.830,8.674,59.410,ON,Clear and hot; Hybrid loop operating; Ceff=1.65x
301,10:30:00,35.800,71.180,69.160,50.970,49.560,32.750,1.863,15.911,17.096,0.938,1.592,910.500,1503.300,1.651,14.926,27.211,1.025,1.740,19.553,20.851,0.745,0.750,14.925,27.217,0.189,8.673,9.579,0.018,4155.000,141.656,49.857,8.673,59.436,ON,Clear and hot; Hybrid loop operating; Ceff=1.65x
302,10:30:30,35.820,71.290,69.260,51.050,49.620,32.750,1.864,15.905,17.092,0.938,1.592,910.600,1503.900,1.652,14.921,27.215,1.025,1.740,19.546,20.847,0.745,0.750,14.919,27.210,0.189,8.669,9.573,0.018,4155.000,141.732,49.864,8.669,59.437,ON,Clear and hot; Hybrid loop operating; Ceff=1.65x
303,10:31:00,35.840,71.380,69.340,51.110,49.680,32.750,1.864,15.900,17.088,0.938,1.592,910.300,1503.900,1.652,14.910,27.208,1.025,1.740,19.540,20.843,0.744,0.750,14.914,27.204,0.189,8.669,9.571,0.018,4155.000,141.732,49.864,8.669,59.435,ON,Clear and hot; Hybrid loop operating; Ceff=1.65x
304,10:31:30,35.860,71.460,69.420,51.170,49.730,32.750,1.863,15.895,17.085,0.937,1.592,909.800,1503.600,1.653,14.897,27.196,1.024,1.740,19.535,20.839,0.745,0.750,14.894,27.199,0.189,8.661,9.571,0.018,4155.000,141.656,49.847,8.661,59.418,ON,Clear and hot; Hybrid loop operating; Ceff=1.65x
305,10:32:00,35.880,71.530,69.480,51.210,49.770,32.750,1.863,15.892,17.083,0.937,1.592,909.400,1503.500,1.653,14.886,27.189,1.024,1.739,19.531,20.837,0.744,0.750,14.891,27.196,0.189,8.664,9.571,0.018,4155.000,141.656,49.851,8.664,59.421,ON,Clear and hot; Hybrid loop operating; Ceff=1.65x
306,10:32:30,35.900,71.570,69.520,51.240,49.810,32.750,1.864,15.889,17.081,0.937,1.592,909.400,1503.900,1.654,14.882,27.192,1.024,1.740,19.528,20.835,0.744,0.750,14.888,27.193,0.189,8.662,9.567,0.018,4155.000,141.732,49.864,8.662,59.431,ON,Clear and hot; Hybrid loop operating; Ceff=1.65x
307,10:33:00,35.920,71.600,69.550,51.260,49.830,32.750,1.866,15.887,17.080,0.937,1.593,909.900,1505.100,1.654,14.888,27.212,1.024,1.741,19.526,20.833,0.745,0.750,14.886,27.208,0.189,8.656,9.565,0.018,4155.000,141.884,49.878,8.656,59.443,ON,Clear and hot; Hybrid loop operating; Ceff=1.65x
308,10:33:30,35.930,71.610,69.570,51.270,49.850,32.750,1.870,15.887,17.079,0.938,1.596,910.900,1507.300,1.655,14.904,27.250,1.025,1.744,19.525,20.832,0.745,0.750,14.902,27.258,0.189,8.656,9.568,0.018,4155.000,142.188,49.912,8.656,59.480,ON,Clear and hot; Hybrid loop operating; Ceff=1.65x
309,10:34:00,35.950,71.610,69.580,51.280,49.860,32.750,1.875,15.886,17.078,0.940,1.599,912.600,1510.500,1.655,14.931,27.307,1.027,1.747,19.525,20.832,0.745,0.750,14.933,27.308,0.189,8.658,9.565,0.018,4155.000,142.568,49.939,8.658,59.505,ON,Clear and hot; Hybrid loop operating; Ceff=1.66x
310,10:34:30,35.970,71.600,69.580,51.280,49.870,32.750,1.881,15.887,17.078,0.942,1.603,914.600,1514.400,1.656,14.965,27.376,1.029,1.752,19.525,20.831,0.745,0.750,14.966,27.376,0.189,8.658,9.565,0.018,4155.000,143.025,49.970,8.658,59.535,ON,Clear and hot; Hybrid loop operating; Ceff=1.66x
311,10:35:00,35.980,71.590,69.580,51.280,49.880,32.750,1.888,15.887,17.078,0.944,1.608,916.900,1518.700,1.656,15.003,27.453,1.032,1.757,19.526,20.831,0.745,0.750,14.997,27.461,0.189,8.654,9.567,0.018,4155.000,143.557,50.014,8.654,59.581,ON,Clear and hot; Hybrid loop operating; Ceff=1.66x
312,10:35:30,36.000,71.580,69.590,51.280,49.890,32.750,1.895,15.887,17.077,0.947,1.612,919.200,1522.800,1.657,15.040,27.527,1.035,1.762,19.526,20.831,0.744,0.750,15.045,27.528,0.189,8.660,9.565,0.018,4155.000,144.089,50.064,8.660,59.629,ON,Clear and hot; Hybrid loop operating; Ceff=1.66x
313,10:36:00,36.010,71.580,69.600,51.290,49.900,32.750,1.901,15.887,17.077,0.949,1.616,921.100,1526.500,1.657,15.071,27.593,1.037,1.766,19.525,20.830,0.744,0.750,15.077,27.596,0.189,8.660,9.565,0.018,4155.000,144.545,50.101,8.660,59.666,ON,Clear and hot; Hybrid loop operating; Ceff=1.66x
314,10:36:30,36.020,71.590,69.620,51.300,49.920,32.750,1.906,15.886,17.076,0.950,1.619,922.600,1529.400,1.658,15.093,27.642,1.038,1.769,19.524,20.829,0.745,0.750,15.092,27.646,0.189,8.655,9.564,0.018,4155.000,144.926,50.137,8.655,59.702,ON,Clear and hot; Hybrid loop operating; Ceff=1.66x
315,10:37:00,36.040,71.620,69.650,51.320,49.950,32.760,1.909,15.884,17.074,0.951,1.621,923.400,1531.200,1.658,15.105,27.673,1.039,1.771,19.522,20.827,0.745,0.750,15.106,27.677,0.189,8.655,9.564,0.018,4155.000,145.154,50.157,8.655,59.721,ON,Clear and hot; Hybrid loop operating; Ceff=1.66x
316,10:37:30,36.050,71.660,69.690,51.350,49.980,32.760,1.910,15.881,17.072,0.951,1.622,923.600,1532.000,1.659,15.105,27.683,1.039,1.772,19.520,20.825,0.745,0.750,15.103,27.691,0.189,8.652,9.563,0.018,4155.000,145.230,50.157,8.652,59.721,ON,Clear and hot; Hybrid loop operating; Ceff=1.66x
317,10:38:00,36.060,71.710,69.750,51.390,50.010,32.760,1.910,15.878,17.070,0.951,1.621,923.300,1531.900,1.659,15.096,27.678,1.039,1.772,19.516,20.823,0.744,0.750,15.100,27.670,0.189,8.653,9.557,0.018,4155.000,145.230,50.161,8.653,59.718,ON,Clear and hot; Hybrid loop operating; Ceff=1.66x
318,10:38:30,36.070,71.780,69.810,51.430,50.050,32.760,1.909,15.874,17.068,0.950,1.621,922.600,1531.300,1.660,15.081,27.661,1.038,1.771,19.512,20.820,0.745,0.750,15.080,27.667,0.189,8.648,9.560,0.018,4155.000,145.154,50.154,8.648,59.714,ON,Clear and hot; Hybrid loop operating; Ceff=1.66x
319,10:39:00,36.080,71.860,69.880,51.480,50.090,32.760,1.908,15.870,17.065,0.949,1.620,921.900,1530.500,1.660,15.064,27.643,1.037,1.770,19.507,20.817,0.745,0.750,15.061,27.645,0.189,8.644,9.557,0.018,4155.000,145.078,50.154,8.644,59.711,ON,Clear and hot; Hybrid loop operating; Ceff=1.66x
320,10:39:30,36.090,71.940,69.950,51.530,50.140,32.770,1.907,15.865,17.062,0.949,1.619,921.400,1530.100,1.661,15.050,27.629,1.037,1.770,19.502,20.814,0.744,0.750,15.056,27.623,0.189,8.646,9.552,0.018,4155.000,145.002,50.141,8.646,59.693,ON,Clear and hot; Hybrid loop operating; Ceff=1.66x
321,10:40:00,36.100,72.030,70.030,51.580,50.180,32.770,1.907,15.860,17.059,0.948,1.620,921.300,1530.400,1.661,15.043,27.628,1.037,1.770,19.497,20.811,0.744,0.750,15.035,27.636,0.189,8.635,9.554,0.018,4155.000,145.002,50.131,8.635,59.685,ON,Clear and hot; Hybrid loop operating; Ceff=1.66x
322,10:40:30,36.110,72.110,70.100,51.630,50.230,32.770,1.909,15.856,17.057,0.949,1.621,921.700,1531.600,1.662,15.044,27.644,1.037,1.771,19.492,20.808,0.744,0.750,15.047,27.649,0.189,8.638,9.552,0.018,4155.000,145.154,50.144,8.638,59.696,ON,Clear and hot; Hybrid loop operating; Ceff=1.66x
323,10:41:00,36.120,72.190,70.170,51.680,50.270,32.780,1.913,15.851,17.054,0.950,1.623,922.800,1533.800,1.662,15.056,27.678,1.038,1.774,19.487,20.805,0.744,0.750,15.058,27.679,0.189,8.634,9.548,0.018,4155.000,145.458,50.177,8.634,59.725,ON,Clear and hot; Hybrid loop operating; Ceff=1.66x
324,10:41:30,36.130,72.260,70.230,51.720,50.310,32.780,1.918,15.848,17.052,0.951,1.626,924.400,1536.900,1.663,15.078,27.729,1.040,1.777,19.483,20.803,0.744,0.750,15.071,27.727,0.189,8.626,9.545,0.018,4155.000,145.838,50.207,8.626,59.752,ON,Clear and hot; Hybrid loop operating; Ceff=1.66x
325,10:42:00,36.140,72.310,70.280,51.760,50.340,32.780,1.924,15.844,17.050,0.953,1.630,926.400,1540.600,1.663,15.106,27.792,1.042,1.781,19.479,20.800,0.744,0.750,15.099,27.792,0.189,8.624,9.545,0.018,4155.000,146.294,50.243,8.624,59.788,ON,Clear and hot; Hybrid loop operating; Ceff=1.66x
326,10:42:30,36.150,72.350,70.320,51.790,50.360,32.790,1.931,15.842,17.048,0.956,1.634,928.500,1544.500,1.663,15.137,27.859,1.044,1.786,19.477,20.799,0.744,0.750,15.145,27.856,0.189,8.630,9.543,0.018,4155.000,146.826,50.298,8.630,59.841,ON,Clear and hot; Hybrid loop operating; Ceff=1.66x
327,10:43:00,36.150,72.380,70.350,51.800,50.380,32.790,1.937,15.840,17.047,0.958,1.638,930.400,1548.200,1.664,15.167,27.923,1.046,1.790,19.475,20.797,0.745,0.750,15.175,27.923,0.189,8.630,9.543,0.018,4155.000,147.283,50.334,8.630,59.877,ON,Clear and hot; Hybrid loop operating; Ceff=1.66x
328,10:43:30,36.160,72.380,70.370,51.810,50.400,32.800,1.942,15.840,17.046,0.959,1.641,932.000,1551.200,1.664,15.192,27.977,1.048,1.794,19.474,20.797,0.744,0.750,15.191,27.972,0.189,8.624,9.541,0.018,4155.000,147.663,50.366,8.624,59.908,ON,Clear and hot; Hybrid loop operating; Ceff=1.66x
329,10:44:00,36.170,72.380,70.370,51.810,50.400,32.800,1.945,15.840,17.046,0.960,1.644,933.000,1553.400,1.665,15.209,28.016,1.049,1.796,19.474,20.796,0.745,0.750,15.206,28.024,0.189,8.623,9.545,0.018,4155.000,147.891,50.373,8.623,59.918,ON,Clear and hot; Hybrid loop operating; Ceff=1.66x
330,10:44:30,36.170,72.370,70.370,51.800,50.410,32.810,1.947,15.840,17.046,0.961,1.645,933.400,1554.500,1.665,15.217,28.036,1.050,1.797,19.475,20.797,0.744,0.750,15.222,28.041,0.189,8.629,9.544,0.018,4155.000,148.043,50.389,8.629,59.933,ON,Clear and hot; Hybrid loop operating; Ceff=1.67x
331,10:45:00,36.180,72.340,70.360,51.790,50.400,32.810,1.947,15.841,17.047,0.960,1.645,933.300,1554.600,1.666,15.215,28.039,1.050,1.798,19.476,20.797,0.744,0.750,15.207,28.042,0.189,8.621,9.544,0.018,4155.000,148.043,50.386,8.621,59.930,ON,Clear and hot; Hybrid loop operating; Ceff=1.67x
332,10:45:30,36.180,72.320,70.340,51.780,50.400,32.820,1.946,15.842,17.047,0.960,1.644,932.700,1554.000,1.666,15.206,28.029,1.049,1.797,19.477,20.798,0.744,0.750,15.208,28.025,0.189,8.627,9.542,0.018,4155.000,147.967,50.379,8.627,59.921,ON,Clear and hot; Hybrid loop operating; Ceff=1.67x
333,10:46:00,36.190,72.300,70.330,51.760,50.390,32.820,1.945,15.843,17.048,0.959,1.643,931.800,1553.000,1.667,15.194,28.013,1.048,1.796,19.478,20.798,0.744,0.750,15.193,28.010,0.189,8.627,9.543,0.018,4155.000,147.891,50.386,8.627,59.929,ON,Clear and hot; Hybrid loop operating; Ceff=1.67x
334,10:46:30,36.200,72.280,70.330,51.760,50.390,32.830,1.943,15.844,17.048,0.958,1.642,931.000,1552.100,1.667,15.182,27.998,1.047,1.795,19.479,20.799,0.744,0.750,15.179,27.993,0.189,8.626,9.543,0.018,4155.000,147.739,50.363,8.626,59.906,ON,Clear and hot; Hybrid loop operating; Ceff=1.67x
335,10:47:00,36.200,72.280,70.330,51.750,50.390,32.840,1.943,15.844,17.048,0.958,1.642,930.600,1551.700,1.668,15.174,27.991,1.047,1.794,19.478,20.799,0.744,0.750,15.179,27.993,0.189,8.630,9.545,0.018,4155.000,147.739,50.376,8.630,59.921,ON,Clear and hot; Hybrid loop operating; Ceff=1.67x
336,10:47:30,36.210,72.300,70.350,51.760,50.400,32.840,1.943,15.843,17.048,0.958,1.642,930.600,1552.200,1.668,15.173,27.997,1.047,1.795,19.477,20.798,0.744,0.750,15.178,27.993,0.189,8.629,9.542,0.018,4155.000,147.739,50.360,8.629,59.902,ON,Clear and hot; Hybrid loop operating; Ceff=1.67x
337,10:48:00,36.210,72.330,70.380,51.780,50.410,32.850,1.946,15.841,17.047,0.958,1.644,931.200,1553.600,1.668,15.181,28.021,1.047,1.796,19.476,20.797,0.744,0.750,15.176,28.025,0.189,8.623,9.544,0.018,4155.000,147.967,50.392,8.623,59.937,ON,Clear and hot; Hybrid loop operating; Ceff=1.67x
338,10:48:30,36.210,72.380,70.420,51.810,50.440,32.850,1.950,15.838,17.045,0.960,1.646,932.400,1556.100,1.669,15.198,28.062,1.049,1.799,19.472,20.795,0.744,0.750,15.204,28.056,0.189,8.628,9.540,0.018,4155.000,148.271,50.415,8.628,59.954,ON,Clear and hot; Hybrid loop operating; Ceff=1.67x
339,10:49:00,36.220,72.440,70.480,51.850,50.470,32.860,1.955,15.835,17.043,0.961,1.650,934.200,1559.300,1.669,15.221,28.117,1.051,1.803,19.469,20.793,0.744,0.750,15.217,28.121,0.189,8.619,9.542,0.018,4155.000,148.651,50.440,8.619,59.982,ON,Clear and hot; Hybrid loop operating; Ceff=1.67x
340,10:49:30,36.220,72.520,70.550,51.890,50.510,32.870,1.962,15.830,17.040,0.963,1.654,936.200,1563.100,1.670,15.249,28.180,1.053,1.807,19.464,20.790,0.744,0.750,15.244,28.184,0.189,8.615,9.540,0.018,4155.000,149.184,50.498,8.615,60.038,ON,Clear and hot; Hybrid loop operating; Ceff=1.67x
341,10:50:00,36.230,72.600,70.620,51.950,50.560,32.880,1.968,15.826,17.037,0.965,1.658,938.200,1566.900,1.670,15.277,28.243,1.055,1.812,19.459,20.787,0.744,0.750,15.272,28.247,0.189,8.613,9.538,0.018,4155.000,149.640,50.529,8.613,60.068,ON,Clear and hot; Hybrid loop operating; Ceff=1.67x
342,10:50:30,36.230,72.690,70.700,52.000,50.600,32.880,1.974,15.821,17.034,0.967,1.661,940.100,1570.400,1.671,15.301,28.299,1.057,1.816,19.453,20.784,0.744,0.750,15.299,28.293,0.189,8.610,9.533,0.018,4155.000,150.096,50.570,8.610,60.103,ON,Clear and hot; Hybrid loop operating; Ceff=1.67x
343,10:51:00,36.240,72.770,70.770,52.050,50.650,32.890,1.978,15.816,17.032,0.968,1.664,941.500,1573.100,1.671,15.318,28.342,1.058,1.819,19.448,20.781,0.744,0.750,15.310,28.341,0.189,8.604,9.532,0.018,4155.000,150.400,50.586,8.604,60.118,ON,Clear and hot; Hybrid loop operating; Ceff=1.67x
344,10:51:30,36.240,72.850,70.830,52.100,50.690,32.900,1.981,15.812,17.029,0.969,1.666,942.300,1574.900,1.671,15.326,28.369,1.059,1.821,19.444,20.778,0.744,0.750,15.322,28.370,0.189,8.603,9.531,0.018,4155.000,150.628,50.605,8.603,60.136,ON,Clear and hot; Hybrid loop operating; Ceff=1.67x
345,10:52:00,36.250,72.910,70.890,52.130,50.720,32.910,1.982,15.809,17.027,0.969,1.667,942.500,1575.700,1.672,15.326,28.378,1.060,1.821,19.440,20.776,0.744,0.750,15.319,28.384,0.189,8.600,9.531,0.018,4155.000,150.704,50.605,8.600,60.136,ON,Clear and hot; Hybrid loop operating; Ceff=1.67x
346,10:52:30,36.250,72.950,70.930,52.160,50.740,32.910,1.982,15.806,17.026,0.969,1.666,942.200,1575.500,1.672,15.318,28.373,1.059,1.821,19.437,20.774,0.744,0.750,15.316,28.365,0.189,8.601,9.526,0.018,4155.000,150.704,50.611,8.601,60.137,ON,Clear and hot; Hybrid loop operating; Ceff=1.67x
347,10:53:00,36.260,72.970,70.950,52.170,50.760,32.920,1.981,15.805,17.025,0.968,1.666,941.600,1574.800,1.673,15.305,28.358,1.058,1.820,19.436,20.773,0.744,0.750,15.299,28.364,0.189,8.597,9.530,0.018,4155.000,150.628,50.608,8.597,60.138,ON,Clear and hot; Hybrid loop operating; Ceff=1.67x
348,10:53:30,36.270,72.970,70.960,52.170,50.760,32.930,1.980,15.805,17.025,0.968,1.665,940.800,1573.900,1.673,15.293,28.341,1.057,1.819,19.436,20.773,0.744,0.750,15.299,28.347,0.189,8.604,9.529,0.018,4155.000,150.552,50.611,8.604,60.141,ON,Clear and hot; Hybrid loop operating; Ceff=1.67x
349,10:54:00,36.270,72.960,70.950,52.170,50.760,32.940,1.978,15.805,17.025,0.967,1.664,940.200,1573.300,1.673,15.283,28.331,1.057,1.819,19.436,20.773,0.744,0.750,15.283,28.330,0.189,8.601,9.527,0.018,4155.000,150.400,50.580,8.601,60.107,ON,Clear and hot; Hybrid loop operating; Ceff=1.67x
350,10:54:30,36.280,72.930,70.930,52.150,50.750,32.950,1.978,15.807,17.026,0.967,1.664,940.000,1573.300,1.674,15.281,28.332,1.057,1.819,19.438,20.774,0.744,0.750,15.285,28.331,0.189,8.604,9.528,0.018,4155.000,150.400,50.580,8.604,60.107,ON,Clear and hot; Hybrid loop operating; Ceff=1.67x
351,10:55:00,36.290,72.900,70.910,52.130,50.740,32.960,1.980,15.808,17.027,0.967,1.665,940.300,1574.200,1.674,15.289,28.351,1.057,1.820,19.439,20.775,0.744,0.750,15.286,28.350,0.189,8.602,9.529,0.018,4155.000,150.552,50.602,8.602,60.130,ON,Clear and hot; Hybrid loop operating; Ceff=1.67x
352,10:55:30,36.290,72.870,70.890,52.110,50.730,32.960,1.983,15.810,17.027,0.968,1.667,941.300,1576.200,1.675,15.307,28.389,1.058,1.822,19.441,20.776,0.744,0.750,15.304,28.384,0.189,8.602,9.528,0.018,4155.000,150.780,50.614,8.602,60.142,ON,Clear and hot; Hybrid loop operating; Ceff=1.67x
353,10:56:00,36.300,72.850,70.880,52.100,50.720,32.970,1.988,15.811,17.028,0.970,1.670,942.800,1579.200,1.675,15.333,28.444,1.060,1.826,19.442,20.777,0.744,0.750,15.337,28.437,0.189,8.607,9.528,0.018,4155.000,151.161,50.645,8.607,60.173,ON,Clear and hot; Hybrid loop operating; Ceff=1.67x
354,10:56:30,36.310,72.830,70.870,52.090,50.720,32.980,1.995,15.811,17.028,0.972,1.674,944.800,1582.900,1.675,15.366,28.511,1.062,1.830,19.443,20.777,0.744,0.750,15.368,28.505,0.189,8.606,9.528,0.018,4155.000,151.693,50.705,8.606,60.233,ON,Clear and hot; Hybrid loop operating; Ceff=1.68x
355,10:57:00,36.320,72.840,70.880,52.100,50.730,32.990,2.001,15.811,17.028,0.974,1.679,947.000,1586.900,1.676,15.402,28.582,1.065,1.835,19.442,20.776,0.744,0.750,15.400,28.590,0.189,8.604,9.532,0.018,4155.000,152.149,50.729,8.604,60.262,ON,Clear and hot; Hybrid loop operating; Ceff=1.68x
356,10:57:30,36.320,72.860,70.900,52.120,50.750,33.000,2.008,15.810,17.027,0.976,1.683,949.100,1590.800,1.676,15.435,28.651,1.067,1.839,19.441,20.775,0.744,0.750,15.431,28.656,0.189,8.602,9.531,0.018,4155.000,152.681,50.782,8.602,60.313,ON,Clear and hot; Hybrid loop operating; Ceff=1.68x
357,10:58:00,36.330,72.900,70.940,52.150,50.780,33.010,2.014,15.807,17.025,0.978,1.686,951.000,1594.200,1.676,15.461,28.709,1.069,1.843,19.438,20.773,0.744,0.750,15.459,28.704,0.189,8.601,9.527,0.018,4155.000,153.138,50.825,8.601,60.352,ON,Clear and hot; Hybrid loop operating; Ceff=1.68x
358,10:58:30,36.340,72.960,71.000,52.180,50.810,33.020,2.018,15.804,17.023,0.979,1.689,952.300,1596.800,1.677,15.478,28.750,1.070,1.846,19.435,20.771,0.744,0.750,15.472,28.752,0.189,8.596,9.527,0.018,4155.000,153.442,50.843,8.596,60.370,ON,Clear and hot; Hybrid loop operating; Ceff=1.68x
359,10:59:00,36.350,73.030,71.060,52.230,50.860,33.020,2.021,15.800,17.020,0.980,1.690,953.000,1598.400,1.677,15.485,28.772,1.071,1.848,19.430,20.768,0.744,0.750,15.484,28.764,0.189,8.597,9.521,0.018,4155.000,153.670,50.868,8.597,60.389,ON,Clear and hot; Hybrid loop operating; Ceff=1.68x
360,10:59:30,36.360,73.120,71.140,52.290,50.900,33.030,2.021,15.795,17.017,0.980,1.691,953.100,1598.900,1.678,15.481,28.776,1.071,1.848,19.425,20.765,0.744,0.750,15.479,28.776,0.189,8.593,9.522,0.018,4155.000,153.670,50.852,8.593,60.374,ON,Clear and hot; Hybrid loop operating; Ceff=1.68x
361,11:00:00,36.370,73.200,71.210,52.340,50.950,33.040,2.021,15.790,17.014,0.980,1.691,952.800,1598.700,1.678,15.469,28.765,1.071,1.848,19.420,20.761,0.744,0.750,15.474,28.771,0.189,8.593,9.522,0.018,4155.000,153.670,50.858,8.593,60.380,ON,Clear and hot; Hybrid loop operating; Ceff=1.68x
362,11:00:30,36.380,73.290,71.290,52.400,51.000,33.050,2.020,15.785,17.011,0.979,1.690,952.100,1598.000,1.678,15.453,28.746,1.070,1.847,19.414,20.758,0.744,0.750,15.454,28.749,0.189,8.588,9.519,0.018,4155.000,153.594,50.855,8.588,60.374,ON,Clear and hot; Hybrid loop operating; Ceff=1.68x
363,11:01:00,36.400,73.370,71.360,52.450,51.040,33.060,2.019,15.781,17.008,0.978,1.689,951.500,1597.200,1.679,15.437,28.727,1.069,1.846,19.409,20.755,0.744,0.750,15.434,28.727,0.189,8.582,9.516,0.018,4155.000,153.518,50.855,8.582,60.372,ON,Clear and hot; Hybrid loop operating; Ceff=1.68x
364,11:01:30,36.410,73.450,71.420,52.500,51.080,33.070,2.018,15.777,17.006,0.978,1.689,951.100,1596.900,1.679,15.426,28.717,1.069,1.846,19.405,20.752,0.744,0.750,15.430,28.723,0.189,8.584,9.517,0.018,4155.000,153.442,50.840,8.584,60.357,ON,Clear and hot; Hybrid loop operating; Ceff=1.68x
365,11:02:00,36.420,73.510,71.470,52.530,51.110,33.070,2.019,15.773,17.004,0.978,1.689,951.200,1597.400,1.679,15.423,28.721,1.069,1.846,19.401,20.750,0.744,0.750,15.426,28.720,0.189,8.581,9.513,0.018,4155.000,153.518,50.849,8.581,60.362,ON,Clear and hot; Hybrid loop operating; Ceff=1.68x
366,11:02:30,36.430,73.550,71.510,52.560,51.140,33.080,2.021,15.771,17.002,0.978,1.691,951.900,1598.900,1.680,15.431,28.743,1.069,1.848,19.399,20.748,0.744,0.750,15.424,28.750,0.189,8.573,9.514,0.018,4155.000,153.670,50.852,8.573,60.366,ON,Clear and hot; Hybrid loop operating; Ceff=1.68x
367,11:03:00,36.450,73.580,71.540,52.590,51.160,33.090,2.026,15.769,17.001,0.980,1.693,953.200,1601.400,1.680,15.450,28.786,1.071,1.851,19.397,20.747,0.744,0.750,15.454,28.783,0.189,8.578,9.510,0.018,4155.000,154.050,50.898,8.578,60.408,ON,Clear and hot; Hybrid loop operating; Ceff=1.68x
368,11:03:30,36.460,73.590,71.560,52.600,51.170,33.100,2.031,15.768,17.000,0.982,1.697,955.000,1604.700,1.680,15.478,28.844,1.073,1.854,19.396,20.746,0.744,0.750,15.484,28.849,0.189,8.579,9.512,0.018,4155.000,154.430,50.919,8.579,60.431,ON,Clear and hot; Hybrid loop operating; Ceff=1.68x
369,11:04:00,36.480,73.600,71.570,52.610,51.190,33.100,2.038,15.768,16.999,0.984,1.701,957.100,1608.700,1.681,15.512,28.914,1.075,1.859,19.395,20.745,0.744,0.750,15.516,28.915,0.189,8.577,9.510,0.018,4155.000,154.962,50.967,8.577,60.477,ON,Clear and hot; Hybrid loop operating; Ceff=1.68x
370,11:04:30,36.490,73.590,71.570,52.610,51.190,33.110,2.045,15.768,16.999,0.986,1.705,959.400,1612.800,1.681,15.549,28.987,1.078,1.864,19.396,20.745,0.744,0.750,15.547,28.983,0.189,8.574,9.508,0.018,4155.000,155.495,51.012,8.574,60.520,ON,Clear and hot; Hybrid loop operating; Ceff=1.68x
371,11:05:00,36.510,73.580,71.570,52.610,51.200,33.120,2.051,15.769,16.999,0.988,1.709,961.400,1616.500,1.681,15.583,29.054,1.080,1.868,19.396,20.744,0.744,0.750,15.580,29.051,0.189,8.574,9.509,0.018,4155.000,155.951,51.045,8.574,60.554,ON,Clear and hot; Hybrid loop operating; Ceff=1.68x
372,11:05:30,36.530,73.560,71.560,52.610,51.210,33.120,2.057,15.769,16.998,0.990,1.712,963.100,1619.700,1.682,15.610,29.110,1.082,1.872,19.397,20.744,0.744,0.750,15.611,29.101,0.189,8.576,9.506,0.018,4155.000,156.407,51.093,8.576,60.599,ON,Clear and hot; Hybrid loop operating; Ceff=1.68x
373,11:06:00,36.540,73.550,71.560,52.610,51.220,33.130,2.060,15.769,16.998,0.991,1.715,964.200,1621.800,1.682,15.628,29.147,1.083,1.874,19.397,20.744,0.744,0.750,15.627,29.152,0.189,8.575,9.510,0.018,4155.000,156.635,51.101,8.575,60.612,ON,Clear and hot; Hybrid loop operating; Ceff=1.68x
374,11:06:30,36.560,73.550,71.570,52.620,51.230,33.140,2.062,15.769,16.998,0.992,1.716,964.600,1622.900,1.682,15.635,29.166,1.084,1.875,19.397,20.743,0.744,0.750,15.643,29.169,0.189,8.580,9.510,0.018,4155.000,156.787,51.116,8.580,60.626,ON,Clear and hot; Hybrid loop operating; Ceff=1.68x
375,11:07:00,36.580,73.560,71.580,52.630,51.240,33.140,2.062,15.769,16.997,0.991,1.716,964.500,1623.000,1.683,15.633,29.166,1.083,1.875,19.396,20.742,0.744,0.750,15.627,29.167,0.189,8.573,9.508,0.018,4155.000,156.787,51.113,8.573,60.621,ON,Clear and hot; Hybrid loop operating; Ceff=1.68x
376,11:07:30,36.590,73.580,71.600,52.650,51.270,33.150,2.061,15.767,16.996,0.991,1.715,964.000,1622.400,1.683,15.623,29.153,1.083,1.875,19.395,20.741,0.744,0.750,15.625,29.148,0.189,8.576,9.506,0.018,4155.000,156.711,51.107,8.576,60.613,ON,Clear and hot; Hybrid loop operating; Ceff=1.68x
377,11:08:00,36.610,73.620,71.640,52.670,51.290,33.160,2.060,15.765,16.994,0.990,1.714,963.300,1621.500,1.683,15.608,29.134,1.082,1.874,19.392,20.739,0.744,0.750,15.607,29.128,0.189,8.572,9.504,0.018,4155.000,156.635,51.111,8.572,60.615,ON,Clear and hot; Hybrid loop operating; Ceff=1.68x
378,11:08:30,36.630,73.670,71.690,52.710,51.320,33.160,2.058,15.762,16.992,0.989,1.713,962.600,1620.700,1.684,15.594,29.115,1.081,1.873,19.389,20.737,0.744,0.750,15.589,29.107,0.189,8.568,9.502,0.018,4155.000,156.483,51.086,8.568,60.589,ON,Clear and hot; Hybrid loop operating; Ceff=1.68x
379,11:09:00,36.650,73.730,71.740,52.750,51.360,33.170,2.058,15.759,16.989,0.989,1.713,962.300,1620.500,1.684,15.585,29.106,1.081,1.872,19.385,20.734,0.744,0.750,15.586,29.102,0.189,8.569,9.502,0.018,4155.000,156.483,51.092,8.569,60.594,ON,Clear and hot; Hybrid loop operating; Ceff=1.68x
380,11:09:30,36.670,73.810,71.810,52.810,51.410,33.170,2.059,15.754,16.987,0.989,1.714,962.500,1621.100,1.684,15.583,29.111,1.081,1.873,19.381,20.731,0.744,0.750,15.581,29.116,0.189,8.565,9.503,0.018,4155.000,156.559,51.098,8.565,60.601,ON,Clear and hot; Hybrid loop operating; Ceff=1.68x
381,11:10:00,36.690,73.890,71.880,52.860,51.460,33.180,2.062,15.750,16.983,0.990,1.715,963.300,1622.800,1.685,15.589,29.134,1.082,1.875,19.375,20.728,0.744,0.750,15.593,29.126,0.189,8.564,9.496,0.018,4155.000,156.787,51.119,8.564,60.615,ON,Clear and hot; Hybrid loop operating; Ceff=1.68x
382,11:10:30,36.710,73.980,71.960,52.920,51.510,33.180,2.066,15.745,16.980,0.991,1.718,964.700,1625.400,1.685,15.605,29.173,1.083,1.878,19.370,20.724,0.744,0.750,15.603,29.172,0.189,8.558,9.496,0.018,4155.000,157.091,51.136,8.558,60.632,ON,Clear and hot; Hybrid loop operating; Ceff=1.68x
383,11:11:00,36.730,74.070,72.040,52.980,51.560,33.180,2.072,15.740,16.977,0.993,1.722,966.500,1628.700,1.685,15.629,29.226,1.085,1.881,19.364,20.720,0.744,0.750,15.630,29.234,0.189,8.556,9.497,0.018,4155.000,157.548,51.181,8.556,60.678,ON,Clear and hot; Hybrid loop operating; Ceff=1.69x
384,11:11:30,36.750,74.150,72.110,53.040,51.610,33.190,2.078,15.735,16.973,0.995,1.725,968.500,1632.500,1.686,15.656,29.286,1.087,1.886,19.359,20.717,0.744,0.750,15.656,29.278,0.189,8.553,9.489,0.018,4155.000,158.004,51.210,8.553,60.699,ON,Clear and hot; Hybrid loop operating; Ceff=1.69x
385,11:12:00,36.770,74.230,72.180,53.100,51.660,33.190,2.085,15.731,16.970,0.997,1.729,970.600,1636.200,1.686,15.683,29.346,1.090,1.890,19.355,20.713,0.743,0.750,15.684,29.341,0.189,8.550,9.488,0.018,4155.000,158.536,51.266,8.550,60.754,ON,Clear and hot; Hybrid loop operating; Ceff=1.69x
386,11:12:30,36.790,74.290,72.240,53.140,51.710,33.190,2.090,15.727,16.968,0.999,1.733,972.300,1639.400,1.686,15.707,29.398,1.091,1.894,19.351,20.711,0.744,0.749,15.711,29.406,0.189,8.550,9.490,0.018,4155.000,158.916,51.289,8.550,60.779,ON,Clear and hot; Hybrid loop operating; Ceff=1.69x
387,11:13:00,36.810,74.330,72.280,53.180,51.740,33.200,2.094,15.725,16.965,1.000,1.735,973.600,1641.800,1.686,15.724,29.436,1.093,1.896,19.348,20.708,0.744,0.750,15.725,29.434,0.189,8.546,9.486,0.018,4155.000,159.220,51.312,8.546,60.797,ON,Clear and hot; Hybrid loop operating; Ceff=1.69x
388,11:13:30,36.840,74.360,72.310,53.210,51.770,33.200,2.096,15.723,16.964,1.001,1.736,974.200,1643.100,1.687,15.732,29.457,1.094,1.898,19.346,20.706,0.743,0.750,15.739,29.450,0.189,8.548,9.483,0.018,4155.000,159.373,51.320,8.548,60.803,ON,Clear and hot; Hybrid loop operating; Ceff=1.69x
389,11:14:00,36.860,74.370,72.330,53.220,51.790,33.200,2.097,15.722,16.963,1.001,1.737,974.200,1643.400,1.687,15.731,29.460,1.093,1.898,19.345,20.705,0.744,0.750,15.738,29.465,0.189,8.547,9.486,0.018,4155.000,159.449,51.335,8.547,60.822,ON,Clear and hot; Hybrid loop operating; Ceff=1.69x
390,11:14:30,36.880,74.370,72.330,53.230,51.800,33.200,2.096,15.722,16.962,1.000,1.736,973.700,1642.800,1.687,15.722,29.448,1.093,1.897,19.345,20.705,0.744,0.750,15.722,29.446,0.189,8.543,9.484,0.018,4155.000,159.373,51.329,8.543,60.813,ON,Clear and hot; Hybrid loop operating; Ceff=1.69x
391,11:15:00,36.900,74.350,72.330,53.220,51.810,33.210,2.094,15.723,16.962,0.999,1.735,972.800,1641.600,1.688,15.709,29.426,1.092,1.896,19.346,20.705,0.744,0.750,15.707,29.429,0.189,8.543,9.485,0.018,4155.000,159.220,51.318,8.543,60.803,ON,Clear and hot; Hybrid loop operating; Ceff=1.69x
392,11:15:30,36.920,74.330,72.310,53.220,51.810,33.210,2.092,15.724,16.962,0.998,1.733,971.800,1640.300,1.688,15.695,29.403,1.091,1.894,19.347,20.705,0.744,0.750,15.693,29.395,0.189,8.544,9.482,0.018,4155.000,159.068,51.310,8.544,60.791,ON,Clear and hot; Hybrid loop operating; Ceff=1.69x
393,11:16:00,36.940,74.300,72.300,53.210,51.810,33.210,2.090,15.725,16.963,0.997,1.732,971.100,1639.200,1.688,15.684,29.384,1.090,1.893,19.348,20.705,0.744,0.750,15.678,29.380,0.189,8.542,9.483,0.018,4155.000,158.916,51.295,8.542,60.778,ON,Clear and hot; Hybrid loop operating; Ceff=1.69x
394,11:16:30,36.970,74.280,72.290,53.200,51.810,33.210,2.089,15.726,16.963,0.997,1.732,970.700,1638.800,1.688,15.679,29.377,1.090,1.893,19.349,20.705,0.743,0.750,15.679,29.380,0.189,8.546,9.486,0.018,4155.000,158.840,51.283,8.546,60.768,ON,Clear and hot; Hybrid loop operating; Ceff=1.69x
395,11:17:00,36.990,74.270,72.290,53.210,51.820,33.210,2.090,15.726,16.962,0.997,1.732,970.900,1639.400,1.689,15.682,29.386,1.090,1.893,19.350,20.705,0.744,0.750,15.679,29.378,0.189,8.544,9.482,0.018,4155.000,158.916,51.289,8.544,60.770,ON,Clear and hot; Hybrid loop operating; Ceff=1.69x
396,11:17:30,37.010,74.280,72.300,53.220,51.830,33.210,2.093,15.726,16.962,0.998,1.734,971.600,1640.900,1.689,15.694,29.413,1.091,1.895,19.349,20.704,0.743,0.750,15.695,29.412,0.189,8.547,9.484,0.018,4155.000,159.144,51.315,8.547,60.799,ON,Clear and hot; Hybrid loop operating; Ceff=1.69x
397,11:18:00,37.030,74.300,72.330,53.240,51.860,33.210,2.097,15.724,16.960,0.999,1.737,972.900,1643.400,1.689,15.713,29.454,1.092,1.898,19.347,20.702,0.744,0.750,15.708,29.460,0.189,8.543,9.485,0.018,4155.000,159.449,51.335,8.543,60.820,ON,Clear and hot; Hybrid loop operating; Ceff=1.69x
398,11:18:30,37.050,74.350,72.370,53.270,51.890,33.210,2.102,15.722,16.958,1.001,1.740,974.600,1646.500,1.689,15.737,29.505,1.094,1.901,19.345,20.700,0.744,0.750,15.738,29.507,0.189,8.544,9.482,0.018,4155.000,159.829,51.361,8.544,60.843,ON,Clear and hot; Hybrid loop operating; Ceff=1.69x
399,11:19:00,37.070,74.410,72.420,53.320,51.930,33.210,2.108,15.718,16.956,1.003,1.743,976.400,1649.800,1.690,15.762,29.559,1.096,1.905,19.341,20.697,0.744,0.750,15.765,29.554,0.189,8.543,9.478,0.018,4155.000,160.285,51.404,8.543,60.883,ON,Clear and hot; Hybrid loop operating; Ceff=1.69x
400,11:19:30,37.090,74.490,72.490,53.380,51.980,33.210,2.113,15.714,16.953,1.004,1.746,978.100,1652.900,1.690,15.784,29.608,1.098,1.909,19.336,20.694,0.743,0.749,15.777,29.600,0.189,8.534,9.475,0.018,4155.000,160.665,51.430,8.534,60.905,ON,Clear and hot; Hybrid loop operating; Ceff=1.69x
401,11:20:00,37.110,74.570,72.570,53.440,52.040,33.210,2.117,15.709,16.949,1.006,1.749,979.500,1655.400,1.690,15.799,29.645,1.099,1.912,19.331,20.690,0.744,0.749,15.803,29.644,0.189,8.537,9.475,0.018,4155.000,160.969,51.449,8.537,60.924,ON,Clear and hot; Hybrid loop operating; Ceff=1.69x
402,11:20:30,37.130,74.660,72.650,53.500,52.090,33.210,2.120,15.704,16.946,1.006,1.751,980.200,1656.900,1.690,15.805,29.665,1.100,1.913,19.325,20.686,0.744,0.750,15.798,29.672,0.189,8.528,9.475,0.018,4155.000,161.197,51.475,8.528,60.951,ON,Clear and hot; Hybrid loop operating; Ceff=1.69x
403,11:21:00,37.150,74.750,72.730,53.560,52.150,33.210,2.121,15.699,16.942,1.007,1.751,980.400,1657.400,1.691,15.801,29.666,1.100,1.914,19.320,20.682,0.744,0.749,15.809,29.665,0.189,8.532,9.470,0.018,4155.000,161.273,51.484,8.532,60.954,ON,Clear and hot; Hybrid loop operating; Ceff=1.69x
404,11:21:30,37.170,74.830,72.800,53.620,52.200,33.210,2.120,15.694,16.939,1.006,1.750,979.900,1656.900,1.691,15.788,29.650,1.099,1.913,19.315,20.679,0.744,0.750,15.788,29.643,0.189,8.525,9.466,0.018,4155.000,161.197,51.475,8.525,60.941,ON,Clear and hot; Hybrid loop operating; Ceff=1.69x
405,11:22:00,37.190,74.900,72.860,53.670,52.240,33.210,2.118,15.691,16.936,1.005,1.749,979.000,1655.600,1.691,15.769,29.620,1.098,1.911,19.311,20.676,0.744,0.750,15.769,29.621,0.189,8.523,9.466,0.018,4155.000,161.045,51.467,8.523,60.934,ON,Clear and hot; Hybrid loop operating; Ceff=1.69x
406,11:22:30,37.210,74.950,72.910,53.700,52.270,33.200,2.115,15.688,16.934,1.004,1.747,977.900,1653.900,1.691,15.747,29.585,1.097,1.909,19.307,20.674,0.743,0.750,15.751,29.584,0.189,8.522,9.464,0.018,4155.000,160.817,51.447,8.522,60.911,ON,Clear and hot; Hybrid loop operating; Ceff=1.69x
407,11:23:00,37.220,74.980,72.940,53.730,52.300,33.200,2.112,15.686,16.933,1.003,1.745,976.800,1652.200,1.692,15.726,29.552,1.096,1.907,19.305,20.672,0.743,0.750,15.733,29.548,0.189,8.522,9.462,0.018,4155.000,160.589,51.427,8.522,60.890,ON,Clear and hot; Hybrid loop operating; Ceff=1.69x
408,11:23:30,37.240,74.990,72.950,53.740,52.310,33.200,2.110,15.685,16.932,1.002,1.744,975.900,1651.000,1.692,15.712,29.529,1.095,1.906,19.305,20.671,0.743,0.749,15.716,29.529,0.189,8.521,9.463,0.018,4155.000,160.437,51.416,8.521,60.879,ON,Clear and hot; Hybrid loop operating; Ceff=1.69x
409,11:24:00,37.260,74.980,72.950,53.740,52.320,33.200,2.109,15.685,16.932,1.001,1.744,975.600,1650.600,1.692,15.706,29.521,1.094,1.906,19.305,20.671,0.744,0.749,15.701,29.529,0.189,8.515,9.466,0.018,4155.000,160.361,51.404,8.515,60.869,ON,Clear and hot; Hybrid loop operating; Ceff=1.69x
410,11:24:30,37.280,74.960,72.940,53.730,52.320,33.190,2.110,15.686,16.932,1.002,1.744,975.800,1651.200,1.692,15.711,29.533,1.095,1.906,19.306,20.671,0.743,0.750,15.717,29.529,0.189,8.522,9.462,0.018,4155.000,160.437,51.409,8.522,60.872,ON,Clear and hot; Hybrid loop operating; Ceff=1.69x
411,11:25:00,37.290,74.930,72.920,53.720,52.310,33.190,2.113,15.688,16.932,1.002,1.746,976.600,1652.900,1.692,15.726,29.563,1.096,1.908,19.307,20.672,0.743,0.750,15.719,29.563,0.189,8.516,9.463,0.018,4155.000,160.665,51.430,8.516,60.893,ON,Clear and hot; Hybrid loop operating; Ceff=1.69x
412,11:25:30,37.310,74.900,72.900,53.710,52.310,33.190,2.117,15.689,16.933,1.004,1.749,978.000,1655.300,1.693,15.750,29.608,1.097,1.911,19.309,20.673,0.744,0.749,15.752,29.616,0.189,8.522,9.466,0.018,4155.000,160.969,51.452,8.522,60.919,ON,Clear and hot; Hybrid loop operating; Ceff=1.69x
413,11:26:00,37.320,74.870,72.880,53.700,52.300,33.190,2.122,15.691,16.933,1.006,1.752,979.600,1658.300,1.693,15.778,29.662,1.099,1.914,19.311,20.673,0.743,0.750,15.785,29.667,0.189,8.526,9.465,0.018,4155.000,161.349,51.480,8.526,60.946,ON,Clear and hot; Hybrid loop operating; Ceff=1.69x
414,11:26:30,37.340,74.850,72.870,53.690,52.310,33.180,2.128,15.692,16.934,1.007,1.755,981.300,1661.300,1.693,15.807,29.717,1.101,1.918,19.312,20.673,0.743,0.749,15.802,29.719,0.189,8.520,9.465,0.018,4155.000,161.806,51.533,8.520,60.998,ON,Clear and hot; Hybrid loop operating; Ceff=1.69x
415,11:27:00,37.350,74.830,72.870,53.690,52.310,33.180,2.132,15.692,16.933,1.009,1.758,982.800,1664.000,1.693,15.831,29.765,1.103,1.921,19.313,20.673,0.743,0.750,15.833,29.768,0.189,8.524,9.465,0.018,4155.000,162.110,51.546,8.524,61.011,ON,Clear and hot; Hybrid loop operating; Ceff=1.69x
416,11:27:30,37.360,74.840,72.870,53.700,52.330,33.180,2.136,15.692,16.933,1.010,1.760,983.800,1666.000,1.693,15.847,29.799,1.104,1.923,19.312,20.672,0.743,0.750,15.849,29.802,0.189,8.524,9.465,0.018,4155.000,162.414,51.581,8.524,61.045,ON,Clear and hot; Hybrid loop operating; Ceff=1.69x
417,11:28:00,37.380,74.850,72.900,53.710,52.340,33.180,2.137,15.691,16.932,1.010,1.761,984.300,1667.000,1.694,15.853,29.814,1.104,1.924,19.311,20.671,0.744,0.750,15.848,29.817,0.189,8.519,9.464,0.018,4155.000,162.490,51.574,8.519,61.038,ON,Clear and hot; Hybrid loop operating; Ceff=1.69x
418,11:28:30,37.390,74.890,72.930,53.740,52.370,33.170,2.137,15.689,16.930,1.010,1.761,984.100,1666.900,1.694,15.848,29.809,1.104,1.924,19.309,20.669,0.743,0.750,15.846,29.814,0.189,8.520,9.463,0.018,4155.000,162.490,51.577,8.520,61.040,ON,Clear and hot; Hybrid loop operating; Ceff=1.69x
419,11:29:00,37.400,74.940,72.970,53.770,52.400,33.170,2.135,15.686,16.928,1.009,1.760,983.400,1665.900,1.694,15.833,29.787,1.103,1.923,19.306,20.667,0.744,0.749,15.827,29.793,0.189,8.516,9.463,0.018,4155.000,162.338,51.560,8.516,61.022,ON,Clear and hot; Hybrid loop operating; Ceff=1.69x
420,11:29:30,37.410,75.000,73.030,53.810,52.430,33.170,2.133,15.683,16.926,1.008,1.758,982.300,1664.300,1.694,15.812,29.753,1.102,1.921,19.302,20.665,0.743,0.749,15.808,29.756,0.189,8.515,9.460,0.018,4155.000,162.186,51.561,8.515,61.021,ON,Clear and hot; Hybrid loop operating; Ceff=1.69x
421,11:30:00,37.420,75.060,73.080,53.860,52.470,33.160,2.129,15.679,16.924,1.007,1.756,981.100,1662.400,1.694,15.788,29.715,1.100,1.919,19.298,20.662,0.744,0.749,15.789,29.719,0.189,8.515,9.459,0.018,4155.000,161.882,51.523,8.515,60.982,ON,Clear and hot; Hybrid loop operating; Ceff=1.69x
422,11:30:30,37.430,75.130,73.140,53.900,52.510,33.160,2.127,15.675,16.921,1.006,1.754,980.100,1660.800,1.695,15.766,29.681,1.099,1.917,19.294,20.660,0.744,0.749,15.769,29.679,0.189,8.513,9.455,0.018,4155.000,161.730,51.524,8.513,60.979,ON,Clear and hot; Hybrid loop operating; Ceff=1.69x
423,11:31:00,37.440,75.200,73.200,53.940,52.540,33.160,2.125,15.671,16.919,1.005,1.753,979.400,1659.800,1.695,15.750,29.658,1.098,1.916,19.290,20.657,0.744,0.749,15.749,29.659,0.189,8.508,9.455,0.018,4155.000,161.578,51.507,8.508,60.961,ON,Clear and hot; Hybrid loop operating; Ceff=1.69x
424,11:31:30,37.450,75.270,73.260,53.980,52.580,33.150,2.125,15.668,16.917,1.005,1.753,979.300,1659.800,1.695,15.744,29.652,1.098,1.916,19.286,20.655,0.743,0.749,15.746,29.656,0.189,8.508,9.453,0.018,4155.000,161.578,51.507,8.508,60.960,ON,Clear and hot; Hybrid loop operating; Ceff=1.69x
425,11:32:00,37.460,75.320,73.310,54.020,52.610,33.150,2.127,15.665,16.915,1.005,1.754,979.800,1660.800,1.695,15.748,29.666,1.099,1.917,19.282,20.653,0.743,0.749,15.743,29.669,0.189,8.502,9.452,0.018,4155.000,161.730,51.524,8.502,60.976,ON,Clear and hot; Hybrid loop operating; Ceff=1.7x
426,11:32:30,37.460,75.370,73.340,54.050,52.630,33.150,2.130,15.662,16.913,1.006,1.756,980.800,1662.800,1.695,15.762,29.698,1.100,1.919,19.280,20.651,0.743,0.749,15.756,29.699,0.189,8.500,9.450,0.018,4155.000,161.958,51.535,8.500,60.985,ON,Clear and hot; Hybrid loop operating; Ceff=1.7x
427,11:33:00,37.470,75.390,73.370,54.070,52.650,33.140,2.135,15.661,16.912,1.008,1.759,982.400,1665.500,1.695,15.784,29.744,1.101,1.922,19.278,20.650,0.744,0.749,15.786,29.748,0.189,8.502,9.450,0.018,4155.000,162.338,51.572,8.502,61.022,ON,Clear and hot; Hybrid loop operating; Ceff=1.7x
428,11:33:30,37.480,75.410,73.390,54.080,52.660,33.140,2.140,15.660,16.911,1.010,1.762,984.100,1668.500,1.696,15.810,29.797,1.103,1.926,19.277,20.649,0.744,0.749,15.817,29.797,0.189,8.504,9.449,0.018,4155.000,162.718,51.600,8.504,61.049,ON,Clear and hot; Hybrid loop operating; Ceff=1.7x
429,11:34:00,37.480,75.410,73.390,54.080,52.670,33.140,2.145,15.660,16.911,1.011,1.765,985.800,1671.500,1.696,15.837,29.850,1.105,1.929,19.277,20.648,0.743,0.749,15.832,29.848,0.189,8.498,9.448,0.018,4155.000,163.098,51.628,8.498,61.076,ON,Clear and hot; Hybrid loop operating; Ceff=1.7x
430,11:34:30,37.490,75.400,73.390,54.080,52.670,33.140,2.149,15.660,16.911,1.013,1.768,987.100,1674.000,1.696,15.860,29.894,1.107,1.932,19.277,20.649,0.743,0.749,15.864,29.899,0.189,8.503,9.450,0.018,4155.000,163.402,51.647,8.503,61.097,ON,Clear and hot; Hybrid loop operating; Ceff=1.7x
431,11:35:00,37.490,75.370,73.370,54.070,52.670,33.130,2.152,15.661,16.912,1.014,1.769,988.000,1675.600,1.696,15.875,29.924,1.108,1.934,19.278,20.649,0.743,0.749,15.880,29.917,0.189,8.504,9.447,0.018,4155.000,163.631,51.669,8.504,61.116,ON,Clear and hot; Hybrid loop operating; Ceff=1.7x
432,11:35:30,37.500,75.340,73.350,54.050,52.660,33.130,2.153,15.663,16.912,1.014,1.770,988.300,1676.200,1.696,15.882,29.936,1.108,1.935,19.280,20.650,0.743,0.749,15.882,29.934,0.189,8.503,9.449,0.018,4155.000,163.707,51.675,8.503,61.124,ON,Clear and hot; Hybrid loop operating; Ceff=1.7x
433,11:36:00,37.500,75.310,73.330,54.030,52.650,33.130,2.152,15.664,16.913,1.014,1.770,987.900,1675.800,1.696,15.879,29.930,1.108,1.934,19.282,20.651,0.743,0.749,15.883,29.936,0.189,8.507,9.452,0.018,4155.000,163.631,51.663,8.507,61.115,ON,Clear and hot; Hybrid loop operating; Ceff=1.7x
434,11:36:30,37.500,75.280,73.310,54.010,52.640,33.130,2.150,15.666,16.914,1.013,1.768,987.100,1674.500,1.696,15.867,29.909,1.107,1.933,19.284,20.652,0.743,0.749,15.870,29.904,0.189,8.506,9.449,0.018,4155.000,163.478,51.655,8.506,61.104,ON,Clear and hot; Hybrid loop operating; Ceff=1.7x
435,11:37:00,37.510,75.250,73.290,54.000,52.630,33.130,2.147,15.667,16.915,1.012,1.766,986.000,1672.700,1.696,15.851,29.879,1.106,1.931,19.285,20.653,0.743,0.749,15.855,29.872,0.189,8.508,9.449,0.018,4155.000,163.250,51.639,8.508,61.088,ON,Clear and hot; Hybrid loop operating; Ceff=1.7x
436,11:37:30,37.510,75.240,73.280,53.990,52.620,33.120,2.144,15.668,16.915,1.011,1.765,984.900,1670.900,1.697,15.834,29.848,1.104,1.928,19.286,20.653,0.744,0.750,15.840,29.855,0.189,8.510,9.454,0.018,4155.000,163.022,51.622,8.510,61.076,ON,Clear and hot; Hybrid loop operating; Ceff=1.7x
437,11:38:00,37.510,75.230,73.290,53.980,52.620,33.120,2.142,15.668,16.915,1.010,1.763,984.000,1669.500,1.697,15.819,29.822,1.103,1.927,19.286,20.653,0.744,0.749,15.825,29.821,0.189,8.509,9.451,0.018,4155.000,162.870,51.617,8.509,61.068,ON,Clear and hot; Hybrid loop operating; Ceff=1.7x
438,11:38:30,37.510,75.250,73.300,53.990,52.630,33.120,2.140,15.667,16.915,1.009,1.762,983.500,1668.800,1.697,15.811,29.809,1.103,1.926,19.285,20.653,0.743,0.749,15.808,29.804,0.189,8.504,9.450,0.018,4155.000,162.718,51.591,8.504,61.040,ON,Clear and hot; Hybrid loop operating; Ceff=1.7x
439,11:39:00,37.510,75.280,73.330,54.010,52.640,33.120,2.141,15.665,16.914,1.009,1.763,983.600,1669.000,1.697,15.810,29.812,1.103,1.926,19.283,20.652,0.743,0.750,15.806,29.819,0.189,8.502,9.453,0.018,4155.000,162.794,51.608,8.502,61.062,ON,Clear and hot; Hybrid loop operating; Ceff=1.7x
440,11:39:30,37.510,75.330,73.370,54.030,52.660,33.120,2.143,15.663,16.913,1.010,1.764,984.300,1670.300,1.697,15.819,29.832,1.104,1.928,19.280,20.650,0.743,0.749,15.820,29.835,0.189,8.504,9.451,0.018,4155.000,162.946,51.616,8.504,61.067,ON,Clear and hot; Hybrid loop operating; Ceff=1.7x
441,11:40:00,37.510,75.390,73.420,54.070,52.690,33.120,2.147,15.660,16.911,1.011,1.766,985.600,1672.500,1.697,15.834,29.867,1.105,1.930,19.277,20.648,0.743,0.749,15.832,29.865,0.189,8.499,9.448,0.018,4155.000,163.250,51.645,8.499,61.093,ON,Clear and hot; Hybrid loop operating; Ceff=1.7x
442,11:40:30,37.510,75.460,73.480,54.110,52.720,33.120,2.152,15.656,16.909,1.013,1.769,987.200,1675.300,1.697,15.855,29.911,1.107,1.933,19.272,20.646,0.743,0.749,15.860,29.912,0.189,8.500,9.447,0.018,4155.000,163.631,51.679,8.500,61.125,ON,Clear and hot; Hybrid loop operating; Ceff=1.7x
443,11:41:00,37.510,75.530,73.540,54.150,52.760,33.120,2.157,15.652,16.906,1.014,1.772,988.800,1678.200,1.697,15.877,29.958,1.109,1.937,19.268,20.643,0.743,0.749,15.871,29.957,0.189,8.493,9.445,0.018,4155.000,164.011,51.709,8.493,61.154,ON,Clear and hot; Hybrid loop operating; Ceff=1.7x
444,11:41:30,37.510,75.600,73.600,54.200,52.800,33.120,2.161,15.648,16.904,1.016,1.775,990.400,1680.800,1.697,15.896,29.999,1.110,1.940,19.263,20.641,0.743,0.749,15.898,30.005,0.189,8.493,9.445,0.018,4155.000,164.315,51.725,8.493,61.170,ON,Clear and hot; Hybrid loop operating; Ceff=1.7x
445,11:42:00,37.510,75.670,73.660,54.240,52.830,33.120,2.164,15.644,16.902,1.017,1.777,991.500,1682.700,1.697,15.909,30.028,1.111,1.942,19.260,20.638,0.743,0.749,15.910,30.035,0.189,8.490,9.444,0.018,4155.000,164.543,51.738,8.490,61.182,ON,Clear and hot; Hybrid loop operating; Ceff=1.7x
446,11:42:30,37.510,75.720,73.700,54.270,52.850,33.120,2.166,15.641,16.900,1.017,1.778,992.000,1683.600,1.697,15.913,30.041,1.112,1.943,19.256,20.636,0.743,0.749,15.907,30.048,0.189,8.484,9.443,0.018,4155.000,164.695,51.758,8.484,61.201,ON,Clear and hot; Hybrid loop operating; Ceff=1.7x
447,11:43:00,37.510,75.760,73.730,54.290,52.870,33.120,2.166,15.639,16.899,1.017,1.777,991.900,1683.400,1.697,15.909,30.035,1.112,1.942,19.254,20.635,0.743,0.750,15.905,30.030,0.189,8.484,9.438,0.018,4155.000,164.695,51.764,8.484,61.203,ON,Clear and hot; Hybrid loop operating; Ceff=1.7x
448,11:43:30,37.510,75.780,73.750,54.300,52.880,33.120,2.164,15.638,16.898,1.016,1.776,991.200,1682.200,1.697,15.896,30.013,1.111,1.941,19.253,20.635,0.743,0.749,15.888,30.011,0.189,8.481,9.439,0.018,4155.000,164.543,51.754,8.481,61.193,ON,Clear and hot; Hybrid loop operating; Ceff=1.7x
449,11:44:00,37.510,75.770,73.750,54.290,52.880,33.120,2.160,15.638,16.899,1.015,1.774,990.000,1680.300,1.697,15.878,29.978,1.110,1.939,19.253,20.635,0.743,0.749,15.873,29.979,0.189,8.483,9.440,0.018,4155.000,164.239,51.716,8.483,61.156,ON,Clear and hot; Hybrid loop operating; Ceff=1.7x
450,11:44:30,37.510,75.750,73.740,54.280,52.870,33.120,2.156,15.639,16.899,1.014,1.772,988.600,1677.900,1.697,15.857,29.938,1.108,1.936,19.254,20.636,0.743,0.749,15.858,29.945,0.189,8.487,9.443,0.018,4155.000,163.935,51.694,8.487,61.137,ON,Clear and hot; Hybrid loop operating; Ceff=1.7x
451,11:45:00,37.510,75.720,73.710,54.250,52.850,33.120,2.152,15.641,16.901,1.013,1.769,987.300,1675.600,1.697,15.838,29.900,1.107,1.934,19.256,20.637,0.743,0.749,15.844,29.898,0.189,8.491,9.441,0.018,4155.000,163.631,51.669,8.491,61.110,ON,Clear and hot; Hybrid loop operating; Ceff=1.7x
452,11:45:30,37.510,75.670,73.680,54.220,52.820,33.130,2.149,15.643,16.902,1.012,1.767,986.300,1673.800,1.697,15.824,29.872,1.106,1.932,19.259,20.639,0.743,0.749,15.831,29.866,0.189,8.492,9.441,0.018,4155.000,163.402,51.653,8.492,61.094,ON,Clear and hot; Hybrid loop operating; Ceff=1.7x
453,11:46:00,37.510,75.630,73.640,54.190,52.800,33.130,2.147,15.646,16.904,1.011,1.766,985.700,1672.800,1.697,15.819,29.858,1.105,1.930,19.262,20.641,0.743,0.750,15.818,29.852,0.189,8.491,9.442,0.018,4155.000,163.250,51.635,8.491,61.078,ON,Clear and hot; Hybrid loop operating; Ceff=1.7x
454,11:46:30,37.510,75.580,73.600,54.160,52.770,33.130,2.147,15.648,16.906,1.011,1.766,985.700,1672.800,1.697,15.822,29.861,1.105,1.930,19.264,20.643,0.743,0.750,15.820,29.856,0.189,8.492,9.443,0.018,4155.000,163.250,51.635,8.492,61.079,ON,Clear and hot; Hybrid loop operating; Ceff=1.7x
455,11:47:00,37.510,75.540,73.570,54.130,52.750,33.130,2.149,15.650,16.907,1.012,1.767,986.300,1673.700,1.697,15.834,29.880,1.106,1.931,19.266,20.644,0.743,0.750,15.838,29.875,0.189,8.496,9.444,0.018,4155.000,163.402,51.656,8.496,61.100,ON,Clear and hot; Hybrid loop operating; Ceff=1.7x
456,11:47:30,37.510,75.520,73.550,54.110,52.740,33.130,2.152,15.652,16.908,1.013,1.769,987.300,1675.300,1.697,15.851,29.911,1.107,1.933,19.268,20.645,0.743,0.750,15.855,29.910,0.189,8.497,9.446,0.018,4155.000,163.631,51.679,8.497,61.125,ON,Clear and hot; Hybrid loop operating; Ceff=1.7x
457,11:48:00,37.500,75.510,73.550,54.110,52.740,33.140,2.155,15.652,16.908,1.014,1.771,988.500,1677.300,1.697,15.871,29.947,1.108,1.936,19.268,20.645,0.743,0.749,15.871,29.944,0.189,8.495,9.446,0.018,4155.000,163.859,51.689,8.495,61.135,ON,Clear and hot; Hybrid loop operating; Ceff=1.7x
458,11:48:30,37.510,75.520,73.560,54.110,52.740,33.140,2.158,15.651,16.908,1.015,1.773,989.700,1679.200,1.697,15.890,29.981,1.110,1.938,19.267,20.645,0.743,0.749,15.886,29.978,0.189,8.493,9.446,0.018,4155.000,164.087,51.702,8.493,61.148,ON,Clear and hot; Hybrid loop operating; Ceff=1.7x
459,11:49:00,37.510,75.550,73.590,54.130,52.750,33.140,2.161,15.650,16.907,1.016,1.775,990.600,1680.600,1.697,15.902,30.004,1.111,1.939,19.266,20.644,0.743,0.750,15.900,30.010,0.189,8.493,9.448,0.018,4155.000,164.315,51.731,8.493,61.179,ON,Clear and hot; Hybrid loop operating; Ceff=1.7x
460,11:49:30,37.510,75.600,73.620,54.160,52.770,33.150,2.162,15.647,16.906,1.016,1.775,991.000,1681.200,1.696,15.905,30.010,1.111,1.940,19.263,20.643,0.743,0.749,15.897,30.008,0.189,8.488,9.444,0.018,4155.000,164.391,51.736,8.488,61.180,ON,Clear and hot; Hybrid loop operating; Ceff=1.7x
461,11:50:00,37.510,75.660,73.670,54.190,52.800,33.150,2.161,15.644,16.904,1.016,1.774,990.700,1680.600,1.696,15.897,29.996,1.111,1.939,19.259,20.641,0.743,0.749,15.894,29.988,0.189,8.489,9.441,0.018,4155.000,164.315,51.731,8.489,61.172,ON,Clear and hot; Hybrid loop operating; Ceff=1.7x
462,11:50:30,37.510,75.720,73.720,54.220,52.830,33.150,2.158,15.641,16.902,1.015,1.773,989.800,1678.900,1.696,15.878,29.961,1.109,1.937,19.256,20.639,0.744,0.749,15.876,29.967,0.189,8.486,9.444,0.018,4155.000,164.087,51.711,8.486,61.156,ON,Clear and hot; Hybrid loop operating; Ceff=1.7x
463,11:51:00,37.510,75.780,73.780,54.260,52.850,33.160,2.153,15.637,16.900,1.014,1.770,988.300,1676.200,1.696,15.850,29.910,1.108,1.934,19.252,20.637,0.743,0.749,15.856,29.913,0.189,8.489,9.442,0.018,4155.000,163.707,51.675,8.489,61.117,ON,Clear and hot; Hybrid loop operating; Ceff=1.7x
464,11:51:30,37.510,75.840,73.820,54.290,52.880,33.160,2.147,15.634,16.899,1.012,1.766,986.500,1672.900,1.696,15.816,29.846,1.106,1.930,19.248,20.635,0.743,0.749,15.822,29.844,0.189,8.486,9.439,0.018,4155.000,163.250,51.632,8.486,61.071,ON,Clear and hot; Hybrid loop operating; Ceff=1.7x
465,11:52:00,37.510,75.890,73.860,54.320,52.890,33.170,2.141,15.631,16.897,1.010,1.762,984.500,1669.300,1.696,15.780,29.780,1.103,1.926,19.246,20.634,0.743,0.749,15.787,29.773,0.189,8.485,9.437,0.018,4155.000,162.794,51.599,8.485,61.036,ON,Clear and hot; Hybrid loop operating; Ceff=1.7x
466,11:52:30,37.520,75.920,73.890,54.330,52.900,33.170,2.135,15.630,16.897,1.008,1.759,982.600,1665.900,1.695,15.748,29.718,1.101,1.922,19.244,20.633,0.743,0.749,15.755,29.722,0.189,8.484,9.440,0.018,4155.000,162.338,51.560,8.484,60.999,ON,Clear and hot; Hybrid loop operating; Ceff=1.7x
467,11:53:00,37.520,75.940,73.900,54.340,52.910,33.170,2.131,15.629,16.896,1.006,1.756,981.100,1663.100,1.695,15.723,29.668,1.099,1.919,19.243,20.632,0.743,0.749,15.723,29.669,0.189,8.479,9.439,0.018,4155.000,162.034,51.550,8.479,60.989,ON,Clear and hot; Hybrid loop operating; Ceff=1.7x
468,11:53:30,37.520,75.940,73.900,54.330,52.900,33.180,2.127,15.629,16.897,1.005,1.754,980.100,1661.200,1.695,15.707,29.635,1.098,1.917,19.243,20.633,0.743,0.749,15.707,29.637,0.189,8.479,9.440,0.018,4155.000,161.730,51.512,8.479,60.951,ON,Clear and hot; Hybrid loop operating; Ceff=1.69x
469,11:54:00,37.530,75.920,73.880,54.320,52.890,33.180,2.126,15.630,16.897,1.005,1.753,979.700,1660.300,1.695,15.702,29.620,1.098,1.916,19.244,20.634,0.743,0.749,15.708,29.620,0.189,8.483,9.439,0.018,4155.000,161.654,51.515,8.483,60.955,ON,Clear and hot; Hybrid loop operating; Ceff=1.69x
470,11:54:30,37.530,75.890,73.850,54.300,52.870,33.190,2.126,15.632,16.899,1.005,1.753,979.800,1660.300,1.694,15.706,29.621,1.098,1.916,19.246,20.635,0.743,0.749,15.710,29.624,0.189,8.484,9.440,0.018,4155.000,161.654,51.515,8.484,60.956,ON,Clear and hot; Hybrid loop operating; Ceff=1.69x
471,11:55:00,37.540,75.850,73.820,54.270,52.850,33.190,2.127,15.634,16.900,1.005,1.753,980.300,1660.800,1.694,15.716,29.634,1.099,1.916,19.248,20.636,0.743,0.749,15.712,29.626,0.189,8.480,9.438,0.018,4155.000,161.730,51.524,8.480,60.962,ON,Clear and hot; Hybrid loop operating; Ceff=1.69x
472,11:55:30,37.540,75.790,73.770,54.240,52.820,33.200,2.128,15.637,16.902,1.006,1.754,980.900,1661.600,1.694,15.730,29.652,1.099,1.917,19.252,20.638,0.743,0.749,15.731,29.646,0.189,8.485,9.440,0.018,4155.000,161.806,51.524,8.485,60.964,ON,Clear and hot; Hybrid loop operating; Ceff=1.69x
473,11:56:00,37.550,75.740,73.730,54.210,52.800,33.200,2.129,15.640,16.903,1.006,1.755,981.300,1662.100,1.694,15.741,29.665,1.100,1.918,19.255,20.640,0.743,0.749,15.734,29.665,0.189,8.483,9.443,0.018,4155.000,161.882,51.532,8.483,60.975,ON,Clear and hot; Hybrid loop operating; Ceff=1.69x
474,11:56:30,37.550,75.690,73.690,54.180,52.780,33.210,2.129,15.643,16.905,1.007,1.755,981.500,1662.000,1.693,15.746,29.667,1.100,1.918,19.258,20.642,0.743,0.749,15.753,29.668,0.189,8.492,9.445,0.018,4155.000,161.882,51.535,8.492,60.980,ON,Clear and hot; Hybrid loop operating; Ceff=1.69x
475,11:57:00,37.560,75.640,73.650,54.150,52.750,33.210,2.127,15.645,16.907,1.006,1.754,981.000,1661.000,1.693,15.742,29.651,1.100,1.917,19.261,20.644,0.743,0.749,15.739,29.655,0.189,8.489,9.446,0.018,4155.000,161.730,51.518,8.489,60.964,ON,Clear and hot; Hybrid loop operating; Ceff=1.69x
476,11:57:30,37.570,75.600,73.620,54.130,52.740,33.220,2.123,15.647,16.908,1.005,1.752,979.900,1658.800,1.693,15.728,29.616,1.099,1.914,19.263,20.645,0.743,0.749,15.725,29.623,0.189,8.491,9.449,0.018,4155.000,161.425,51.489,8.491,60.938,ON,Clear and hot; Hybrid loop operating; Ceff=1.69x
477,11:58:00,37.580,75.570,73.590,54.110,52.720,33.220,2.118,15.649,16.909,1.003,1.748,978.200,1655.700,1.693,15.702,29.561,1.097,1.911,19.265,20.646,0.743,0.749,15.696,29.557,0.189,8.490,9.445,0.018,4155.000,161.045,51.464,8.490,60.909,ON,Clear and hot; Hybrid loop operating; Ceff=1.69x
478,11:58:30,37.580,75.560,73.580,54.100,52.720,33.230,2.111,15.650,16.909,1.001,1.744,976.000,1651.700,1.692,15.668,29.492,1.094,1.906,19.265,20.646,0.743,0.749,15.666,29.489,0.189,8.493,9.447,0.018,4155.000,160.513,51.418,8.493,60.865,ON,Clear and hot; Hybrid loop operating; Ceff=1.69x
479,11:59:00,37.590,75.560,73.580,54.100,52.720,33.230,2.104,15.650,16.909,0.999,1.739,973.600,1647.300,1.692,15.629,29.413,1.091,1.901,19.266,20.646,0.744,0.749,15.634,29.405,0.189,8.496,9.445,0.018,4155.000,159.981,51.385,8.496,60.829,ON,Clear and hot; Hybrid loop operating; Ceff=1.69x
480,11:59:30,37.600,75.580,73.590,54.110,52.720,33.240,2.096,15.649,16.909,0.996,1.735,971.200,1642.900,1.692,15.590,29.334,1.089,1.896,19.265,20.646,0.743,0.749,15.586,29.337,0.189,8.491,9.448,0.018,4155.000,159.373,51.326,8.491,60.774,ON,Clear and hot; Hybrid loop operating; Ceff=1.69x
481,12:00:00,37.610,75.600,73.600,54.120,52.730,33.240,2.089,15.648,16.908,0.994,1.731,969.000,1639.000,1.691,15.554,29.262,1.086,1.891,19.263,20.645,0.744,0.750,15.554,29.268,0.189,8.493,9.448,0.018,4155.000,158.840,51.277,8.493,60.725,ON,Clear and hot; Hybrid loop operating; Ceff=1.69x
482,12:00:30,37.620,75.630,73.630,54.140,52.740,33.250,2.084,15.646,16.907,0.992,1.727,967.400,1635.900,1.691,15.525,29.205,1.084,1.888,19.262,20.644,0.744,0.749,15.521,29.198,0.189,8.489,9.444,0.018,4155.000,158.460,51.251,8.489,60.695,ON,Clear and hot; Hybrid loop operating; Ceff=1.69x
483,12:01:00,37.630,75.670,73.650,54.170,52.750,33.250,2.081,15.644,16.906,0.991,1.725,966.300,1633.800,1.691,15.505,29.165,1.083,1.885,19.260,20.643,0.743,0.750,15.503,29.163,0.189,8.489,9.444,0.018,4155.000,158.232,51.243,8.489,60.687,ON,Clear and hot; Hybrid loop operating; Ceff=1.69x
484,12:01:30,37.640,75.710,73.680,54.190,52.770,33.260,2.079,15.642,16.905,0.991,1.724,965.900,1632.800,1.690,15.496,29.144,1.083,1.884,19.257,20.642,0.743,0.749,15.501,29.144,0.189,8.491,9.444,0.018,4155.000,158.080,51.225,8.491,60.669,ON,Clear and hot; Hybrid loop operating; Ceff=1.69x
485,12:02:00,37.660,75.740,73.700,54.210,52.790,33.260,2.079,15.640,16.904,0.991,1.724,966.000,1632.600,1.690,15.495,29.139,1.083,1.884,19.256,20.640,0.743,0.749,15.499,29.142,0.189,8.489,9.445,0.018,4155.000,158.080,51.231,8.489,60.676,ON,Clear and hot; Hybrid loop operating; Ceff=1.69x
486,12:02:30,37.670,75.770,73.720,54.230,52.800,33.270,2.079,15.639,16.903,0.991,1.724,966.400,1633.100,1.690,15.500,29.145,1.083,1.884,19.254,20.639,0.743,0.750,15.498,29.141,0.189,8.485,9.441,0.018,4155.000,158.080,51.216,8.485,60.657,ON,Clear and hot; Hybrid loop operating; Ceff=1.69x
487,12:03:00,37.680,75.780,73.730,54.250,52.810,33.270,2.080,15.639,16.902,0.992,1.725,966.900,1633.700,1.690,15.507,29.155,1.084,1.885,19.253,20.639,0.743,0.749,15.514,29.156,0.189,8.489,9.443,0.018,4155.000,158.156,51.221,8.489,60.664,ON,Clear and hot; Hybrid loop operating; Ceff=1.69x
488,12:03:30,37.690,75.780,73.730,54.250,52.810,33.280,2.081,15.639,16.902,0.992,1.725,967.200,1634.000,1.689,15.513,29.160,1.084,1.886,19.254,20.638,0.743,0.749,15.514,29.156,0.189,8.487,9.441,0.018,4155.000,158.232,51.237,8.487,60.678,ON,Clear and hot; Hybrid loop operating; Ceff=1.69x
489,12:04:00,37.710,75.760,73.710,54.250,52.810,33.280,2.080,15.640,16.902,0.992,1.725,967.200,1633.700,1.689,15.514,29.155,1.084,1.885,19.255,20.639,0.743,0.749,15.515,29.156,0.189,8.487,9.443,0.018,4155.000,158.156,51.221,8.487,60.664,ON,Clear and hot; Hybrid loop operating; Ceff=1.69x
490,12:04:30,37.720,75.730,73.680,54.230,52.800,33.290,2.078,15.641,16.903,0.991,1.724,966.700,1632.500,1.689,15.507,29.136,1.084,1.884,19.257,20.639,0.743,0.749,15.500,29.141,0.189,8.484,9.445,0.018,4155.000,158.004,51.210,8.484,60.654,ON,Clear and hot; Hybrid loop operating; Ceff=1.69x
491,12:05:00,37.730,75.680,73.640,54.210,52.780,33.290,2.075,15.644,16.904,0.990,1.721,965.500,1630.400,1.689,15.492,29.100,1.082,1.881,19.260,20.641,0.743,0.750,15.488,29.092,0.189,8.487,9.441,0.018,4155.000,157.776,51.202,8.487,60.643,ON,Clear and hot; Hybrid loop operating; Ceff=1.69x
492,12:05:30,37.750,75.620,73.590,54.180,52.760,33.300,2.070,15.647,16.906,0.989,1.718,963.900,1627.400,1.688,15.470,29.050,1.081,1.878,19.263,20.642,0.743,0.749,15.475,29.045,0.189,8.494,9.443,0.018,4155.000,157.396,51.172,8.494,60.615,ON,Clear and hot; Hybrid loop operating; Ceff=1.69x
493,12:06:00,37.760,75.550,73.540,54.140,52.730,33.300,2.064,15.651,16.907,0.987,1.715,961.900,1623.900,1.688,15.443,28.991,1.078,1.874,19.267,20.644,0.744,0.749,15.448,28.996,0.189,8.497,9.447,0.018,4155.000,156.939,51.134,8.497,60.581,ON,Clear and hot; Hybrid loop operating; Ceff=1.69x
494,12:06:30,37.780,75.480,73.480,54.110,52.700,33.300,2.058,15.655,16.909,0.985,1.711,959.900,1620.300,1.688,15.415,28.930,1.076,1.870,19.272,20.647,0.743,0.749,15.420,28.931,0.189,8.500,9.447,0.018,4155.000,156.483,51.099,8.500,60.546,ON,Clear and hot; Hybrid loop operating; Ceff=1.69x
495,12:07:00,37.790,75.410,73.420,54.070,52.680,33.310,2.052,15.659,16.911,0.983,1.707,958.000,1616.900,1.688,15.390,28.875,1.074,1.866,19.276,20.649,0.743,0.749,15.393,28.867,0.189,8.501,9.446,0.018,4155.000,156.027,51.057,8.501,60.503,ON,Clear and hot; Hybrid loop operating; Ceff=1.69x
496,12:07:30,37.810,75.350,73.370,54.040,52.650,33.310,2.047,15.662,16.913,0.981,1.705,956.500,1614.300,1.688,15.371,28.832,1.073,1.863,19.279,20.650,0.743,0.749,15.364,28.837,0.189,8.499,9.451,0.018,4155.000,155.647,51.015,8.499,60.466,ON,Clear and hot; Hybrid loop operating; Ceff=1.69x
497,12:08:00,37.820,75.310,73.330,54.020,52.640,33.310,2.045,15.665,16.914,0.981,1.703,955.700,1612.800,1.688,15.360,28.806,1.072,1.861,19.282,20.652,0.743,0.750,15.367,28.805,0.189,8.508,9.450,0.018,4155.000,155.495,51.012,8.508,60.462,ON,Clear and hot; Hybrid loop operating; Ceff=1.69x
498,12:08:30,37.840,75.280,73.310,54.010,52.630,33.320,2.044,15.666,16.914,0.980,1.703,955.500,1612.400,1.687,15.359,28.800,1.072,1.861,19.284,20.652,0.743,0.749,15.353,28.805,0.189,8.501,9.452,0.018,4155.000,155.419,51.000,8.501,60.452,ON,Clear and hot; Hybrid loop operating; Ceff=1.69x
499,12:09:00,37.850,75.270,73.300,54.010,52.630,33.320,2.045,15.667,16.914,0.981,1.703,956.000,1613.100,1.687,15.368,28.813,1.072,1.862,19.284,20.652,0.743,0.749,15.369,28.805,0.189,8.506,9.448,0.018,4155.000,155.495,51.003,8.506,60.451,ON,Clear and hot; Hybrid loop operating; Ceff=1.69x
500,12:09:30,37.870,75.280,73.310,54.030,52.650,33.320,2.048,15.666,16.913,0.982,1.705,957.000,1614.700,1.687,15.384,28.840,1.073,1.864,19.284,20.651,0.743,0.749,15.384,28.837,0.189,8.505,9.449,0.018,4155.000,155.723,51.027,8.505,60.476,ON,Clear and hot; Hybrid loop operating; Ceff=1.69x
501,12:10:00,37.880,75.310,73.330,54.060,52.670,33.330,2.052,15.664,16.912,0.983,1.707,958.300,1616.900,1.687,15.403,28.876,1.075,1.866,19.282,20.649,0.743,0.749,15.398,28.869,0.189,8.501,9.447,0.018,4155.000,156.027,51.057,8.501,60.504,ON,Clear and hot; Hybrid loop operating; Ceff=1.69x
502,12:10:30,37.900,75.350,73.360,54.090,52.700,33.330,2.056,15.662,16.910,0.985,1.710,959.700,1619.100,1.687,15.422,28.911,1.076,1.869,19.279,20.647,0.743,0.749,15.427,28.916,0.189,8.505,9.449,0.018,4155.000,156.331,51.087,8.505,60.536,ON,Clear and hot; Hybrid loop operating; Ceff=1.69x
503,12:11:00,37.910,75.410,73.410,54.140,52.730,33.330,2.059,15.659,16.908,0.986,1.712,960.800,1621.000,1.687,15.436,28.940,1.077,1.871,19.276,20.645,0.744,0.749,15.440,28.946,0.189,8.502,9.448,0.018,4155.000,156.559,51.101,8.502,60.550,ON,Clear and hot; Hybrid loop operating; Ceff=1.69x
504,12:11:30,37.930,75.460,73.450,54.180,52.770,33.330,2.061,15.656,16.905,0.986,1.713,961.600,1622.200,1.687,15.444,28.956,1.078,1.872,19.273,20.642,0.743,0.749,15.437,28.958,0.189,8.494,9.445,0.018,4155.000,156.711,51.113,8.494,60.558,ON,Clear and hot; Hybrid loop operating; Ceff=1.69x
505,12:12:00,37.950,75.510,73.490,54.220,52.810,33.330,2.061,15.653,16.903,0.987,1.713,961.800,1622.500,1.687,15.444,28.957,1.078,1.872,19.270,20.639,0.743,0.749,15.450,28.955,0.189,8.499,9.442,0.018,4155.000,156.711,51.104,8.499,60.546,ON,Clear and hot; Hybrid loop operating; Ceff=1.69x
506,12:12:30,37.960,75.560,73.530,54.260,52.840,33.340,2.060,15.651,16.901,0.986,1.713,961.400,1622.000,1.687,15.436,28.943,1.078,1.872,19.267,20.637,0.743,0.749,15.432,28.951,0.189,8.493,9.444,0.018,4155.000,156.635,51.095,8.493,60.539,ON,Clear and hot; Hybrid loop operating; Ceff=1.69x
507,12:13:00,37.980,75.590,73.550,54.290,52.860,33.340,2.058,15.650,16.899,0.985,1.711,960.700,1620.700,1.687,15.422,28.918,1.077,1.870,19.266,20.636,0.743,0.749,15.415,28.914,0.189,8.490,9.439,0.018,4155.000,156.483,51.086,8.490,60.526,ON,Clear and hot; Hybrid loop operating; Ceff=1.69x
508,12:13:30,37.990,75.600,73.560,54.300,52.880,33.340,2.056,15.649,16.898,0.984,1.709,959.700,1619.100,1.687,15.405,28.887,1.076,1.868,19.265,20.634,0.743,0.749,15.399,28.879,0.189,8.490,9.437,0.018,4155.000,156.331,51.087,8.490,60.524,ON,Clear and hot; Hybrid loop operating; Ceff=1.69x
509,12:14:00,38.010,75.590,73.560,54.310,52.880,33.340,2.053,15.649,16.898,0.983,1.708,958.700,1617.600,1.687,15.390,28.859,1.075,1.866,19.265,20.634,0.743,0.750,15.383,28.862,0.189,8.490,9.440,0.018,4155.000,156.103,51.060,8.490,60.500,ON,Clear and hot; Hybrid loop operating; Ceff=1.69x
510,12:14:30,38.020,75.570,73.540,54.300,52.880,33.340,2.051,15.650,16.898,0.983,1.707,958.100,1616.500,1.687,15.381,28.840,1.074,1.865,19.266,20.634,0.743,0.749,15.384,28.845,0.189,8.496,9.441,0.018,4155.000,155.951,51.045,8.496,60.486,ON,Clear and hot; Hybrid loop operating; Ceff=1.69x
511,12:15:00,38.030,75.530,73.510,54.290,52.880,33.340,2.051,15.652,16.899,0.983,1.707,957.900,1616.300,1.687,15.380,28.838,1.074,1.865,19.269,20.635,0.743,0.749,15.386,28.847,0.189,8.498,9.443,0.018,4155.000,155.951,51.051,8.498,60.494,ON,Clear and hot; Hybrid loop operating; Ceff=1.69x
512,12:15:30,38.050,75.490,73.480,54.270,52.860,33.340,2.052,15.655,16.900,0.983,1.707,958.400,1617.200,1.687,15.391,28.856,1.074,1.866,19.271,20.636,0.744,0.749,15.389,28.848,0.189,8.496,9.438,0.018,4155.000,156.027,51.047,8.496,60.486,ON,Clear and hot; Hybrid loop operating; Ceff=1.69x
513,12:16:00,38.060,75.430,73.440,54.250,52.850,33.340,2.056,15.658,16.901,0.984,1.710,959.500,1619.300,1.688,15.413,28.894,1.076,1.868,19.274,20.637,0.743,0.750,15.407,28.901,0.189,8.496,9.443,0.018,4155.000,156.331,51.081,8.496,60.524,ON,Clear and hot; Hybrid loop operating; Ceff=1.69x
514,12:16:30,38.070,75.380,73.400,54.230,52.840,33.340,2.061,15.660,16.902,0.986,1.713,961.200,1622.300,1.688,15.444,28.951,1.078,1.872,19.277,20.638,0.743,0.749,15.441,28.953,0.189,8.499,9.443,0.018,4155.000,156.711,51.110,8.499,60.553,ON,Clear and hot; Hybrid loop operating; Ceff=1.69x
515,12:17:00,38.090,75.340,73.370,54.220,52.840,33.340,2.067,15.662,16.902,0.988,1.717,963.400,1626.100,1.688,15.481,29.020,1.080,1.876,19.280,20.639,0.743,0.750,15.474,29.021,0.189,8.498,9.443,0.018,4155.000,157.167,51.139,8.498,60.582,ON,Clear and hot; Hybrid loop operating; Ceff=1.69x
516,12:17:30,38.100,75.310,73.350,54.210,52.840,33.340,2.074,15.664,16.902,0.991,1.721,965.700,1630.200,1.688,15.521,29.093,1.083,1.881,19.281,20.639,0.743,0.749,15.523,29.088,0.189,8.505,9.441,0.018,4155.000,157.700,51.183,8.505,60.624,ON,Clear and hot; Hybrid loop operating; Ceff=1.69x
517,12:18:00,38.110,75.300,73.340,54.210,52.840,33.340,2.081,15.664,16.902,0.993,1.725,968.000,1634.100,1.688,15.557,29.162,1.085,1.886,19.282,20.639,0.744,0.749,15.554,29.156,0.189,8.502,9.440,0.018,4155.000,158.232,51.233,8.502,60.674,ON,Clear and hot; Hybrid loop operating; Ceff=1.69x
518,12:18:30,38.120,75.310,73.350,54.230,52.860,33.330,2.087,15.664,16.901,0.995,1.729,969.900,1637.500,1.688,15.587,29.220,1.088,1.889,19.281,20.637,0.743,0.750,15.586,29.222,0.189,8.502,9.442,0.018,4155.000,158.688,51.275,8.502,60.717,ON,Clear and hot; Hybrid loop operating; Ceff=1.69x
519,12:19:00,38.130,75.330,73.380,54.250,52.890,33.330,2.091,15.663,16.900,0.996,1.731,971.200,1640.000,1.689,15.607,29.261,1.089,1.892,19.280,20.636,0.743,0.749,15.600,29.254,0.189,8.499,9.438,0.018,4155.000,158.992,51.294,8.499,60.732,ON,Clear and hot; Hybrid loop operating; Ceff=1.69x
520,12:19:30,38.150,75.370,73.420,54.290,52.920,33.330,2.094,15.660,16.898,0.997,1.733,972.000,1641.500,1.689,15.617,29.284,1.090,1.894,19.277,20.634,0.743,0.749,15.613,29.284,0.189,8.499,9.439,0.018,4155.000,159.220,51.321,8.499,60.760,ON,Clear and hot; Hybrid loop operating; Ceff=1.69x
521,12:20:00,38.160,75.430,73.470,54.330,52.960,33.330,2.095,15.657,16.895,0.997,1.734,972.300,1642.000,1.689,15.617,29.288,1.090,1.895,19.274,20.631,0.743,0.749,15.610,29.296,0.189,8.495,9.440,0.018,4155.000,159.296,51.330,8.495,60.770,ON,Clear and hot; Hybrid loop operating; Ceff=1.69x
522,12:20:30,38.160,75.490,73.520,54.380,53.000,33.320,2.094,15.653,16.892,0.997,1.733,972.100,1641.900,1.689,15.609,29.280,1.090,1.894,19.270,20.628,0.743,0.749,15.606,29.274,0.189,8.494,9.433,0.018,4155.000,159.220,51.309,8.494,60.742,ON,Clear and hot; Hybrid loop operating; Ceff=1.69x
523,12:21:00,38.170,75.570,73.590,54.430,53.040,33.320,2.094,15.649,16.890,0.997,1.733,971.700,1641.400,1.689,15.598,29.266,1.089,1.894,19.265,20.625,0.743,0.749,15.602,29.270,0.189,8.495,9.435,0.018,4155.000,159.220,51.324,8.495,60.759,ON,Clear and hot; Hybrid loop operating; Ceff=1.69x
524,12:21:30,38.180,75.640,73.650,54.480,53.090,33.320,2.093,15.645,16.887,0.996,1.732,971.400,1641.100,1.689,15.588,29.254,1.089,1.893,19.261,20.622,0.743,0.749,15.582,29.248,0.189,8.487,9.430,0.018,4155.000,159.144,51.309,8.487,60.739,ON,Clear and hot; Hybrid loop operating; Ceff=1.69x
525,12:22:00,38.190,75.710,73.710,54.530,53.130,33.320,2.093,15.641,16.884,0.996,1.733,971.400,1641.300,1.690,15.583,29.252,1.089,1.893,19.256,20.619,0.743,0.749,15.578,29.260,0.189,8.485,9.432,0.018,4155.000,159.144,51.303,8.485,60.735,ON,Clear and hot; Hybrid loop operating; Ceff=1.69x
526,12:22:30,38.200,75.780,73.770,54.570,53.160,33.310,2.095,15.638,16.882,0.997,1.734,971.900,1642.300,1.690,15.587,29.265,1.089,1.895,19.252,20.616,0.743,0.749,15.591,29.273,0.189,8.488,9.431,0.018,4155.000,159.296,51.321,8.488,60.752,ON,Clear and hot; Hybrid loop operating; Ceff=1.69x
527,12:23:00,38.200,75.830,73.810,54.610,53.200,33.310,2.099,15.635,16.880,0.998,1.736,973.100,1644.400,1.690,15.601,29.298,1.091,1.897,19.249,20.614,0.743,0.749,15.604,29.304,0.189,8.484,9.429,0.018,4155.000,159.601,51.353,8.484,60.782,ON,Clear and hot; Hybrid loop operating; Ceff=1.69x
528,12:23:30,38.210,75.870,73.850,54.640,53.220,33.300,2.104,15.632,16.878,1.000,1.739,974.800,1647.400,1.690,15.626,29.348,1.092,1.900,19.247,20.612,0.743,0.749,15.632,29.351,0.189,8.485,9.427,0.018,4155.000,159.981,51.382,8.485,60.808,ON,Clear and hot; Hybrid loop operating; Ceff=1.69x
529,12:24:00,38.220,75.900,73.880,54.660,53.240,33.300,2.110,15.631,16.877,1.002,1.743,977.000,1651.300,1.690,15.659,29.414,1.095,1.905,19.245,20.611,0.743,0.749,15.662,29.417,0.189,8.482,9.426,0.018,4155.000,160.437,51.406,8.482,60.832,ON,Clear and hot; Hybrid loop operating; Ceff=1.69x
530,12:24:30,38.220,75.910,73.890,54.670,53.260,33.300,2.118,15.630,16.876,1.004,1.747,979.400,1655.600,1.690,15.697,29.488,1.098,1.910,19.244,20.610,0.743,0.749,15.693,29.482,0.189,8.478,9.422,0.018,4155.000,161.045,51.467,8.478,60.889,ON,Clear and hot; Hybrid loop operating; Ceff=1.69x
531,12:25:00,38.220,75.910,73.900,54.680,53.270,33.290,2.125,15.630,16.876,1.007,1.752,981.800,1659.800,1.691,15.736,29.563,1.100,1.915,19.244,20.610,0.743,0.749,15.739,29.567,0.189,8.482,9.425,0.018,4155.000,161.578,51.507,8.482,60.932,ON,Clear and hot; Hybrid loop operating; Ceff=1.69x
532,12:25:30,38.230,75.900,73.900,54.670,53.270,33.290,2.132,15.630,16.875,1.009,1.756,984.000,1663.600,1.691,15.771,29.631,1.103,1.919,19.244,20.609,0.743,0.749,15.771,29.633,0.189,8.480,9.424,0.018,4155.000,162.110,51.558,8.480,60.983,ON,Clear and hot; Hybrid loop operating; Ceff=1.69x
533,12:26:00,38.230,75.880,73.890,54.670,53.280,33.280,2.137,15.631,16.876,1.011,1.759,985.700,1666.600,1.691,15.799,29.685,1.105,1.922,19.245,20.610,0.743,0.749,15.803,29.685,0.189,8.483,9.424,0.018,4155.000,162.490,51.586,8.483,61.010,ON,Clear and hot; Hybrid loop operating; Ceff=1.69x
534,12:26:30,38.230,75.860,73.880,54.660,53.270,33.280,2.140,15.632,16.876,1.012,1.761,986.800,1668.600,1.691,15.818,29.720,1.106,1.925,19.246,20.610,0.743,0.749,15.820,29.719,0.189,8.482,9.424,0.018,4155.000,162.718,51.597,8.482,61.020,ON,Clear and hot; Hybrid loop operating; Ceff=1.69x
535,12:27:00,38.240,75.840,73.870,54.650,53.270,33.270,2.141,15.632,16.876,1.012,1.762,987.200,1669.400,1.691,15.826,29.735,1.106,1.926,19.247,20.610,0.743,0.749,15.820,29.736,0.189,8.479,9.424,0.018,4155.000,162.794,51.596,8.479,61.020,ON,Clear and hot; Hybrid loop operating; Ceff=1.69x
536,12:27:30,38.240,75.830,73.870,54.640,53.270,33.270,2.141,15.633,16.876,1.012,1.762,987.100,1669.300,1.691,15.824,29.733,1.106,1.926,19.247,20.610,0.743,0.749,15.821,29.736,0.189,8.480,9.425,0.018,4155.000,162.794,51.599,8.480,61.024,ON,Clear and hot; Hybrid loop operating; Ceff=1.69x
537,12:28:00,38.240,75.830,73.870,54.640,53.280,33.260,2.140,15.633,16.876,1.012,1.761,986.600,1668.500,1.691,15.816,29.719,1.106,1.925,19.247,20.610,0.743,0.749,15.821,29.719,0.189,8.484,9.424,0.018,4155.000,162.718,51.600,8.484,61.024,ON,Clear and hot; Hybrid loop operating; Ceff=1.69x
538,12:28:30,38.240,75.830,73.880,54.640,53.280,33.260,2.138,15.632,16.876,1.011,1.760,985.900,1667.400,1.691,15.805,29.700,1.105,1.923,19.247,20.610,0.743,0.749,15.804,29.702,0.189,8.481,9.425,0.018,4155.000,162.566,51.586,8.481,61.011,ON,Clear and hot; Hybrid loop operating; Ceff=1.69x
539,12:29:00,38.240,75.860,73.910,54.660,53.290,33.250,2.137,15.631,16.875,1.010,1.759,985.400,1666.500,1.691,15.794,29.682,1.104,1.922,19.245,20.609,0.743,0.749,15.787,29.683,0.189,8.477,9.424,0.018,4155.000,162.490,51.589,8.477,61.013,ON,Clear and hot; Hybrid loop operating; Ceff=1.69x
540,12:29:30,38.240,75.900,73.940,54.680,53.310,33.250,2.136,15.629,16.874,1.010,1.759,985.200,1666.200,1.691,15.788,29.675,1.104,1.922,19.243,20.608,0.743,0.749,15.785,29.681,0.189,8.477,9.425,0.018,4155.000,162.414,51.574,8.477,61.000,ON,Clear and hot; Hybrid loop operating; Ceff=1.69x
541,12:30:00,38.230,75.950,73.990,54.710,53.330,33.240,2.137,15.626,16.873,1.010,1.759,985.500,1666.800,1.691,15.789,29.681,1.104,1.923,19.240,20.606,0.743,0.749,15.782,29.680,0.189,8.473,9.421,0.018,4155.000,162.490,51.580,8.473,61.001,ON,Clear and hot; Hybrid loop operating; Ceff=1.69x
542,12:30:30,38.230,76.020,74.050,54.740,53.360,33.240,2.140,15.622,16.871,1.011,1.761,986.300,1668.300,1.691,15.798,29.704,1.105,1.924,19.235,20.604,0.743,0.749,15.794,29.710,0.189,8.473,9.422,0.018,4155.000,162.718,51.606,8.473,61.028,ON,Clear and hot; Hybrid loop operating; Ceff=1.69x
543,12:31:00,38.230,76.090,74.110,54.780,53.400,33.230,2.144,15.618,16.868,1.013,1.763,987.700,1670.700,1.691,15.815,29.741,1.107,1.927,19.231,20.602,0.743,0.749,15.821,29.738,0.189,8.475,9.418,0.018,4155.000,163.022,51.628,8.475,61.046,ON,Clear and hot; Hybrid loop operating; Ceff=1.69x
544,12:31:30,38.230,76.170,74.180,54.830,53.440,33.220,2.149,15.613,16.866,1.014,1.766,989.500,1673.700,1.691,15.838,29.788,1.109,1.930,19.226,20.599,0.743,0.749,15.832,29.785,0.189,8.465,9.416,0.018,4155.000,163.402,51.656,8.465,61.072,ON,Clear and hot; Hybrid loop operating; Ceff=1.69x
545,12:32:00,38.220,76.260,74.250,54.880,53.470,33.220,2.154,15.609,16.863,1.016,1.769,991.400,1676.900,1.691,15.862,29.840,1.111,1.934,19.221,20.596,0.743,0.749,15.859,29.831,0.189,8.464,9.412,0.018,4155.000,163.783,51.677,8.464,61.089,ON,Clear and hot; Hybrid loop operating; Ceff=1.69x
546,12:32:30,38.220,76.330,74.320,54.920,53.510,33.210,2.159,15.605,16.861,1.018,1.773,993.200,1679.800,1.691,15.885,29.888,1.113,1.937,19.216,20.594,0.743,0.749,15.886,29.895,0.189,8.463,9.416,0.018,4155.000,164.163,51.708,8.463,61.124,ON,Clear and hot; Hybrid loop operating; Ceff=1.69x
547,12:33:00,38.210,76.400,74.380,54.960,53.540,33.210,2.163,15.601,16.859,1.019,1.775,994.600,1682.100,1.691,15.903,29.924,1.114,1.940,19.212,20.591,0.743,0.749,15.897,29.925,0.189,8.457,9.413,0.018,4155.000,164.467,51.733,8.457,61.145,ON,Clear and hot; Hybrid loop operating; Ceff=1.69x
548,12:33:30,38.210,76.450,74.420,54.990,53.560,33.200,2.166,15.598,16.858,1.020,1.776,995.400,1683.500,1.691,15.912,29.945,1.115,1.941,19.209,20.590,0.743,0.749,15.910,29.940,0.189,8.457,9.410,0.018,4155.000,164.695,51.761,8.457,61.171,ON,Clear and hot; Hybrid loop operating; Ceff=1.69x
549,12:34:00,38.200,76.490,74.460,55.000,53.580,33.200,2.166,15.596,16.857,1.020,1.777,995.600,1683.700,1.691,15.912,29.947,1.115,1.942,19.207,20.589,0.743,0.749,15.908,29.955,0.189,8.454,9.413,0.018,4155.000,164.695,51.755,8.454,61.168,ON,Clear and hot; Hybrid loop operating; Ceff=1.69x
550,12:34:30,38.200,76.500,74.470,55.010,53.580,33.190,2.165,15.595,16.856,1.020,1.776,995.100,1682.900,1.691,15.904,29.931,1.115,1.941,19.206,20.589,0.743,0.749,15.907,29.936,0.189,8.458,9.412,0.018,4155.000,164.619,51.756,8.458,61.168,ON,Clear and hot; Hybrid loop operating; Ceff=1.69x
551,12:35:00,38.190,76.500,74.470,55.000,53.580,33.190,2.162,15.595,16.857,1.019,1.774,994.100,1681.100,1.691,15.888,29.901,1.113,1.939,19.206,20.589,0.743,0.749,15.891,29.904,0.189,8.458,9.412,0.018,4155.000,164.391,51.740,8.458,61.151,ON,Clear and hot; Hybrid loop operating; Ceff=1.69x
552,12:35:30,38.190,76.480,74.460,54.970,53.560,33.180,2.158,15.596,16.858,1.017,1.771,992.800,1678.800,1.691,15.869,29.863,1.112,1.936,19.207,20.590,0.743,0.749,15.861,29.856,0.189,8.453,9.409,0.018,4155.000,164.087,51.715,8.453,61.124,ON,Clear and hot; Hybrid loop operating; Ceff=1.69x
553,12:36:00,38.180,76.440,74.430,54.950,53.540,33.170,2.154,15.598,16.860,1.016,1.769,991.500,1676.500,1.691,15.850,29.824,1.111,1.933,19.209,20.592,0.743,0.749,15.848,29.825,0.189,8.457,9.413,0.018,4155.000,163.783,51.690,8.457,61.102,ON,Clear and hot; Hybrid loop operating; Ceff=1.69x
554,12:36:30,38.170,76.400,74.400,54.910,53.510,33.170,2.150,15.600,16.861,1.015,1.767,990.400,1674.400,1.691,15.835,29.792,1.109,1.931,19.212,20.594,0.743,0.749,15.834,29.793,0.189,8.459,9.415,0.018,4155.000,163.478,51.658,8.459,61.073,ON,Clear and hot; Hybrid loop operating; Ceff=1.69x
555,12:37:00,38.170,76.350,74.360,54.880,53.480,33.160,2.148,15.603,16.863,1.014,1.766,989.700,1673.100,1.691,15.827,29.773,1.109,1.930,19.214,20.596,0.743,0.749,15.821,29.780,0.189,8.458,9.418,0.018,4155.000,163.326,51.650,8.458,61.068,ON,Clear and hot; Hybrid loop operating; Ceff=1.69x
556,12:37:30,38.160,76.320,74.330,54.840,53.460,33.160,2.147,15.605,16.865,1.014,1.765,989.600,1672.800,1.690,15.827,29.771,1.108,1.929,19.216,20.598,0.743,0.749,15.823,29.767,0.189,8.460,9.415,0.018,4155.000,163.250,51.635,8.460,61.051,ON,Clear and hot; Hybrid loop operating; Ceff=1.69x
557,12:38:00,38.150,76.290,74.310,54.820,53.440,33.160,2.148,15.606,16.866,1.015,1.766,990.000,1673.400,1.690,15.836,29.784,1.109,1.930,19.218,20.599,0.743,0.749,15.840,29.785,0.189,8.466,9.418,0.018,4155.000,163.326,51.641,8.466,61.059,ON,Clear and hot; Hybrid loop operating; Ceff=1.69x
558,12:38:30,38.150,76.270,74.300,54.800,53.420,33.150,2.151,15.607,16.867,1.016,1.767,990.900,1674.800,1.690,15.852,29.811,1.110,1.932,19.219,20.600,0.743,0.749,15.857,29.804,0.189,8.467,9.416,0.018,4155.000,163.555,51.670,8.467,61.086,ON,Clear and hot; Hybrid loop operating; Ceff=1.69x
559,12:39:00,38.140,76.280,74.310,54.800,53.420,33.150,2.154,15.607,16.867,1.017,1.769,992.100,1676.700,1.690,15.871,29.845,1.111,1.934,19.218,20.601,0.743,0.749,15.872,29.838,0.189,8.465,9.416,0.018,4155.000,163.783,51.683,8.465,61.099,ON,Clear and hot; Hybrid loop operating; Ceff=1.69x
560,12:39:30,38.130,76.300,74.330,54.800,53.420,33.140,2.157,15.605,16.867,1.018,1.771,993.400,1678.600,1.690,15.890,29.880,1.113,1.936,19.217,20.600,0.743,0.749,15.886,29.871,0.189,8.461,9.416,0.018,4155.000,164.011,51.697,8.461,61.112,ON,Clear and hot; Hybrid loop operating; Ceff=1.69x
561,12:40:00,38.120,76.340,74.360,54.820,53.440,33.140,2.160,15.603,16.866,1.019,1.773,994.500,1680.200,1.690,15.904,29.906,1.114,1.938,19.215,20.599,0.743,0.749,15.899,29.903,0.189,8.459,9.417,0.018,4155.000,164.239,51.719,8.459,61.136,ON,Clear and hot; Hybrid loop operating; Ceff=1.69x
562,12:40:30,38.120,76.390,74.410,54.850,53.460,33.130,2.162,15.600,16.865,1.020,1.774,995.100,1681.100,1.689,15.910,29.919,1.115,1.939,19.211,20.598,0.743,0.749,15.912,29.919,0.189,8.461,9.416,0.018,4155.000,164.391,51.740,8.461,61.156,ON,Clear and hot; Hybrid loop operating; Ceff=1.69x
563,12:41:00,38.110,76.460,74.460,54.880,53.480,33.130,2.161,15.597,16.863,1.020,1.774,995.100,1681.000,1.689,15.906,29.913,1.115,1.939,19.208,20.596,0.743,0.749,15.909,29.915,0.189,8.459,9.416,0.018,4155.000,164.315,51.719,8.459,61.135,ON,Clear and hot; Hybrid loop operating; Ceff=1.69x
564,12:41:30,38.100,76.520,74.510,54.910,53.500,33.130,2.159,15.593,16.862,1.019,1.772,994.500,1679.700,1.689,15.892,29.887,1.114,1.937,19.204,20.594,0.743,0.749,15.889,29.879,0.189,8.454,9.412,0.018,4155.000,164.163,51.711,8.454,61.123,ON,Clear and hot; Hybrid loop operating; Ceff=1.69x
565,12:42:00,38.100,76.580,74.560,54.940,53.520,33.120,2.155,15.590,16.860,1.018,1.770,993.300,1677.500,1.689,15.868,29.844,1.112,1.935,19.200,20.593,0.743,0.749,15.871,29.842,0.189,8.454,9.413,0.018,4155.000,163.859,51.683,8.454,61.095,ON,Clear and hot; Hybrid loop operating; Ceff=1.69x
566,12:42:30,38.090,76.640,74.600,54.960,53.540,33.120,2.150,15.587,16.859,1.016,1.767,991.700,1674.500,1.689,15.839,29.789,1.111,1.931,19.197,20.591,0.743,0.749,15.836,29.790,0.189,8.449,9.413,0.018,4155.000,163.478,51.655,8.449,61.068,ON,Clear and hot; Hybrid loop operating; Ceff=1.69x
567,12:43:00,38.080,76.670,74.630,54.980,53.540,33.120,2.145,15.585,16.858,1.014,1.763,989.900,1671.300,1.688,15.808,29.730,1.109,1.927,19.195,20.591,0.743,0.749,15.803,29.721,0.189,8.447,9.409,0.018,4155.000,163.098,51.634,8.447,61.043,ON,Clear and hot; Hybrid loop operating; Ceff=1.69x
568,12:43:30,38.080,76.700,74.650,54.980,53.540,33.120,2.139,15.584,16.858,1.013,1.760,988.200,1668.200,1.688,15.779,29.674,1.107,1.924,19.194,20.591,0.743,0.749,15.787,29.670,0.189,8.452,9.410,0.018,4155.000,162.642,51.585,8.452,60.995,ON,Clear and hot; Hybrid loop operating; Ceff=1.69x
569,12:44:00,38.070,76.700,74.650,54.970,53.540,33.110,2.135,15.584,16.859,1.011,1.758,986.800,1665.600,1.688,15.757,29.629,1.105,1.921,19.193,20.591,0.743,0.749,15.755,29.638,0.189,8.448,9.415,0.018,4155.000,162.338,51.569,8.448,60.984,ON,Clear and hot; Hybrid loop operating; Ceff=1.69x
570,12:44:30,38.070,76.680,74.640,54.950,53.520,33.110,2.132,15.585,16.860,1.010,1.756,986.000,1663.900,1.688,15.744,29.602,1.104,1.919,19.194,20.592,0.743,0.749,15.741,29.606,0.189,8.447,9.414,0.018,4155.000,162.110,51.549,8.447,60.963,ON,Clear and hot; Hybrid loop operating; Ceff=1.69x
571,12:45:00,38.060,76.650,74.610,54.930,53.490,33.110,2.131,15.587,16.861,1.010,1.755,985.700,1663.200,1.687,15.742,29.593,1.104,1.918,19.196,20.594,0.743,0.749,15.743,29.591,0.189,8.450,9.414,0.018,4155.000,162.034,51.547,8.450,60.960,ON,Clear and hot; Hybrid loop operating; Ceff=1.69x
572,12:45:30,38.050,76.610,74.570,54.890,53.460,33.110,2.131,15.589,16.863,1.010,1.755,986.000,1663.500,1.687,15.751,29.602,1.104,1.918,19.199,20.596,0.743,0.749,15.745,29.595,0.189,8.449,9.413,0.018,4155.000,162.034,51.537,8.449,60.950,ON,Clear and hot; Hybrid loop operating; Ceff=1.69x
573,12:46:00,38.050,76.550,74.520,54.850,53.430,33.110,2.133,15.592,16.866,1.011,1.757,986.800,1664.600,1.687,15.767,29.626,1.105,1.920,19.202,20.599,0.743,0.749,15.764,29.634,0.189,8.452,9.419,0.018,4155.000,162.186,51.551,8.452,60.971,ON,Clear and hot; Hybrid loop operating; Ceff=1.69x
574,12:46:30,38.040,76.490,74.470,54.810,53.400,33.100,2.136,15.595,16.868,1.012,1.758,987.800,1666.000,1.687,15.787,29.656,1.106,1.921,19.206,20.601,0.743,0.749,15.782,29.654,0.189,8.453,9.418,0.018,4155.000,162.414,51.581,8.453,60.998,ON,Clear and hot; Hybrid loop operating; Ceff=1.69x
575,12:47:00,38.040,76.430,74.430,54.770,53.370,33.100,2.138,15.598,16.870,1.013,1.760,988.800,1667.400,1.686,15.807,29.685,1.108,1.923,19.209,20.603,0.743,0.749,15.801,29.691,0.189,8.455,9.422,0.018,4155.000,162.566,51.586,8.455,61.007,ON,Clear and hot; Hybrid loop operating; Ceff=1.69x
576,12:47:30,38.040,76.380,74.380,54.730,53.340,33.100,2.140,15.601,16.872,1.014,1.761,989.500,1668.300,1.686,15.822,29.706,1.108,1.924,19.213,20.605,0.743,0.749,15.819,29.712,0.189,8.459,9.423,0.018,4155.000,162.718,51.606,8.459,61.029,ON,Clear and hot; Hybrid loop operating; Ceff=1.69x
577,12:48:00,38.030,76.340,74.350,54.700,53.310,33.100,2.140,15.604,16.873,1.014,1.761,989.700,1668.400,1.686,15.829,29.711,1.109,1.924,19.215,20.607,0.743,0.749,15.822,29.713,0.189,8.459,9.423,0.018,4155.000,162.718,51.603,8.459,61.026,ON,Clear and hot; Hybrid loop operating; Ceff=1.69x
578,12:48:30,38.030,76.300,74.320,54.680,53.290,33.100,2.138,15.605,16.875,1.014,1.760,989.300,1667.500,1.685,15.825,29.698,1.108,1.923,19.217,20.609,0.743,0.749,15.823,29.700,0.189,8.463,9.424,0.018,4155.000,162.566,51.582,8.463,61.006,ON,Clear and hot; Hybrid loop operating; Ceff=1.69x
579,12:49:00,38.030,76.290,74.310,54.660,53.280,33.100,2.135,15.606,16.876,1.013,1.758,988.300,1665.500,1.685,15.810,29.665,1.107,1.921,19.218,20.610,0.743,0.749,15.809,29.668,0.189,8.464,9.425,0.018,4155.000,162.338,51.572,8.464,60.997,ON,Clear and hot; Hybrid loop operating; Ceff=1.69x
580,12:49:30,38.030,76.280,74.300,54.660,53.270,33.100,2.130,15.607,16.876,1.012,1.755,986.900,1662.700,1.685,15.787,29.616,1.105,1.918,19.218,20.610,0.743,0.749,15.794,29.617,0.189,8.468,9.425,0.018,4155.000,161.958,51.538,8.468,60.963,ON,Clear and hot; Hybrid loop operating; Ceff=1.68x
581,12:50:00,38.020,76.290,74.310,54.660,53.270,33.100,2.124,15.606,16.876,1.010,1.751,985.100,1659.400,1.685,15.757,29.556,1.103,1.914,19.218,20.610,0.743,0.749,15.762,29.550,0.189,8.466,9.422,0.018,4155.000,161.502,51.495,8.466,60.917,ON,Clear and hot; Hybrid loop operating; Ceff=1.68x
582,12:50:30,38.020,76.320,74.320,54.670,53.270,33.100,2.118,15.605,16.876,1.008,1.748,983.200,1656.000,1.684,15.726,29.495,1.101,1.910,19.217,20.610,0.743,0.749,15.730,29.499,0.189,8.465,9.425,0.018,4155.000,161.045,51.455,8.465,60.880,ON,Clear and hot; Hybrid loop operating; Ceff=1.68x
583,12:51:00,38.020,76.350,74.350,54.680,53.280,33.100,2.113,15.603,16.875,1.006,1.744,981.500,1652.900,1.684,15.697,29.439,1.099,1.907,19.215,20.609,0.743,0.749,15.697,29.430,0.189,8.462,9.421,0.018,4155.000,160.665,51.430,8.462,60.850,ON,Clear and hot; Hybrid loop operating; Ceff=1.68x
584,12:51:30,38.020,76.380,74.370,54.700,53.290,33.100,2.109,15.602,16.874,1.005,1.742,980.300,1650.500,1.684,15.676,29.395,1.098,1.904,19.213,20.608,0.743,0.749,15.680,29.395,0.189,8.463,9.423,0.018,4155.000,160.361,51.407,8.463,60.830,ON,Clear and hot; Hybrid loop operating; Ceff=1.68x
585,12:52:00,38.020,76.420,74.400,54.710,53.300,33.110,2.107,15.600,16.874,1.004,1.741,979.700,1649.100,1.683,15.663,29.369,1.097,1.902,19.211,20.607,0.743,0.749,15.662,29.378,0.189,8.459,9.426,0.018,4155.000,160.209,51.402,8.459,60.827,ON,Clear and hot; Hybrid loop operating; Ceff=1.68x
586,12:52:30,38.020,76.450,74.420,54.730,53.310,33.110,2.106,15.598,16.873,1.004,1.740,979.700,1648.800,1.683,15.661,29.361,1.097,1.902,19.209,20.607,0.743,0.749,15.660,29.359,0.189,8.458,9.421,0.018,4155.000,160.133,51.387,8.458,60.808,ON,Clear and hot; Hybrid loop operating; Ceff=1.68x
587,12:53:00,38.020,76.480,74.440,54.740,53.310,33.110,2.107,15.597,16.872,1.005,1.741,980.200,1649.400,1.683,15.668,29.371,1.098,1.902,19.208,20.606,0.743,0.749,15.675,29.374,0.189,8.461,9.423,0.018,4155.000,160.209,51.392,8.461,60.815,ON,Clear and hot; Hybrid loop operating; Ceff=1.68x
588,12:53:30,38.030,76.490,74.450,54.750,53.320,33.110,2.109,15.596,16.872,1.005,1.742,981.100,1650.700,1.682,15.682,29.392,1.099,1.904,19.207,20.606,0.743,0.749,15.674,29.391,0.189,8.453,9.421,0.018,4155.000,160.361,51.401,8.453,60.821,ON,Clear and hot; Hybrid loop operating; Ceff=1.68x
589,12:54:00,38.030,76.500,74.450,54.750,53.320,33.110,2.112,15.596,16.872,1.007,1.744,982.200,1652.200,1.682,15.699,29.419,1.100,1.906,19.207,20.606,0.743,0.749,15.705,29.425,0.189,8.460,9.423,0.018,4155.000,160.589,51.427,8.460,60.850,ON,Clear and hot; Hybrid loop operating; Ceff=1.68x
590,12:54:30,38.030,76.480,74.440,54.740,53.310,33.110,2.114,15.597,16.872,1.008,1.745,983.200,1653.500,1.682,15.715,29.443,1.101,1.907,19.207,20.606,0.743,0.749,15.722,29.442,0.189,8.461,9.421,0.018,4155.000,160.741,51.435,8.461,60.856,ON,Clear and hot; Hybrid loop operating; Ceff=1.68x
591,12:55:00,38.030,76.460,74.420,54.730,53.300,33.120,2.115,15.598,16.873,1.008,1.746,983.800,1654.200,1.681,15.727,29.457,1.102,1.908,19.209,20.607,0.743,0.749,15.723,29.460,0.189,8.456,9.423,0.018,4155.000,160.817,51.438,8.456,60.861,ON,Clear and hot; Hybrid loop operating; Ceff=1.68x
592,12:55:30,38.040,76.410,74.380,54.700,53.280,33.120,2.115,15.600,16.874,1.008,1.746,983.900,1654.000,1.681,15.731,29.457,1.102,1.908,19.212,20.608,0.743,0.749,15.725,29.462,0.189,8.456,9.425,0.018,4155.000,160.817,51.444,8.456,60.869,ON,Clear and hot; Hybrid loop operating; Ceff=1.68x
593,12:56:00,38.040,76.360,74.340,54.670,53.250,33.120,2.113,15.603,16.876,1.008,1.744,983.400,1652.700,1.681,15.726,29.439,1.102,1.906,19.215,20.610,0.743,0.749,15.728,29.432,0.189,8.462,9.422,0.018,4155.000,160.665,51.436,8.462,60.858,ON,Clear and hot; Hybrid loop operating; Ceff=1.68x
594,12:56:30,38.050,76.300,74.290,54.630,53.220,33.120,2.109,15.607,16.878,1.007,1.742,982.200,1650.600,1.680,15.713,29.404,1.100,1.904,19.219,20.612,0.743,0.749,15.716,29.401,0.189,8.466,9.425,0.018,4155.000,160.361,51.404,8.466,60.828,ON,Clear and hot; Hybrid loop operating; Ceff=1.68x
595,12:57:00,38.050,76.230,74.230,54.590,53.190,33.130,2.104,15.610,16.880,1.005,1.739,980.700,1647.600,1.680,15.693,29.357,1.099,1.901,19.223,20.615,0.743,0.749,15.688,29.354,0.189,8.464,9.427,0.018,4155.000,159.981,51.375,8.464,60.802,ON,Clear and hot; Hybrid loop operating; Ceff=1.68x
596,12:57:30,38.060,76.160,74.170,54.550,53.160,33.130,2.099,15.614,16.883,1.004,1.736,979.000,1644.400,1.680,15.670,29.303,1.097,1.897,19.227,20.617,0.743,0.749,15.676,29.309,0.189,8.472,9.430,0.018,4155.000,159.601,51.353,8.472,60.783,ON,Clear and hot; Hybrid loop operating; Ceff=1.68x
597,12:58:00,38.060,76.100,74.120,54.510,53.130,33.130,2.093,15.617,16.885,1.002,1.732,977.300,1641.200,1.679,15.647,29.250,1.095,1.893,19.230,20.619,0.743,0.749,15.648,29.245,0.189,8.472,9.428,0.018,4155.000,159.144,51.306,8.472,60.734,ON,Clear and hot; Hybrid loop operating; Ceff=1.68x
598,12:58:30,38.070,76.050,74.080,54.480,53.110,33.130,2.088,15.620,16.886,1.000,1.730,975.900,1638.500,1.679,15.628,29.206,1.093,1.890,19.233,20.621,0.743,0.749,15.620,29.213,0.189,8.469,9.433,0.018,4155.000,158.764,51.268,8.469,60.701,ON,Clear and hot; Hybrid loop operating; Ceff=1.68x
599,12:59:00,38.080,76.020,74.050,54.460,53.090,33.140,2.085,15.622,16.887,1.000,1.728,975.000,1636.600,1.679,15.616,29.175,1.092,1.888,19.235,20.622,0.743,0.749,15.622,29.181,0.189,8.478,9.434,0.018,4155.000,158.536,51.254,8.478,60.687,ON,Clear and hot; Hybrid loop operating; Ceff=1.68x
600,12:59:30,38.080,76.000,74.040,54.450,53.080,33.140,2.084,15.623,16.888,0.999,1.727,974.700,1635.800,1.678,15.612,29.161,1.092,1.887,19.236,20.623,0.743,0.749,15.607,29.166,0.189,8.472,9.434,0.018,4155.000,158.460,51.254,8.472,60.688,ON,Clear and hot; Hybrid loop operating; Ceff=1.68x
601,13:00:00,38.090,76.000,74.030,54.450,53.080,33.140,2.084,15.623,16.888,1.000,1.727,975.000,1635.900,1.678,15.617,29.164,1.093,1.887,19.236,20.623,0.743,0.749,15.623,29.166,0.189,8.478,9.433,0.018,4155.000,158.460,51.251,8.478,60.684,ON,Clear and hot; Hybrid loop operating; Ceff=1.68x
602,13:00:30,38.100,76.020,74.050,54.470,53.090,33.150,2.086,15.622,16.887,1.000,1.728,975.800,1636.900,1.678,15.629,29.181,1.093,1.889,19.235,20.622,0.743,0.749,15.622,29.181,0.189,8.471,9.432,0.018,4155.000,158.612,51.269,8.471,60.701,ON,Clear and hot; Hybrid loop operating; Ceff=1.68x
603,13:01:00,38.110,76.060,74.080,54.490,53.110,33.150,2.088,15.620,16.886,1.002,1.730,976.900,1638.400,1.677,15.644,29.205,1.095,1.890,19.233,20.621,0.743,0.749,15.651,29.213,0.189,8.477,9.434,0.018,4155.000,158.764,51.271,8.477,60.705,ON,Clear and hot; Hybrid loop operating; Ceff=1.68x
604,13:01:30,38.110,76.100,74.110,54.520,53.130,33.150,2.091,15.618,16.884,1.003,1.731,978.000,1640.000,1.677,15.660,29.229,1.096,1.892,19.231,20.619,0.743,0.749,15.665,29.226,0.189,8.475,9.429,0.018,4155.000,158.992,51.294,8.475,60.723,ON,Clear and hot; Hybrid loop operating; Ceff=1.68x
605,13:02:00,38.120,76.150,74.150,54.560,53.160,33.150,2.093,15.615,16.882,1.004,1.732,979.000,1641.200,1.676,15.671,29.246,1.097,1.893,19.228,20.617,0.743,0.749,15.677,29.240,0.189,8.473,9.426,0.018,4155.000,159.144,51.306,8.473,60.732,ON,Clear and hot; Hybrid loop operating; Ceff=1.68x
606,13:02:30,38.130,76.200,74.190,54.590,53.180,33.160,2.094,15.612,16.881,1.004,1.733,979.500,1641.600,1.676,15.675,29.250,1.097,1.894,19.225,20.615,0.743,0.749,15.674,29.255,0.189,8.467,9.429,0.018,4155.000,159.220,51.318,8.467,60.747,ON,Clear and hot; Hybrid loop operating; Ceff=1.68x
607,13:03:00,38.140,76.240,74.230,54.620,53.210,33.160,2.093,15.610,16.879,1.004,1.732,979.300,1641.100,1.676,15.671,29.237,1.097,1.893,19.222,20.613,0.743,0.749,15.672,29.234,0.189,8.468,9.425,0.018,4155.000,159.144,51.309,8.468,60.734,ON,Clear and hot; Hybrid loop operating; Ceff=1.68x
608,13:03:30,38.150,76.270,74.250,54.640,53.220,33.160,2.090,15.608,16.878,1.003,1.730,978.600,1639.500,1.675,15.657,29.207,1.096,1.891,19.220,20.612,0.743,0.749,15.655,29.199,0.189,8.464,9.423,0.018,4155.000,158.916,51.286,8.464,60.709,ON,Clear and hot; Hybrid loop operating; Ceff=1.68x
609,13:04:00,38.160,76.290,74.260,54.650,53.230,33.160,2.086,15.608,16.877,1.002,1.728,977.400,1637.000,1.675,15.636,29.161,1.095,1.888,19.220,20.612,0.743,0.749,15.639,29.163,0.189,8.466,9.426,0.018,4155.000,158.612,51.266,8.466,60.692,ON,Clear and hot; Hybrid loop operating; Ceff=1.67x
610,13:04:30,38.170,76.280,74.250,54.650,53.230,33.170,2.081,15.608,16.877,1.000,1.725,975.700,1633.900,1.675,15.610,29.105,1.093,1.885,19.220,20.612,0.743,0.749,15.608,29.113,0.189,8.464,9.428,0.018,4155.000,158.232,51.240,8.464,60.667,ON,Clear and hot; Hybrid loop operating; Ceff=1.67x
611,13:05:00,38.180,76.260,74.230,54.640,53.220,33.170,2.075,15.609,16.878,0.998,1.721,974.000,1630.600,1.674,15.584,29.048,1.091,1.881,19.222,20.612,0.743,0.749,15.578,29.047,0.189,8.462,9.425,0.018,4155.000,157.776,51.195,8.462,60.621,ON,Clear and hot; Hybrid loop operating; Ceff=1.67x
612,13:05:30,38.180,76.210,74.200,54.610,53.200,33.170,2.070,15.612,16.879,0.997,1.718,972.300,1627.500,1.674,15.561,28.995,1.089,1.877,19.224,20.614,0.743,0.749,15.565,28.998,0.189,8.470,9.427,0.018,4155.000,157.396,51.169,8.470,60.597,ON,Clear and hot; Hybrid loop operating; Ceff=1.67x
613,13:06:00,38.190,76.160,74.150,54.580,53.180,33.170,2.066,15.615,16.881,0.996,1.715,971.100,1625.000,1.673,15.544,28.954,1.088,1.875,19.227,20.616,0.743,0.749,15.553,28.951,0.189,8.474,9.426,0.018,4155.000,157.091,51.149,8.474,60.575,ON,Clear and hot; Hybrid loop operating; Ceff=1.67x
614,13:06:30,38.200,76.100,74.100,54.540,53.150,33.170,2.063,15.618,16.883,0.995,1.714,970.400,1623.400,1.673,15.537,28.931,1.087,1.873,19.231,20.618,0.743,0.749,15.540,28.937,0.189,8.473,9.431,0.018,4155.000,156.863,51.125,8.473,60.556,ON,Clear and hot; Hybrid loop operating; Ceff=1.67x
615,13:07:00,38.210,76.030,74.050,54.510,53.120,33.180,2.062,15.622,16.885,0.995,1.713,970.300,1622.800,1.673,15.540,28.925,1.087,1.872,19.235,20.620,0.743,0.749,15.544,28.924,0.189,8.476,9.430,0.018,4155.000,156.787,51.119,8.476,60.550,ON,Clear and hot; Hybrid loop operating; Ceff=1.67x
616,13:07:30,38.220,75.970,74.000,54.470,53.090,33.180,2.063,15.625,16.887,0.995,1.713,970.700,1623.200,1.672,15.552,28.935,1.088,1.873,19.239,20.622,0.743,0.749,15.547,28.927,0.189,8.474,9.429,0.018,4155.000,156.863,51.131,8.474,60.561,ON,Clear and hot; Hybrid loop operating; Ceff=1.67x
617,13:08:00,38.230,75.910,73.950,54.440,53.070,33.180,2.064,15.628,16.888,0.996,1.715,971.600,1624.300,1.672,15.569,28.957,1.089,1.874,19.242,20.624,0.743,0.749,15.565,28.963,0.189,8.476,9.434,0.018,4155.000,156.939,51.122,8.476,60.556,ON,Clear and hot; Hybrid loop operating; Ceff=1.67x
618,13:08:30,38.240,75.880,73.920,54.420,53.060,33.180,2.067,15.630,16.889,0.997,1.716,972.700,1625.600,1.671,15.589,28.984,1.090,1.876,19.244,20.625,0.743,0.749,15.583,28.982,0.189,8.476,9.433,0.018,4155.000,157.167,51.155,8.476,60.588,ON,Clear and hot; Hybrid loop operating; Ceff=1.67x
619,13:09:00,38.240,75.860,73.910,54.420,53.050,33.180,2.069,15.631,16.890,0.998,1.717,973.600,1626.900,1.671,15.606,29.007,1.091,1.877,19.245,20.625,0.743,0.749,15.600,29.000,0.189,8.478,9.431,0.018,4155.000,157.320,51.163,8.478,60.595,ON,Clear and hot; Hybrid loop operating; Ceff=1.67x
620,13:09:30,38.250,75.850,73.900,54.420,53.060,33.180,2.070,15.631,16.890,0.999,1.718,974.300,1627.500,1.671,15.617,29.018,1.092,1.878,19.245,20.625,0.743,0.749,15.615,29.017,0.189,8.480,9.433,0.018,4155.000,157.396,51.169,8.480,60.603,ON,Clear and hot; Hybrid loop operating; Ceff=1.67x
621,13:10:00,38.260,75.870,73.920,54.430,53.070,33.180,2.070,15.630,16.889,0.999,1.718,974.400,1627.300,1.670,15.618,29.013,1.092,1.877,19.244,20.624,0.743,0.749,15.614,29.015,0.189,8.479,9.434,0.018,4155.000,157.396,51.176,8.479,60.610,ON,Clear and hot; Hybrid loop operating; Ceff=1.67x
622,13:10:30,38.270,75.900,73.940,54.450,53.090,33.180,2.067,15.629,16.888,0.999,1.717,973.900,1626.100,1.670,15.607,28.989,1.091,1.876,19.243,20.623,0.743,0.749,15.613,28.997,0.189,8.482,9.435,0.018,4155.000,157.167,51.139,8.482,60.574,ON,Clear and hot; Hybrid loop operating; Ceff=1.67x
623,13:11:00,38.280,75.940,73.980,54.480,53.110,33.180,2.064,15.626,16.886,0.997,1.714,972.800,1623.800,1.669,15.587,28.945,1.090,1.873,19.240,20.621,0.743,0.749,15.579,28.943,0.189,8.473,9.431,0.018,4155.000,156.939,51.137,8.473,60.568,ON,Clear and hot; Hybrid loop operating; Ceff=1.67x
624,13:11:30,38.280,75.990,74.020,54.510,53.130,33.180,2.058,15.624,16.885,0.996,1.711,971.200,1620.700,1.669,15.557,28.886,1.088,1.870,19.237,20.619,0.743,0.749,15.562,28.890,0.189,8.478,9.432,0.018,4155.000,156.483,51.086,8.478,60.518,ON,Clear and hot; Hybrid loop operating; Ceff=1.67x
625,13:12:00,38.290,76.040,74.060,54.540,53.150,33.180,2.052,15.621,16.883,0.994,1.707,969.300,1617.100,1.668,15.523,28.818,1.086,1.866,19.234,20.618,0.743,0.749,15.527,28.819,0.189,8.476,9.429,0.018,4155.000,156.027,51.051,8.476,60.480,ON,Clear and hot; Hybrid loop operating; Ceff=1.67x
626,13:12:30,38.290,76.090,74.100,54.570,53.180,33.180,2.046,15.618,16.881,0.992,1.703,967.300,1613.500,1.668,15.489,28.750,1.084,1.861,19.231,20.616,0.743,0.749,15.493,28.748,0.189,8.475,9.427,0.018,4155.000,155.571,51.015,8.475,60.442,ON,Clear and hot; Hybrid loop operating; Ceff=1.67x
627,13:13:00,38.300,76.130,74.130,54.600,53.190,33.180,2.040,15.616,16.880,0.990,1.700,965.600,1610.200,1.668,15.459,28.689,1.082,1.857,19.229,20.615,0.743,0.749,15.460,28.696,0.189,8.471,9.429,0.018,4155.000,155.114,50.970,8.471,60.399,ON,Clear and hot; Hybrid loop operating; Ceff=1.67x
628,13:13:30,38.300,76.160,74.150,54.610,53.200,33.180,2.036,15.615,16.879,0.989,1.697,964.300,1607.600,1.667,15.436,28.642,1.080,1.854,19.227,20.614,0.743,0.749,15.443,28.644,0.189,8.474,9.427,0.018,4155.000,154.810,50.952,8.474,60.379,ON,Clear and hot; Hybrid loop operating; Ceff=1.67x
629,13:14:00,38.310,76.180,74.160,54.620,53.210,33.180,2.033,15.614,16.879,0.988,1.695,963.600,1606.000,1.667,15.424,28.612,1.080,1.853,19.227,20.613,0.743,0.749,15.427,28.610,0.189,8.471,9.426,0.018,4155.000,154.582,50.927,8.471,60.353,ON,Clear and hot; Hybrid loop operating; Ceff=1.67x
630,13:14:30,38.310,76.180,74.150,54.620,53.210,33.180,2.032,15.614,16.879,0.988,1.694,963.500,1605.400,1.666,15.423,28.601,1.079,1.852,19.227,20.613,0.743,0.749,15.427,28.593,0.189,8.471,9.424,0.018,4155.000,154.506,50.921,8.471,60.345,ON,Clear and hot; Hybrid loop operating; Ceff=1.67x
631,13:15:00,38.320,76.160,74.140,54.610,53.200,33.170,2.033,15.615,16.880,0.988,1.695,963.900,1605.600,1.666,15.430,28.607,1.080,1.852,19.228,20.614,0.743,0.749,15.428,28.612,0.189,8.468,9.429,0.018,4155.000,154.582,50.940,8.468,60.369,ON,Clear and hot; Hybrid loop operating; Ceff=1.67x
632,13:15:30,38.320,76.130,74.110,54.590,53.180,33.170,2.034,15.617,16.881,0.989,1.696,964.600,1606.400,1.665,15.444,28.623,1.081,1.853,19.230,20.615,0.743,0.749,15.445,28.630,0.189,8.472,9.430,0.018,4155.000,154.658,50.940,8.472,60.370,ON,Clear and hot; Hybrid loop operating; Ceff=1.67x
633,13:16:00,38.320,76.090,74.080,54.570,53.160,33.170,2.036,15.619,16.882,0.990,1.697,965.400,1607.300,1.665,15.460,28.641,1.082,1.854,19.232,20.616,0.743,0.749,15.463,28.649,0.189,8.475,9.431,0.018,4155.000,154.810,50.961,8.475,60.392,ON,Clear and hot; Hybrid loop operating; Ceff=1.66x
634,13:16:30,38.320,76.040,74.040,54.540,53.140,33.170,2.037,15.622,16.883,0.990,1.697,966.100,1607.900,1.664,15.473,28.655,1.082,1.855,19.235,20.618,0.743,0.749,15.466,28.650,0.189,8.470,9.428,0.018,4155.000,154.886,50.967,8.470,60.395,ON,Clear and hot; Hybrid loop operating; Ceff=1.66x
635,13:17:00,38.330,75.980,74.000,54.510,53.120,33.160,2.037,15.625,16.885,0.991,1.697,966.300,1607.800,1.664,15.480,28.657,1.083,1.855,19.238,20.620,0.743,0.749,15.484,28.654,0.189,8.479,9.430,0.018,4155.000,154.886,50.971,8.479,60.400,ON,Clear and hot; Hybrid loop operating; Ceff=1.66x
636,13:17:30,38.330,75.930,73.950,54.480,53.100,33.160,2.035,15.627,16.887,0.990,1.696,965.900,1606.800,1.663,15.478,28.642,1.082,1.854,19.241,20.622,0.743,0.749,15.471,28.640,0.189,8.475,9.431,0.018,4155.000,154.734,50.952,8.475,60.383,ON,Clear and hot; Hybrid loop operating; Ceff=1.66x
637,13:18:00,38.330,75.880,73.910,54.450,53.070,33.160,2.031,15.630,16.888,0.989,1.694,964.900,1604.700,1.663,15.465,28.608,1.081,1.851,19.244,20.623,0.743,0.749,15.458,28.608,0.189,8.476,9.433,0.018,4155.000,154.430,50.919,8.476,60.351,ON,Clear and hot; Hybrid loop operating; Ceff=1.66x
638,13:18:30,38.330,75.840,73.880,54.420,53.050,33.150,2.026,15.632,16.890,0.988,1.691,963.300,1601.600,1.663,15.443,28.556,1.080,1.848,19.247,20.625,0.743,0.749,15.444,28.561,0.189,8.483,9.435,0.018,4155.000,154.050,50.892,8.483,60.327,ON,Clear and hot; Hybrid loop operating; Ceff=1.66x
639,13:19:00,38.330,75.810,73.850,54.400,53.030,33.150,2.020,15.634,16.891,0.986,1.687,961.300,1597.800,1.662,15.413,28.491,1.077,1.843,19.249,20.626,0.743,0.749,15.415,28.495,0.189,8.485,9.436,0.018,4155.000,153.594,50.862,8.485,60.297,ON,Clear and hot; Hybrid loop operating; Ceff=1.66x
640,13:19:30,38.320,75.790,73.840,54.390,53.020,33.140,2.013,15.635,16.891,0.984,1.682,959.100,1593.700,1.662,15.379,28.419,1.075,1.839,19.250,20.627,0.743,0.749,15.385,28.411,0.189,8.487,9.432,0.018,4155.000,153.061,50.816,8.487,60.248,ON,Clear and hot; Hybrid loop operating; Ceff=1.66x
641,13:20:00,38.320,75.790,73.830,54.380,53.010,33.140,2.006,15.635,16.892,0.981,1.678,957.000,1589.700,1.661,15.345,28.349,1.073,1.834,19.250,20.627,0.743,0.749,15.338,28.345,0.189,8.480,9.434,0.018,4155.000,152.529,50.766,8.480,60.200,ON,Clear and hot; Hybrid loop operating; Ceff=1.66x
642,13:20:30,38.320,75.800,73.840,54.390,53.010,33.130,2.000,15.635,16.892,0.980,1.675,955.200,1586.300,1.661,15.315,28.287,1.071,1.830,19.249,20.627,0.743,0.749,15.322,28.294,0.189,8.487,9.437,0.018,4155.000,152.073,50.723,8.487,60.160,ON,Clear and hot; Hybrid loop operating; Ceff=1.66x
643,13:21:00,38.320,75.830,73.850,54.400,53.020,33.130,1.996,15.634,16.891,0.978,1.672,953.900,1583.700,1.660,15.293,28.240,1.069,1.827,19.248,20.627,0.743,0.749,15.290,28.242,0.189,8.481,9.435,0.018,4155.000,151.769,50.705,8.481,60.140,ON,Clear and hot; Hybrid loop operating; Ceff=1.66x
644,13:21:30,38.310,75.860,73.880,54.410,53.020,33.120,1.993,15.632,16.891,0.977,1.670,953.200,1582.100,1.660,15.280,28.210,1.068,1.825,19.246,20.626,0.743,0.749,15.272,28.208,0.189,8.477,9.434,0.018,4155.000,151.541,50.680,8.477,60.113,ON,Clear and hot; Hybrid loop operating; Ceff=1.66x
645,13:22:00,38.310,75.900,73.910,54.430,53.040,33.120,1.992,15.630,16.890,0.977,1.669,953.100,1581.500,1.659,15.276,28.197,1.068,1.825,19.244,20.625,0.743,0.749,15.271,28.189,0.189,8.477,9.431,0.018,4155.000,151.465,50.673,8.477,60.104,ON,Clear and hot; Hybrid loop operating; Ceff=1.66x
646,13:22:30,38.300,75.950,73.940,54.460,53.050,33.110,1.992,15.627,16.889,0.978,1.670,953.500,1581.600,1.659,15.279,28.197,1.069,1.825,19.241,20.624,0.743,0.749,15.283,28.205,0.189,8.481,9.435,0.018,4155.000,151.465,50.670,8.481,60.106,ON,Clear and hot; Hybrid loop operating; Ceff=1.66x
647,13:23:00,38.300,75.990,73.970,54.480,53.060,33.100,1.993,15.625,16.888,0.978,1.670,954.100,1582.100,1.658,15.286,28.205,1.069,1.825,19.239,20.623,0.743,0.749,15.281,28.203,0.189,8.474,9.432,0.018,4155.000,151.541,50.680,8.474,60.112,ON,Clear and hot; Hybrid loop operating; Ceff=1.66x
648,13:23:30,38.290,76.020,73.990,54.490,53.070,33.100,1.994,15.624,16.887,0.979,1.671,954.700,1582.600,1.658,15.293,28.212,1.070,1.826,19.237,20.622,0.743,0.749,15.296,28.218,0.189,8.477,9.434,0.018,4155.000,151.617,50.689,8.477,60.123,ON,Clear and hot; Hybrid loop operating; Ceff=1.66x
649,13:24:00,38.280,76.040,74.000,54.500,53.080,33.090,1.994,15.623,16.886,0.979,1.671,955.000,1582.700,1.657,15.297,28.213,1.070,1.826,19.236,20.622,0.743,0.749,15.295,28.217,0.189,8.474,9.433,0.018,4155.000,151.617,50.686,8.474,60.119,ON,Clear and hot; Hybrid loop operating; Ceff=1.66x
650,13:24:30,38.280,76.040,74.000,54.500,53.070,33.080,1.993,15.623,16.887,0.979,1.670,954.900,1582.000,1.657,15.295,28.200,1.070,1.825,19.236,20.622,0.743,0.749,15.295,28.201,0.189,8.475,9.432,0.018,4155.000,151.541,50.683,8.475,60.115,ON,Clear and hot; Hybrid loop operating; Ceff=1.66x
651,13:25:00,38.270,76.030,73.990,54.490,53.060,33.080,1.990,15.624,16.887,0.978,1.668,954.100,1580.300,1.656,15.284,28.171,1.069,1.823,19.237,20.622,0.743,0.749,15.280,28.168,0.189,8.474,9.431,0.018,4155.000,151.313,50.661,8.474,60.092,ON,Clear and hot; Hybrid loop operating; Ceff=1.66x
652,13:25:30,38.260,75.990,73.960,54.460,53.040,33.070,1.986,15.626,16.889,0.977,1.665,952.800,1577.600,1.656,15.265,28.126,1.068,1.820,19.239,20.624,0.743,0.749,15.267,28.120,0.189,8.478,9.431,0.018,4155.000,151.008,50.646,8.478,60.077,ON,Clear and hot; Hybrid loop operating; Ceff=1.66x
653,13:26:00,38.250,75.940,73.910,54.430,53.010,33.060,1.980,15.628,16.891,0.975,1.662,950.900,1574.000,1.655,15.238,28.066,1.066,1.816,19.242,20.626,0.743,0.749,15.237,28.073,0.189,8.478,9.437,0.018,4155.000,150.552,50.608,8.478,60.045,ON,Clear and hot; Hybrid loop operating; Ceff=1.66x
654,13:26:30,38.240,75.880,73.860,54.380,52.970,33.050,1.973,15.632,16.893,0.973,1.657,948.700,1569.900,1.655,15.208,27.998,1.063,1.811,19.246,20.629,0.743,0.749,15.210,27.992,0.189,8.483,9.434,0.018,4155.000,150.020,50.561,8.483,59.995,ON,Clear and hot; Hybrid loop operating; Ceff=1.65x
655,13:27:00,38.230,75.800,73.790,54.330,52.920,33.040,1.966,15.636,16.896,0.971,1.653,946.400,1565.600,1.654,15.176,27.928,1.061,1.806,19.251,20.632,0.743,0.750,15.183,27.929,0.189,8.488,9.439,0.018,4155.000,149.488,50.520,8.488,59.959,ON,Clear and hot; Hybrid loop operating; Ceff=1.65x
656,13:27:30,38.220,75.720,73.720,54.280,52.880,33.040,1.959,15.640,16.899,0.969,1.649,944.400,1561.700,1.654,15.148,27.864,1.059,1.802,19.256,20.635,0.743,0.749,15.155,27.866,0.189,8.491,9.441,0.018,4155.000,148.956,50.466,8.491,59.907,ON,Clear and hot; Hybrid loop operating; Ceff=1.65x
657,13:28:00,38.210,75.650,73.660,54.220,52.830,33.030,1.954,15.645,16.902,0.967,1.646,942.700,1558.500,1.653,15.127,27.812,1.057,1.798,19.260,20.639,0.743,0.749,15.129,27.821,0.189,8.491,9.445,0.018,4155.000,148.575,50.440,8.491,59.885,ON,Clear and hot; Hybrid loop operating; Ceff=1.65x
658,13:28:30,38.200,75.580,73.600,54.170,52.790,33.020,1.950,15.649,16.905,0.966,1.643,941.600,1556.200,1.653,15.114,27.777,1.056,1.796,19.264,20.642,0.743,0.749,15.117,27.775,0.189,8.494,9.443,0.018,4155.000,148.271,50.411,8.494,59.855,ON,Clear and hot; Hybrid loop operating; Ceff=1.65x
659,13:29:00,38.190,75.520,73.550,54.130,52.750,33.010,1.948,15.652,16.907,0.965,1.642,941.100,1554.900,1.652,15.110,27.759,1.055,1.794,19.268,20.644,0.743,0.750,15.104,27.761,0.189,8.492,9.447,0.018,4155.000,148.119,50.402,8.492,59.848,ON,Clear and hot; Hybrid loop operating; Ceff=1.65x
660,13:29:30,38.170,75.490,73.510,54.100,52.720,33.000,1.947,15.654,16.909,0.966,1.642,941.200,1554.600,1.652,15.115,27.757,1.055,1.794,19.270,20.646,0.743,0.749,15.122,27.765,0.189,8.501,9.450,0.018,4155.000,148.043,50.386,8.501,59.835,ON,Clear and hot; Hybrid loop operating; Ceff=1.65x
661,13:30:00,38.160,75.470,73.490,54.090,52.700,32.990,1.948,15.655,16.910,0.966,1.642,941.700,1554.900,1.651,15.124,27.765,1.056,1.794,19.272,20.647,0.743,0.750,15.123,27.766,0.189,8.497,9.448,0.018,4155.000,148.119,50.402,8.497,59.850,ON,Clear and hot; Hybrid loop operating; Ceff=1.65x
662,13:30:30,38.150,75.470,73.480,54.080,52.690,32.990,1.949,15.655,16.910,0.967,1.643,942.400,1555.500,1.651,15.135,27.777,1.057,1.795,19.272,20.648,0.743,0.749,15.138,27.783,0.189,8.499,9.450,0.018,4155.000,148.195,50.408,8.499,59.859,ON,Clear and hot; Hybrid loop operating; Ceff=1.65x
663,13:31:00,38.140,75.480,73.490,54.080,52.690,32.980,1.950,15.655,16.910,0.967,1.643,942.900,1555.900,1.650,15.143,27.784,1.057,1.796,19.271,20.648,0.743,0.749,15.138,27.783,0.189,8.495,9.448,0.018,4155.000,148.271,50.421,8.495,59.869,ON,Clear and hot; Hybrid loop operating; Ceff=1.65x
664,13:31:30,38.120,75.510,73.510,54.090,52.690,32.970,1.949,15.653,16.910,0.968,1.643,943.200,1555.800,1.650,15.145,27.781,1.057,1.795,19.270,20.647,0.744,0.750,15.152,27.783,0.189,8.500,9.449,0.018,4155.000,148.195,50.399,8.500,59.847,ON,Clear and hot; Hybrid loop operating; Ceff=1.65x
665,13:32:00,38.110,75.540,73.530,54.110,52.700,32.960,1.948,15.652,16.909,0.967,1.642,942.900,1554.800,1.649,15.138,27.761,1.057,1.794,19.268,20.647,0.743,0.749,15.135,27.765,0.189,8.493,9.448,0.018,4155.000,148.119,50.405,8.493,59.853,ON,Clear and hot; Hybrid loop operating; Ceff=1.65x
666,13:32:30,38.100,75.580,73.550,54.120,52.710,32.950,1.944,15.650,16.909,0.966,1.640,942.000,1552.800,1.648,15.121,27.724,1.056,1.792,19.266,20.646,0.743,0.749,15.118,27.731,0.189,8.491,9.449,0.018,4155.000,147.815,50.366,8.491,59.815,ON,Clear and hot; Hybrid loop operating; Ceff=1.65x
667,13:33:00,38.080,75.600,73.570,54.130,52.710,32.940,1.939,15.649,16.908,0.965,1.637,940.500,1549.800,1.648,15.096,27.671,1.054,1.789,19.264,20.646,0.743,0.749,15.101,27.678,0.189,8.496,9.449,0.018,4155.000,147.435,50.334,8.496,59.784,ON,Clear and hot; Hybrid loop operating; Ceff=1.65x
668,13:33:30,38.070,75.620,73.580,54.140,52.700,32.930,1.933,15.648,16.908,0.963,1.633,938.500,1546.100,1.647,15.064,27.605,1.052,1.784,19.264,20.646,0.743,0.749,15.069,27.611,0.189,8.496,9.449,0.018,4155.000,146.979,50.298,8.496,59.747,ON,Clear and hot; Hybrid loop operating; Ceff=1.65x
669,13:34:00,38.060,75.620,73.570,54.130,52.690,32.920,1.927,15.648,16.909,0.960,1.628,936.400,1542.100,1.647,15.030,27.534,1.050,1.780,19.264,20.646,0.743,0.749,15.022,27.528,0.189,8.488,9.445,0.018,4155.000,146.522,50.272,8.488,59.717,ON,Clear and hot; Hybrid loop operating; Ceff=1.65x
670,13:34:30,38.040,75.610,73.550,54.110,52.670,32.920,1.920,15.649,16.910,0.958,1.624,934.300,1538.100,1.646,14.997,27.465,1.047,1.775,19.265,20.648,0.744,0.749,14.992,27.462,0.189,8.490,9.447,0.018,4155.000,145.990,50.220,8.490,59.667,ON,Clear and hot; Hybrid loop operating; Ceff=1.65x
671,13:35:00,38.030,75.570,73.520,54.080,52.640,32.910,1.914,15.651,16.912,0.956,1.620,932.400,1534.500,1.646,14.970,27.405,1.045,1.771,19.267,20.650,0.744,0.749,14.962,27.397,0.189,8.491,9.447,0.018,4155.000,145.534,50.181,8.491,59.627,ON,Clear and hot; Hybrid loop operating; Ceff=1.65x
672,13:35:30,38.020,75.510,73.470,54.040,52.600,32.900,1.910,15.654,16.914,0.955,1.618,931.100,1531.800,1.645,14.953,27.362,1.044,1.768,19.271,20.652,0.743,0.749,14.950,27.367,0.189,8.495,9.453,0.018,4155.000,145.230,50.164,8.495,59.617,ON,Clear and hot; Hybrid loop operating; Ceff=1.65x
673,13:36:00,38.000,75.440,73.400,53.990,52.560,32.890,1.907,15.658,16.917,0.954,1.616,930.400,1530.100,1.645,14.946,27.337,1.043,1.766,19.275,20.655,0.743,0.749,14.938,27.338,0.189,8.495,9.453,0.018,4155.000,145.002,50.141,8.495,59.594,ON,Clear and hot; Hybrid loop operating; Ceff=1.64x
674,13:36:30,37.990,75.360,73.330,53.930,52.510,32.880,1.906,15.663,16.920,0.954,1.615,930.300,1529.400,1.644,14.949,27.331,1.043,1.765,19.280,20.659,0.743,0.750,14.943,27.326,0.189,8.498,9.453,0.018,4155.000,144.926,50.137,8.498,59.591,ON,Clear and hot; Hybrid loop operating; Ceff=1.64x
675,13:37:00,37.970,75.280,73.260,53.870,52.450,32.870,1.906,15.668,16.924,0.955,1.615,930.700,1529.500,1.643,14.962,27.340,1.044,1.766,19.285,20.662,0.743,0.749,14.963,27.332,0.189,8.506,9.455,0.018,4155.000,144.926,50.134,8.506,59.589,ON,Clear and hot; Hybrid loop operating; Ceff=1.64x
676,13:37:30,37.960,75.190,73.180,53.810,52.400,32.870,1.907,15.673,16.927,0.956,1.616,931.400,1530.200,1.643,14.979,27.358,1.045,1.766,19.291,20.666,0.743,0.750,14.983,27.354,0.189,8.512,9.458,0.018,4155.000,145.002,50.138,8.512,59.596,ON,Clear and hot; Hybrid loop operating; Ceff=1.64x
677,13:38:00,37.950,75.110,73.110,53.760,52.360,32.860,1.908,15.677,16.930,0.957,1.617,932.200,1530.900,1.642,14.997,27.378,1.046,1.767,19.296,20.669,0.743,0.750,15.003,27.376,0.189,8.515,9.461,0.018,4155.000,145.078,50.141,8.515,59.602,ON,Clear and hot; Hybrid loop operating; Ceff=1.64x
678,13:38:30,37.940,75.030,73.040,53.710,52.310,32.850,1.909,15.681,16.933,0.957,1.618,932.700,1531.400,1.642,15.012,27.391,1.046,1.768,19.300,20.672,0.744,0.749,15.007,27.398,0.189,8.513,9.466,0.018,4155.000,145.154,50.151,8.513,59.617,ON,Clear and hot; Hybrid loop operating; Ceff=1.64x
679,13:39:00,37.920,74.970,72.990,53.660,52.280,32.840,1.908,15.685,16.935,0.958,1.617,932.900,1531.100,1.641,15.018,27.390,1.046,1.768,19.304,20.675,0.744,0.749,15.026,27.384,0.189,8.522,9.463,0.018,4155.000,145.078,50.134,8.522,59.597,ON,Clear and hot; Hybrid loop operating; Ceff=1.64x
680,13:39:30,37.910,74.930,72.950,53.630,52.250,32.830,1.906,15.687,16.937,0.957,1.616,932.500,1529.900,1.641,15.015,27.372,1.046,1.766,19.307,20.677,0.743,0.750,15.012,27.370,0.189,8.518,9.466,0.018,4155.000,144.926,50.121,8.518,59.587,ON,Clear and hot; Hybrid loop operating; Ceff=1.64x
681,13:40:00,37.900,74.900,72.920,53.610,52.230,32.830,1.903,15.689,16.938,0.956,1.614,931.400,1527.600,1.640,15.000,27.335,1.045,1.764,19.309,20.678,0.743,0.749,14.999,27.338,0.189,8.520,9.469,0.018,4155.000,144.697,50.118,8.520,59.586,ON,Clear and hot; Hybrid loop operating; Ceff=1.64x
682,13:40:30,37.890,74.880,72.900,53.590,52.210,32.820,1.898,15.690,16.939,0.954,1.611,929.900,1524.500,1.639,14.976,27.281,1.043,1.760,19.310,20.679,0.744,0.750,14.968,27.289,0.189,8.517,9.471,0.018,4155.000,144.317,50.087,8.517,59.558,ON,Clear and hot; Hybrid loop operating; Ceff=1.64x
683,13:41:00,37.870,74.880,72.900,53.580,52.200,32.810,1.892,15.690,16.940,0.952,1.607,927.900,1520.800,1.639,14.945,27.215,1.041,1.756,19.310,20.680,0.743,0.749,14.937,27.223,0.189,8.517,9.471,0.018,4155.000,143.861,50.051,8.517,59.522,ON,Clear and hot; Hybrid loop operating; Ceff=1.64x
684,13:41:30,37.860,74.890,72.900,53.580,52.190,32.800,1.885,15.690,16.940,0.950,1.602,925.800,1516.800,1.638,14.911,27.145,1.039,1.751,19.310,20.681,0.743,0.750,14.906,27.138,0.189,8.519,9.466,0.018,4155.000,143.329,49.997,8.519,59.463,ON,Clear and hot; Hybrid loop operating; Ceff=1.64x
685,13:42:00,37.850,74.900,72.900,53.580,52.180,32.800,1.879,15.689,16.941,0.948,1.598,923.900,1513.000,1.638,14.879,27.078,1.036,1.747,19.309,20.681,0.744,0.749,14.873,27.072,0.189,8.518,9.467,0.018,4155.000,142.873,49.963,8.518,59.430,ON,Clear and hot; Hybrid loop operating; Ceff=1.64x
686,13:42:30,37.840,74.920,72.900,53.580,52.170,32.790,1.874,15.689,16.941,0.947,1.595,922.300,1509.900,1.637,14.852,27.022,1.035,1.743,19.309,20.681,0.743,0.750,14.857,27.021,0.189,8.523,9.469,0.018,4155.000,142.492,49.932,8.523,59.401,ON,Clear and hot; Hybrid loop operating; Ceff=1.64x
687,13:43:00,37.830,74.930,72.910,53.580,52.170,32.780,1.870,15.688,16.941,0.946,1.593,921.200,1507.600,1.637,14.835,26.982,1.033,1.741,19.308,20.681,0.744,0.749,14.841,26.987,0.189,8.524,9.471,0.018,4155.000,142.188,49.902,8.524,59.373,ON,Clear and hot; Hybrid loop operating; Ceff=1.64x
688,13:43:30,37.820,74.940,72.910,53.580,52.160,32.780,1.868,15.688,16.941,0.945,1.591,920.800,1506.400,1.636,14.827,26.960,1.033,1.739,19.308,20.681,0.743,0.750,14.825,26.953,0.189,8.519,9.467,0.018,4155.000,142.036,49.888,8.519,59.355,ON,Clear and hot; Hybrid loop operating; Ceff=1.64x
689,13:44:00,37.810,74.930,72.900,53.570,52.150,32.770,1.867,15.689,16.942,0.945,1.591,920.900,1506.000,1.635,14.830,26.955,1.033,1.739,19.308,20.682,0.744,0.749,14.826,26.955,0.189,8.518,9.470,0.018,4155.000,141.960,49.875,8.518,59.345,ON,Clear and hot; Hybrid loop operating; Ceff=1.64x
690,13:44:30,37.800,74.920,72.880,53.560,52.130,32.770,1.868,15.690,16.943,0.946,1.591,921.500,1506.400,1.635,14.840,26.964,1.034,1.739,19.309,20.683,0.743,0.750,14.843,26.956,0.189,8.522,9.468,0.018,4155.000,142.036,49.888,8.522,59.356,ON,Clear and hot; Hybrid loop operating; Ceff=1.63x
691,13:45:00,37.800,74.890,72.850,53.540,52.110,32.760,1.869,15.691,16.944,0.947,1.592,922.200,1507.100,1.634,14.855,26.979,1.035,1.740,19.311,20.685,0.743,0.750,14.859,26.975,0.189,8.525,9.470,0.018,4155.000,142.112,49.892,8.525,59.362,ON,Clear and hot; Hybrid loop operating; Ceff=1.63x
692,13:45:30,37.790,74.840,72.810,53.510,52.080,32.760,1.870,15.694,16.946,0.947,1.593,923.000,1507.700,1.634,14.870,26.994,1.035,1.741,19.314,20.686,0.744,0.750,14.862,26.995,0.189,8.520,9.473,0.018,4155.000,142.188,49.898,8.520,59.372,ON,Clear and hot; Hybrid loop operating; Ceff=1.63x
693,13:46:00,37.780,74.780,72.760,53.470,52.050,32.750,1.870,15.697,16.948,0.948,1.593,923.400,1507.800,1.633,14.880,27.000,1.036,1.741,19.318,20.689,0.744,0.750,14.881,26.998,0.189,8.527,9.474,0.018,4155.000,142.188,49.895,8.527,59.369,ON,Clear and hot; Hybrid loop operating; Ceff=1.63x
694,13:46:30,37.770,74.710,72.690,53.420,52.010,32.750,1.869,15.701,16.950,0.948,1.592,923.300,1507.100,1.632,14.883,26.992,1.036,1.740,19.322,20.692,0.743,0.750,14.885,26.984,0.189,8.530,9.473,0.018,4155.000,142.112,49.892,8.530,59.365,ON,Clear and hot; Hybrid loop operating; Ceff=1.63x
695,13:47:00,37.770,74.630,72.630,53.370,51.970,32.740,1.866,15.706,16.953,0.947,1.591,922.600,1505.400,1.632,14.877,26.966,1.035,1.738,19.327,20.695,0.744,0.750,14.874,26.972,0.189,8.530,9.480,0.018,4155.000,141.884,49.868,8.530,59.348,ON,Clear and hot; Hybrid loop operating; Ceff=1.63x
696,13:47:30,37.760,74.550,72.550,53.320,51.920,32.740,1.862,15.710,16.956,0.946,1.588,921.200,1502.600,1.631,14.861,26.923,1.034,1.735,19.332,20.698,0.743,0.750,14.862,26.926,0.189,8.536,9.481,0.018,4155.000,141.580,49.854,8.536,59.335,ON,Clear and hot; Hybrid loop operating; Ceff=1.63x
697,13:48:00,37.760,74.460,72.480,53.260,51.870,32.730,1.856,15.715,16.959,0.944,1.584,919.400,1499.100,1.631,14.837,26.865,1.032,1.731,19.337,20.701,0.743,0.750,14.835,26.863,0.189,8.537,9.481,0.018,4155.000,141.124,49.809,8.537,59.290,ON,Clear and hot; Hybrid loop operating; Ceff=1.63x
698,13:48:30,37.750,74.380,72.410,53.210,51.830,32.730,1.849,15.719,16.962,0.942,1.580,917.300,1495.000,1.630,14.808,26.798,1.030,1.727,19.342,20.704,0.743,0.749,14.807,26.800,0.189,8.541,9.485,0.018,4155.000,140.591,49.757,8.541,59.242,ON,Clear and hot; Hybrid loop operating; Ceff=1.63x
699,13:49:00,37.750,74.310,72.350,53.160,51.790,32.730,1.843,15.724,16.965,0.940,1.576,915.100,1490.900,1.629,14.778,26.730,1.027,1.722,19.347,20.707,0.744,0.750,14.781,26.737,0.189,8.546,9.489,0.018,4155.000,140.135,49.732,8.546,59.221,ON,Clear and hot; Hybrid loop operating; Ceff=1.63x
700,13:49:30,37.740,74.250,72.290,53.120,51.750,32.720,1.837,15.727,16.967,0.938,1.572,913.100,1487.100,1.629,14.750,26.666,1.025,1.718,19.350,20.710,0.744,0.749,14.752,26.672,0.189,8.548,9.490,0.018,4155.000,139.679,49.697,8.548,59.187,ON,Clear and hot; Hybrid loop operating; Ceff=1.63x
701,13:50:00,37.740,74.210,72.250,53.090,51.720,32.720,1.832,15.729,16.969,0.936,1.568,911.600,1484.000,1.628,14.728,26.615,1.023,1.714,19.353,20.712,0.744,0.750,14.722,26.607,0.189,8.545,9.487,0.018,4155.000,139.299,49.665,8.545,59.152,ON,Clear and hot; Hybrid loop operating; Ceff=1.63x
702,13:50:30,37.740,74.180,72.220,53.070,51.700,32.720,1.828,15.731,16.970,0.935,1.566,910.600,1481.900,1.627,14.714,26.578,1.022,1.712,19.355,20.713,0.744,0.750,14.708,26.575,0.189,8.546,9.488,0.018,4155.000,138.995,49.627,8.546,59.115,ON,Clear and hot; Hybrid loop operating; Ceff=1.63x
703,13:51:00,37.740,74.170,72.210,53.060,51.690,32.710,1.826,15.732,16.971,0.935,1.565,910.200,1480.700,1.627,14.709,26.558,1.022,1.710,19.355,20.714,0.744,0.750,14.709,26.560,0.189,8.551,9.491,0.018,4155.000,138.843,49.613,8.551,59.103,ON,Clear and hot; Hybrid loop operating; Ceff=1.63x
704,13:51:30,37.730,74.180,72.210,53.060,51.690,32.710,1.826,15.731,16.971,0.935,1.565,910.400,1480.400,1.626,14.711,26.552,1.022,1.710,19.355,20.714,0.744,0.750,14.708,26.560,0.189,8.548,9.493,0.018,4155.000,138.843,49.623,8.548,59.115,ON,Clear and hot; Hybrid loop operating; Ceff=1.63x
705,13:52:00,37.730,74.200,72.220,53.070,51.690,32.710,1.826,15.730,16.970,0.936,1.565,910.800,1480.600,1.626,14.718,26.555,1.023,1.710,19.354,20.713,0.743,0.750,14.723,26.558,0.189,8.553,9.491,0.018,4155.000,138.843,49.616,8.553,59.107,ON,Clear and hot; Hybrid loop operating; Ceff=1.63x
706,13:52:30,37.730,74.230,72.240,53.090,51.700,32.710,1.827,15.729,16.970,0.936,1.565,911.400,1480.900,1.625,14.725,26.560,1.023,1.711,19.353,20.713,0.744,0.749,14.722,26.558,0.189,8.547,9.489,0.018,4155.000,138.919,49.633,8.547,59.122,ON,Clear and hot; Hybrid loop operating; Ceff=1.62x
707,13:53:00,37.730,74.260,72.260,53.110,51.710,32.710,1.827,15.728,16.969,0.937,1.565,911.800,1481.000,1.624,14.731,26.561,1.024,1.711,19.351,20.712,0.743,0.750,14.737,26.556,0.189,8.552,9.488,0.018,4155.000,138.919,49.630,8.552,59.117,ON,Clear and hot; Hybrid loop operating; Ceff=1.62x
708,13:53:30,37.730,74.280,72.270,53.120,51.710,32.700,1.826,15.727,16.968,0.937,1.565,911.800,1480.500,1.624,14.729,26.549,1.024,1.710,19.350,20.711,0.743,0.750,14.736,26.555,0.189,8.551,9.490,0.018,4155.000,138.843,49.620,8.551,59.110,ON,Clear and hot; Hybrid loop operating; Ceff=1.62x
709,13:54:00,37.730,74.300,72.280,53.130,51.720,32.700,1.823,15.726,16.968,0.936,1.563,911.300,1479.000,1.623,14.719,26.522,1.023,1.708,19.349,20.711,0.744,0.750,14.720,26.521,0.189,8.546,9.488,0.018,4155.000,138.615,49.588,8.546,59.076,ON,Clear and hot; Hybrid loop operating; Ceff=1.62x
710,13:54:30,37.730,74.300,72.280,53.130,51.710,32.700,1.819,15.726,16.968,0.935,1.560,910.100,1476.400,1.622,14.700,26.476,1.022,1.705,19.349,20.711,0.743,0.750,14.704,26.470,0.189,8.548,9.486,0.018,4155.000,138.310,49.567,8.548,59.053,ON,Clear and hot; Hybrid loop operating; Ceff=1.62x
711,13:55:00,37.730,74.280,72.260,53.120,51.700,32.700,1.814,15.727,16.969,0.933,1.557,908.300,1473.000,1.622,14.673,26.415,1.020,1.701,19.351,20.712,0.743,0.750,14.673,26.421,0.189,8.547,9.490,0.018,4155.000,137.930,49.544,8.547,59.035,ON,Clear and hot; Hybrid loop operating; Ceff=1.62x
712,13:55:30,37.730,74.240,72.220,53.090,51.680,32.700,1.807,15.729,16.970,0.931,1.552,906.100,1468.800,1.621,14.639,26.343,1.017,1.697,19.353,20.713,0.744,0.749,14.644,26.337,0.189,8.551,9.487,0.018,4155.000,137.398,49.494,8.551,58.982,ON,Clear and hot; Hybrid loop operating; Ceff=1.62x
713,13:56:00,37.730,74.190,72.170,53.060,51.650,32.700,1.799,15.732,16.972,0.928,1.548,903.600,1464.200,1.620,14.604,26.265,1.014,1.691,19.356,20.715,0.744,0.750,14.599,26.273,0.189,8.549,9.494,0.018,4155.000,136.790,49.430,8.549,58.924,ON,Clear and hot; Hybrid loop operating; Ceff=1.62x
714,13:56:30,37.730,74.120,72.110,53.010,51.610,32.700,1.792,15.736,16.974,0.926,1.543,901.300,1459.800,1.620,14.570,26.190,1.012,1.686,19.361,20.718,0.744,0.750,14.572,26.191,0.189,8.554,9.493,0.018,4155.000,136.257,49.386,8.554,58.879,ON,Clear and hot; Hybrid loop operating; Ceff=1.62x
715,13:57:00,37.740,74.030,72.040,52.960,51.570,32.700,1.786,15.741,16.977,0.924,1.539,899.200,1455.800,1.619,14.541,26.124,1.010,1.682,19.366,20.721,0.743,0.750,14.545,26.128,0.189,8.558,9.496,0.018,4155.000,135.801,49.356,8.558,58.852,ON,Clear and hot; Hybrid loop operating; Ceff=1.62x
716,13:57:30,37.740,73.950,71.960,52.910,51.520,32.700,1.781,15.746,16.980,0.922,1.536,897.600,1452.700,1.618,14.522,26.074,1.008,1.678,19.371,20.724,0.744,0.750,14.518,26.081,0.189,8.558,9.499,0.018,4155.000,135.421,49.323,8.558,58.822,ON,Clear and hot; Hybrid loop operating; Ceff=1.62x
717,13:58:00,37.740,73.860,71.890,52.860,51.480,32.700,1.777,15.751,16.983,0.921,1.533,896.600,1450.500,1.618,14.511,26.040,1.007,1.676,19.376,20.727,0.744,0.750,14.507,26.035,0.189,8.561,9.497,0.018,4155.000,135.117,49.287,8.561,58.784,ON,Clear and hot; Hybrid loop operating; Ceff=1.62x
718,13:58:30,37.740,73.780,71.820,52.810,51.430,32.700,1.775,15.755,16.986,0.921,1.532,896.200,1449.200,1.617,14.510,26.022,1.007,1.674,19.381,20.730,0.743,0.750,14.510,26.023,0.189,8.567,9.501,0.018,4155.000,134.965,49.275,8.567,58.776,ON,Clear and hot; Hybrid loop operating; Ceff=1.62x
719,13:59:00,37.750,73.710,71.760,52.770,51.400,32.700,1.775,15.759,16.988,0.921,1.532,896.300,1448.700,1.616,14.515,26.018,1.007,1.674,19.385,20.733,0.744,0.750,14.514,26.026,0.189,8.568,9.505,0.018,4155.000,134.965,49.292,8.568,58.798,ON,Clear and hot; Hybrid loop operating; Ceff=1.62x
720,13:59:30,37.750,73.660,71.710,52.740,51.370,32.700,1.774,15.762,16.990,0.921,1.531,896.600,1448.600,1.616,14.524,26.019,1.007,1.674,19.389,20.735,0.744,0.750,14.517,26.012,0.189,8.567,9.501,0.018,4155.000,134.889,49.268,8.567,58.769,ON,Clear and hot; Hybrid loop operating; Ceff=1.62x
721,14:00:00,37.750,73.630,71.680,52.720,51.360,32.700,1.774,15.764,16.991,0.922,1.531,896.900,1448.500,1.615,14.531,26.020,1.007,1.674,19.391,20.736,0.744,0.750,14.534,26.013,0.189,8.574,9.502,0.018,4155.000,134.889,49.271,8.574,58.773,ON,Clear and hot; Hybrid loop operating; Ceff=1.62x
722,14:00:30,37.740,73.610,71.660,52.710,51.350,32.700,1.773,15.765,16.991,0.922,1.531,897.000,1448.000,1.614,14.533,26.011,1.008,1.673,19.392,20.736,0.743,0.750,14.535,26.013,0.189,8.574,9.505,0.018,4155.000,134.813,49.261,8.574,58.766,ON,Clear and hot; Hybrid loop operating; Ceff=1.61x
723,14:01:00,37.740,73.620,71.660,52.720,51.350,32.700,1.771,15.764,16.991,0.921,1.530,896.500,1446.800,1.614,14.526,25.988,1.007,1.672,19.391,20.736,0.744,0.750,14.519,25.996,0.189,8.569,9.507,0.018,4155.000,134.661,49.246,8.569,58.753,ON,Clear and hot; Hybrid loop operating; Ceff=1.61x
724,14:01:30,37.730,73.640,71.670,52.730,51.350,32.700,1.768,15.764,16.991,0.920,1.527,895.500,1444.500,1.613,14.509,25.947,1.006,1.669,19.391,20.736,0.744,0.750,14.503,25.945,0.189,8.569,9.503,0.018,4155.000,134.433,49.241,8.569,58.744,ON,Clear and hot; Hybrid loop operating; Ceff=1.61x
725,14:02:00,37.730,73.660,71.690,52.740,51.360,32.700,1.763,15.762,16.990,0.919,1.524,893.900,1441.300,1.612,14.481,25.888,1.004,1.665,19.389,20.735,0.744,0.750,14.485,25.893,0.189,8.574,9.505,0.018,4155.000,134.052,49.211,8.574,58.716,ON,Clear and hot; Hybrid loop operating; Ceff=1.61x
726,14:02:30,37.720,73.690,71.710,52.760,51.370,32.700,1.756,15.761,16.989,0.916,1.519,891.700,1437.200,1.612,14.444,25.813,1.002,1.661,19.388,20.734,0.744,0.750,14.437,25.806,0.189,8.566,9.501,0.018,4155.000,133.520,49.155,8.566,58.655,ON,Clear and hot; Hybrid loop operating; Ceff=1.61x
727,14:03:00,37.710,73.720,71.720,52.770,51.370,32.700,1.749,15.760,16.989,0.914,1.514,889.200,1432.500,1.611,14.402,25.728,0.999,1.655,19.386,20.734,0.744,0.750,14.405,25.721,0.189,8.571,9.500,0.018,4155.000,132.988,49.120,8.571,58.620,ON,Clear and hot; Hybrid loop operating; Ceff=1.61x
728,14:03:30,37.710,73.740,71.730,52.780,51.370,32.700,1.741,15.759,16.988,0.911,1.509,886.600,1427.700,1.610,14.359,25.641,0.996,1.650,19.385,20.733,0.744,0.750,14.356,25.635,0.189,8.568,9.500,0.018,4155.000,132.380,49.059,8.568,58.560,ON,Clear and hot; Hybrid loop operating; Ceff=1.61x
729,14:04:00,37.700,73.750,71.730,52.780,51.370,32.700,1.734,15.758,16.988,0.909,1.505,884.200,1423.200,1.610,14.319,25.560,0.993,1.644,19.385,20.733,0.744,0.750,14.324,25.567,0.189,8.571,9.505,0.018,4155.000,131.847,49.017,8.571,58.522,ON,Clear and hot; Hybrid loop operating; Ceff=1.61x
730,14:04:30,37.700,73.750,71.720,52.770,51.360,32.700,1.728,15.759,16.989,0.907,1.500,882.100,1419.300,1.609,14.286,25.491,0.991,1.640,19.385,20.734,0.744,0.750,14.293,25.484,0.189,8.573,9.500,0.018,4155.000,131.391,48.981,8.573,58.481,ON,Clear and hot; Hybrid loop operating; Ceff=1.61x
731,14:05:00,37.690,73.720,71.700,52.760,51.340,32.700,1.723,15.760,16.990,0.905,1.497,880.700,1416.300,1.608,14.264,25.440,0.989,1.636,19.387,20.735,0.744,0.750,14.263,25.434,0.189,8.569,9.502,0.018,4155.000,131.011,48.943,8.569,58.445,ON,Clear and hot; Hybrid loop operating; Ceff=1.61x
732,14:05:30,37.680,73.690,71.660,52.730,51.310,32.700,1.720,15.762,16.992,0.904,1.495,879.800,1414.300,1.608,14.253,25.407,0.988,1.634,19.389,20.737,0.744,0.750,14.249,25.403,0.189,8.569,9.503,0.018,4155.000,130.783,48.927,8.569,58.430,ON,Clear and hot; Hybrid loop operating; Ceff=1.61x
733,14:06:00,37.670,73.630,71.610,52.690,51.280,32.700,1.718,15.766,16.994,0.904,1.494,879.500,1413.200,1.607,14.252,25.391,0.988,1.633,19.393,20.739,0.744,0.750,14.252,25.389,0.189,8.574,9.506,0.018,4155.000,130.631,48.908,8.574,58.414,ON,Clear and hot; Hybrid loop operating; Ceff=1.61x
734,14:06:30,37.670,73.570,71.550,52.650,51.240,32.700,1.717,15.769,16.996,0.904,1.494,879.600,1412.800,1.606,14.258,25.388,0.988,1.632,19.397,20.742,0.744,0.750,14.255,25.392,0.189,8.575,9.509,0.018,4155.000,130.555,48.893,8.575,58.403,ON,Clear and hot; Hybrid loop operating; Ceff=1.61x
735,14:07:00,37.660,73.490,71.480,52.600,51.200,32.690,1.717,15.773,16.999,0.904,1.494,879.900,1412.600,1.605,14.267,25.390,0.989,1.632,19.401,20.745,0.744,0.750,14.259,25.397,0.189,8.574,9.512,0.018,4155.000,130.555,48.900,8.574,58.413,ON,Clear and hot; Hybrid loop operating; Ceff=1.61x
736,14:07:30,37.650,73.410,71.420,52.550,51.160,32.690,1.717,15.778,17.002,0.905,1.493,880.100,1412.300,1.605,14.275,25.390,0.989,1.632,19.406,20.748,0.744,0.750,14.279,25.384,0.189,8.584,9.510,0.018,4155.000,130.555,48.911,8.584,58.420,ON,Clear and hot; Hybrid loop operating; Ceff=1.6x
737,14:08:00,37.640,73.330,71.350,52.500,51.110,32.690,1.715,15.782,17.004,0.905,1.493,880.000,1411.500,1.604,14.278,25.380,0.989,1.631,19.411,20.751,0.744,0.750,14.283,25.387,0.189,8.587,9.516,0.018,4155.000,130.403,48.881,8.587,58.398,ON,Clear and hot; Hybrid loop operating; Ceff=1.6x
738,14:08:30,37.630,73.260,71.280,52.460,51.070,32.690,1.713,15.787,17.007,0.904,1.491,879.300,1409.800,1.603,14.273,25.355,0.988,1.629,19.416,20.754,0.744,0.750,14.271,25.357,0.189,8.588,9.517,0.018,4155.000,130.251,48.883,8.588,58.400,ON,Clear and hot; Hybrid loop operating; Ceff=1.6x
739,14:09:00,37.620,73.190,71.220,52.410,51.030,32.690,1.708,15.790,17.009,0.903,1.488,878.100,1407.200,1.603,14.256,25.312,0.987,1.626,19.420,20.756,0.744,0.750,14.258,25.309,0.189,8.591,9.516,0.018,4155.000,129.870,48.831,8.591,58.347,ON,Clear and hot; Hybrid loop operating; Ceff=1.6x
740,14:09:30,37.610,73.130,71.170,52.370,51.000,32.690,1.703,15.794,17.012,0.901,1.484,876.200,1403.600,1.602,14.230,25.251,0.985,1.622,19.423,20.759,0.744,0.750,14.230,25.246,0.189,8.593,9.517,0.018,4155.000,129.490,48.813,8.593,58.329,ON,Clear and hot; Hybrid loop operating; Ceff=1.6x
741,14:10:00,37.600,73.090,71.130,52.340,50.970,32.690,1.696,15.796,17.013,0.899,1.480,873.900,1399.300,1.601,14.196,25.177,0.982,1.617,19.426,20.761,0.744,0.750,14.201,25.179,0.189,8.598,9.521,0.018,4155.000,128.958,48.761,8.598,58.282,ON,Clear and hot; Hybrid loop operating; Ceff=1.6x
742,14:10:30,37.590,73.060,71.090,52.320,50.940,32.690,1.689,15.798,17.015,0.896,1.475,871.400,1394.600,1.600,14.157,25.095,0.979,1.612,19.428,20.762,0.744,0.750,14.155,25.097,0.189,8.595,9.522,0.018,4155.000,128.426,48.724,8.595,58.245,ON,Clear and hot; Hybrid loop operating; Ceff=1.6x
743,14:11:00,37.570,73.040,71.070,52.300,50.930,32.680,1.681,15.799,17.016,0.894,1.470,868.800,1390.000,1.600,14.117,25.013,0.977,1.607,19.429,20.763,0.744,0.750,14.124,25.014,0.189,8.602,9.521,0.018,4155.000,127.817,48.653,8.602,58.175,ON,Clear and hot; Hybrid loop operating; Ceff=1.6x
744,14:11:30,37.560,73.040,71.060,52.300,50.910,32.680,1.675,15.799,17.017,0.891,1.466,866.600,1385.700,1.599,14.081,24.939,0.974,1.602,19.430,20.764,0.744,0.750,14.077,24.947,0.189,8.595,9.525,0.018,4155.000,127.361,48.630,8.595,58.156,ON,Clear and hot; Hybrid loop operating; Ceff=1.6x
745,14:12:00,37.550,73.050,71.060,52.290,50.900,32.680,1.669,15.799,17.017,0.889,1.462,864.800,1382.300,1.598,14.052,24.878,0.972,1.598,19.430,20.765,0.744,0.750,14.045,24.879,0.189,8.593,9.523,0.018,4155.000,126.905,48.575,8.593,58.098,ON,Clear and hot; Hybrid loop operating; Ceff=1.6x
746,14:12:30,37.540,73.060,71.060,52.290,50.890,32.680,1.665,15.799,17.017,0.888,1.459,863.700,1379.800,1.598,14.033,24.833,0.971,1.595,19.429,20.765,0.744,0.750,14.030,24.828,0.189,8.594,9.521,0.018,4155.000,126.601,48.547,8.594,58.067,ON,Clear and hot; Hybrid loop operating; Ceff=1.6x
747,14:13:00,37.520,73.080,71.070,52.300,50.890,32.680,1.663,15.798,17.017,0.888,1.458,863.100,1378.400,1.597,14.023,24.807,0.970,1.593,19.428,20.765,0.744,0.750,14.029,24.811,0.189,8.600,9.524,0.018,4155.000,126.449,48.537,8.600,58.061,ON,Clear and hot; Hybrid loop operating; Ceff=1.6x
748,14:13:30,37.510,73.100,71.070,52.300,50.880,32.670,1.662,15.798,17.017,0.888,1.457,863.100,1377.700,1.596,14.022,24.795,0.970,1.592,19.428,20.765,0.744,0.750,14.029,24.794,0.189,8.600,9.522,0.018,4155.000,126.373,48.533,8.600,58.055,ON,Clear and hot; Hybrid loop operating; Ceff=1.6x
749,14:14:00,37.490,73.110,71.070,52.300,50.880,32.670,1.662,15.797,17.017,0.888,1.457,863.500,1377.600,1.595,14.027,24.793,0.970,1.592,19.427,20.765,0.744,0.750,14.028,24.794,0.189,8.595,9.523,0.018,4155.000,126.373,48.536,8.595,58.059,ON,Clear and hot; Hybrid loop operating; Ceff=1.6x
750,14:14:30,37.470,73.110,71.060,52.300,50.870,32.670,1.662,15.797,17.018,0.888,1.457,863.900,1377.600,1.595,14.034,24.794,0.971,1.592,19.428,20.766,0.744,0.750,14.028,24.795,0.189,8.591,9.523,0.018,4155.000,126.373,48.536,8.591,58.060,ON,Clear and hot; Hybrid loop operating; Ceff=1.59x
751,14:15:00,37.460,73.090,71.050,52.280,50.850,32.660,1.661,15.798,17.019,0.889,1.457,864.100,1377.300,1.594,14.039,24.791,0.971,1.592,19.429,20.767,0.744,0.750,14.044,24.797,0.189,8.600,9.526,0.018,4155.000,126.297,48.518,8.600,58.044,ON,Clear and hot; Hybrid loop operating; Ceff=1.59x
752,14:15:30,37.440,73.060,71.010,52.260,50.820,32.660,1.660,15.800,17.020,0.888,1.456,863.900,1376.400,1.593,14.038,24.777,0.971,1.591,19.431,20.768,0.744,0.750,14.030,24.781,0.189,8.593,9.526,0.018,4155.000,126.221,48.520,8.593,58.046,ON,Clear and hot; Hybrid loop operating; Ceff=1.59x
753,14:16:00,37.420,73.010,70.970,52.220,50.790,32.650,1.657,15.803,17.022,0.888,1.454,863.100,1374.500,1.593,14.028,24.747,0.970,1.589,19.434,20.770,0.744,0.750,14.033,24.750,0.189,8.603,9.527,0.018,4155.000,125.992,48.500,8.603,58.027,ON,Clear and hot; Hybrid loop operating; Ceff=1.59x
754,14:16:30,37.400,72.950,70.910,52.180,50.750,32.650,1.653,15.807,17.025,0.886,1.451,861.800,1371.700,1.592,14.010,24.701,0.969,1.586,19.438,20.773,0.744,0.750,14.005,24.703,0.189,8.598,9.529,0.018,4155.000,125.688,48.481,8.598,58.010,ON,Clear and hot; Hybrid loop operating; Ceff=1.59x
755,14:17:00,37.380,72.870,70.840,52.120,50.700,32.640,1.647,15.811,17.028,0.884,1.447,859.800,1368.000,1.591,13.984,24.641,0.967,1.581,19.443,20.777,0.744,0.750,13.977,24.640,0.189,8.601,9.530,0.018,4155.000,125.232,48.436,8.601,57.966,ON,Clear and hot; Hybrid loop operating; Ceff=1.59x
756,14:17:30,37.370,72.780,70.760,52.060,50.650,32.640,1.640,15.816,17.031,0.882,1.443,857.600,1363.800,1.590,13.953,24.570,0.964,1.577,19.448,20.780,0.744,0.750,13.950,24.576,0.189,8.606,9.534,0.018,4155.000,124.700,48.379,8.606,57.913,ON,Clear and hot; Hybrid loop operating; Ceff=1.59x
757,14:18:00,37.340,72.680,70.670,51.990,50.590,32.630,1.633,15.822,17.035,0.880,1.438,855.100,1359.200,1.590,13.919,24.495,0.961,1.571,19.454,20.785,0.745,0.750,13.923,24.496,0.189,8.615,9.536,0.018,4155.000,124.168,48.335,8.615,57.871,ON,Clear and hot; Hybrid loop operating; Ceff=1.59x
758,14:18:30,37.320,72.580,70.580,51.920,50.530,32.630,1.626,15.827,17.039,0.877,1.433,852.800,1354.900,1.589,13.888,24.424,0.959,1.567,19.461,20.789,0.744,0.750,13.880,24.417,0.189,8.612,9.535,0.018,4155.000,123.635,48.281,8.612,57.816,ON,Clear and hot; Hybrid loop operating; Ceff=1.59x
759,14:19:00,37.300,72.490,70.500,51.860,50.470,32.620,1.621,15.833,17.043,0.876,1.430,850.800,1351.200,1.588,13.862,24.363,0.957,1.562,19.466,20.793,0.744,0.750,13.870,24.371,0.189,8.625,9.543,0.018,4155.000,123.255,48.264,8.625,57.807,ON,Clear and hot; Hybrid loop operating; Ceff=1.59x
760,14:19:30,37.280,72.410,70.420,51.800,50.410,32.610,1.616,15.837,17.046,0.874,1.427,849.400,1348.300,1.587,13.844,24.317,0.955,1.559,19.471,20.797,0.745,0.750,13.842,24.325,0.189,8.622,9.545,0.018,4155.000,122.875,48.219,8.622,57.764,ON,Clear and hot; Hybrid loop operating; Ceff=1.59x
761,14:20:00,37.260,72.340,70.360,51.750,50.360,32.610,1.613,15.841,17.049,0.873,1.425,848.600,1346.400,1.587,13.835,24.288,0.954,1.557,19.476,20.800,0.745,0.750,13.829,24.295,0.189,8.622,9.547,0.018,4155.000,122.647,48.197,8.622,57.744,ON,Clear and hot; Hybrid loop operating; Ceff=1.59x
762,14:20:30,37.230,72.290,70.310,51.710,50.330,32.600,1.612,15.844,17.051,0.873,1.424,848.400,1345.400,1.586,13.835,24.275,0.954,1.556,19.479,20.802,0.744,0.750,13.832,24.281,0.189,8.626,9.549,0.018,4155.000,122.571,48.203,8.626,57.752,ON,Clear and hot; Hybrid loop operating; Ceff=1.59x
763,14:21:00,37.210,72.260,70.280,51.680,50.300,32.590,1.611,15.846,17.053,0.873,1.423,848.700,1345.100,1.585,13.841,24.273,0.955,1.556,19.481,20.804,0.744,0.750,13.834,24.266,0.189,8.624,9.545,0.018,4155.000,122.495,48.184,8.624,57.729,ON,Clear and hot; Hybrid loop operating; Ceff=1.59x
764,14:21:30,37.190,72.250,70.260,51.670,50.270,32.590,1.611,15.847,17.054,0.874,1.423,849.100,1345.200,1.584,13.849,24.277,0.955,1.556,19.482,20.805,0.744,0.750,13.850,24.268,0.189,8.631,9.545,0.018,4155.000,122.495,48.180,8.631,57.725,ON,Clear and hot; Hybrid loop operating; Ceff=1.58x
765,14:22:00,37.160,72.250,70.250,51.660,50.260,32.580,1.611,15.847,17.055,0.874,1.424,849.600,1345.300,1.584,13.857,24.279,0.956,1.556,19.482,20.806,0.744,0.750,13.850,24.286,0.189,8.625,9.552,0.018,4155.000,122.495,48.177,8.625,57.728,ON,Clear and hot; Hybrid loop operating; Ceff=1.58x
766,14:22:30,37.140,72.260,70.250,51.660,50.250,32.570,1.611,15.847,17.055,0.875,1.423,849.700,1344.900,1.583,13.859,24.272,0.956,1.555,19.482,20.807,0.744,0.750,13.866,24.269,0.189,8.634,9.548,0.018,4155.000,122.495,48.191,8.634,57.739,ON,Clear and hot; Hybrid loop operating; Ceff=1.58x
767,14:23:00,37.110,72.280,70.260,51.650,50.240,32.560,1.609,15.846,17.056,0.874,1.422,849.400,1343.700,1.582,13.853,24.251,0.955,1.554,19.481,20.807,0.745,0.750,13.849,24.254,0.189,8.627,9.550,0.018,4155.000,122.343,48.174,8.627,57.724,ON,Clear and hot; Hybrid loop operating; Ceff=1.58x
768,14:23:30,37.090,72.290,70.260,51.650,50.230,32.550,1.606,15.846,17.056,0.873,1.420,848.400,1341.500,1.581,13.837,24.213,0.954,1.551,19.481,20.807,0.745,0.750,13.834,24.220,0.189,8.627,9.552,0.018,4155.000,122.115,48.163,8.627,57.716,ON,Clear and hot; Hybrid loop operating; Ceff=1.58x
769,14:24:00,37.060,72.290,70.250,51.640,50.210,32.540,1.601,15.846,17.057,0.872,1.416,846.900,1338.400,1.580,13.811,24.158,0.953,1.548,19.481,20.808,0.744,0.750,13.818,24.153,0.189,8.633,9.548,0.018,4155.000,121.734,48.124,8.633,57.673,ON,Clear and hot; Hybrid loop operating; Ceff=1.58x
770,14:24:30,37.030,72.280,70.230,51.620,50.190,32.540,1.595,15.847,17.058,0.869,1.412,844.800,1334.500,1.580,13.779,24.089,0.950,1.543,19.482,20.810,0.744,0.750,13.771,24.086,0.189,8.625,9.550,0.018,4155.000,121.278,48.084,8.625,57.634,ON,Clear and hot; Hybrid loop operating; Ceff=1.58x
771,14:25:00,37.010,72.250,70.200,51.590,50.160,32.530,1.588,15.849,17.060,0.867,1.408,842.400,1330.100,1.579,13.742,24.013,0.948,1.538,19.484,20.812,0.744,0.750,13.741,24.020,0.189,8.631,9.555,0.018,4155.000,120.746,48.032,8.631,57.587,ON,Clear and hot; Hybrid loop operating; Ceff=1.58x
772,14:25:30,36.980,72.200,70.150,51.550,50.110,32.520,1.581,15.852,17.062,0.865,1.403,840.000,1325.600,1.578,13.705,23.936,0.945,1.533,19.487,20.814,0.744,0.750,13.712,23.938,0.189,8.637,9.555,0.018,4155.000,120.214,47.982,8.637,57.537,ON,Clear and hot; Hybrid loop operating; Ceff=1.58x
773,14:26:00,36.950,72.130,70.080,51.500,50.060,32.510,1.575,15.856,17.066,0.862,1.399,837.700,1321.400,1.577,13.673,23.866,0.942,1.528,19.492,20.818,0.745,0.750,13.668,23.875,0.189,8.633,9.560,0.018,4155.000,119.757,47.952,8.633,57.512,ON,Clear and hot; Hybrid loop operating; Ceff=1.58x
774,14:26:30,36.930,72.040,70.000,51.430,50.000,32.500,1.569,15.861,17.069,0.861,1.395,835.900,1317.900,1.577,13.649,23.810,0.941,1.524,19.497,20.822,0.744,0.750,13.656,23.811,0.189,8.644,9.560,0.018,4155.000,119.301,47.896,8.644,57.456,ON,Clear and hot; Hybrid loop operating; Ceff=1.58x
775,14:27:00,36.900,71.940,69.910,51.360,49.930,32.490,1.565,15.866,17.074,0.859,1.392,834.700,1315.300,1.576,13.635,23.770,0.939,1.522,19.503,20.827,0.745,0.750,13.629,23.767,0.189,8.639,9.561,0.018,4155.000,118.997,47.869,8.639,57.429,ON,Clear and hot; Hybrid loop operating; Ceff=1.58x
776,14:27:30,36.870,71.830,69.810,51.280,49.860,32.480,1.563,15.873,17.078,0.859,1.391,834.100,1313.700,1.575,13.632,23.748,0.939,1.520,19.510,20.832,0.744,0.750,13.635,23.755,0.189,8.649,9.568,0.018,4155.000,118.845,47.866,8.649,57.433,ON,Clear and hot; Hybrid loop operating; Ceff=1.58x
777,14:28:00,36.840,71.720,69.710,51.200,49.790,32.470,1.561,15.879,17.083,0.859,1.390,834.000,1312.900,1.574,13.637,23.741,0.939,1.519,19.517,20.836,0.744,0.750,13.640,23.745,0.189,8.653,9.569,0.018,4155.000,118.693,47.833,8.653,57.403,ON,Clear and hot; Hybrid loop operating; Ceff=1.57x
778,14:28:30,36.810,71.610,69.610,51.120,49.720,32.460,1.561,15.885,17.087,0.859,1.390,834.200,1312.600,1.573,13.648,23.744,0.939,1.519,19.524,20.841,0.744,0.750,13.645,23.751,0.189,8.655,9.574,0.018,4155.000,118.693,47.844,8.655,57.418,ON,Clear and hot; Hybrid loop operating; Ceff=1.57x
779,14:29:00,36.790,71.510,69.520,51.050,49.660,32.450,1.561,15.891,17.091,0.860,1.390,834.600,1312.500,1.573,13.660,23.750,0.939,1.519,19.530,20.846,0.745,0.750,13.666,23.756,0.189,8.664,9.577,0.018,4155.000,118.693,47.848,8.664,57.425,ON,Clear and hot; Hybrid loop operating; Ceff=1.57x
780,14:29:30,36.760,71.420,69.440,50.980,49.600,32.440,1.560,15.896,17.095,0.860,1.389,834.800,1312.200,1.572,13.669,23.751,0.940,1.518,19.536,20.850,0.744,0.750,13.671,23.745,0.189,8.664,9.574,0.018,4155.000,118.617,47.828,8.664,57.403,ON,Clear and hot; Hybrid loop operating; Ceff=1.57x
781,14:30:00,36.730,71.340,69.370,50.930,49.550,32.430,1.559,15.900,17.098,0.860,1.388,834.600,1311.300,1.571,13.671,23.739,0.940,1.517,19.540,20.853,0.744,0.750,13.674,23.732,0.189,8.669,9.576,0.018,4155.000,118.541,47.830,8.669,57.406,ON,Clear and hot; Hybrid loop operating; Ceff=1.57x
782,14:30:30,36.700,71.280,69.320,50.880,49.500,32.410,1.556,15.904,17.101,0.859,1.387,833.900,1309.500,1.570,13.663,23.711,0.939,1.515,19.544,20.856,0.745,0.750,13.662,23.719,0.189,8.668,9.584,0.018,4155.000,118.313,47.804,8.668,57.388,ON,Clear and hot; Hybrid loop operating; Ceff=1.57x
783,14:31:00,36.670,71.240,69.270,50.840,49.460,32.400,1.552,15.906,17.103,0.858,1.384,832.500,1306.700,1.570,13.643,23.665,0.937,1.512,19.547,20.859,0.745,0.750,13.647,23.671,0.189,8.674,9.585,0.018,4155.000,118.009,47.783,8.674,57.368,ON,Clear and hot; Hybrid loop operating; Ceff=1.57x
784,14:31:30,36.640,71.210,69.240,50.810,49.430,32.390,1.546,15.908,17.105,0.856,1.380,830.600,1303.000,1.569,13.613,23.600,0.935,1.508,19.549,20.861,0.745,0.750,13.617,23.605,0.189,8.674,9.585,0.018,4155.000,117.552,47.734,8.674,57.319,ON,Clear and hot; Hybrid loop operating; Ceff=1.57x
785,14:32:00,36.620,71.200,69.210,50.790,49.400,32.380,1.539,15.909,17.106,0.853,1.375,828.200,1298.500,1.568,13.575,23.523,0.933,1.503,19.550,20.863,0.744,0.750,13.570,23.521,0.189,8.670,9.584,0.018,4155.000,117.020,47.682,8.670,57.266,ON,Clear and hot; Hybrid loop operating; Ceff=1.57x
786,14:32:30,36.590,71.180,69.190,50.770,49.370,32.370,1.532,15.910,17.108,0.851,1.370,825.500,1293.700,1.567,13.533,23.438,0.930,1.497,19.551,20.864,0.744,0.750,13.539,23.438,0.189,8.678,9.586,0.018,4155.000,116.488,47.642,8.678,57.227,ON,Clear and hot; Hybrid loop operating; Ceff=1.57x
787,14:33:00,36.560,71.180,69.170,50.750,49.350,32.360,1.525,15.911,17.109,0.848,1.365,822.900,1289.000,1.566,13.491,23.355,0.927,1.492,19.552,20.866,0.744,0.750,13.493,23.354,0.189,8.675,9.586,0.018,4155.000,115.956,47.597,8.675,57.183,ON,Clear and hot; Hybrid loop operating; Ceff=1.57x
788,14:33:30,36.530,71.160,69.150,50.730,49.320,32.350,1.518,15.912,17.111,0.846,1.361,820.600,1284.700,1.566,13.455,23.280,0.924,1.487,19.553,20.867,0.745,0.750,13.462,23.288,0.189,8.680,9.591,0.018,4155.000,115.423,47.537,8.680,57.128,ON,Clear and hot; Hybrid loop operating; Ceff=1.57x
789,14:34:00,36.510,71.150,69.130,50.700,49.290,32.340,1.513,15.914,17.112,0.844,1.357,818.800,1281.200,1.565,13.426,23.219,0.922,1.483,19.555,20.869,0.745,0.750,13.431,23.221,0.189,8.679,9.590,0.018,4155.000,115.043,47.510,8.679,57.099,ON,Clear and hot; Hybrid loop operating; Ceff=1.56x
790,14:34:30,36.480,71.120,69.090,50.670,49.250,32.320,1.509,15.915,17.114,0.842,1.354,817.600,1278.600,1.564,13.408,23.176,0.921,1.480,19.557,20.871,0.744,0.750,13.400,23.172,0.189,8.672,9.589,0.018,4155.000,114.739,47.480,8.672,57.069,ON,Clear and hot; Hybrid loop operating; Ceff=1.56x
791,14:35:00,36.450,71.080,69.050,50.630,49.210,32.310,1.507,15.918,17.117,0.842,1.352,816.900,1277.000,1.563,13.400,23.149,0.920,1.478,19.560,20.874,0.745,0.750,13.403,23.142,0.189,8.681,9.589,0.018,4155.000,114.587,47.477,8.681,57.065,ON,Clear and hot; Hybrid loop operating; Ceff=1.56x
792,14:35:30,36.430,71.020,68.990,50.590,49.170,32.300,1.505,15.921,17.119,0.842,1.351,816.700,1276.000,1.562,13.400,23.137,0.920,1.477,19.563,20.877,0.745,0.750,13.405,23.128,0.189,8.685,9.590,0.018,4155.000,114.435,47.451,8.685,57.041,ON,Clear and hot; Hybrid loop operating; Ceff=1.56x
793,14:36:00,36.400,70.950,68.920,50.540,49.110,32.290,1.504,15.925,17.122,0.842,1.351,816.800,1275.500,1.562,13.406,23.132,0.920,1.477,19.568,20.880,0.745,0.750,13.409,23.132,0.189,8.686,9.595,0.018,4155.000,114.359,47.438,8.686,57.034,ON,Clear and hot; Hybrid loop operating; Ceff=1.56x
794,14:36:30,36.370,70.870,68.840,50.470,49.060,32.280,1.504,15.930,17.126,0.842,1.351,816.900,1275.000,1.561,13.413,23.129,0.920,1.476,19.573,20.884,0.745,0.750,13.413,23.137,0.189,8.688,9.602,0.018,4155.000,114.359,47.457,8.688,57.058,ON,Clear and hot; Hybrid loop operating; Ceff=1.56x
795,14:37:00,36.350,70.770,68.760,50.410,49.000,32.270,1.502,15.936,17.130,0.842,1.350,816.800,1274.100,1.560,13.416,23.119,0.920,1.475,19.579,20.888,0.745,0.750,13.418,23.126,0.189,8.692,9.603,0.018,4155.000,114.207,47.427,8.692,57.031,ON,Clear and hot; Hybrid loop operating; Ceff=1.56x
796,14:37:30,36.320,70.660,68.660,50.330,48.930,32.260,1.500,15.942,17.134,0.841,1.348,816.200,1272.500,1.559,13.413,23.097,0.920,1.473,19.586,20.893,0.744,0.751,13.407,23.097,0.189,8.691,9.603,0.018,4155.000,114.055,47.424,8.691,57.027,ON,Clear and hot; Hybrid loop operating; Ceff=1.56x
797,14:38:00,36.300,70.550,68.560,50.260,48.860,32.250,1.496,15.948,17.138,0.840,1.345,815.000,1269.900,1.558,13.399,23.058,0.918,1.470,19.593,20.898,0.745,0.751,13.396,23.051,0.189,8.697,9.604,0.018,4155.000,113.751,47.394,8.697,56.998,ON,Clear and hot; Hybrid loop operating; Ceff=1.56x
798,14:38:30,36.270,70.440,68.460,50.180,48.790,32.230,1.491,15.954,17.143,0.838,1.342,813.100,1266.400,1.557,13.376,23.001,0.916,1.466,19.600,20.902,0.745,0.751,13.369,23.006,0.189,8.700,9.612,0.018,4155.000,113.370,47.366,8.700,56.978,ON,Clear and hot; Hybrid loop operating; Ceff=1.56x
799,14:39:00,36.250,70.330,68.360,50.100,48.720,32.220,1.484,15.961,17.147,0.836,1.337,810.700,1262.000,1.557,13.343,22.928,0.914,1.461,19.607,20.907,0.745,0.751,13.343,22.926,0.189,8.709,9.612,0.018,4155.000,112.838,47.308,8.709,56.920,ON,Clear and hot; Hybrid loop operating; Ceff=1.56x
800,14:39:30,36.230,70.220,68.260,50.030,48.660,32.210,1.477,15.967,17.151,0.833,1.332,808.000,1257.100,1.556,13.304,22.845,0.911,1.456,19.613,20.912,0.745,0.750,13.301,22.845,0.189,8.710,9.615,0.018,4155.000,112.306,47.268,8.710,56.884,ON,Clear and hot; Hybrid loop operating; Ceff=1.56x
801,14:40:00,36.210,70.130,68.180,49.960,48.590,32.200,1.469,15.972,17.155,0.830,1.327,805.100,1251.900,1.555,13.262,22.758,0.907,1.450,19.619,20.916,0.745,0.750,13.257,22.765,0.189,8.712,9.621,0.018,4155.000,111.698,47.208,8.712,56.829,ON,Clear and hot; Hybrid loop operating; Ceff=1.55x
802,14:40:30,36.180,70.050,68.100,49.900,48.540,32.190,1.462,15.977,17.158,0.828,1.322,802.400,1247.000,1.554,13.222,22.675,0.904,1.444,19.624,20.920,0.745,0.751,13.229,22.683,0.189,8.723,9.624,0.018,4155.000,111.165,47.167,8.723,56.792,ON,Clear and hot; Hybrid loop operating; Ceff=1.55x
803,14:41:00,36.160,69.990,68.040,49.850,48.490,32.180,1.455,15.980,17.161,0.825,1.317,800.000,1242.700,1.553,13.188,22.601,0.902,1.439,19.628,20.923,0.745,0.751,13.184,22.601,0.189,8.719,9.623,0.018,4155.000,110.633,47.104,8.719,56.727,ON,Clear and hot; Hybrid loop operating; Ceff=1.55x
804,14:41:30,36.140,69.940,67.990,49.810,48.450,32.170,1.450,15.983,17.164,0.823,1.313,798.200,1239.300,1.553,13.161,22.542,0.900,1.435,19.631,20.925,0.745,0.751,13.154,22.536,0.189,8.719,9.622,0.018,4155.000,110.253,47.071,8.719,56.692,ON,Clear and hot; Hybrid loop operating; Ceff=1.55x
805,14:42:00,36.120,69.910,67.950,49.790,48.410,32.160,1.446,15.985,17.166,0.822,1.311,797.000,1236.800,1.552,13.144,22.500,0.899,1.433,19.634,20.927,0.745,0.750,13.140,22.505,0.189,8.723,9.627,0.018,4155.000,109.949,47.036,8.723,56.663,ON,Clear and hot; Hybrid loop operating; Ceff=1.55x
806,14:42:30,36.100,69.890,67.920,49.770,48.390,32.150,1.444,15.987,17.167,0.822,1.309,796.400,1235.100,1.551,13.135,22.473,0.898,1.431,19.635,20.929,0.745,0.750,13.141,22.472,0.189,8.731,9.627,0.018,4155.000,109.797,47.035,8.731,56.662,ON,Clear and hot; Hybrid loop operating; Ceff=1.55x
807,14:43:00,36.080,69.890,67.900,49.750,48.370,32.140,1.442,15.987,17.168,0.821,1.308,796.200,1234.100,1.550,13.132,22.456,0.898,1.430,19.636,20.930,0.745,0.750,13.125,22.456,0.189,8.722,9.628,0.018,4155.000,109.645,47.008,8.722,56.636,ON,Clear and hot; Hybrid loop operating; Ceff=1.55x
808,14:43:30,36.060,69.880,67.890,49.740,48.350,32.130,1.441,15.988,17.169,0.821,1.307,796.200,1233.400,1.549,13.132,22.445,0.898,1.429,19.637,20.931,0.745,0.750,13.126,22.440,0.189,8.723,9.626,0.018,4155.000,109.569,47.002,8.723,56.629,ON,Clear and hot; Hybrid loop operating; Ceff=1.55x
809,14:44:00,36.040,69.870,67.870,49.730,48.330,32.120,1.440,15.989,17.170,0.821,1.306,796.100,1232.600,1.548,13.131,22.431,0.898,1.428,19.637,20.932,0.745,0.750,13.127,22.424,0.189,8.724,9.626,0.018,4155.000,109.493,47.000,8.724,56.626,ON,Clear and hot; Hybrid loop operating; Ceff=1.55x
810,14:44:30,36.020,69.860,67.850,49.720,48.310,32.120,1.438,15.990,17.171,0.821,1.305,795.600,1231.300,1.548,13.125,22.409,0.897,1.426,19.638,20.933,0.745,0.751,13.128,22.408,0.189,8.730,9.629,0.018,4155.000,109.340,46.985,8.730,56.614,ON,Clear and hot; Hybrid loop operating; Ceff=1.55x
811,14:45:00,36.000,69.840,67.820,49.700,48.290,32.110,1.435,15.991,17.172,0.820,1.303,794.700,1229.200,1.547,13.111,22.372,0.896,1.424,19.640,20.935,0.745,0.750,13.113,22.375,0.189,8.730,9.631,0.018,4155.000,109.112,46.967,8.730,56.598,ON,Clear and hot; Hybrid loop operating; Ceff=1.55x
812,14:45:30,35.990,69.800,67.780,49.670,48.250,32.100,1.430,15.994,17.174,0.818,1.300,793.100,1226.100,1.546,13.088,22.319,0.894,1.420,19.643,20.937,0.745,0.751,13.083,22.326,0.189,8.728,9.634,0.018,4155.000,108.732,46.921,8.728,56.556,ON,Clear and hot; Hybrid loop operating; Ceff=1.55x
813,14:46:00,35.970,69.740,67.720,49.630,48.210,32.090,1.424,15.997,17.176,0.816,1.295,791.000,1222.100,1.545,13.056,22.251,0.892,1.416,19.647,20.939,0.745,0.750,13.054,22.243,0.189,8.732,9.630,0.018,4155.000,108.276,46.877,8.732,56.507,ON,Clear and hot; Hybrid loop operating; Ceff=1.55x
814,14:46:30,35.950,69.660,67.640,49.570,48.160,32.080,1.417,16.002,17.179,0.814,1.290,788.400,1217.400,1.544,13.018,22.170,0.889,1.410,19.652,20.943,0.745,0.751,13.026,22.161,0.189,8.742,9.631,0.018,4155.000,107.744,46.827,8.742,56.459,ON,Clear and hot; Hybrid loop operating; Ceff=1.54x
815,14:47:00,35.940,69.560,67.560,49.510,48.100,32.070,1.410,16.007,17.183,0.811,1.285,785.500,1212.300,1.543,12.976,22.083,0.886,1.405,19.658,20.947,0.745,0.750,12.982,22.080,0.189,8.744,9.637,0.018,4155.000,107.211,46.792,8.744,56.428,ON,Clear and hot; Hybrid loop operating; Ceff=1.54x
816,14:47:30,35.920,69.460,67.460,49.440,48.040,32.070,1.402,16.014,17.187,0.808,1.280,782.600,1207.200,1.543,12.935,21.996,0.883,1.399,19.665,20.951,0.745,0.750,12.939,21.999,0.189,8.748,9.642,0.018,4155.000,106.603,46.723,8.748,56.365,ON,Clear and hot; Hybrid loop operating; Ceff=1.54x
817,14:48:00,35.910,69.340,67.350,49.360,47.970,32.060,1.395,16.020,17.191,0.805,1.275,780.000,1202.500,1.542,12.898,21.917,0.880,1.393,19.672,20.956,0.745,0.751,12.896,21.919,0.189,8.748,9.644,0.018,4155.000,106.071,46.671,8.748,56.315,ON,Clear and hot; Hybrid loop operating; Ceff=1.54x
818,14:48:30,35.890,69.220,67.240,49.280,47.900,32.050,1.389,16.027,17.196,0.803,1.271,777.800,1198.500,1.541,12.869,21.852,0.878,1.389,19.679,20.961,0.745,0.751,12.870,21.856,0.189,8.755,9.649,0.018,4155.000,105.615,46.626,8.755,56.274,ON,Clear and hot; Hybrid loop operating; Ceff=1.54x
819,14:49:00,35.880,69.110,67.140,49.210,47.830,32.050,1.385,16.033,17.200,0.801,1.268,776.300,1195.400,1.540,12.850,21.803,0.876,1.385,19.686,20.965,0.745,0.751,12.842,21.810,0.189,8.753,9.653,0.018,4155.000,105.311,46.612,8.753,56.265,ON,Clear and hot; Hybrid loop operating; Ceff=1.54x
820,14:49:30,35.860,69.000,67.040,49.140,47.770,32.040,1.382,16.039,17.204,0.801,1.265,775.300,1193.400,1.539,12.841,21.770,0.875,1.383,19.693,20.969,0.745,0.751,12.847,21.763,0.189,8.768,9.649,0.018,4155.000,105.082,46.589,8.768,56.238,ON,Clear and hot; Hybrid loop operating; Ceff=1.54x
821,14:50:00,35.850,68.910,66.960,49.090,47.720,32.030,1.380,16.044,17.207,0.800,1.264,774.900,1192.100,1.538,12.839,21.752,0.875,1.382,19.698,20.973,0.745,0.750,12.835,21.750,0.189,8.764,9.653,0.018,4155.000,104.930,46.572,8.764,56.226,ON,Clear and hot; Hybrid loop operating; Ceff=1.54x
822,14:50:30,35.840,68.840,66.890,49.040,47.680,32.030,1.379,16.049,17.210,0.800,1.263,774.900,1191.300,1.537,12.842,21.743,0.875,1.381,19.703,20.976,0.745,0.751,12.839,21.736,0.189,8.767,9.654,0.018,4155.000,104.854,46.570,8.767,56.224,ON,Clear and hot; Hybrid loop operating; Ceff=1.54x
823,14:51:00,35.820,68.790,66.840,49.010,47.640,32.020,1.378,16.052,17.212,0.800,1.263,774.900,1190.700,1.537,12.846,21.735,0.875,1.380,19.706,20.978,0.745,0.751,12.842,21.739,0.189,8.768,9.660,0.018,4155.000,104.778,46.559,8.768,56.219,ON,Clear and hot; Hybrid loop operating; Ceff=1.54x
824,14:51:30,35.810,68.760,66.800,48.990,47.620,32.010,1.377,16.054,17.213,0.800,1.262,774.800,1189.900,1.536,12.846,21.721,0.875,1.379,19.708,20.979,0.745,0.751,12.843,21.723,0.189,8.770,9.659,0.018,4155.000,104.702,46.557,8.770,56.216,ON,Clear and hot; Hybrid loop operating; Ceff=1.54x
825,14:52:00,35.800,68.750,66.780,48.980,47.600,32.010,1.375,16.055,17.214,0.800,1.260,774.300,1188.400,1.535,12.838,21.695,0.874,1.377,19.709,20.980,0.745,0.751,12.844,21.690,0.189,8.777,9.657,0.018,4155.000,104.550,46.548,8.777,56.205,ON,Clear and hot; Hybrid loop operating; Ceff=1.53x
826,14:52:30,35.790,68.750,66.770,48.970,47.590,32.000,1.371,16.055,17.214,0.799,1.258,773.200,1186.100,1.534,12.821,21.654,0.873,1.375,19.710,20.981,0.745,0.751,12.828,21.655,0.189,8.778,9.660,0.018,4155.000,104.246,46.503,8.778,56.163,ON,Clear and hot; Hybrid loop operating; Ceff=1.53x
827,14:53:00,35.770,68.750,66.770,48.980,47.590,32.000,1.366,16.055,17.214,0.797,1.254,771.500,1182.800,1.533,12.793,21.594,0.871,1.371,19.710,20.981,0.745,0.751,12.796,21.586,0.189,8.775,9.656,0.018,4155.000,103.866,46.462,8.775,56.118,ON,Clear and hot; Hybrid loop operating; Ceff=1.53x
828,14:53:30,35.760,68.760,66.760,48.980,47.580,31.990,1.360,16.055,17.214,0.794,1.250,769.300,1178.700,1.532,12.755,21.520,0.868,1.366,19.710,20.981,0.746,0.751,12.748,21.518,0.189,8.767,9.659,0.018,4155.000,103.410,46.419,8.767,56.078,ON,Clear and hot; Hybrid loop operating; Ceff=1.53x
829,14:54:00,35.750,68.770,66.750,48.980,47.570,31.990,1.354,16.055,17.215,0.792,1.245,766.600,1174.000,1.531,12.712,21.435,0.865,1.361,19.710,20.981,0.746,0.751,12.716,21.433,0.189,8.776,9.659,0.018,4155.000,102.953,46.399,8.776,56.059,ON,Clear and hot; Hybrid loop operating; Ceff=1.53x
830,14:54:30,35.740,68.760,66.740,48.970,47.550,31.990,1.346,16.056,17.215,0.789,1.240,763.800,1169.100,1.531,12.666,21.346,0.862,1.355,19.711,20.982,0.745,0.751,12.668,21.347,0.189,8.776,9.661,0.018,4155.000,102.345,46.318,8.776,55.979,ON,Clear and hot; Hybrid loop operating; Ceff=1.53x
831,14:55:00,35.730,68.740,66.710,48.950,47.530,31.980,1.339,16.057,17.217,0.786,1.235,761.200,1164.300,1.530,12.623,21.261,0.859,1.350,19.712,20.983,0.745,0.751,12.621,21.263,0.189,8.773,9.663,0.018,4155.000,101.813,46.267,8.773,55.930,ON,Clear and hot; Hybrid loop operating; Ceff=1.53x
832,14:55:30,35.720,68.700,66.670,48.930,47.500,31.980,1.333,16.059,17.218,0.784,1.230,758.800,1160.100,1.529,12.587,21.186,0.857,1.345,19.715,20.985,0.745,0.751,12.590,21.178,0.189,8.779,9.659,0.018,4155.000,101.357,46.227,8.779,55.886,ON,Clear and hot; Hybrid loop operating; Ceff=1.53x
833,14:56:00,35.700,68.650,66.610,48.890,47.470,31.970,1.328,16.063,17.220,0.782,1.227,757.000,1156.700,1.528,12.561,21.127,0.855,1.341,19.718,20.988,0.745,0.751,12.561,21.129,0.189,8.780,9.665,0.018,4155.000,100.976,46.189,8.780,55.854,ON,Clear and hot; Hybrid loop operating; Ceff=1.53x
834,14:56:30,35.690,68.580,66.540,48.850,47.420,31.970,1.325,16.067,17.223,0.781,1.224,755.900,1154.300,1.527,12.545,21.087,0.853,1.338,19.723,20.990,0.746,0.751,12.548,21.081,0.189,8.783,9.663,0.018,4155.000,100.748,46.180,8.783,55.843,ON,Clear and hot; Hybrid loop operating; Ceff=1.53x
835,14:57:00,35.680,68.490,66.470,48.790,47.370,31.970,1.323,16.072,17.226,0.780,1.223,755.300,1152.800,1.526,12.540,21.063,0.853,1.336,19.728,20.994,0.745,0.751,12.536,21.067,0.189,8.782,9.669,0.018,4155.000,100.596,46.171,8.782,55.840,ON,Clear and hot; Hybrid loop operating; Ceff=1.53x
836,14:57:30,35.670,68.400,66.380,48.740,47.320,31.960,1.321,16.077,17.229,0.780,1.222,755.200,1151.900,1.525,12.544,21.053,0.853,1.335,19.734,20.997,0.745,0.751,12.540,21.054,0.189,8.786,9.671,0.018,4155.000,100.444,46.137,8.786,55.808,ON,Clear and hot; Hybrid loop operating; Ceff=1.53x
837,14:58:00,35.660,68.300,66.290,48.680,47.270,31.960,1.321,16.083,17.233,0.780,1.222,755.300,1151.500,1.524,12.552,21.050,0.853,1.335,19.740,21.001,0.745,0.751,12.545,21.059,0.189,8.788,9.676,0.018,4155.000,100.444,46.153,8.788,55.829,ON,Clear and hot; Hybrid loop operating; Ceff=1.52x
838,14:58:30,35.640,68.200,66.200,48.620,47.220,31.960,1.320,16.088,17.236,0.781,1.221,755.500,1151.000,1.524,12.560,21.047,0.853,1.335,19.746,21.005,0.746,0.751,12.565,21.045,0.189,8.799,9.674,0.018,4155.000,100.368,46.138,8.799,55.812,ON,Clear and hot; Hybrid loop operating; Ceff=1.52x
839,14:59:00,35.630,68.110,66.120,48.560,47.170,31.950,1.319,16.094,17.239,0.781,1.220,755.300,1150.200,1.523,12.563,21.036,0.853,1.334,19.752,21.008,0.746,0.751,12.569,21.032,0.189,8.805,9.675,0.018,4155.000,100.292,46.135,8.805,55.810,ON,Clear and hot; Hybrid loop operating; Ceff=1.52x
840,14:59:30,35.620,68.020,66.040,48.510,47.120,31.950,1.317,16.099,17.242,0.780,1.219,754.700,1148.600,1.522,12.557,21.012,0.853,1.332,19.758,21.012,0.745,0.751,12.557,21.018,0.189,8.804,9.682,0.018,4155.000,100.140,46.129,8.804,55.811,ON,Clear and hot; Hybrid loop operating; Ceff=1.52x
841,15:00:00,35.610,67.940,65.970,48.460,47.080,31.950,1.313,16.103,17.245,0.779,1.216,753.500,1146.100,1.521,12.542,20.970,0.851,1.329,19.762,21.014,0.746,0.751,12.544,20.970,0.189,8.808,9.681,0.018,4155.000,99.836,46.090,8.808,55.770,ON,Clear and hot; Hybrid loop operating; Ceff=1.52x
842,15:00:30,35.590,67.880,65.910,48.420,47.040,31.950,1.308,16.107,17.247,0.777,1.212,751.700,1142.700,1.520,12.515,20.911,0.849,1.325,19.766,21.017,0.746,0.751,12.515,20.903,0.189,8.809,9.679,0.018,4155.000,99.456,46.051,8.809,55.729,ON,Clear and hot; Hybrid loop operating; Ceff=1.52x
843,15:01:00,35.580,67.830,65.860,48.390,47.010,31.940,1.302,16.109,17.249,0.775,1.208,749.400,1138.500,1.519,12.479,20.838,0.847,1.320,19.770,21.019,0.745,0.751,12.484,20.837,0.189,8.814,9.684,0.018,4155.000,99.000,46.009,8.814,55.692,ON,Clear and hot; Hybrid loop operating; Ceff=1.52x
844,15:01:30,35.570,67.800,65.820,48.360,46.980,31.940,1.295,16.111,17.250,0.772,1.203,746.800,1133.900,1.518,12.438,20.755,0.844,1.315,19.772,21.021,0.745,0.751,12.438,20.752,0.189,8.812,9.683,0.018,4155.000,98.467,45.947,8.812,55.630,ON,Clear and hot; Hybrid loop operating; Ceff=1.52x
845,15:02:00,35.550,67.780,65.790,48.350,46.960,31.940,1.288,16.113,17.252,0.769,1.198,744.100,1129.100,1.517,12.394,20.669,0.841,1.309,19.773,21.022,0.745,0.751,12.391,20.668,0.189,8.811,9.685,0.018,4155.000,97.935,45.893,8.811,55.578,ON,Clear and hot; Hybrid loop operating; Ceff=1.52x
846,15:02:30,35.540,67.770,65.780,48.340,46.940,31.940,1.282,16.114,17.252,0.767,1.193,741.600,1124.600,1.517,12.353,20.589,0.838,1.304,19.774,21.023,0.745,0.751,12.359,20.582,0.189,8.818,9.683,0.018,4155.000,97.479,45.862,8.818,55.545,ON,Clear and hot; Hybrid loop operating; Ceff=1.52x
847,15:03:00,35.520,67.770,65.760,48.330,46.930,31.940,1.277,16.114,17.253,0.764,1.189,739.500,1120.800,1.516,12.319,20.520,0.835,1.300,19.775,21.023,0.746,0.751,12.311,20.514,0.189,8.808,9.684,0.018,4155.000,97.099,45.838,8.808,55.522,ON,Clear and hot; Hybrid loop operating; Ceff=1.52x
848,15:03:30,35.510,67.770,65.750,48.330,46.920,31.930,1.272,16.114,17.253,0.763,1.186,738.000,1117.900,1.515,12.294,20.467,0.834,1.296,19.775,21.024,0.745,0.751,12.295,20.462,0.189,8.815,9.685,0.018,4155.000,96.718,45.777,8.815,55.461,ON,Clear and hot; Hybrid loop operating; Ceff=1.51x
849,15:04:00,35.490,67.770,65.740,48.330,46.910,31.930,1.269,16.115,17.254,0.762,1.184,737.100,1115.900,1.514,12.279,20.430,0.833,1.294,19.775,21.024,0.745,0.751,12.280,20.429,0.189,8.814,9.686,0.018,4155.000,96.490,45.751,8.814,55.437,ON,Clear and hot; Hybrid loop operating; Ceff=1.51x
850,15:04:30,35.480,67.760,65.730,48.320,46.890,31.930,1.268,16.115,17.254,0.762,1.183,736.700,1114.700,1.513,12.274,20.409,0.832,1.293,19.776,21.025,0.746,0.751,12.280,20.411,0.189,8.819,9.688,0.018,4155.000,96.414,45.764,8.819,55.452,ON,Clear and hot; Hybrid loop operating; Ceff=1.51x
851,15:05:00,35.460,67.750,65.710,48.310,46.880,31.930,1.267,16.116,17.255,0.762,1.182,736.700,1114.100,1.512,12.275,20.399,0.832,1.292,19.777,21.026,0.746,0.751,12.280,20.395,0.189,8.820,9.686,0.018,4155.000,96.338,45.752,8.820,55.438,ON,Clear and hot; Hybrid loop operating; Ceff=1.51x
852,15:05:30,35.440,67.730,65.680,48.290,46.850,31.920,1.266,16.118,17.257,0.762,1.182,736.900,1113.600,1.511,12.279,20.393,0.833,1.292,19.779,21.027,0.745,0.751,12.282,20.398,0.189,8.819,9.692,0.018,4155.000,96.262,45.737,8.819,55.428,ON,Clear and hot; Hybrid loop operating; Ceff=1.51x
853,15:06:00,35.430,67.690,65.640,48.260,46.830,31.920,1.265,16.120,17.258,0.762,1.181,736.900,1113.000,1.510,12.282,20.385,0.833,1.291,19.782,21.029,0.745,0.751,12.283,20.382,0.189,8.820,9.689,0.018,4155.000,96.186,45.725,8.820,55.414,ON,Clear and hot; Hybrid loop operating; Ceff=1.51x
854,15:06:30,35.410,67.630,65.580,48.230,46.790,31.920,1.264,16.124,17.260,0.762,1.180,736.600,1111.900,1.509,12.280,20.366,0.832,1.290,19.785,21.031,0.746,0.751,12.286,20.367,0.189,8.825,9.692,0.018,4155.000,96.110,45.734,8.825,55.426,ON,Clear and hot; Hybrid loop operating; Ceff=1.51x
855,15:07:00,35.390,67.560,65.510,48.180,46.750,31.920,1.261,16.128,17.263,0.761,1.178,735.700,1109.900,1.509,12.269,20.334,0.831,1.287,19.790,21.034,0.746,0.751,12.273,20.336,0.189,8.827,9.694,0.018,4155.000,95.882,45.708,8.827,55.402,ON,Clear and hot; Hybrid loop operating; Ceff=1.51x
856,15:07:30,35.370,67.470,65.430,48.120,46.700,31.910,1.257,16.133,17.266,0.759,1.175,734.200,1106.900,1.508,12.248,20.285,0.830,1.284,19.795,21.038,0.745,0.751,12.245,20.288,0.189,8.824,9.697,0.018,4155.000,95.578,45.686,8.824,55.384,ON,Clear and hot; Hybrid loop operating; Ceff=1.51x
857,15:08:00,35.350,67.370,65.340,48.060,46.640,31.910,1.251,16.138,17.270,0.757,1.171,732.100,1103.100,1.507,12.218,20.220,0.827,1.280,19.801,21.042,0.746,0.751,12.216,20.223,0.189,8.829,9.700,0.018,4155.000,95.122,45.625,8.829,55.325,ON,Clear and hot; Hybrid loop operating; Ceff=1.51x
858,15:08:30,35.330,67.260,65.250,47.990,46.580,31.910,1.245,16.144,17.274,0.755,1.166,729.500,1098.600,1.506,12.181,20.142,0.825,1.274,19.808,21.046,0.745,0.751,12.189,20.141,0.189,8.840,9.700,0.018,4155.000,94.665,45.592,8.840,55.293,ON,Clear and hot; Hybrid loop operating; Ceff=1.51x
859,15:09:00,35.310,67.150,65.150,47.910,46.510,31.910,1.238,16.151,17.278,0.752,1.161,726.700,1093.700,1.505,12.140,20.059,0.822,1.269,19.815,21.051,0.745,0.751,12.146,20.060,0.189,8.843,9.704,0.018,4155.000,94.133,45.539,8.843,55.243,ON,Clear and hot; Hybrid loop operating; Ceff=1.51x
860,15:09:30,35.290,67.050,65.050,47.840,46.450,31.900,1.231,16.157,17.282,0.749,1.156,723.900,1088.800,1.504,12.100,19.976,0.818,1.263,19.822,21.055,0.746,0.751,12.102,19.978,0.189,8.845,9.708,0.018,4155.000,93.601,45.485,8.845,55.193,ON,Clear and hot; Hybrid loop operating; Ceff=1.5x
861,15:10:00,35.260,66.950,64.960,47.770,46.380,31.900,1.225,16.162,17.286,0.746,1.151,721.400,1084.400,1.503,12.063,19.900,0.816,1.258,19.828,21.059,0.746,0.751,12.057,19.896,0.189,8.843,9.708,0.018,4155.000,93.145,45.447,8.843,55.155,ON,Clear and hot; Hybrid loop operating; Ceff=1.5x
862,15:10:30,35.240,66.860,64.880,47.710,46.330,31.900,1.220,16.167,17.289,0.744,1.147,719.400,1080.700,1.502,12.034,19.837,0.813,1.254,19.833,21.063,0.746,0.751,12.028,19.830,0.189,8.846,9.709,0.018,4155.000,92.765,45.417,8.846,55.125,ON,Clear and hot; Hybrid loop operating; Ceff=1.5x
863,15:11:00,35.220,66.790,64.810,47.660,46.280,31.890,1.216,16.172,17.292,0.743,1.144,717.900,1077.900,1.501,12.014,19.790,0.812,1.251,19.838,21.066,0.746,0.751,12.016,19.782,0.189,8.856,9.710,0.018,4155.000,92.460,45.385,8.856,55.096,ON,Clear and hot; Hybrid loop operating; Ceff=1.5x
864,15:11:30,35.190,66.730,64.750,47.620,46.240,31.890,1.213,16.175,17.295,0.742,1.142,717.100,1076.000,1.501,12.002,19.758,0.811,1.249,19.841,21.069,0.746,0.751,12.002,19.751,0.189,8.855,9.712,0.018,4155.000,92.232,45.353,8.855,55.065,ON,Clear and hot; Hybrid loop operating; Ceff=1.5x
865,15:12:00,35.170,66.700,64.710,47.590,46.200,31.880,1.211,16.177,17.297,0.742,1.141,716.700,1074.800,1.500,11.998,19.738,0.811,1.247,19.844,21.071,0.746,0.751,12.003,19.736,0.189,8.861,9.716,0.018,4155.000,92.080,45.329,8.861,55.045,ON,Clear and hot; Hybrid loop operating; Ceff=1.5x
866,15:12:30,35.140,66.680,64.690,47.570,46.180,31.880,1.210,16.179,17.298,0.742,1.140,716.600,1074.000,1.499,11.998,19.726,0.810,1.246,19.846,21.073,0.746,0.751,12.005,19.720,0.189,8.864,9.715,0.018,4155.000,92.004,45.325,8.864,55.040,ON,Clear and hot; Hybrid loop operating; Ceff=1.5x
867,15:13:00,35.120,66.670,64.670,47.560,46.160,31.880,1.209,16.179,17.299,0.742,1.140,716.500,1073.200,1.498,11.998,19.713,0.810,1.245,19.846,21.074,0.746,0.751,12.005,19.721,0.189,8.865,9.723,0.018,4155.000,91.928,45.322,8.865,55.044,ON,Clear and hot; Hybrid loop operating; Ceff=1.5x
868,15:13:30,35.090,66.670,64.650,47.550,46.140,31.870,1.207,16.180,17.300,0.741,1.138,716.200,1072.100,1.497,11.993,19.694,0.810,1.244,19.847,21.074,0.746,0.751,11.989,19.687,0.189,8.857,9.716,0.018,4155.000,91.776,45.293,8.857,55.009,ON,Clear and hot; Hybrid loop operating; Ceff=1.5x
869,15:14:00,35.070,66.660,64.640,47.540,46.130,31.870,1.205,16.180,17.300,0.740,1.137,715.500,1070.400,1.496,11.981,19.663,0.809,1.242,19.847,21.075,0.746,0.751,11.973,19.670,0.189,8.854,9.723,0.018,4155.000,91.624,45.290,8.854,55.013,ON,Clear and hot; Hybrid loop operating; Ceff=1.5x
870,15:14:30,35.040,66.660,64.620,47.530,46.110,31.860,1.201,16.181,17.301,0.739,1.134,714.100,1067.700,1.495,11.959,19.615,0.808,1.239,19.848,21.076,0.746,0.751,11.958,19.619,0.189,8.860,9.722,0.018,4155.000,91.320,45.254,8.860,54.976,ON,Clear and hot; Hybrid loop operating; Ceff=1.5x
871,15:15:00,35.010,66.630,64.600,47.510,46.080,31.860,1.196,16.183,17.303,0.737,1.130,712.100,1064.100,1.494,11.927,19.550,0.805,1.235,19.850,21.078,0.746,0.751,11.927,19.552,0.189,8.862,9.722,0.018,4155.000,90.940,45.218,8.862,54.940,ON,Clear and hot; Hybrid loop operating; Ceff=1.49x
872,15:15:30,34.980,66.600,64.550,47.480,46.040,31.850,1.190,16.185,17.305,0.734,1.125,709.600,1059.600,1.493,11.886,19.472,0.803,1.230,19.852,21.080,0.746,0.751,11.880,19.468,0.189,8.858,9.721,0.018,4155.000,90.483,45.182,8.858,54.903,ON,Clear and hot; Hybrid loop operating; Ceff=1.49x
873,15:16:00,34.950,66.540,64.500,47.430,46.000,31.840,1.183,16.188,17.308,0.731,1.120,706.700,1054.600,1.492,11.841,19.383,0.799,1.224,19.856,21.083,0.746,0.751,11.833,19.385,0.189,8.860,9.726,0.018,4155.000,89.951,45.129,8.860,54.855,ON,Clear and hot; Hybrid loop operating; Ceff=1.49x
874,15:16:30,34.920,66.460,64.420,47.370,45.940,31.840,1.176,16.193,17.311,0.728,1.114,703.600,1049.400,1.491,11.793,19.292,0.796,1.218,19.861,21.087,0.746,0.751,11.789,19.284,0.189,8.865,9.723,0.018,4155.000,89.419,45.084,8.865,54.808,ON,Clear and hot; Hybrid loop operating; Ceff=1.49x
875,15:17:00,34.890,66.360,64.330,47.300,45.870,31.830,1.169,16.199,17.315,0.725,1.109,700.700,1044.400,1.491,11.749,19.205,0.793,1.212,19.867,21.091,0.746,0.751,11.744,19.202,0.189,8.868,9.728,0.018,4155.000,88.887,45.031,8.868,54.759,ON,Clear and hot; Hybrid loop operating; Ceff=1.49x
876,15:17:30,34.860,66.250,64.220,47.220,45.800,31.830,1.162,16.205,17.320,0.723,1.104,698.100,1039.900,1.490,11.712,19.129,0.790,1.207,19.875,21.096,0.746,0.751,11.716,19.121,0.189,8.880,9.729,0.018,4155.000,88.354,44.955,8.880,54.684,ON,Clear and hot; Hybrid loop operating; Ceff=1.49x
877,15:18:00,34.830,66.120,64.110,47.130,45.720,31.820,1.157,16.212,17.325,0.721,1.101,696.000,1036.200,1.489,11.684,19.068,0.788,1.203,19.882,21.102,0.746,0.751,11.689,19.075,0.189,8.886,9.740,0.018,4155.000,87.974,44.921,8.886,54.661,ON,Clear and hot; Hybrid loop operating; Ceff=1.49x
878,15:18:30,34.800,65.990,63.990,47.040,45.640,31.810,1.153,16.220,17.330,0.719,1.098,694.600,1033.400,1.488,11.667,19.024,0.786,1.200,19.891,21.107,0.746,0.751,11.662,19.028,0.189,8.883,9.743,0.018,4155.000,87.670,44.887,8.883,54.630,ON,Clear and hot; Hybrid loop operating; Ceff=1.49x
879,15:19:00,34.770,65.860,63.870,46.950,45.560,31.800,1.151,16.227,17.335,0.718,1.096,693.700,1031.500,1.487,11.659,18.995,0.785,1.198,19.899,21.113,0.746,0.751,11.651,18.999,0.189,8.886,9.745,0.018,4155.000,87.518,44.892,8.886,54.637,ON,Clear and hot; Hybrid loop operating; Ceff=1.49x
880,15:19:30,34.740,65.730,63.750,46.870,45.480,31.800,1.149,16.235,17.340,0.718,1.094,693.300,1030.200,1.486,11.658,18.978,0.785,1.196,19.907,21.118,0.746,0.751,11.657,18.970,0.189,8.896,9.743,0.018,4155.000,87.366,44.870,8.896,54.613,ON,Clear and hot; Hybrid loop operating; Ceff=1.49x
881,15:20:00,34.710,65.620,63.650,46.790,45.410,31.790,1.147,16.241,17.344,0.718,1.093,693.000,1029.200,1.485,11.659,18.965,0.785,1.195,19.914,21.123,0.746,0.751,11.661,18.957,0.189,8.903,9.746,0.018,4155.000,87.214,44.836,8.903,54.581,ON,Clear and hot; Hybrid loop operating; Ceff=1.49x
882,15:20:30,34.670,65.520,63.550,46.720,45.340,31.780,1.146,16.247,17.348,0.718,1.092,692.700,1028.000,1.484,11.659,18.950,0.784,1.194,19.920,21.128,0.747,0.751,11.665,18.944,0.189,8.910,9.750,0.018,4155.000,87.138,44.849,8.910,54.599,ON,Clear and hot; Hybrid loop operating; Ceff=1.48x
883,15:21:00,34.640,65.440,63.470,46.660,45.280,31.770,1.144,16.252,17.352,0.717,1.091,692.000,1026.400,1.483,11.652,18.925,0.784,1.192,19.926,21.132,0.746,0.751,11.653,18.931,0.189,8.910,9.759,0.018,4155.000,86.986,44.840,8.910,54.599,ON,Clear and hot; Hybrid loop operating; Ceff=1.48x
884,15:21:30,34.610,65.370,63.410,46.610,45.230,31.760,1.140,16.256,17.355,0.716,1.088,690.900,1024.100,1.482,11.636,18.886,0.782,1.189,19.930,21.135,0.747,0.752,11.639,18.882,0.189,8.914,9.755,0.018,4155.000,86.682,44.784,8.914,54.539,ON,Clear and hot; Hybrid loop operating; Ceff=1.48x
885,15:22:00,34.570,65.320,63.350,46.570,45.190,31.750,1.136,16.259,17.357,0.714,1.085,689.100,1020.800,1.481,11.609,18.829,0.780,1.186,19.933,21.138,0.747,0.751,11.609,18.832,0.189,8.913,9.761,0.018,4155.000,86.377,44.771,8.913,54.532,ON,Clear and hot; Hybrid loop operating; Ceff=1.48x
886,15:22:30,34.540,65.280,63.310,46.530,45.150,31.740,1.130,16.261,17.360,0.712,1.080,686.700,1016.600,1.480,11.571,18.755,0.778,1.181,19.936,21.140,0.746,0.751,11.578,18.749,0.189,8.921,9.758,0.018,4155.000,85.921,44.719,8.921,54.477,ON,Clear and hot; Hybrid loop operating; Ceff=1.48x
887,15:23:00,34.510,65.250,63.270,46.500,45.120,31.730,1.123,16.263,17.361,0.709,1.075,683.800,1011.800,1.480,11.525,18.668,0.774,1.175,19.938,21.142,0.747,0.751,11.530,18.663,0.189,8.922,9.759,0.018,4155.000,85.389,44.652,8.922,54.412,ON,Clear and hot; Hybrid loop operating; Ceff=1.48x
888,15:23:30,34.470,65.220,63.230,46.470,45.080,31.720,1.116,16.265,17.363,0.705,1.070,680.700,1006.500,1.479,11.473,18.573,0.771,1.169,19.940,21.144,0.746,0.751,11.467,18.578,0.189,8.913,9.766,0.018,4155.000,84.857,44.608,8.913,54.374,ON,Clear and hot; Hybrid loop operating; Ceff=1.48x
889,15:24:00,34.440,65.200,63.200,46.440,45.040,31.710,1.109,16.267,17.365,0.702,1.064,677.500,1001.200,1.478,11.422,18.477,0.767,1.163,19.942,21.146,0.747,0.751,11.419,18.476,0.189,8.918,9.764,0.018,4155.000,84.324,44.563,8.918,54.327,ON,Clear and hot; Hybrid loop operating; Ceff=1.48x
890,15:24:30,34.410,65.160,63.150,46.410,45.000,31.700,1.102,16.269,17.368,0.699,1.059,674.600,996.200,1.477,11.374,18.388,0.764,1.157,19.945,21.149,0.746,0.751,11.372,18.393,0.189,8.919,9.769,0.018,4155.000,83.792,44.504,8.919,54.272,ON,Clear and hot; Hybrid loop operating; Ceff=1.48x
891,15:25:00,34.370,65.120,63.100,46.370,44.960,31.690,1.096,16.272,17.370,0.697,1.054,672.100,991.900,1.476,11.335,18.313,0.761,1.152,19.948,21.152,0.747,0.752,11.342,18.308,0.189,8.928,9.766,0.018,4155.000,83.336,44.453,8.928,54.219,ON,Clear and hot; Hybrid loop operating; Ceff=1.48x
892,15:25:30,34.340,65.060,63.040,46.320,44.910,31.680,1.092,16.276,17.373,0.695,1.051,670.200,988.500,1.475,11.306,18.253,0.759,1.148,19.952,21.155,0.747,0.752,11.312,18.259,0.189,8.930,9.773,0.018,4155.000,83.032,44.443,8.930,54.217,ON,Clear and hot; Hybrid loop operating; Ceff=1.47x
893,15:26:00,34.310,64.990,62.970,46.270,44.850,31.670,1.088,16.280,17.376,0.693,1.048,668.900,986.000,1.474,11.288,18.212,0.758,1.145,19.957,21.158,0.746,0.752,11.282,18.210,0.189,8.924,9.772,0.018,4155.000,82.728,44.393,8.924,54.165,ON,Clear and hot; Hybrid loop operating; Ceff=1.47x
894,15:26:30,34.270,64.900,62.880,46.210,44.790,31.660,1.086,16.285,17.380,0.693,1.046,668.200,984.300,1.473,11.280,18.185,0.757,1.144,19.962,21.162,0.746,0.751,11.286,18.179,0.189,8.936,9.772,0.018,4155.000,82.576,44.388,8.936,54.160,ON,Clear and hot; Hybrid loop operating; Ceff=1.47x
895,15:27:00,34.240,64.800,62.790,46.140,44.720,31.650,1.084,16.291,17.384,0.692,1.045,667.800,983.100,1.472,11.279,18.168,0.757,1.142,19.969,21.167,0.746,0.752,11.273,18.166,0.189,8.932,9.777,0.018,4155.000,82.424,44.360,8.932,54.137,ON,Clear and hot; Hybrid loop operating; Ceff=1.47x
896,15:27:30,34.210,64.690,62.680,46.060,44.650,31.640,1.083,16.297,17.389,0.692,1.044,667.500,982.100,1.471,11.280,18.155,0.756,1.141,19.976,21.172,0.747,0.752,11.278,18.154,0.189,8.939,9.780,0.018,4155.000,82.348,44.364,8.939,54.145,ON,Clear and hot; Hybrid loop operating; Ceff=1.47x
897,15:28:00,34.170,64.570,62.570,45.970,44.570,31.620,1.081,16.304,17.393,0.692,1.043,667.100,980.900,1.470,11.279,18.138,0.756,1.140,19.983,21.177,0.747,0.751,11.282,18.141,0.189,8.948,9.785,0.018,4155.000,82.195,44.336,8.948,54.122,ON,Clear and hot; Hybrid loop operating; Ceff=1.47x
898,15:28:30,34.140,64.440,62.450,45.890,44.500,31.610,1.079,16.312,17.398,0.691,1.041,666.300,979.000,1.469,11.271,18.111,0.755,1.138,19.992,21.183,0.747,0.751,11.272,18.111,0.189,8.951,9.788,0.018,4155.000,82.043,44.340,8.951,54.129,ON,Clear and hot; Hybrid loop operating; Ceff=1.47x
899,15:29:00,34.110,64.310,62.330,45.800,44.420,31.600,1.075,16.319,17.403,0.690,1.038,664.900,976.400,1.468,11.255,18.069,0.754,1.135,20.000,21.188,0.746,0.751,11.260,18.064,0.189,8.960,9.789,0.018,4155.000,81.739,44.294,8.960,54.082,ON,Clear and hot; Hybrid loop operating; Ceff=1.47x
900,15:29:30,34.080,64.180,62.210,45.710,44.340,31.590,1.070,16.327,17.408,0.688,1.035,662.900,972.900,1.468,11.227,18.010,0.752,1.131,20.008,21.193,0.746,0.751,11.233,18.017,0.189,8.966,9.798,0.018,4155.000,81.359,44.246,8.966,54.045,ON,Clear and hot; Hybrid loop operating; Ceff=1.47x
901,15:30:00,34.040,64.060,62.100,45.630,44.260,31.580,1.064,16.334,17.413,0.685,1.030,660.400,968.500,1.467,11.190,17.935,0.749,1.126,20.015,21.199,0.746,0.751,11.189,17.935,0.189,8.964,9.798,0.018,4155.000,80.903,44.198,8.964,53.996,ON,Clear and hot; Hybrid loop operating; Ceff=1.47x
902,15:30:30,34.010,63.950,61.990,45.550,44.190,31.560,1.058,16.340,17.417,0.682,1.025,657.500,963.600,1.466,11.146,17.850,0.746,1.120,20.022,21.203,0.746,0.752,11.144,17.852,0.189,8.968,9.803,0.018,4155.000,80.447,44.172,8.968,53.975,ON,Clear and hot; Hybrid loop operating; Ceff=1.47x
903,15:31:00,33.980,63.850,61.900,45.480,44.120,31.550,1.051,16.346,17.421,0.679,1.019,654.400,958.400,1.465,11.098,17.759,0.742,1.114,20.029,21.208,0.747,0.752,11.099,17.752,0.189,8.974,9.800,0.018,4155.000,79.914,44.118,8.974,53.918,ON,Clear and hot; Hybrid loop operating; Ceff=1.46x
904,15:31:30,33.950,63.760,61.820,45.420,44.060,31.540,1.044,16.351,17.425,0.676,1.014,651.300,953.400,1.464,11.051,17.671,0.739,1.108,20.034,21.212,0.746,0.752,11.053,17.669,0.189,8.979,9.806,0.018,4155.000,79.382,44.054,8.979,53.860,ON,Clear and hot; Hybrid loop operating; Ceff=1.46x
905,15:32:00,33.920,63.700,61.740,45.370,44.010,31.520,1.038,16.355,17.428,0.673,1.009,648.600,948.900,1.463,11.009,17.590,0.736,1.103,20.039,21.215,0.746,0.752,11.007,17.585,0.189,8.979,9.805,0.018,4155.000,78.926,44.009,8.979,53.814,ON,Clear and hot; Hybrid loop operating; Ceff=1.46x
906,15:32:30,33.890,63.640,61.680,45.330,43.960,31.510,1.033,16.358,17.431,0.671,1.005,646.500,945.100,1.462,10.975,17.524,0.733,1.099,20.042,21.218,0.747,0.752,10.976,17.518,0.189,8.983,9.807,0.018,4155.000,78.546,43.973,8.983,53.780,ON,Clear and hot; Hybrid loop operating; Ceff=1.46x
907,15:33:00,33.860,63.600,61.640,45.290,43.920,31.500,1.029,16.361,17.433,0.669,1.002,645.000,942.300,1.461,10.952,17.474,0.732,1.095,20.045,21.221,0.746,0.752,10.946,17.468,0.189,8.979,9.808,0.018,4155.000,78.242,43.933,8.979,53.741,ON,Clear and hot; Hybrid loop operating; Ceff=1.46x
908,15:33:30,33.830,63.570,61.600,45.270,43.880,31.480,1.026,16.363,17.435,0.668,1.000,644.000,940.300,1.460,10.938,17.440,0.731,1.093,20.048,21.223,0.746,0.752,10.930,17.435,0.189,8.980,9.811,0.018,4155.000,78.013,43.898,8.980,53.708,ON,Clear and hot; Hybrid loop operating; Ceff=1.46x
909,15:34:00,33.800,63.550,61.560,45.240,43.850,31.470,1.025,16.365,17.436,0.668,0.999,643.600,939.100,1.459,10.932,17.419,0.730,1.092,20.050,21.224,0.747,0.752,10.932,17.419,0.189,8.987,9.814,0.018,4155.000,77.937,43.911,8.987,53.725,ON,Clear and hot; Hybrid loop operating; Ceff=1.46x
910,15:34:30,33.770,63.530,61.530,45.220,43.820,31.460,1.024,16.366,17.438,0.668,0.998,643.400,938.200,1.458,10.930,17.405,0.730,1.091,20.051,21.226,0.747,0.752,10.932,17.403,0.189,8.990,9.815,0.018,4155.000,77.861,43.910,8.990,53.725,ON,Clear and hot; Hybrid loop operating; Ceff=1.46x
911,15:35:00,33.740,63.500,61.490,45.200,43.790,31.440,1.023,16.368,17.440,0.668,0.997,643.200,937.400,1.457,10.929,17.391,0.730,1.090,20.053,21.228,0.747,0.752,10.934,17.388,0.189,8.994,9.814,0.018,4155.000,77.785,43.905,8.994,53.719,ON,Clear and hot; Hybrid loop operating; Ceff=1.46x
912,15:35:30,33.720,63.460,61.450,45.170,43.760,31.430,1.021,16.371,17.441,0.667,0.996,642.800,936.200,1.456,10.924,17.371,0.729,1.088,20.056,21.230,0.747,0.752,10.919,17.371,0.189,8.988,9.817,0.018,4155.000,77.633,43.875,8.988,53.693,ON,Clear and hot; Hybrid loop operating; Ceff=1.46x
913,15:36:00,33.690,63.410,61.390,45.140,43.720,31.420,1.018,16.374,17.444,0.666,0.994,642.000,934.300,1.455,10.912,17.339,0.728,1.086,20.059,21.232,0.747,0.752,10.905,17.339,0.189,8.987,9.819,0.018,4155.000,77.405,43.835,8.987,53.654,ON,Clear and hot; Hybrid loop operating; Ceff=1.46x
914,15:36:30,33.660,63.350,61.320,45.090,43.670,31.400,1.015,16.378,17.446,0.665,0.991,640.500,931.600,1.454,10.890,17.292,0.727,1.083,20.064,21.235,0.747,0.752,10.891,17.289,0.189,8.997,9.819,0.018,4155.000,77.177,43.833,8.997,53.652,ON,Clear and hot; Hybrid loop operating; Ceff=1.45x
915,15:37:00,33.640,63.260,61.240,45.030,43.620,31.390,1.010,16.383,17.450,0.663,0.987,638.400,928.000,1.453,10.859,17.229,0.724,1.079,20.069,21.239,0.747,0.752,10.862,17.223,0.189,9.002,9.820,0.018,4155.000,76.797,43.786,9.002,53.606,ON,Clear and hot; Hybrid loop operating; Ceff=1.45x
916,15:37:30,33.610,63.160,61.150,44.970,43.560,31.380,1.004,16.389,17.454,0.660,0.983,635.900,923.600,1.453,10.820,17.153,0.722,1.074,20.076,21.243,0.746,0.752,10.817,17.157,0.189,9.000,9.829,0.018,4155.000,76.341,43.733,9.000,53.562,ON,Clear and hot; Hybrid loop operating; Ceff=1.45x
917,15:38:00,33.590,63.050,61.040,44.890,43.490,31.360,0.998,16.395,17.458,0.657,0.978,633.000,918.800,1.452,10.776,17.069,0.718,1.069,20.083,21.248,0.747,0.751,10.772,17.074,0.189,9.003,9.832,0.018,4155.000,75.884,43.699,9.003,53.531,ON,Clear and hot; Hybrid loop operating; Ceff=1.45x
918,15:38:30,33.560,62.920,60.920,44.810,43.410,31.350,0.991,16.402,17.463,0.654,0.973,630.000,913.900,1.451,10.732,16.984,0.715,1.063,20.091,21.253,0.747,0.752,10.727,16.991,0.189,9.009,9.837,0.018,4155.000,75.352,43.625,9.009,53.462,ON,Clear and hot; Hybrid loop operating; Ceff=1.45x
919,15:39:00,33.540,62.790,60.800,44.720,43.330,31.340,0.985,16.410,17.468,0.651,0.968,627.200,909.300,1.450,10.690,16.904,0.712,1.058,20.099,21.258,0.747,0.752,10.683,16.909,0.189,9.012,9.839,0.018,4155.000,74.896,43.580,9.012,53.419,ON,Clear and hot; Hybrid loop operating; Ceff=1.45x
920,15:39:30,33.510,62.660,60.680,44.640,43.250,31.320,0.980,16.417,17.472,0.649,0.964,624.800,905.300,1.449,10.656,16.835,0.709,1.053,20.107,21.264,0.747,0.752,10.655,16.843,0.189,9.023,9.844,0.018,4155.000,74.516,43.551,9.023,53.394,ON,Clear and hot; Hybrid loop operating; Ceff=1.45x
921,15:40:00,33.490,62.540,60.570,44.560,43.180,31.310,0.976,16.424,17.477,0.647,0.960,623.000,902.100,1.448,10.631,16.781,0.707,1.049,20.115,21.269,0.748,0.752,10.626,16.778,0.189,9.025,9.841,0.018,4155.000,74.212,43.527,9.025,53.367,ON,Clear and hot; Hybrid loop operating; Ceff=1.45x
922,15:40:30,33.470,62.430,60.460,44.490,43.110,31.300,0.973,16.431,17.481,0.646,0.958,621.900,899.800,1.447,10.616,16.743,0.706,1.047,20.122,21.273,0.747,0.752,10.614,16.747,0.189,9.031,9.847,0.018,4155.000,73.984,43.504,9.031,53.351,ON,Clear and hot; Hybrid loop operating; Ceff=1.45x
923,15:41:00,33.450,62.330,60.370,44.430,43.060,31.280,0.971,16.436,17.485,0.646,0.956,621.200,898.300,1.446,10.610,16.720,0.705,1.045,20.128,21.277,0.748,0.752,10.618,16.716,0.189,9.043,9.846,0.018,4155.000,73.831,43.487,9.043,53.332,ON,Clear and hot; Hybrid loop operating; Ceff=1.45x
924,15:41:30,33.420,62.260,60.300,44.380,43.010,31.270,0.970,16.441,17.487,0.645,0.955,621.000,897.400,1.445,10.610,16.706,0.705,1.044,20.133,21.280,0.748,0.752,10.604,16.700,0.189,9.035,9.846,0.018,4155.000,73.755,43.486,9.035,53.332,ON,Clear and hot; Hybrid loop operating; Ceff=1.45x
925,15:42:00,33.400,62.210,60.240,44.340,42.970,31.260,0.969,16.444,17.490,0.645,0.955,621.000,896.700,1.444,10.611,16.696,0.705,1.043,20.136,21.283,0.747,0.752,10.606,16.703,0.189,9.037,9.856,0.018,4155.000,73.679,43.475,9.037,53.330,ON,Clear and hot; Hybrid loop operating; Ceff=1.44x
926,15:42:30,33.380,62.170,60.200,44.320,42.940,31.250,0.968,16.446,17.491,0.645,0.954,620.800,895.900,1.443,10.610,16.683,0.705,1.042,20.139,21.284,0.747,0.752,10.608,16.686,0.189,9.041,9.855,0.018,4155.000,73.603,43.469,9.041,53.323,ON,Clear and hot; Hybrid loop operating; Ceff=1.44x
927,15:43:00,33.360,62.150,60.170,44.310,42.920,31.230,0.966,16.448,17.492,0.645,0.952,620.300,894.600,1.442,10.603,16.659,0.705,1.041,20.140,21.285,0.747,0.752,10.609,16.652,0.189,9.049,9.849,0.018,4155.000,73.451,43.442,9.049,53.291,ON,Clear and hot; Hybrid loop operating; Ceff=1.44x
928,15:43:30,33.340,62.150,60.150,44.300,42.910,31.220,0.963,16.448,17.493,0.644,0.950,619.200,892.500,1.441,10.586,16.621,0.703,1.038,20.141,21.286,0.748,0.752,10.593,16.618,0.189,9.051,9.852,0.018,4155.000,73.223,43.409,9.051,53.261,ON,Clear and hot; Hybrid loop operating; Ceff=1.44x
929,15:44:00,33.320,62.140,60.140,44.290,42.890,31.210,0.959,16.449,17.493,0.642,0.947,617.600,889.500,1.440,10.558,16.566,0.701,1.035,20.142,21.287,0.748,0.752,10.560,16.566,0.189,9.047,9.854,0.018,4155.000,72.919,43.374,9.047,53.228,ON,Clear and hot; Hybrid loop operating; Ceff=1.44x
930,15:44:30,33.300,62.130,60.120,44.290,42.880,31.200,0.954,16.450,17.494,0.639,0.943,615.300,885.700,1.439,10.520,16.495,0.699,1.031,20.143,21.288,0.747,0.752,10.512,16.497,0.189,9.039,9.855,0.018,4155.000,72.539,43.333,9.039,53.188,ON,Clear and hot; Hybrid loop operating; Ceff=1.44x
931,15:45:00,33.290,62.120,60.090,44.270,42.860,31.190,0.948,16.451,17.495,0.637,0.938,612.600,881.200,1.438,10.474,16.413,0.696,1.025,20.144,21.289,0.747,0.752,10.479,16.410,0.189,9.051,9.853,0.018,4155.000,72.083,43.281,9.051,53.134,ON,Clear and hot; Hybrid loop operating; Ceff=1.44x
932,15:45:30,33.270,62.090,60.060,44.250,42.830,31.180,0.942,16.453,17.496,0.634,0.933,609.600,876.300,1.437,10.425,16.324,0.692,1.020,20.146,21.290,0.748,0.752,10.431,16.324,0.189,9.054,9.856,0.018,4155.000,71.626,43.247,9.054,53.103,ON,Clear and hot; Hybrid loop operating; Ceff=1.44x
933,15:46:00,33.250,62.050,60.010,44.220,42.790,31.170,0.936,16.456,17.498,0.631,0.928,606.700,871.500,1.437,10.376,16.236,0.689,1.014,20.149,21.292,0.747,0.752,10.384,16.238,0.189,9.056,9.858,0.018,4155.000,71.170,43.208,9.056,53.067,ON,Clear and hot; Hybrid loop operating; Ceff=1.44x
934,15:46:30,33.230,61.980,59.940,44.180,42.750,31.150,0.930,16.459,17.501,0.628,0.923,604.000,867.100,1.436,10.333,16.157,0.686,1.009,20.153,21.295,0.747,0.752,10.336,16.153,0.189,9.054,9.857,0.018,4155.000,70.714,43.149,9.054,53.006,ON,Clear and hot; Hybrid loop operating; Ceff=1.44x
935,15:47:00,33.210,61.900,59.860,44.130,42.700,31.140,0.925,16.464,17.504,0.626,0.919,601.800,863.300,1.435,10.299,16.090,0.684,1.005,20.159,21.298,0.747,0.752,10.306,16.086,0.189,9.061,9.859,0.018,4155.000,70.334,43.106,9.061,52.965,ON,Clear and hot; Hybrid loop operating; Ceff=1.43x
936,15:47:30,33.200,61.810,59.770,44.070,42.640,31.130,0.921,16.470,17.507,0.624,0.916,600.100,860.400,1.434,10.276,16.040,0.682,1.001,20.165,21.302,0.747,0.752,10.277,16.036,0.189,9.061,9.862,0.018,4155.000,70.030,43.065,9.061,52.926,ON,Clear and hot; Hybrid loop operating; Ceff=1.43x
937,15:48:00,33.180,61.700,59.670,44.000,42.580,31.120,0.919,16.476,17.511,0.623,0.914,599.100,858.400,1.433,10.263,16.006,0.681,0.999,20.172,21.306,0.747,0.752,10.265,16.005,0.189,9.065,9.865,0.018,4155.000,69.878,43.071,9.065,52.936,ON,Clear and hot; Hybrid loop operating; Ceff=1.43x
938,15:48:30,33.160,61.580,59.560,43.930,42.520,31.110,0.917,16.483,17.515,0.622,0.913,598.600,857.000,1.432,10.259,15.986,0.680,0.997,20.179,21.311,0.748,0.752,10.252,15.991,0.189,9.062,9.873,0.018,4155.000,69.725,43.048,9.062,52.920,ON,Clear and hot; Hybrid loop operating; Ceff=1.43x
939,15:49:00,33.150,61.460,59.450,43.860,42.450,31.100,0.916,16.489,17.519,0.622,0.912,598.300,856.100,1.431,10.260,15.973,0.680,0.996,20.186,21.315,0.747,0.752,10.256,15.977,0.189,9.070,9.875,0.018,4155.000,69.649,43.046,9.070,52.920,ON,Clear and hot; Hybrid loop operating; Ceff=1.43x
940,15:49:30,33.130,61.350,59.350,43.790,42.390,31.100,0.915,16.496,17.523,0.622,0.911,598.100,855.300,1.430,10.262,15.962,0.680,0.996,20.193,21.320,0.747,0.752,10.261,15.963,0.189,9.077,9.875,0.018,4155.000,69.573,43.039,9.077,52.914,ON,Clear and hot; Hybrid loop operating; Ceff=1.43x
941,15:50:00,33.110,61.240,59.250,43.730,42.330,31.090,0.913,16.502,17.527,0.622,0.910,597.700,854.100,1.429,10.259,15.944,0.679,0.994,20.200,21.324,0.748,0.752,10.264,15.950,0.189,9.086,9.880,0.018,4155.000,69.421,43.005,9.086,52.886,ON,Clear and hot; Hybrid loop operating; Ceff=1.43x
942,15:50:30,33.100,61.140,59.160,43.670,42.280,31.080,0.911,16.508,17.530,0.621,0.908,596.800,852.300,1.428,10.249,15.915,0.679,0.992,20.206,21.327,0.747,0.752,10.251,15.917,0.189,9.089,9.881,0.018,4155.000,69.269,43.002,9.089,52.883,ON,Clear and hot; Hybrid loop operating; Ceff=1.43x
943,15:51:00,33.080,61.060,59.080,43.620,42.230,31.070,0.907,16.513,17.533,0.619,0.905,595.400,849.700,1.427,10.228,15.869,0.677,0.989,20.212,21.330,0.747,0.752,10.222,15.867,0.189,9.083,9.880,0.018,4155.000,68.965,42.944,9.083,52.824,ON,Clear and hot; Hybrid loop operating; Ceff=1.43x
944,15:51:30,33.060,60.990,59.010,43.580,42.190,31.060,0.903,16.517,17.536,0.617,0.901,593.300,846.100,1.426,10.195,15.805,0.675,0.985,20.216,21.333,0.747,0.752,10.191,15.800,0.189,9.088,9.880,0.018,4155.000,68.661,42.936,9.088,52.817,ON,Clear and hot; Hybrid loop operating; Ceff=1.43x
945,15:52:00,33.050,60.940,58.960,43.540,42.160,31.050,0.897,16.520,17.538,0.615,0.897,590.700,841.800,1.425,10.152,15.727,0.672,0.980,20.220,21.335,0.747,0.752,10.160,15.732,0.189,9.100,9.888,0.018,4155.000,68.205,42.869,9.100,52.757,ON,Clear and hot; Hybrid loop operating; Ceff=1.43x
946,15:52:30,33.030,60.900,58.910,43.520,42.130,31.040,0.891,16.522,17.539,0.611,0.892,587.600,836.900,1.424,10.102,15.637,0.668,0.974,20.222,21.337,0.748,0.752,10.095,15.645,0.189,9.090,9.891,0.018,4155.000,67.749,42.832,9.090,52.722,ON,Clear and hot; Hybrid loop operating; Ceff=1.42x
947,15:53:00,33.010,60.870,58.880,43.500,42.100,31.040,0.884,16.524,17.541,0.608,0.886,584.400,831.800,1.423,10.048,15.543,0.665,0.968,20.225,21.339,0.747,0.752,10.047,15.541,0.189,9.096,9.886,0.018,4155.000,67.216,42.756,9.096,52.641,ON,Clear and hot; Hybrid loop operating; Ceff=1.42x
948,15:53:30,33.000,60.850,58.840,43.480,42.080,31.030,0.878,16.526,17.542,0.605,0.881,581.300,826.900,1.422,9.996,15.452,0.661,0.963,20.226,21.340,0.748,0.752,9.998,15.455,0.189,9.100,9.889,0.018,4155.000,66.760,42.717,9.100,52.606,ON,Clear and hot; Hybrid loop operating; Ceff=1.42x
949,15:54:00,32.980,60.830,58.820,43.470,42.060,31.020,0.872,16.527,17.543,0.602,0.876,578.600,822.400,1.421,9.950,15.370,0.658,0.958,20.228,21.341,0.748,0.752,9.949,15.368,0.189,9.098,9.887,0.018,4155.000,66.304,42.657,9.098,52.544,ON,Clear and hot; Hybrid loop operating; Ceff=1.42x
950,15:54:30,32.960,60.810,58.790,43.460,42.040,31.010,0.868,16.529,17.544,0.600,0.872,576.400,818.700,1.420,9.913,15.302,0.655,0.953,20.229,21.342,0.748,0.752,9.917,15.298,0.189,9.104,9.887,0.018,4155.000,66.000,42.654,9.104,52.540,ON,Clear and hot; Hybrid loop operating; Ceff=1.42x
951,15:55:00,32.950,60.790,58.750,43.440,42.010,31.010,0.864,16.530,17.545,0.598,0.869,574.800,815.900,1.419,9.887,15.250,0.654,0.950,20.231,21.343,0.747,0.752,9.885,15.247,0.189,9.099,9.887,0.018,4155.000,65.696,42.603,9.099,52.490,ON,Clear and hot; Hybrid loop operating; Ceff=1.42x
952,15:55:30,32.930,60.760,58.710,43.420,41.990,31.000,0.861,16.533,17.546,0.597,0.867,573.700,813.800,1.419,9.870,15.213,0.652,0.948,20.234,21.345,0.748,0.752,9.870,15.212,0.189,9.103,9.890,0.018,4155.000,65.467,42.564,9.103,52.455,ON,Clear and hot; Hybrid loop operating; Ceff=1.42x
953,15:56:00,32.910,60.710,58.660,43.390,41.960,31.000,0.860,16.535,17.548,0.596,0.866,573.100,812.400,1.418,9.861,15.188,0.652,0.946,20.237,21.347,0.747,0.752,9.855,15.197,0.189,9.098,9.897,0.018,4155.000,65.391,42.588,9.098,52.485,ON,Clear and hot; Hybrid loop operating; Ceff=1.42x
954,15:56:30,32.890,60.660,58.610,43.360,41.920,30.990,0.858,16.539,17.550,0.596,0.864,572.700,811.300,1.417,9.857,15.169,0.651,0.945,20.240,21.349,0.748,0.752,9.857,15.163,0.189,9.107,9.889,0.018,4155.000,65.239,42.547,9.107,52.436,ON,Clear and hot; Hybrid loop operating; Ceff=1.42x
955,15:57:00,32.870,60.580,58.530,43.310,41.880,30.980,0.857,16.543,17.553,0.596,0.863,572.200,810.000,1.416,9.852,15.149,0.651,0.943,20.245,21.352,0.748,0.752,9.860,15.148,0.189,9.117,9.895,0.018,4155.000,65.163,42.565,9.117,52.460,ON,Clear and hot; Hybrid loop operating; Ceff=1.42x
956,15:57:30,32.850,60.500,58.450,43.260,41.830,30.980,0.854,16.548,17.556,0.595,0.861,571.400,808.400,1.415,9.842,15.122,0.650,0.941,20.251,21.355,0.748,0.753,9.846,15.116,0.189,9.117,9.893,0.018,4155.000,64.935,42.500,9.117,52.394,ON,Clear and hot; Hybrid loop operating; Ceff=1.41x
957,15:58:00,32.840,60.390,58.360,43.200,41.770,30.970,0.851,16.554,17.559,0.593,0.859,570.100,806.000,1.414,9.824,15.081,0.649,0.939,20.257,21.359,0.747,0.752,9.817,15.083,0.189,9.111,9.901,0.018,4155.000,64.707,42.477,9.111,52.378,ON,Clear and hot; Hybrid loop operating; Ceff=1.41x
958,15:58:30,32.820,60.280,58.250,43.130,41.710,30.970,0.847,16.560,17.563,0.592,0.855,568.200,802.800,1.413,9.796,15.024,0.646,0.935,20.264,21.363,0.748,0.752,9.804,15.016,0.189,9.129,9.897,0.018,4155.000,64.403,42.446,9.129,52.343,ON,Clear and hot; Hybrid loop operating; Ceff=1.41x
959,15:59:00,32.800,60.160,58.140,43.050,41.640,30.960,0.842,16.567,17.567,0.589,0.851,565.700,798.600,1.412,9.757,14.952,0.644,0.930,20.272,21.368,0.747,0.752,9.758,14.950,0.189,9.127,9.905,0.018,4155.000,64.023,42.417,9.127,52.322,ON,Clear and hot; Hybrid loop operating; Ceff=1.41x
960,15:59:30,32.780,60.030,58.030,42.980,41.570,30.960,0.836,16.575,17.572,0.586,0.846,562.600,793.800,1.411,9.710,14.866,0.640,0.925,20.280,21.373,0.748,0.752,9.713,14.866,0.189,9.135,9.909,0.018,4155.000,63.567,42.370,9.135,52.278,ON,Clear and hot; Hybrid loop operating; Ceff=1.41x
961,16:00:00,32.750,59.900,57.910,42.900,41.500,30.950,0.829,16.582,17.576,0.582,0.841,559.300,788.600,1.410,9.658,14.773,0.637,0.919,20.288,21.378,0.747,0.752,9.651,14.781,0.189,9.130,9.917,0.018,4155.000,63.034,42.292,9.130,52.209,ON,Clear and hot; Hybrid loop operating; Ceff=1.41x
