No.,Time,T.amb (°C),T.D.REF – normal PV (°C),T.U.REF – normal PV (°C),T.D.CPV-HNEPCM-HNF (°C),T.U.CPV-HNEPCM-HNF (°C),T.F.IN Hybrid NF (°C),T.F.DELTA Hybrid NF (°C),V.REF – normal PV (V),V.CPV-Hybrid (V),I.REF – normal PV (A),I.CPV-Hybrid (A),Direct POA irradiance – reference (W/m²),Effective irradiance – CPV hybrid (W/m²),Ceff – mirrors,P(max) REF (W),P(max) CPV Hybrid (W),Isc REF (A),Isc CPV Hybrid (A),Voc REF (V),Voc CPV Hybrid (V),FF REF,FF CPV Hybrid,P.REF normal PV (W),P.CPV-HNEPCM-HNF (W),AREA (m²),?ele.REF (%),?ele.CPV-Hybrid (%),m Hybrid NF (kg/s),Cp Hybrid NF (J/kg·K),Q.CPV-Hybrid (W),?th.CPV-Hybrid (%),?total.REF (%),?total.CPV-Hybrid (%),Pump state,Simulation note
1,08:00:00,28.890,31.200,29.150,31.480,30.040,30.390,0.000,18.292,18.257,0.460,0.635,431.500,590.200,1.368,8.414,11.584,0.503,0.693,22.162,22.124,0.755,0.756,8.414,11.593,0.189,10.318,10.393,0.018,4155.000,0.000,0.000,10.318,10.393,OFF,Variable clouds; Below controller ON threshold; Ceff=1.37x
2,08:00:30,28.900,32.450,30.400,33.320,31.880,30.390,0.000,18.217,18.148,0.463,0.638,434.400,594.600,1.369,8.429,11.585,0.506,0.698,22.081,22.004,0.754,0.754,8.434,11.578,0.189,10.273,10.303,0.018,4155.000,0.000,0.000,10.273,10.303,OFF,Variable clouds; Below controller ON threshold; Ceff=1.37x
3,08:01:00,28.910,33.620,31.570,34.930,33.500,30.400,0.000,18.148,18.052,0.465,0.642,437.500,599.100,1.370,8.448,11.598,0.509,0.702,22.004,21.899,0.754,0.754,8.439,11.589,0.189,10.206,10.235,0.018,4155.000,0.000,0.000,10.206,10.235,OFF,Variable clouds; Below controller ON threshold; Ceff=1.37x
4,08:01:30,28.930,34.700,32.660,36.360,34.930,30.410,0.000,18.083,17.967,0.468,0.646,440.300,603.500,1.370,8.466,11.614,0.512,0.706,21.934,21.806,0.754,0.754,8.463,11.607,0.189,10.170,10.176,0.018,4155.000,0.000,0.000,10.170,10.176,OFF,Variable clouds; Below controller ON threshold; Ceff=1.37x
5,08:02:00,28.940,35.700,33.680,37.610,36.190,30.420,0.000,18.023,17.892,0.470,0.650,442.800,607.200,1.371,8.479,11.627,0.514,0.710,21.868,21.723,0.754,0.754,8.471,11.630,0.189,10.122,10.134,0.018,4155.000,0.000,0.000,10.122,10.134,OFF,Variable clouds; Below controller ON threshold; Ceff=1.37x
6,08:02:30,28.950,36.640,34.630,38.720,37.310,30.430,0.000,17.967,17.826,0.472,0.653,444.700,610.300,1.372,8.482,11.632,0.516,0.713,21.806,21.651,0.754,0.754,8.480,11.640,0.189,10.090,10.092,0.018,4155.000,0.000,0.000,10.090,10.092,OFF,Variable clouds; Below controller ON threshold; Ceff=1.37x
7,08:03:00,28.970,37.530,35.520,39.690,38.290,30.430,0.000,17.914,17.767,0.473,0.654,446.000,612.400,1.373,8.476,11.627,0.517,0.715,21.748,21.587,0.754,0.753,8.473,11.620,0.189,10.052,10.039,0.018,4155.000,0.000,0.000,10.052,10.039,OFF,Variable clouds; Below controller ON threshold; Ceff=1.37x
8,08:03:30,28.980,38.350,36.360,40.560,39.170,30.440,0.000,17.864,17.715,0.474,0.655,446.700,613.800,1.374,8.461,11.611,0.518,0.716,21.694,21.530,0.753,0.753,8.468,11.603,0.189,10.030,10.002,0.018,4155.000,0.000,0.000,10.030,10.002,OFF,Variable clouds; Below controller ON threshold; Ceff=1.37x
9,08:04:00,28.990,39.140,37.160,41.330,39.940,30.450,0.000,17.817,17.670,0.474,0.656,447.000,614.600,1.375,8.439,11.589,0.518,0.717,21.642,21.480,0.753,0.752,8.445,11.592,0.189,9.996,9.979,0.018,4155.000,0.000,0.000,9.996,9.979,OFF,Variable clouds; Below controller ON threshold; Ceff=1.38x
10,08:04:30,29.010,39.890,37.910,42.010,40.630,30.460,0.000,17.773,17.629,0.473,0.656,447.100,615.200,1.376,8.415,11.567,0.517,0.717,21.593,21.435,0.754,0.753,8.407,11.565,0.189,9.948,9.946,0.018,4155.000,0.000,0.000,9.948,9.946,OFF,Variable clouds; Below controller ON threshold; Ceff=1.38x
11,08:05:00,29.020,40.610,38.630,42.620,41.240,30.460,0.000,17.730,17.592,0.473,0.657,447.300,615.900,1.377,8.394,11.550,0.517,0.718,21.546,21.395,0.754,0.752,8.386,11.558,0.189,9.920,9.929,0.018,4155.000,0.000,0.000,9.920,9.929,OFF,Variable clouds; Below controller ON threshold; Ceff=1.38x
12,08:05:30,29.030,41.300,39.320,43.180,41.790,30.470,0.000,17.689,17.559,0.474,0.657,447.800,617.000,1.378,8.379,11.544,0.518,0.719,21.501,21.359,0.752,0.752,8.385,11.536,0.189,9.907,9.893,0.018,4155.000,0.000,0.000,9.907,9.893,OFF,Variable clouds; Below controller ON threshold; Ceff=1.38x
13,08:06:00,29.050,41.960,39.980,43.680,42.290,30.470,0.000,17.649,17.529,0.475,0.659,448.800,618.800,1.379,8.375,11.554,0.519,0.720,21.458,21.326,0.752,0.752,8.383,11.552,0.189,9.883,9.877,0.018,4155.000,0.000,0.000,9.883,9.877,OFF,Variable clouds; Below controller ON threshold; Ceff=1.38x
14,08:06:30,29.060,42.610,40.620,44.140,42.750,30.480,0.000,17.611,17.502,0.476,0.662,450.500,621.500,1.380,8.384,11.582,0.520,0.723,21.416,21.296,0.753,0.752,8.383,11.586,0.189,9.845,9.864,0.018,4155.000,0.000,0.000,9.845,9.864,OFF,Variable clouds; Below controller ON threshold; Ceff=1.38x
15,08:07:00,29.080,43.230,41.230,43.370,41.970,30.490,0.631,17.574,17.548,0.478,0.666,452.700,625.000,1.381,8.404,11.686,0.523,0.728,21.376,21.347,0.752,0.752,8.400,11.687,0.189,9.818,9.894,0.018,4155.000,47.979,40.617,9.818,50.511,ON,Variable clouds; Hybrid loop operating; Ceff=1.38x
16,08:07:30,29.100,43.820,41.820,42.710,41.300,30.490,0.636,17.539,17.588,0.481,0.671,455.500,629.200,1.382,8.434,11.797,0.526,0.733,21.337,21.390,0.751,0.752,8.436,11.802,0.189,9.799,9.924,0.018,4155.000,48.359,40.666,9.799,50.590,ON,Variable clouds; Hybrid loop operating; Ceff=1.38x
17,08:08:00,29.110,44.400,42.380,42.130,40.720,30.500,0.641,17.506,17.622,0.484,0.676,458.500,633.800,1.382,8.469,11.911,0.529,0.739,21.300,21.428,0.752,0.752,8.473,11.912,0.189,9.778,9.945,0.018,4155.000,48.739,40.688,9.778,50.633,ON,Variable clouds; Hybrid loop operating; Ceff=1.38x
18,08:08:30,29.130,44.940,42.910,41.630,40.210,30.500,0.646,17.474,17.652,0.487,0.681,461.500,638.400,1.383,8.505,12.022,0.532,0.744,21.265,21.461,0.752,0.753,8.510,12.021,0.189,9.756,9.963,0.018,4155.000,49.120,40.710,9.756,50.673,ON,Variable clouds; Hybrid loop operating; Ceff=1.38x
19,08:09:00,29.150,45.440,43.410,41.200,39.770,30.510,0.651,17.444,17.678,0.489,0.686,464.200,642.600,1.384,8.538,12.124,0.535,0.750,21.233,21.490,0.752,0.752,8.530,12.127,0.189,9.723,9.985,0.018,4155.000,49.500,40.757,9.723,50.742,ON,Variable clouds; Hybrid loop operating; Ceff=1.38x
20,08:09:30,29.160,45.910,43.870,40.810,39.380,30.510,0.656,17.416,17.701,0.492,0.690,466.500,646.200,1.385,8.564,12.212,0.537,0.754,21.202,21.515,0.752,0.753,8.569,12.214,0.189,9.719,10.000,0.018,4155.000,49.880,40.841,9.719,50.841,ON,Variable clouds; Hybrid loop operating; Ceff=1.39x
21,08:10:00,29.180,46.340,44.300,40.470,39.040,30.520,0.659,17.391,17.722,0.493,0.693,468.200,649.000,1.386,8.580,12.283,0.539,0.757,21.174,21.537,0.752,0.753,8.574,12.281,0.189,9.689,10.012,0.018,4155.000,50.108,40.851,9.689,50.863,ON,Variable clouds; Hybrid loop operating; Ceff=1.39x
22,08:10:30,29.200,46.730,44.690,40.160,38.740,30.520,0.661,17.367,17.740,0.494,0.695,469.400,651.000,1.387,8.586,12.336,0.540,0.760,21.149,21.557,0.752,0.753,8.579,12.329,0.189,9.670,10.021,0.018,4155.000,50.260,40.849,9.670,50.870,ON,Variable clouds; Hybrid loop operating; Ceff=1.39x
23,08:11:00,29.220,47.080,45.050,39.890,38.470,30.530,0.663,17.346,17.756,0.495,0.697,470.000,652.300,1.388,8.584,12.374,0.541,0.762,21.126,21.575,0.751,0.753,8.586,12.376,0.189,9.666,10.038,0.018,4155.000,50.412,40.891,9.666,50.929,ON,Variable clouds; Hybrid loop operating; Ceff=1.39x
24,08:11:30,29.240,47.390,45.370,39.640,38.220,30.530,0.664,17.327,17.771,0.495,0.698,470.300,653.100,1.389,8.578,12.402,0.541,0.763,21.105,21.591,0.751,0.753,8.577,12.404,0.189,9.649,10.049,0.018,4155.000,50.488,40.902,9.649,50.951,ON,Variable clouds; Hybrid loop operating; Ceff=1.39x
25,08:12:00,29.260,47.670,45.660,39.410,38.000,30.540,0.665,17.310,17.784,0.495,0.699,470.500,653.800,1.390,8.571,12.427,0.541,0.764,21.086,21.606,0.751,0.753,8.568,12.431,0.189,9.636,10.060,0.018,4155.000,50.564,40.920,9.636,50.980,ON,Variable clouds; Hybrid loop operating; Ceff=1.39x
26,08:12:30,29.280,47.930,45.930,39.200,37.800,30.540,0.666,17.295,17.796,0.495,0.700,470.900,654.800,1.391,8.569,12.456,0.541,0.765,21.069,21.619,0.752,0.753,8.561,12.457,0.189,9.619,10.066,0.018,4155.000,50.640,40.919,9.619,50.985,ON,Variable clouds; Hybrid loop operating; Ceff=1.39x
27,08:13:00,29.300,48.170,46.180,39.020,37.630,30.540,0.668,17.280,17.807,0.496,0.702,471.700,656.400,1.392,8.575,12.495,0.542,0.767,21.053,21.630,0.751,0.753,8.571,12.501,0.189,9.614,10.076,0.018,4155.000,50.792,40.942,9.614,51.018,ON,Variable clouds; Hybrid loop operating; Ceff=1.39x
28,08:13:30,29.320,48.400,46.420,38.870,37.480,30.550,0.671,17.266,17.816,0.498,0.704,473.100,658.800,1.393,8.592,12.548,0.544,0.770,21.038,21.640,0.751,0.753,8.598,12.542,0.189,9.616,10.073,0.018,4155.000,51.020,40.976,9.616,51.049,ON,Variable clouds; Hybrid loop operating; Ceff=1.39x
29,08:14:00,29.350,48.620,46.650,38.740,37.360,30.550,0.674,17.253,17.823,0.500,0.708,475.100,662.000,1.393,8.620,12.617,0.546,0.774,21.023,21.649,0.751,0.753,8.627,12.619,0.189,9.607,10.085,0.018,4155.000,51.249,40.960,9.607,51.046,ON,Variable clouds; Hybrid loop operating; Ceff=1.39x
30,08:14:30,29.370,48.850,46.890,38.630,37.260,30.560,0.679,17.239,17.829,0.502,0.712,477.700,666.100,1.394,8.659,12.700,0.549,0.778,21.008,21.655,0.751,0.754,8.654,12.694,0.189,9.585,10.083,0.018,4155.000,51.629,41.010,9.585,51.093,ON,Variable clouds; Hybrid loop operating; Ceff=1.39x
31,08:15:00,29.390,49.080,47.130,38.560,37.190,30.560,0.685,17.225,17.834,0.505,0.717,480.700,670.700,1.395,8.704,12.792,0.552,0.784,20.992,21.660,0.751,0.753,8.699,12.787,0.189,9.574,10.087,0.018,4155.000,52.085,41.089,9.574,51.176,ON,Variable clouds; Hybrid loop operating; Ceff=1.4x
32,08:15:30,29.420,49.320,47.370,38.510,37.140,30.570,0.691,17.210,17.837,0.509,0.723,483.900,675.600,1.396,8.753,12.888,0.556,0.790,20.977,21.663,0.750,0.753,8.760,12.896,0.189,9.578,10.100,0.018,4155.000,52.541,41.148,9.578,51.248,ON,Variable clouds; Hybrid loop operating; Ceff=1.4x
33,08:16:00,29.440,49.580,47.620,38.480,37.110,30.570,0.696,17.195,17.838,0.512,0.728,487.000,680.400,1.397,8.799,12.980,0.559,0.795,20.960,21.665,0.751,0.754,8.804,12.986,0.189,9.565,10.098,0.018,4155.000,52.921,41.153,9.565,51.252,ON,Variable clouds; Hybrid loop operating; Ceff=1.4x
34,08:16:30,29.470,49.840,47.870,38.470,37.100,30.570,0.702,17.180,17.839,0.515,0.732,489.800,684.700,1.398,8.839,13.063,0.562,0.800,20.943,21.666,0.751,0.754,8.848,13.058,0.189,9.558,10.091,0.018,4155.000,53.378,41.247,9.558,51.338,ON,Variable clouds; Hybrid loop operating; Ceff=1.4x
35,08:17:00,29.490,50.100,48.130,38.480,37.100,30.580,0.706,17.165,17.838,0.517,0.736,492.000,688.300,1.399,8.870,13.131,0.565,0.804,20.927,21.665,0.750,0.754,8.874,13.129,0.189,9.543,10.092,0.018,4155.000,53.682,41.266,9.543,51.358,ON,Variable clouds; Hybrid loop operating; Ceff=1.4x
36,08:17:30,29.520,50.360,48.380,38.510,37.120,30.580,0.709,17.150,17.837,0.518,0.739,493.600,691.000,1.400,8.890,13.182,0.567,0.808,20.910,21.664,0.750,0.753,8.884,13.182,0.189,9.523,10.093,0.018,4155.000,53.910,41.279,9.523,51.372,ON,Variable clouds; Hybrid loop operating; Ceff=1.4x
37,08:18:00,29.540,50.620,48.620,38.540,37.140,30.590,0.712,17.135,17.836,0.519,0.741,494.700,693.000,1.401,8.899,13.218,0.568,0.810,20.894,21.662,0.750,0.753,8.893,13.216,0.189,9.511,10.091,0.018,4155.000,54.138,41.334,9.511,51.425,ON,Variable clouds; Hybrid loop operating; Ceff=1.4x
38,08:18:30,29.570,50.860,48.850,38.570,37.170,30.590,0.713,17.121,17.834,0.520,0.742,495.300,694.300,1.402,8.901,13.241,0.568,0.811,20.878,21.660,0.751,0.754,8.903,13.233,0.189,9.510,10.084,0.018,4155.000,54.214,41.315,9.510,51.399,ON,Variable clouds; Hybrid loop operating; Ceff=1.4x
39,08:19:00,29.600,51.080,49.070,38.600,37.200,30.600,0.714,17.108,17.832,0.520,0.743,495.700,695.200,1.403,8.899,13.258,0.569,0.813,20.864,21.658,0.750,0.753,8.896,13.249,0.189,9.496,10.084,0.018,4155.000,54.290,41.319,9.496,51.403,ON,Variable clouds; Hybrid loop operating; Ceff=1.4x
40,08:19:30,29.630,51.280,49.270,38.630,37.220,30.600,0.715,17.096,17.831,0.521,0.745,496.100,696.200,1.404,8.899,13.276,0.569,0.814,20.851,21.657,0.750,0.753,8.907,13.284,0.189,9.500,10.096,0.018,4155.000,54.366,41.317,9.500,51.413,ON,Variable clouds; Hybrid loop operating; Ceff=1.4x
41,08:20:00,29.660,51.460,49.440,38.660,37.240,30.610,0.717,17.085,17.829,0.521,0.746,496.700,697.600,1.404,8.904,13.301,0.570,0.815,20.839,21.655,0.750,0.754,8.901,13.300,0.189,9.482,10.088,0.018,4155.000,54.518,41.350,9.482,51.438,ON,Variable clouds; Hybrid loop operating; Ceff=1.4x
42,08:20:30,29.680,51.620,49.600,38.670,37.260,30.610,0.720,17.076,17.828,0.522,0.748,497.900,699.700,1.405,8.919,13.340,0.571,0.818,20.829,21.654,0.750,0.753,8.914,13.335,0.189,9.472,10.084,0.018,4155.000,54.746,41.398,9.472,51.482,ON,Variable clouds; Hybrid loop operating; Ceff=1.41x
43,08:21:00,29.710,51.760,49.740,38.680,37.270,30.620,0.723,17.067,17.828,0.524,0.751,499.700,702.600,1.406,8.945,13.395,0.573,0.821,20.820,21.653,0.750,0.753,8.943,13.389,0.189,9.469,10.083,0.018,4155.000,54.974,41.399,9.469,51.482,ON,Variable clouds; Hybrid loop operating; Ceff=1.41x
44,08:21:30,29.740,51.870,49.860,38.690,37.280,30.620,0.728,17.060,17.827,0.527,0.755,502.000,706.400,1.407,8.983,13.467,0.575,0.826,20.812,21.653,0.751,0.753,8.991,13.459,0.189,9.476,10.081,0.018,4155.000,55.355,41.461,9.476,51.542,ON,Variable clouds; Hybrid loop operating; Ceff=1.41x
45,08:22:00,29.770,51.980,49.980,38.700,37.290,30.630,0.733,17.054,17.827,0.529,0.760,504.900,711.000,1.408,9.030,13.553,0.579,0.831,20.805,21.652,0.750,0.753,9.022,13.549,0.189,9.454,10.082,0.018,4155.000,55.735,41.476,9.454,51.558,ON,Variable clouds; Hybrid loop operating; Ceff=1.41x
46,08:22:30,29.800,52.070,50.080,38.700,37.310,30.630,0.739,17.048,17.826,0.533,0.766,508.100,715.900,1.409,9.083,13.647,0.582,0.837,20.798,21.651,0.750,0.753,9.087,13.655,0.189,9.462,10.092,0.018,4155.000,56.191,41.529,9.462,51.621,ON,Variable clouds; Hybrid loop operating; Ceff=1.41x
47,08:23:00,29.830,52.160,50.190,38.710,37.320,30.640,0.746,17.042,17.825,0.536,0.771,511.400,721.000,1.410,9.138,13.742,0.586,0.843,20.792,21.651,0.750,0.753,9.135,13.743,0.189,9.451,10.085,0.018,4155.000,56.723,41.626,9.451,51.711,ON,Variable clouds; Hybrid loop operating; Ceff=1.41x
48,08:23:30,29.860,52.260,50.290,38.720,37.350,30.650,0.751,17.036,17.824,0.539,0.776,514.400,725.800,1.411,9.188,13.832,0.589,0.848,20.786,21.650,0.750,0.753,9.182,13.831,0.189,9.445,10.083,0.018,4155.000,57.103,41.628,9.445,51.711,ON,Variable clouds; Hybrid loop operating; Ceff=1.41x
49,08:24:00,29.890,52.360,50.400,38.740,37.370,30.650,0.757,17.030,17.823,0.542,0.781,517.100,729.900,1.412,9.231,13.911,0.592,0.853,20.779,21.648,0.750,0.753,9.230,13.920,0.189,9.444,10.090,0.018,4155.000,57.560,41.725,9.444,51.815,ON,Variable clouds; Hybrid loop operating; Ceff=1.41x
50,08:24:30,29.930,52.460,50.510,38.770,37.410,30.660,0.761,17.023,17.821,0.544,0.784,519.100,733.300,1.413,9.263,13.973,0.595,0.857,20.772,21.646,0.749,0.753,9.261,13.972,0.189,9.439,10.081,0.018,4155.000,57.864,41.751,9.439,51.832,ON,Variable clouds; Hybrid loop operating; Ceff=1.41x
51,08:25:00,29.960,52.580,50.630,38.810,37.450,30.660,0.764,17.016,17.818,0.546,0.787,520.500,735.800,1.414,9.284,14.018,0.596,0.860,20.764,21.643,0.750,0.753,9.291,14.023,0.189,9.444,10.084,0.018,4155.000,58.092,41.773,9.444,51.856,ON,Variable clouds; Hybrid loop operating; Ceff=1.41x
52,08:25:30,29.990,52.720,50.770,38.860,37.500,30.670,0.766,17.008,17.816,0.546,0.789,521.400,737.500,1.414,9.294,14.048,0.597,0.862,20.755,21.640,0.750,0.753,9.286,14.057,0.189,9.424,10.085,0.018,4155.000,58.244,41.786,9.424,51.870,ON,Variable clouds; Hybrid loop operating; Ceff=1.41x
53,08:26:00,30.020,52.860,50.910,38.920,37.560,30.680,0.767,17.000,17.812,0.547,0.790,521.900,738.700,1.415,9.297,14.066,0.598,0.863,20.746,21.636,0.749,0.753,9.299,14.071,0.189,9.427,10.079,0.018,4155.000,58.320,41.772,9.427,51.851,ON,Variable clouds; Hybrid loop operating; Ceff=1.42x
54,08:26:30,30.050,53.010,51.050,38.990,37.620,30.690,0.768,16.991,17.808,0.547,0.791,522.200,739.600,1.416,9.297,14.081,0.598,0.864,20.736,21.632,0.750,0.753,9.294,14.086,0.189,9.417,10.077,0.018,4155.000,58.396,41.776,9.417,51.853,ON,Variable clouds; Hybrid loop operating; Ceff=1.42x
55,08:27:00,30.080,53.180,51.210,39.060,37.680,30.690,0.770,16.982,17.804,0.548,0.792,522.700,740.700,1.417,9.298,14.097,0.598,0.865,20.726,21.627,0.750,0.754,9.306,14.101,0.189,9.420,10.073,0.018,4155.000,58.548,41.822,9.420,51.895,ON,Variable clouds; Hybrid loop operating; Ceff=1.42x
56,08:27:30,30.110,53.340,51.360,39.140,37.760,30.700,0.772,16.972,17.800,0.548,0.793,523.500,742.300,1.418,9.305,14.123,0.599,0.867,20.715,21.623,0.750,0.753,9.301,14.115,0.189,9.400,10.061,0.018,4155.000,58.700,41.841,9.400,51.902,ON,Variable clouds; Hybrid loop operating; Ceff=1.42x
57,08:28:00,30.150,53.510,51.520,39.220,37.830,30.710,0.775,16.962,17.795,0.550,0.796,524.800,744.600,1.419,9.322,14.163,0.601,0.870,20.705,21.617,0.749,0.753,9.329,14.165,0.189,9.406,10.065,0.018,4155.000,58.928,41.873,9.406,51.939,ON,Variable clouds; Hybrid loop operating; Ceff=1.42x
58,08:28:30,30.180,53.680,51.670,39.310,37.900,30.720,0.779,16.953,17.790,0.552,0.799,526.700,747.800,1.420,9.350,14.220,0.603,0.874,20.694,21.612,0.749,0.753,9.358,14.214,0.189,9.401,10.057,0.018,4155.000,59.232,41.909,9.401,51.967,ON,Variable clouds; Hybrid loop operating; Ceff=1.42x
59,08:29:00,30.210,53.840,51.820,39.390,37.980,30.730,0.784,16.944,17.786,0.554,0.804,529.200,751.900,1.421,9.388,14.292,0.606,0.878,20.684,21.607,0.749,0.753,9.387,14.300,0.189,9.385,10.063,0.018,4155.000,59.613,41.948,9.385,52.011,ON,Variable clouds; Hybrid loop operating; Ceff=1.42x
60,08:29:30,30.240,53.990,51.960,39.460,38.050,30.740,0.789,16.935,17.781,0.557,0.808,532.100,756.500,1.422,9.434,14.376,0.609,0.884,20.675,21.603,0.749,0.753,9.433,14.367,0.189,9.380,10.048,0.018,4155.000,59.993,41.959,9.380,52.008,ON,Variable clouds; Hybrid loop operating; Ceff=1.42x
61,08:30:00,30.270,54.120,52.090,39.530,38.110,30.750,0.795,16.927,17.777,0.560,0.814,535.200,761.400,1.423,9.484,14.465,0.612,0.889,20.666,21.598,0.750,0.753,9.479,14.470,0.189,9.371,10.056,0.018,4155.000,60.449,42.006,9.371,52.062,ON,Variable clouds; Hybrid loop operating; Ceff=1.42x
62,08:30:30,30.300,54.240,52.210,39.590,38.170,30.750,0.802,16.920,17.774,0.563,0.819,538.300,766.300,1.423,9.533,14.554,0.616,0.895,20.658,21.594,0.749,0.753,9.526,14.557,0.189,9.363,10.051,0.018,4155.000,60.981,42.105,9.363,52.156,ON,Variable clouds; Hybrid loop operating; Ceff=1.42x
63,08:31:00,30.330,54.340,52.320,39.650,38.230,30.760,0.807,16.914,17.770,0.566,0.824,541.100,770.700,1.424,9.578,14.635,0.619,0.900,20.652,21.591,0.749,0.753,9.573,14.642,0.189,9.361,10.052,0.018,4155.000,61.361,42.126,9.361,52.178,ON,Variable clouds; Hybrid loop operating; Ceff=1.42x
64,08:31:30,30.360,54.430,52.410,39.690,38.270,30.770,0.812,16.909,17.768,0.569,0.827,543.300,774.400,1.425,9.614,14.702,0.621,0.904,20.646,21.588,0.750,0.753,9.621,14.694,0.189,9.370,10.040,0.018,4155.000,61.742,42.184,9.370,52.224,ON,Variable clouds; Hybrid loop operating; Ceff=1.43x
65,08:32:00,30.390,54.500,52.490,39.730,38.320,30.780,0.815,16.904,17.765,0.570,0.830,545.000,777.200,1.426,9.640,14.754,0.623,0.908,20.641,21.585,0.750,0.753,9.635,14.745,0.189,9.354,10.038,0.018,4155.000,61.970,42.188,9.354,52.226,ON,Variable clouds; Hybrid loop operating; Ceff=1.43x
66,08:32:30,30.420,54.560,52.550,39.760,38.350,30.790,0.818,16.900,17.764,0.571,0.833,546.000,779.200,1.427,9.655,14.788,0.624,0.910,20.637,21.583,0.750,0.753,9.650,14.797,0.189,9.351,10.048,0.018,4155.000,62.198,42.234,9.351,52.282,ON,Variable clouds; Hybrid loop operating; Ceff=1.43x
67,08:33:00,30.450,54.610,52.620,39.780,38.380,30.810,0.819,16.897,17.762,0.572,0.834,546.500,780.400,1.428,9.662,14.810,0.625,0.911,20.633,21.581,0.749,0.753,9.665,14.814,0.189,9.357,10.043,0.018,4155.000,62.274,42.221,9.357,52.264,ON,Variable clouds; Hybrid loop operating; Ceff=1.43x
68,08:33:30,30.480,54.660,52.670,39.800,38.410,30.820,0.820,16.894,17.760,0.572,0.835,546.700,781.200,1.429,9.663,14.823,0.625,0.912,20.630,21.579,0.749,0.753,9.663,14.830,0.189,9.352,10.044,0.018,4155.000,62.350,42.229,9.352,52.273,ON,Variable clouds; Hybrid loop operating; Ceff=1.43x
69,08:34:00,30.510,54.710,52.730,39.830,38.450,30.830,0.821,16.891,17.759,0.572,0.835,546.800,781.800,1.430,9.663,14.834,0.625,0.913,20.626,21.578,0.750,0.753,9.662,14.829,0.189,9.349,10.036,0.018,4155.000,62.426,42.248,9.349,52.284,ON,Variable clouds; Hybrid loop operating; Ceff=1.43x
70,08:34:30,30.540,54.770,52.800,39.860,38.480,30.840,0.822,16.887,17.757,0.572,0.836,547.200,782.800,1.431,9.666,14.850,0.626,0.914,20.622,21.575,0.749,0.753,9.659,14.845,0.189,9.340,10.034,0.018,4155.000,62.502,42.246,9.340,52.279,ON,Variable clouds; Hybrid loop operating; Ceff=1.43x
71,08:35:00,30.560,54.840,52.870,39.900,38.520,30.850,0.824,16.883,17.754,0.573,0.838,547.900,784.400,1.432,9.677,14.878,0.626,0.916,20.617,21.573,0.750,0.753,9.674,14.878,0.189,9.342,10.036,0.018,4155.000,62.654,42.262,9.342,52.298,ON,Variable clouds; Hybrid loop operating; Ceff=1.43x
72,08:35:30,30.590,54.920,52.960,39.940,38.570,30.860,0.827,16.877,17.752,0.575,0.841,549.300,786.800,1.432,9.697,14.921,0.628,0.919,20.612,21.570,0.749,0.753,9.704,14.929,0.189,9.347,10.040,0.018,4155.000,62.882,42.286,9.347,52.326,ON,Variable clouds; Hybrid loop operating; Ceff=1.43x
73,08:36:00,30.620,55.030,53.060,40.000,38.620,30.870,0.831,16.871,17.748,0.576,0.844,551.200,790.100,1.433,9.726,14.979,0.630,0.922,20.605,21.566,0.749,0.753,9.718,14.979,0.189,9.328,10.031,0.018,4155.000,63.186,42.314,9.328,52.345,ON,Variable clouds; Hybrid loop operating; Ceff=1.43x
74,08:36:30,30.650,55.150,53.170,40.070,38.690,30.890,0.836,16.865,17.744,0.579,0.848,553.600,794.100,1.434,9.765,15.051,0.633,0.927,20.597,21.562,0.749,0.753,9.765,15.047,0.189,9.333,10.026,0.018,4155.000,63.567,42.354,9.333,52.379,ON,Variable clouds; Hybrid loop operating; Ceff=1.43x
75,08:37:00,30.670,55.280,53.290,40.150,38.760,30.900,0.842,16.857,17.740,0.582,0.853,556.500,798.600,1.435,9.809,15.132,0.636,0.932,20.589,21.557,0.749,0.753,9.811,15.132,0.189,9.328,10.026,0.018,4155.000,64.023,42.417,9.328,52.443,ON,Variable clouds; Hybrid loop operating; Ceff=1.44x
76,08:37:30,30.700,55.430,53.430,40.230,38.840,30.910,0.848,16.849,17.735,0.585,0.858,559.400,803.300,1.436,9.854,15.215,0.639,0.938,20.580,21.552,0.749,0.753,9.857,15.217,0.189,9.323,10.023,0.018,4155.000,64.479,42.470,9.323,52.492,ON,Variable clouds; Hybrid loop operating; Ceff=1.44x
77,08:38:00,30.720,55.580,53.570,40.320,38.920,30.920,0.854,16.840,17.730,0.588,0.863,562.100,807.700,1.437,9.896,15.295,0.642,0.943,20.570,21.546,0.749,0.753,9.902,15.301,0.189,9.321,10.023,0.018,4155.000,64.935,42.537,9.321,52.560,ON,Variable clouds; Hybrid loop operating; Ceff=1.44x
78,08:38:30,30.750,55.730,53.710,40.410,39.000,30.940,0.859,16.831,17.725,0.590,0.867,564.500,811.700,1.438,9.932,15.363,0.645,0.947,20.561,21.540,0.749,0.753,9.930,15.368,0.189,9.308,10.017,0.018,4155.000,65.315,42.575,9.308,52.593,ON,Variable clouds; Hybrid loop operating; Ceff=1.44x
79,08:39:00,30.770,55.870,53.840,40.500,39.080,30.950,0.863,16.823,17.720,0.592,0.870,566.300,814.800,1.439,9.957,15.417,0.647,0.951,20.552,21.535,0.749,0.753,9.959,15.416,0.189,9.305,10.011,0.018,4155.000,65.619,42.611,9.305,52.622,ON,Variable clouds; Hybrid loop operating; Ceff=1.44x
80,08:39:30,30.790,56.000,53.960,40.580,39.150,30.960,0.865,16.815,17.715,0.593,0.872,567.500,817.000,1.440,9.972,15.454,0.648,0.953,20.544,21.530,0.749,0.753,9.971,15.447,0.189,9.297,10.004,0.018,4155.000,65.772,42.595,9.297,52.599,ON,Variable clouds; Hybrid loop operating; Ceff=1.44x
81,08:40:00,30.820,56.120,54.070,40.650,39.210,30.970,0.867,16.809,17.711,0.594,0.874,568.100,818.300,1.441,9.978,15.475,0.649,0.955,20.536,21.526,0.749,0.753,9.985,15.479,0.189,9.299,10.009,0.018,4155.000,65.924,42.625,9.299,52.634,ON,Variable clouds; Hybrid loop operating; Ceff=1.44x
82,08:40:30,30.840,56.210,54.160,40.700,39.260,30.990,0.868,16.803,17.708,0.594,0.874,568.200,819.100,1.441,9.977,15.486,0.649,0.956,20.530,21.522,0.749,0.753,9.981,15.477,0.189,9.294,9.997,0.018,4155.000,66.000,42.633,9.294,52.630,ON,Variable clouds; Hybrid loop operating; Ceff=1.44x
83,08:41:00,30.860,56.280,54.240,40.740,39.310,31.000,0.869,16.799,17.706,0.594,0.875,568.200,819.500,1.442,9.973,15.491,0.649,0.956,20.526,21.520,0.749,0.753,9.979,15.493,0.189,9.292,10.003,0.018,4155.000,66.076,42.661,9.292,52.664,ON,Variable clouds; Hybrid loop operating; Ceff=1.44x
84,08:41:30,30.880,56.330,54.290,40.770,39.340,31.010,0.869,16.796,17.704,0.594,0.875,568.200,820.000,1.443,9.970,15.499,0.649,0.957,20.522,21.518,0.749,0.753,9.977,15.491,0.189,9.290,9.995,0.018,4155.000,66.076,42.635,9.290,52.630,ON,Variable clouds; Hybrid loop operating; Ceff=1.44x
85,08:42:00,30.900,56.370,54.330,40.790,39.360,31.030,0.870,16.793,17.703,0.594,0.876,568.500,821.000,1.444,9.974,15.515,0.649,0.958,20.520,21.516,0.749,0.753,9.975,15.508,0.189,9.284,9.994,0.018,4155.000,66.152,42.632,9.284,52.626,ON,Variable clouds; Hybrid loop operating; Ceff=1.44x
86,08:42:30,30.920,56.390,54.370,40.800,39.380,31.040,0.873,16.792,17.702,0.595,0.878,569.300,822.600,1.445,9.987,15.546,0.650,0.960,20.518,21.515,0.749,0.753,9.991,15.542,0.189,9.286,9.997,0.018,4155.000,66.380,42.696,9.286,52.693,ON,Variable clouds; Hybrid loop operating; Ceff=1.44x
87,08:43:00,30.940,56.410,54.390,40.810,39.400,31.050,0.876,16.790,17.701,0.596,0.881,570.700,825.200,1.446,10.011,15.594,0.652,0.963,20.516,21.514,0.748,0.753,10.007,15.595,0.189,9.277,9.999,0.018,4155.000,66.608,42.708,9.277,52.707,ON,Variable clouds; Hybrid loop operating; Ceff=1.45x
88,08:43:30,30.960,56.430,54.420,40.820,39.420,31.070,0.880,16.789,17.700,0.598,0.885,572.800,828.600,1.447,10.045,15.657,0.654,0.967,20.515,21.514,0.749,0.753,10.040,15.665,0.189,9.274,10.003,0.018,4155.000,66.912,42.727,9.274,52.729,ON,Variable clouds; Hybrid loop operating; Ceff=1.45x
89,08:44:00,30.980,56.450,54.450,40.830,39.440,31.080,0.886,16.787,17.699,0.601,0.889,575.200,832.700,1.448,10.088,15.734,0.657,0.972,20.513,21.512,0.749,0.752,10.089,15.734,0.189,9.280,9.998,0.018,4155.000,67.368,42.806,9.280,52.804,ON,Variable clouds; Hybrid loop operating; Ceff=1.45x
90,08:44:30,30.990,56.480,54.500,40.850,39.460,31.100,0.891,16.785,17.698,0.604,0.894,578.000,837.300,1.448,10.135,15.818,0.660,0.977,20.511,21.511,0.749,0.753,10.138,15.822,0.189,9.280,9.998,0.018,4155.000,67.749,42.811,9.280,52.809,ON,Variable clouds; Hybrid loop operating; Ceff=1.45x
91,08:45:00,31.010,56.530,54.550,40.880,39.500,31.110,0.897,16.782,17.696,0.607,0.899,580.800,841.800,1.449,10.181,15.902,0.663,0.982,20.507,21.509,0.749,0.753,10.187,15.909,0.189,9.280,9.999,0.018,4155.000,68.205,42.869,9.280,52.868,ON,Variable clouds; Hybrid loop operating; Ceff=1.45x
92,08:45:30,31.030,56.600,54.620,40.920,39.540,31.120,0.903,16.778,17.693,0.609,0.903,583.400,846.000,1.450,10.223,15.979,0.666,0.987,20.503,21.506,0.749,0.753,10.218,15.977,0.189,9.267,9.992,0.018,4155.000,68.661,42.942,9.267,52.934,ON,Variable clouds; Hybrid loop operating; Ceff=1.45x
93,08:46:00,31.040,56.680,54.700,40.970,39.590,31.140,0.907,16.773,17.690,0.611,0.907,585.500,849.600,1.451,10.256,16.043,0.668,0.991,20.497,21.503,0.749,0.753,10.248,16.045,0.189,9.261,9.992,0.018,4155.000,68.965,42.949,9.261,52.941,ON,Variable clouds; Hybrid loop operating; Ceff=1.45x
94,08:46:30,31.060,56.780,54.790,41.030,39.640,31.150,0.911,16.768,17.687,0.613,0.910,587.000,852.300,1.452,10.279,16.091,0.670,0.994,20.491,21.499,0.749,0.753,10.279,16.095,0.189,9.265,9.992,0.018,4155.000,69.269,43.002,9.265,52.994,ON,Variable clouds; Hybrid loop operating; Ceff=1.45x
95,08:47:00,31.080,56.890,54.900,41.100,39.700,31.160,0.913,16.761,17.683,0.614,0.912,587.900,854.100,1.453,10.290,16.121,0.671,0.996,20.484,21.495,0.749,0.753,10.291,16.127,0.189,9.262,9.990,0.018,4155.000,69.421,43.005,9.262,52.996,ON,Variable clouds; Hybrid loop operating; Ceff=1.45x
96,08:47:30,31.090,57.010,55.010,41.170,39.770,31.180,0.914,16.754,17.679,0.614,0.913,588.300,855.200,1.454,10.291,16.137,0.671,0.998,20.477,21.491,0.749,0.752,10.287,16.141,0.189,9.252,9.986,0.018,4155.000,69.497,42.997,9.252,52.983,ON,Variable clouds; Hybrid loop operating; Ceff=1.45x
97,08:48:00,31.110,57.130,55.110,41.240,39.830,31.190,0.915,16.748,17.676,0.614,0.913,588.300,855.800,1.455,10.287,16.143,0.671,0.998,20.469,21.487,0.749,0.753,10.283,16.138,0.189,9.248,9.977,0.018,4155.000,69.573,43.014,9.248,52.991,ON,Variable clouds; Hybrid loop operating; Ceff=1.45x
98,08:48:30,31.120,57.240,55.220,41.310,39.890,31.200,0.916,16.741,17.672,0.614,0.914,588.300,856.200,1.456,10.281,16.147,0.671,0.999,20.462,21.482,0.749,0.752,10.279,16.152,0.189,9.245,9.981,0.018,4155.000,69.649,43.041,9.245,53.022,ON,Variable clouds; Hybrid loop operating; Ceff=1.46x
99,08:49:00,31.130,57.350,55.320,41.370,39.940,31.220,0.917,16.735,17.668,0.614,0.914,588.400,856.900,1.456,10.278,16.156,0.671,0.999,20.455,21.478,0.749,0.753,10.275,16.149,0.189,9.240,9.971,0.018,4155.000,69.725,43.053,9.240,53.024,ON,Variable clouds; Hybrid loop operating; Ceff=1.46x
100,08:49:30,31.150,57.450,55.410,41.420,39.990,31.230,0.918,16.729,17.665,0.615,0.916,588.900,858.200,1.457,10.283,16.177,0.672,1.001,20.449,21.475,0.748,0.753,10.288,16.181,0.189,9.244,9.976,0.018,4155.000,69.802,43.034,9.244,53.010,ON,Variable clouds; Hybrid loop operating; Ceff=1.46x
101,08:50:00,31.160,57.540,55.490,41.470,40.040,31.240,0.921,16.724,17.662,0.616,0.918,590.000,860.300,1.458,10.298,16.214,0.673,1.003,20.444,21.472,0.748,0.753,10.302,16.214,0.189,9.239,9.972,0.018,4155.000,70.030,43.070,9.239,53.041,ON,Variable clouds; Hybrid loop operating; Ceff=1.46x
102,08:50:30,31.170,57.600,55.560,41.510,40.080,31.250,0.925,16.720,17.660,0.618,0.921,591.700,863.300,1.459,10.325,16.268,0.675,1.007,20.439,21.469,0.748,0.752,10.333,16.265,0.189,9.240,9.968,0.018,4155.000,70.334,43.106,9.240,53.075,ON,Variable clouds; Hybrid loop operating; Ceff=1.46x
103,08:51:00,31.180,57.660,55.610,41.540,40.110,31.270,0.930,16.717,17.658,0.620,0.925,594.000,867.200,1.460,10.363,16.339,0.677,1.011,20.436,21.467,0.749,0.753,10.365,16.334,0.189,9.232,9.966,0.018,4155.000,70.714,43.144,9.232,53.110,ON,Variable clouds; Hybrid loop operating; Ceff=1.46x
104,08:51:30,31.200,57.690,55.650,41.560,40.130,31.280,0.936,16.715,17.657,0.623,0.930,596.800,871.700,1.461,10.409,16.422,0.681,1.016,20.433,21.466,0.748,0.753,10.413,16.421,0.189,9.232,9.967,0.018,4155.000,71.170,43.199,9.232,53.166,ON,Variable clouds; Hybrid loop operating; Ceff=1.46x
105,08:52:00,31.210,57.720,55.680,41.580,40.150,31.290,0.942,16.713,17.656,0.626,0.935,599.700,876.500,1.462,10.458,16.511,0.684,1.022,20.432,21.465,0.748,0.753,10.462,16.508,0.189,9.231,9.965,0.018,4155.000,71.626,43.237,9.231,53.203,ON,Variable clouds; Hybrid loop operating; Ceff=1.46x
106,08:52:30,31.220,57.730,55.710,41.590,40.170,31.300,0.948,16.712,17.655,0.629,0.940,602.500,881.100,1.462,10.507,16.598,0.687,1.027,20.430,21.464,0.749,0.753,10.512,16.596,0.189,9.231,9.966,0.018,4155.000,72.083,43.286,9.231,53.251,ON,Variable clouds; Hybrid loop operating; Ceff=1.46x
107,08:53:00,31.230,57.740,55.730,41.590,40.180,31.310,0.954,16.711,17.654,0.631,0.945,605.000,885.300,1.463,10.550,16.676,0.690,1.032,20.429,21.463,0.748,0.753,10.545,16.683,0.189,9.222,9.971,0.018,4155.000,72.539,43.353,9.222,53.324,ON,Variable clouds; Hybrid loop operating; Ceff=1.46x
108,08:53:30,31.240,57.750,55.750,41.600,40.200,31.330,0.958,16.710,17.654,0.633,0.948,607.000,888.800,1.464,10.584,16.741,0.692,1.036,20.428,21.463,0.749,0.753,10.577,16.736,0.189,9.220,9.963,0.018,4155.000,72.843,43.363,9.220,53.326,ON,Variable clouds; Hybrid loop operating; Ceff=1.46x
109,08:54:00,31.260,57.760,55.770,41.600,40.210,31.340,0.962,16.709,17.653,0.635,0.951,608.400,891.400,1.465,10.608,16.789,0.694,1.039,20.427,21.462,0.748,0.753,10.610,16.788,0.189,9.227,9.965,0.018,4155.000,73.147,43.417,9.227,53.382,ON,Variable clouds; Hybrid loop operating; Ceff=1.47x
110,08:54:30,31.270,57.780,55.800,41.610,40.230,31.350,0.964,16.708,17.653,0.636,0.953,609.300,893.100,1.466,10.621,16.821,0.695,1.041,20.426,21.461,0.748,0.753,10.626,16.823,0.189,9.228,9.967,0.018,4155.000,73.299,43.425,9.228,53.391,ON,Variable clouds; Hybrid loop operating; Ceff=1.47x
111,08:55:00,31.280,57.800,55.830,41.620,40.240,31.360,0.965,16.706,17.652,0.636,0.954,609.600,894.200,1.467,10.626,16.840,0.695,1.043,20.424,21.460,0.749,0.752,10.625,16.840,0.189,9.222,9.964,0.018,4155.000,73.375,43.416,9.222,53.381,ON,Variable clouds; Hybrid loop operating; Ceff=1.47x
112,08:55:30,31.290,57.840,55.870,41.650,40.270,31.370,0.966,16.704,17.650,0.636,0.955,609.800,894.900,1.468,10.626,16.851,0.695,1.043,20.421,21.459,0.749,0.753,10.624,16.856,0.189,9.218,9.966,0.018,4155.000,73.451,43.427,9.218,53.393,ON,Variable clouds; Hybrid loop operating; Ceff=1.47x
113,08:56:00,31.300,57.890,55.930,41.680,40.300,31.380,0.967,16.701,17.648,0.636,0.955,609.900,895.600,1.469,10.626,16.863,0.695,1.044,20.418,21.457,0.749,0.753,10.622,16.854,0.189,9.215,9.957,0.018,4155.000,73.527,43.438,9.215,53.395,ON,Variable clouds; Hybrid loop operating; Ceff=1.47x
114,08:56:30,31.310,57.960,55.990,41.710,40.340,31.390,0.969,16.697,17.646,0.637,0.957,610.300,896.700,1.469,10.630,16.881,0.696,1.046,20.413,21.454,0.748,0.752,10.636,16.887,0.189,9.221,9.964,0.018,4155.000,73.679,43.475,9.221,53.439,ON,Variable clouds; Hybrid loop operating; Ceff=1.47x
115,08:57:00,31.320,58.040,56.070,41.760,40.380,31.400,0.971,16.692,17.644,0.638,0.959,611.200,898.600,1.470,10.642,16.912,0.697,1.048,20.408,21.451,0.748,0.752,10.649,16.921,0.189,9.219,9.963,0.018,4155.000,73.831,43.472,9.219,53.435,ON,Variable clouds; Hybrid loop operating; Ceff=1.47x
116,08:57:30,31.340,58.140,56.150,41.820,40.430,31.410,0.975,16.687,17.640,0.639,0.961,612.700,901.300,1.471,10.663,16.959,0.698,1.051,20.402,21.448,0.749,0.752,10.663,16.952,0.189,9.208,9.952,0.018,4155.000,74.136,43.521,9.208,53.472,ON,Variable clouds; Hybrid loop operating; Ceff=1.47x
117,08:58:00,31.350,58.240,56.250,41.880,40.480,31.420,0.979,16.681,17.637,0.641,0.965,614.800,904.900,1.472,10.695,17.024,0.701,1.055,20.396,21.444,0.748,0.752,10.693,17.020,0.189,9.202,9.952,0.018,4155.000,74.440,43.525,9.202,53.477,ON,Variable clouds; Hybrid loop operating; Ceff=1.47x
118,08:58:30,31.360,58.350,56.340,41.940,40.540,31.430,0.985,16.675,17.634,0.644,0.970,617.400,909.300,1.473,10.736,17.102,0.704,1.060,20.389,21.440,0.748,0.753,10.739,17.105,0.189,9.203,9.953,0.018,4155.000,74.896,43.580,9.203,53.533,ON,Variable clouds; Hybrid loop operating; Ceff=1.47x
119,08:59:00,31.370,58.450,56.440,42.000,40.590,31.440,0.992,16.669,17.630,0.647,0.975,620.300,914.200,1.474,10.783,17.190,0.707,1.066,20.383,21.437,0.748,0.752,10.785,17.189,0.189,9.199,9.948,0.018,4155.000,75.428,43.655,9.199,53.603,ON,Variable clouds; Hybrid loop operating; Ceff=1.47x
120,08:59:30,31.380,58.560,56.540,42.060,40.650,31.450,0.998,16.663,17.626,0.650,0.980,623.400,919.200,1.474,10.831,17.280,0.710,1.071,20.376,21.433,0.749,0.753,10.831,17.273,0.189,9.193,9.943,0.018,4155.000,75.884,43.680,9.193,53.623,ON,Variable clouds; Hybrid loop operating; Ceff=1.47x
121,09:00:00,31.400,58.650,56.620,42.120,40.700,31.450,1.005,16.658,17.623,0.653,0.985,626.300,923.900,1.475,10.876,17.365,0.714,1.077,20.371,21.429,0.748,0.752,10.878,17.359,0.189,9.189,9.941,0.018,4155.000,76.417,43.762,9.189,53.703,ON,Variable clouds; Hybrid loop operating; Ceff=1.48x
122,09:00:30,31.410,58.730,56.700,42.170,40.750,31.460,1.010,16.653,17.620,0.655,0.990,628.700,928.100,1.476,10.915,17.440,0.716,1.082,20.366,21.426,0.749,0.752,10.908,17.444,0.189,9.180,9.945,0.018,4155.000,76.797,43.781,9.180,53.726,ON,Variable clouds; Hybrid loop operating; Ceff=1.48x
123,09:01:00,31.420,58.790,56.760,42.210,40.790,31.470,1.015,16.649,17.618,0.657,0.993,630.600,931.400,1.477,10.945,17.500,0.718,1.086,20.362,21.424,0.749,0.752,10.938,17.495,0.189,9.178,9.938,0.018,4155.000,77.177,43.842,9.178,53.780,ON,Variable clouds; Hybrid loop operating; Ceff=1.48x
124,09:01:30,31.440,58.830,56.810,42.230,40.820,31.480,1.018,16.647,17.616,0.659,0.996,631.900,933.800,1.478,10.965,17.543,0.720,1.088,20.359,21.422,0.748,0.753,10.970,17.546,0.189,9.186,9.941,0.018,4155.000,77.405,43.859,9.186,53.800,ON,Variable clouds; Hybrid loop operating; Ceff=1.48x
125,09:02:00,31.450,58.860,56.840,42.250,40.840,31.480,1.020,16.645,17.615,0.659,0.998,632.600,935.400,1.479,10.976,17.571,0.721,1.090,20.357,21.421,0.748,0.753,10.969,17.580,0.189,9.174,9.944,0.018,4155.000,77.557,43.870,9.174,53.813,ON,Variable clouds; Hybrid loop operating; Ceff=1.48x
126,09:02:30,31.470,58.870,56.860,42.260,40.850,31.490,1.021,16.644,17.615,0.660,0.999,632.900,936.400,1.480,10.980,17.590,0.721,1.091,20.355,21.420,0.748,0.753,10.985,17.597,0.189,9.183,9.943,0.018,4155.000,77.633,43.866,9.183,53.809,ON,Variable clouds; Hybrid loop operating; Ceff=1.48x
127,09:03:00,31.480,58.870,56.880,42.260,40.860,31.500,1.022,16.643,17.614,0.660,0.999,633.100,937.200,1.480,10.983,17.604,0.721,1.092,20.355,21.420,0.748,0.753,10.984,17.596,0.189,9.180,9.934,0.018,4155.000,77.709,43.871,9.180,53.805,ON,Variable clouds; Hybrid loop operating; Ceff=1.48x
128,09:03:30,31.500,58.870,56.880,42.250,40.870,31.500,1.024,16.643,17.614,0.660,1.000,633.300,938.100,1.481,10.987,17.621,0.721,1.093,20.355,21.419,0.749,0.753,10.984,17.614,0.189,9.177,9.935,0.018,4155.000,77.861,43.915,9.177,53.849,ON,Variable clouds; Hybrid loop operating; Ceff=1.48x
129,09:04:00,31.510,58.870,56.890,42.250,40.870,31.510,1.025,16.643,17.614,0.661,1.002,633.900,939.500,1.482,10.997,17.647,0.722,1.095,20.355,21.419,0.748,0.752,11.001,17.649,0.189,9.182,9.940,0.018,4155.000,77.937,43.892,9.182,53.832,ON,Variable clouds; Hybrid loop operating; Ceff=1.48x
130,09:04:30,31.530,58.870,56.910,42.260,40.880,31.520,1.028,16.642,17.614,0.662,1.004,635.100,941.800,1.483,11.017,17.688,0.723,1.098,20.354,21.419,0.749,0.752,11.017,17.684,0.189,9.178,9.935,0.018,4155.000,78.166,43.913,9.178,53.848,ON,Variable clouds; Hybrid loop operating; Ceff=1.48x
131,09:05:00,31.550,58.890,56.930,42.270,40.900,31.520,1.033,16.641,17.613,0.664,1.008,636.800,944.900,1.484,11.046,17.746,0.725,1.101,20.353,21.418,0.749,0.753,11.050,17.754,0.189,9.181,9.941,0.018,4155.000,78.546,43.982,9.181,53.923,ON,Variable clouds; Hybrid loop operating; Ceff=1.48x
132,09:05:30,31.560,58.920,56.970,42.290,40.930,31.530,1.038,16.639,17.611,0.666,1.012,639.100,948.800,1.485,11.084,17.819,0.728,1.106,20.350,21.416,0.748,0.752,11.082,17.822,0.189,9.174,9.939,0.018,4155.000,78.926,44.013,9.174,53.952,ON,Variable clouds; Hybrid loop operating; Ceff=1.48x
133,09:06:00,31.580,58.980,57.030,42.320,40.960,31.530,1.044,16.636,17.609,0.669,1.017,641.900,953.500,1.485,11.129,17.903,0.731,1.111,20.347,21.414,0.748,0.753,11.129,17.908,0.189,9.174,9.937,0.018,4155.000,79.382,44.049,9.174,53.987,ON,Variable clouds; Hybrid loop operating; Ceff=1.49x
134,09:06:30,31.600,59.050,57.100,42.370,41.010,31.540,1.051,16.631,17.607,0.672,1.022,644.900,958.500,1.486,11.177,17.993,0.734,1.117,20.342,21.411,0.749,0.752,11.176,17.994,0.189,9.169,9.933,0.018,4155.000,79.914,44.113,9.169,54.046,ON,Variable clouds; Hybrid loop operating; Ceff=1.49x
135,09:07:00,31.620,59.150,57.190,42.430,41.060,31.540,1.057,16.626,17.603,0.675,1.027,647.800,963.400,1.487,11.224,18.081,0.738,1.123,20.336,21.407,0.748,0.752,11.223,18.078,0.189,9.166,9.929,0.018,4155.000,80.371,44.140,9.166,54.068,ON,Variable clouds; Hybrid loop operating; Ceff=1.49x
136,09:07:30,31.640,59.250,57.290,42.500,41.130,31.550,1.064,16.620,17.599,0.678,1.032,650.500,967.900,1.488,11.265,18.161,0.741,1.128,20.329,21.403,0.748,0.752,11.268,18.162,0.189,9.165,9.928,0.018,4155.000,80.903,44.225,9.165,54.154,ON,Variable clouds; Hybrid loop operating; Ceff=1.49x
137,09:08:00,31.660,59.370,57.400,42.580,41.190,31.550,1.069,16.613,17.595,0.680,1.036,652.600,971.700,1.489,11.297,18.226,0.743,1.132,20.322,21.398,0.748,0.752,11.297,18.228,0.189,9.159,9.926,0.018,4155.000,81.283,44.259,9.159,54.185,ON,Variable clouds; Hybrid loop operating; Ceff=1.49x
138,09:08:30,31.680,59.500,57.510,42.650,41.260,31.550,1.073,16.606,17.591,0.682,1.039,654.200,974.500,1.490,11.318,18.274,0.745,1.135,20.314,21.393,0.748,0.753,11.325,18.277,0.189,9.160,9.923,0.018,4155.000,81.587,44.297,9.160,54.221,ON,Variable clouds; Hybrid loop operating; Ceff=1.49x
139,09:09:00,31.700,59.620,57.620,42.730,41.330,31.560,1.075,16.599,17.586,0.682,1.041,655.100,976.400,1.490,11.328,18.305,0.746,1.138,20.306,21.389,0.748,0.752,11.321,18.307,0.189,9.143,9.920,0.018,4155.000,81.739,44.294,9.143,54.214,ON,Variable clouds; Hybrid loop operating; Ceff=1.49x
140,09:09:30,31.720,59.730,57.720,42.800,41.400,31.560,1.077,16.593,17.582,0.683,1.042,655.500,977.600,1.491,11.330,18.321,0.746,1.139,20.299,21.384,0.748,0.752,11.333,18.320,0.189,9.148,9.915,0.018,4155.000,81.891,44.322,9.148,54.237,ON,Variable clouds; Hybrid loop operating; Ceff=1.49x
141,09:10:00,31.740,59.830,57.810,42.860,41.450,31.570,1.078,16.587,17.579,0.683,1.043,655.600,978.300,1.492,11.326,18.329,0.746,1.140,20.293,21.380,0.748,0.752,11.329,18.335,0.189,9.143,9.916,0.018,4155.000,81.967,44.331,9.143,54.247,ON,Variable clouds; Hybrid loop operating; Ceff=1.49x
142,09:10:30,31.770,59.910,57.890,42.920,41.500,31.570,1.078,16.582,17.576,0.683,1.043,655.700,978.800,1.493,11.322,18.336,0.746,1.140,20.288,21.377,0.748,0.752,11.326,18.332,0.189,9.139,9.909,0.018,4155.000,81.967,44.308,9.139,54.218,ON,Variable clouds; Hybrid loop operating; Ceff=1.49x
143,09:11:00,31.790,59.970,57.950,42.960,41.540,31.570,1.080,16.579,17.573,0.683,1.044,655.900,979.700,1.494,11.323,18.349,0.746,1.141,20.284,21.374,0.748,0.752,11.323,18.346,0.189,9.134,9.908,0.018,4155.000,82.119,44.350,9.134,54.258,ON,Variable clouds; Hybrid loop operating; Ceff=1.49x
144,09:11:30,31.810,60.020,58.000,42.990,41.570,31.580,1.082,16.576,17.571,0.684,1.046,656.500,981.200,1.495,11.331,18.374,0.747,1.143,20.281,21.372,0.748,0.752,11.338,18.379,0.189,9.138,9.911,0.018,4155.000,82.271,44.364,9.138,54.275,ON,Variable clouds; Hybrid loop operating; Ceff=1.49x
145,09:12:00,31.840,60.050,58.040,43.010,41.600,31.580,1.085,16.574,17.570,0.685,1.048,657.600,983.500,1.495,11.350,18.415,0.748,1.145,20.279,21.371,0.748,0.753,11.353,18.413,0.189,9.135,9.906,0.018,4155.000,82.500,44.383,9.135,54.289,ON,Variable clouds; Hybrid loop operating; Ceff=1.5x
146,09:12:30,31.860,60.070,58.060,43.030,41.620,31.580,1.089,16.572,17.569,0.687,1.051,659.400,986.700,1.496,11.379,18.473,0.750,1.149,20.277,21.370,0.748,0.752,11.385,18.465,0.189,9.135,9.902,0.018,4155.000,82.804,44.402,9.135,54.304,ON,Variable clouds; Hybrid loop operating; Ceff=1.5x
147,09:13:00,31.890,60.080,58.090,43.040,41.640,31.580,1.094,16.571,17.568,0.689,1.056,661.700,990.700,1.497,11.418,18.547,0.753,1.154,20.276,21.368,0.748,0.752,11.417,18.552,0.189,9.129,9.908,0.018,4155.000,83.184,44.426,9.129,54.334,ON,Variable clouds; Hybrid loop operating; Ceff=1.5x
148,09:13:30,31.910,60.090,58.110,43.050,41.660,31.590,1.101,16.570,17.567,0.692,1.061,664.400,995.200,1.498,11.463,18.631,0.756,1.159,20.275,21.367,0.748,0.752,11.466,18.639,0.189,9.131,9.909,0.018,4155.000,83.716,44.508,9.131,54.417,ON,Variable clouds; Hybrid loop operating; Ceff=1.5x
149,09:14:00,31.940,60.110,58.130,43.070,41.690,31.590,1.107,16.569,17.566,0.695,1.066,667.200,999.900,1.499,11.511,18.718,0.759,1.165,20.274,21.366,0.748,0.752,11.515,18.725,0.189,9.132,9.909,0.018,4155.000,84.172,44.540,9.132,54.449,ON,Variable clouds; Hybrid loop operating; Ceff=1.5x
150,09:14:30,31.960,60.130,58.160,43.090,41.710,31.590,1.113,16.568,17.564,0.697,1.070,669.800,1004.400,1.499,11.555,18.800,0.762,1.170,20.272,21.365,0.748,0.752,11.548,18.793,0.189,9.122,9.900,0.018,4155.000,84.629,44.581,9.122,54.481,ON,Variable clouds; Hybrid loop operating; Ceff=1.5x
151,09:15:00,31.990,60.160,58.210,43.120,41.750,31.590,1.119,16.565,17.562,0.700,1.075,672.100,1008.400,1.500,11.592,18.871,0.765,1.174,20.269,21.362,0.748,0.752,11.596,18.879,0.189,9.128,9.906,0.018,4155.000,85.085,44.643,9.128,54.549,ON,Variable clouds; Hybrid loop operating; Ceff=1.5x
152,09:15:30,32.020,60.210,58.260,43.160,41.790,31.600,1.123,16.562,17.560,0.702,1.078,673.800,1011.500,1.501,11.619,18.926,0.767,1.178,20.266,21.360,0.747,0.752,11.627,18.930,0.189,9.130,9.902,0.018,4155.000,85.389,44.666,9.130,54.568,ON,Variable clouds; Hybrid loop operating; Ceff=1.5x
153,09:16:00,32.050,60.280,58.330,43.200,41.840,31.600,1.126,16.558,17.557,0.703,1.080,674.900,1013.600,1.502,11.634,18.963,0.768,1.180,20.262,21.357,0.748,0.752,11.640,18.962,0.189,9.126,9.898,0.018,4155.000,85.617,44.692,9.126,54.590,ON,Variable clouds; Hybrid loop operating; Ceff=1.5x
154,09:16:30,32.070,60.360,58.410,43.260,41.890,31.600,1.128,16.553,17.554,0.703,1.081,675.400,1014.900,1.503,11.638,18.982,0.768,1.182,20.256,21.353,0.748,0.752,11.637,18.976,0.189,9.116,9.893,0.018,4155.000,85.769,44.714,9.116,54.607,ON,Variable clouds; Hybrid loop operating; Ceff=1.5x
155,09:17:00,32.100,60.460,58.500,43.320,41.950,31.600,1.129,16.548,17.550,0.703,1.082,675.400,1015.500,1.504,11.633,18.988,0.768,1.182,20.250,21.349,0.748,0.752,11.633,18.989,0.189,9.113,9.894,0.018,4155.000,85.845,44.727,9.113,54.621,ON,Variable clouds; Hybrid loop operating; Ceff=1.5x
156,09:17:30,32.130,60.570,58.590,43.400,42.020,31.610,1.129,16.542,17.546,0.703,1.082,675.200,1015.700,1.504,11.624,18.987,0.768,1.183,20.244,21.345,0.748,0.752,11.629,18.985,0.189,9.113,9.890,0.018,4155.000,85.845,44.719,9.113,54.608,ON,Variable clouds; Hybrid loop operating; Ceff=1.5x
157,09:18:00,32.160,60.680,58.700,43.470,42.080,31.610,1.129,16.535,17.542,0.702,1.082,675.000,1016.000,1.505,11.616,18.987,0.768,1.183,20.237,21.340,0.747,0.752,11.608,18.980,0.189,9.099,9.884,0.018,4155.000,85.845,44.705,9.099,54.590,ON,Variable clouds; Hybrid loop operating; Ceff=1.51x
158,09:18:30,32.190,60.800,58.800,43.550,42.150,31.610,1.130,16.529,17.538,0.703,1.083,675.100,1016.700,1.506,11.612,18.995,0.768,1.184,20.229,21.335,0.747,0.752,11.620,18.994,0.189,9.107,9.884,0.018,4155.000,85.921,44.714,9.107,54.599,ON,Variable clouds; Hybrid loop operating; Ceff=1.51x
159,09:19:00,32.220,60.920,58.910,43.630,42.220,31.610,1.132,16.522,17.533,0.703,1.085,675.700,1018.200,1.507,11.616,19.016,0.768,1.185,20.222,21.330,0.748,0.752,11.615,19.023,0.189,9.095,9.885,0.018,4155.000,86.073,44.727,9.095,54.613,ON,Variable clouds; Hybrid loop operating; Ceff=1.51x
160,09:19:30,32.250,61.030,59.010,43.700,42.290,31.620,1.135,16.516,17.529,0.704,1.087,676.900,1020.500,1.508,11.631,19.054,0.770,1.188,20.215,21.326,0.747,0.752,11.627,19.054,0.189,9.088,9.879,0.018,4155.000,86.301,44.745,9.088,54.624,ON,Variable clouds; Hybrid loop operating; Ceff=1.51x
161,09:20:00,32.280,61.130,59.110,43.770,42.350,31.620,1.140,16.510,17.525,0.706,1.090,678.700,1023.800,1.508,11.657,19.109,0.772,1.192,20.208,21.321,0.747,0.752,11.656,19.102,0.189,9.087,9.872,0.018,4155.000,86.682,44.797,9.087,54.669,ON,Variable clouds; Hybrid loop operating; Ceff=1.51x
162,09:20:30,32.300,61.230,59.190,43.840,42.410,31.620,1.145,16.504,17.521,0.708,1.095,681.000,1027.700,1.509,11.691,19.178,0.774,1.196,20.203,21.317,0.748,0.752,11.685,19.185,0.189,9.078,9.877,0.018,4155.000,87.062,44.823,9.078,54.700,ON,Variable clouds; Hybrid loop operating; Ceff=1.51x
163,09:21:00,32.330,61.310,59.270,43.890,42.470,31.620,1.152,16.500,17.518,0.711,1.099,683.600,1032.100,1.510,11.731,19.256,0.777,1.201,20.198,21.314,0.747,0.752,11.732,19.252,0.189,9.080,9.870,0.018,4155.000,87.594,44.905,9.080,54.774,ON,Variable clouds; Hybrid loop operating; Ceff=1.51x
164,09:21:30,32.360,61.370,59.330,43.940,42.520,31.630,1.158,16.496,17.515,0.714,1.104,686.100,1036.600,1.511,11.772,19.335,0.780,1.206,20.193,21.311,0.747,0.752,11.778,19.337,0.189,9.083,9.870,0.018,4155.000,88.050,44.943,9.083,54.812,ON,Variable clouds; Hybrid loop operating; Ceff=1.51x
165,09:22:00,32.390,61.420,59.390,43.980,42.560,31.630,1.163,16.493,17.512,0.716,1.108,688.500,1040.700,1.512,11.809,19.408,0.783,1.211,20.190,21.308,0.747,0.752,11.809,19.403,0.189,9.075,9.865,0.018,4155.000,88.430,44.959,9.075,54.824,ON,Variable clouds; Hybrid loop operating; Ceff=1.51x
166,09:22:30,32.420,61.460,59.430,44.020,42.600,31.630,1.168,16.490,17.510,0.718,1.112,690.400,1044.100,1.512,11.840,19.469,0.785,1.215,20.187,21.306,0.747,0.752,11.840,19.471,0.189,9.074,9.867,0.018,4155.000,88.811,45.005,9.074,54.872,ON,Variable clouds; Hybrid loop operating; Ceff=1.51x
167,09:23:00,32.450,61.480,59.470,44.040,42.630,31.640,1.172,16.489,17.509,0.719,1.115,691.700,1046.600,1.513,11.861,19.514,0.786,1.218,20.185,21.304,0.748,0.752,11.856,19.523,0.189,9.069,9.869,0.018,4155.000,89.115,45.051,9.069,54.921,ON,Variable clouds; Hybrid loop operating; Ceff=1.51x
168,09:23:30,32.480,61.500,59.500,44.060,42.660,31.640,1.174,16.487,17.507,0.720,1.116,692.400,1048.200,1.514,11.871,19.541,0.787,1.220,20.184,21.302,0.747,0.752,11.871,19.538,0.189,9.071,9.862,0.018,4155.000,89.267,45.059,9.071,54.921,ON,Variable clouds; Hybrid loop operating; Ceff=1.51x
169,09:24:00,32.510,61.520,59.520,44.080,42.680,31.640,1.175,16.486,17.506,0.720,1.117,692.600,1049.000,1.515,11.873,19.554,0.787,1.221,20.182,21.300,0.748,0.752,11.870,19.554,0.189,9.068,9.863,0.018,4155.000,89.343,45.063,9.068,54.926,ON,Variable clouds; Hybrid loop operating; Ceff=1.51x
170,09:24:30,32.540,61.540,59.550,44.100,42.710,31.650,1.175,16.485,17.504,0.720,1.117,692.400,1049.300,1.515,11.868,19.557,0.787,1.221,20.181,21.299,0.747,0.752,11.869,19.552,0.189,9.070,9.859,0.018,4155.000,89.343,45.050,9.070,54.909,ON,Variable clouds; Hybrid loop operating; Ceff=1.52x
171,09:25:00,32.570,61.560,59.580,44.120,42.740,31.650,1.175,16.483,17.503,0.720,1.117,692.100,1049.300,1.516,11.861,19.556,0.786,1.221,20.179,21.297,0.748,0.752,11.868,19.551,0.189,9.073,9.858,0.018,4155.000,89.343,45.050,9.073,54.909,ON,Variable clouds; Hybrid loop operating; Ceff=1.52x
172,09:25:30,32.600,61.600,59.620,44.150,42.770,31.660,1.176,16.481,17.501,0.719,1.118,691.900,1049.600,1.517,11.856,19.558,0.786,1.221,20.177,21.295,0.748,0.752,11.850,19.566,0.189,9.062,9.863,0.018,4155.000,89.419,45.076,9.062,54.939,ON,Variable clouds; Hybrid loop operating; Ceff=1.52x
173,09:26:00,32.630,61.650,59.670,44.190,42.810,31.660,1.177,16.478,17.499,0.720,1.118,692.100,1050.500,1.518,11.857,19.572,0.786,1.222,20.173,21.293,0.748,0.752,11.864,19.564,0.189,9.070,9.854,0.018,4155.000,89.495,45.076,9.070,54.929,ON,Variable clouds; Hybrid loop operating; Ceff=1.52x
174,09:26:30,32.660,61.710,59.740,44.240,42.860,31.670,1.179,16.474,17.496,0.720,1.120,692.900,1052.200,1.519,11.867,19.600,0.787,1.224,20.169,21.290,0.748,0.752,11.861,19.596,0.189,9.057,9.854,0.018,4155.000,89.647,45.079,9.057,54.933,ON,Variable clouds; Hybrid loop operating; Ceff=1.52x
175,09:27:00,32.680,61.790,59.810,44.300,42.910,31.670,1.183,16.469,17.493,0.722,1.123,694.300,1054.900,1.519,11.887,19.644,0.789,1.227,20.164,21.286,0.747,0.752,11.891,19.645,0.189,9.061,9.853,0.018,4155.000,89.951,45.116,9.061,54.969,ON,Variable clouds; Hybrid loop operating; Ceff=1.52x
176,09:27:30,32.710,61.890,59.900,44.370,42.980,31.680,1.188,16.463,17.489,0.724,1.127,696.200,1058.400,1.520,11.915,19.705,0.791,1.231,20.158,21.282,0.747,0.752,11.919,19.710,0.189,9.058,9.853,0.018,4155.000,90.331,45.157,9.058,55.010,ON,Variable clouds; Hybrid loop operating; Ceff=1.52x
177,09:28:00,32.740,62.010,60.010,44.440,43.040,31.680,1.194,16.457,17.484,0.726,1.131,698.700,1062.600,1.521,11.951,19.777,0.794,1.236,20.151,21.277,0.747,0.752,11.948,19.774,0.189,9.048,9.846,0.018,4155.000,90.788,45.206,9.048,55.052,ON,Variable clouds; Hybrid loop operating; Ceff=1.52x
178,09:28:30,32.770,62.130,60.120,44.530,43.120,31.690,1.200,16.450,17.480,0.729,1.136,701.300,1067.100,1.522,11.989,19.854,0.797,1.241,20.143,21.272,0.747,0.752,11.992,19.857,0.189,9.047,9.846,0.018,4155.000,91.244,45.241,9.047,55.087,ON,Variable clouds; Hybrid loop operating; Ceff=1.52x
179,09:29:00,32.790,62.250,60.230,44.610,43.200,31.690,1.207,16.443,17.475,0.731,1.140,703.800,1071.500,1.522,12.026,19.930,0.799,1.246,20.135,21.267,0.748,0.752,12.020,19.922,0.189,9.036,9.837,0.018,4155.000,91.776,45.318,9.036,55.156,ON,Variable clouds; Hybrid loop operating; Ceff=1.52x
180,09:29:30,32.820,62.370,60.340,44.700,43.270,31.700,1.212,16.436,17.470,0.734,1.145,706.000,1075.500,1.523,12.058,19.996,0.802,1.251,20.128,21.261,0.747,0.752,12.064,20.003,0.189,9.041,9.841,0.018,4155.000,92.156,45.337,9.041,55.178,ON,Variable clouds; Hybrid loop operating; Ceff=1.52x
181,09:30:00,32.850,62.490,60.440,44.770,43.340,31.710,1.217,16.430,17.466,0.735,1.148,707.800,1078.600,1.524,12.082,20.049,0.804,1.255,20.121,21.257,0.747,0.752,12.076,20.051,0.189,9.027,9.836,0.018,4155.000,92.536,45.393,9.027,55.229,ON,Variable clouds; Hybrid loop operating; Ceff=1.52x
182,09:30:30,32.870,62.590,60.540,44.840,43.410,31.710,1.220,16.424,17.462,0.736,1.150,708.900,1080.900,1.525,12.096,20.086,0.805,1.257,20.114,21.252,0.747,0.752,12.088,20.081,0.189,9.022,9.830,0.018,4155.000,92.765,45.408,9.022,55.238,ON,Variable clouds; Hybrid loop operating; Ceff=1.52x
183,09:31:00,32.900,62.670,60.620,44.900,43.460,31.720,1.222,16.419,17.458,0.737,1.152,709.500,1082.300,1.526,12.101,20.107,0.805,1.259,20.109,21.248,0.748,0.752,12.101,20.112,0.189,9.024,9.832,0.018,4155.000,92.917,45.424,9.024,55.256,ON,Variable clouds; Hybrid loop operating; Ceff=1.53x
184,09:31:30,32.920,62.730,60.680,44.940,43.510,31.730,1.223,16.415,17.456,0.737,1.152,709.500,1082.900,1.526,12.099,20.115,0.805,1.259,20.105,21.246,0.748,0.752,12.098,20.109,0.189,9.022,9.825,0.018,4155.000,92.993,45.436,9.022,55.261,ON,Variable clouds; Hybrid loop operating; Ceff=1.53x
185,09:32:00,32.940,62.770,60.720,44.980,43.540,31.730,1.223,16.413,17.454,0.737,1.153,709.400,1083.200,1.527,12.093,20.117,0.805,1.260,20.102,21.243,0.747,0.752,12.096,20.124,0.189,9.022,9.830,0.018,4155.000,92.993,45.423,9.022,55.253,ON,Variable clouds; Hybrid loop operating; Ceff=1.53x
186,09:32:30,32.970,62.790,60.750,45.000,43.570,31.740,1.223,16.411,17.452,0.737,1.153,709.200,1083.400,1.528,12.088,20.119,0.805,1.260,20.101,21.242,0.747,0.752,12.095,20.122,0.189,9.023,9.827,0.018,4155.000,92.993,45.415,9.023,55.242,ON,Variable clouds; Hybrid loop operating; Ceff=1.53x
187,09:33:00,32.990,62.800,60.770,45.010,43.590,31.750,1.224,16.410,17.451,0.737,1.153,709.200,1084.100,1.529,12.089,20.130,0.805,1.261,20.100,21.241,0.747,0.752,12.094,20.121,0.189,9.023,9.820,0.018,4155.000,93.069,45.423,9.023,55.243,ON,Variable clouds; Hybrid loop operating; Ceff=1.53x
188,09:33:30,33.010,62.800,60.780,45.020,43.600,31.760,1.226,16.410,17.451,0.737,1.155,709.800,1085.400,1.529,12.098,20.154,0.806,1.262,20.099,21.240,0.747,0.752,12.094,20.156,0.189,9.015,9.825,0.018,4155.000,93.221,45.442,9.015,55.268,ON,Variable clouds; Hybrid loop operating; Ceff=1.53x
189,09:34:00,33.040,62.800,60.790,45.020,43.620,31.770,1.229,16.410,17.450,0.738,1.157,710.900,1087.700,1.530,12.117,20.196,0.807,1.265,20.099,21.239,0.747,0.752,12.111,20.190,0.189,9.014,9.821,0.018,4155.000,93.449,45.457,9.014,55.278,ON,Variable clouds; Hybrid loop operating; Ceff=1.53x
190,09:34:30,33.060,62.810,60.810,45.030,43.630,31.770,1.234,16.409,17.449,0.740,1.161,712.700,1090.900,1.531,12.146,20.254,0.809,1.269,20.098,21.239,0.747,0.751,12.143,20.258,0.189,9.015,9.826,0.018,4155.000,93.829,45.508,9.015,55.334,ON,Variable clouds; Hybrid loop operating; Ceff=1.53x
191,09:35:00,33.080,62.820,60.830,45.040,43.650,31.780,1.240,16.408,17.448,0.743,1.165,715.000,1095.000,1.532,12.184,20.328,0.812,1.273,20.097,21.237,0.747,0.752,12.191,20.327,0.189,9.021,9.822,0.018,4155.000,94.285,45.558,9.021,55.380,ON,Variable clouds; Hybrid loop operating; Ceff=1.53x
192,09:35:30,33.100,62.840,60.860,45.070,43.680,31.790,1.246,16.406,17.447,0.745,1.170,717.600,1099.600,1.532,12.228,20.411,0.815,1.279,20.095,21.236,0.747,0.751,12.222,20.413,0.189,9.012,9.822,0.018,4155.000,94.741,45.587,9.012,55.410,ON,Variable clouds; Hybrid loop operating; Ceff=1.53x
193,09:36:00,33.120,62.890,60.910,45.100,43.720,31.800,1.253,16.404,17.445,0.748,1.175,720.400,1104.300,1.533,12.272,20.496,0.818,1.284,20.092,21.234,0.747,0.752,12.270,20.498,0.189,9.012,9.821,0.018,4155.000,95.274,45.648,9.012,55.469,ON,Variable clouds; Hybrid loop operating; Ceff=1.53x
194,09:36:30,33.140,62.950,60.970,45.150,43.760,31.810,1.259,16.400,17.442,0.751,1.180,722.900,1108.800,1.534,12.313,20.576,0.821,1.289,20.088,21.231,0.747,0.752,12.316,20.582,0.189,9.015,9.821,0.018,4155.000,95.730,45.681,9.015,55.502,ON,Variable clouds; Hybrid loop operating; Ceff=1.53x
195,09:37:00,33.150,63.030,61.050,45.200,43.820,31.820,1.265,16.395,17.439,0.753,1.184,725.100,1112.700,1.534,12.346,20.643,0.823,1.294,20.083,21.227,0.747,0.752,12.345,20.648,0.189,9.008,9.818,0.018,4155.000,96.186,45.738,9.008,55.556,ON,Variable clouds; Hybrid loop operating; Ceff=1.53x
196,09:37:30,33.170,63.130,61.140,45.270,43.880,31.830,1.269,16.390,17.435,0.755,1.187,726.800,1115.800,1.535,12.368,20.694,0.825,1.297,20.077,21.223,0.747,0.752,12.374,20.695,0.189,9.008,9.814,0.018,4155.000,96.490,45.755,9.008,55.568,ON,Variable clouds; Hybrid loop operating; Ceff=1.54x
197,09:38:00,33.190,63.230,61.240,45.340,43.940,31.840,1.272,16.384,17.431,0.756,1.189,727.800,1117.900,1.536,12.380,20.728,0.826,1.300,20.070,21.219,0.747,0.751,12.386,20.725,0.189,9.005,9.809,0.018,4155.000,96.718,45.777,9.005,55.586,ON,Variable clouds; Hybrid loop operating; Ceff=1.54x
198,09:38:30,33.210,63.350,61.340,45.410,44.000,31.850,1.274,16.377,17.427,0.756,1.190,728.300,1119.100,1.537,12.382,20.745,0.826,1.301,20.063,21.214,0.747,0.752,12.381,20.738,0.189,8.995,9.805,0.018,4155.000,96.871,45.800,8.995,55.604,ON,Variable clouds; Hybrid loop operating; Ceff=1.54x
199,09:39:00,33.220,63.460,61.440,45.480,44.070,31.860,1.275,16.371,17.423,0.756,1.191,728.300,1119.700,1.537,12.377,20.750,0.826,1.302,20.057,21.210,0.747,0.751,12.376,20.751,0.189,8.991,9.806,0.018,4155.000,96.947,45.811,8.991,55.616,ON,Variable clouds; Hybrid loop operating; Ceff=1.54x
200,09:39:30,33.240,63.560,61.540,45.540,44.130,31.870,1.276,16.365,17.419,0.756,1.191,728.200,1120.100,1.538,12.369,20.751,0.826,1.302,20.050,21.206,0.747,0.752,12.372,20.746,0.189,8.989,9.800,0.018,4155.000,97.023,45.830,8.989,55.630,ON,Variable clouds; Hybrid loop operating; Ceff=1.54x
201,09:40:00,33.250,63.660,61.620,45.600,44.180,31.880,1.276,16.360,17.416,0.756,1.192,728.200,1120.600,1.539,12.364,20.756,0.826,1.302,20.044,21.202,0.747,0.752,12.368,20.760,0.189,8.987,9.802,0.018,4155.000,97.023,45.810,8.987,55.612,ON,Variable clouds; Hybrid loop operating; Ceff=1.54x
202,09:40:30,33.270,63.740,61.700,45.660,44.230,31.890,1.278,16.355,17.413,0.756,1.193,728.500,1121.600,1.540,12.365,20.770,0.826,1.304,20.039,21.199,0.747,0.751,12.364,20.774,0.189,8.980,9.800,0.018,4155.000,97.175,45.841,8.980,55.641,ON,Variable clouds; Hybrid loop operating; Ceff=1.54x
203,09:41:00,33.280,63.800,61.760,45.700,44.260,31.900,1.280,16.351,17.411,0.757,1.195,729.300,1123.400,1.540,12.375,20.800,0.827,1.306,20.035,21.196,0.747,0.751,12.378,20.806,0.189,8.980,9.799,0.018,4155.000,97.327,45.839,8.980,55.638,ON,Variable clouds; Hybrid loop operating; Ceff=1.54x
204,09:41:30,33.290,63.850,61.810,45.730,44.300,31.910,1.284,16.348,17.409,0.758,1.198,730.800,1126.100,1.541,12.397,20.848,0.829,1.309,20.032,21.194,0.747,0.751,12.392,20.856,0.189,8.972,9.799,0.018,4155.000,97.631,45.872,8.972,55.671,ON,Variable clouds; Hybrid loop operating; Ceff=1.54x
205,09:42:00,33.310,63.880,61.840,45.750,44.320,31.930,1.289,16.346,17.407,0.760,1.201,732.800,1129.800,1.542,12.429,20.913,0.831,1.313,20.029,21.193,0.747,0.752,12.423,20.906,0.189,8.970,9.790,0.018,4155.000,98.011,45.900,8.970,55.690,ON,Variable clouds; Hybrid loop operating; Ceff=1.54x
206,09:42:30,33.320,63.900,61.870,45.760,44.340,31.940,1.296,16.345,17.406,0.763,1.206,735.300,1134.100,1.542,12.470,20.992,0.834,1.318,20.028,21.192,0.747,0.752,12.471,20.992,0.189,8.974,9.793,0.018,4155.000,98.543,45.974,8.974,55.768,ON,Variable clouds; Hybrid loop operating; Ceff=1.54x
207,09:43:00,33.330,63.910,61.890,45.770,44.360,31.950,1.303,16.344,17.406,0.766,1.211,738.000,1138.900,1.543,12.516,21.079,0.837,1.324,20.027,21.191,0.747,0.751,12.520,21.079,0.189,8.976,9.793,0.018,4155.000,99.076,46.028,8.976,55.820,ON,Variable clouds; Hybrid loop operating; Ceff=1.54x
208,09:43:30,33.340,63.910,61.900,45.780,44.370,31.960,1.309,16.344,17.405,0.769,1.216,740.700,1143.600,1.544,12.561,21.165,0.840,1.329,20.027,21.190,0.747,0.752,12.569,21.164,0.189,8.978,9.792,0.018,4155.000,99.532,46.050,8.978,55.842,ON,Variable clouds; Hybrid loop operating; Ceff=1.54x
209,09:44:00,33.350,63.910,61.910,45.780,44.380,31.970,1.315,16.344,17.405,0.771,1.221,743.200,1147.900,1.545,12.602,21.244,0.843,1.334,20.026,21.190,0.746,0.752,12.601,21.252,0.189,8.971,9.795,0.018,4155.000,99.988,46.087,8.971,55.883,ON,Variable clouds; Hybrid loop operating; Ceff=1.54x
210,09:44:30,33.370,63.910,61.920,45.780,44.390,31.980,1.321,16.343,17.404,0.773,1.224,745.100,1151.400,1.545,12.635,21.309,0.845,1.338,20.026,21.189,0.747,0.752,12.633,21.302,0.189,8.971,9.789,0.018,4155.000,100.444,46.157,8.971,55.946,ON,Variable clouds; Hybrid loop operating; Ceff=1.55x
211,09:45:00,33.380,63.920,61.940,45.790,44.410,31.990,1.324,16.342,17.404,0.775,1.227,746.500,1154.000,1.546,12.657,21.355,0.846,1.341,20.025,21.189,0.747,0.752,12.665,21.355,0.189,8.977,9.791,0.018,4155.000,100.672,46.158,8.977,55.948,ON,Variable clouds; Hybrid loop operating; Ceff=1.55x
212,09:45:30,33.390,63.940,61.970,45.800,44.430,32.010,1.327,16.341,17.403,0.775,1.229,747.200,1155.600,1.547,12.668,21.384,0.847,1.343,20.024,21.188,0.747,0.751,12.664,21.388,0.189,8.968,9.793,0.018,4155.000,100.900,46.198,8.968,55.991,ON,Variable clouds; Hybrid loop operating; Ceff=1.55x
213,09:46:00,33.400,63.960,62.000,45.820,44.450,32.020,1.328,16.339,17.402,0.775,1.230,747.400,1156.400,1.547,12.669,21.397,0.847,1.344,20.022,21.186,0.747,0.751,12.663,21.404,0.189,8.964,9.793,0.018,4155.000,100.976,46.201,8.964,55.994,ON,Variable clouds; Hybrid loop operating; Ceff=1.55x
214,09:46:30,33.410,64.010,62.050,45.850,44.480,32.030,1.328,16.337,17.400,0.775,1.230,747.200,1156.600,1.548,12.664,21.399,0.847,1.344,20.019,21.184,0.747,0.752,12.661,21.402,0.189,8.966,9.791,0.018,4155.000,100.976,46.193,8.966,55.983,ON,Variable clouds; Hybrid loop operating; Ceff=1.55x
215,09:47:00,33.420,64.060,62.100,45.880,44.510,32.040,1.328,16.333,17.398,0.775,1.230,746.900,1156.700,1.549,12.657,21.398,0.847,1.344,20.015,21.182,0.747,0.752,12.658,21.400,0.189,8.967,9.789,0.018,4155.000,100.976,46.189,8.967,55.978,ON,Variable clouds; Hybrid loop operating; Ceff=1.55x
216,09:47:30,33.420,64.140,62.170,45.920,44.550,32.050,1.329,16.329,17.396,0.775,1.230,746.900,1157.100,1.549,12.651,21.401,0.847,1.345,20.011,21.180,0.746,0.751,12.655,21.397,0.189,8.965,9.784,0.018,4155.000,101.053,46.208,8.965,55.992,ON,Variable clouds; Hybrid loop operating; Ceff=1.55x
217,09:48:00,33.430,64.220,62.240,45.970,44.590,32.060,1.330,16.325,17.393,0.775,1.231,747.200,1158.100,1.550,12.652,21.415,0.847,1.346,20.005,21.177,0.747,0.751,12.652,21.411,0.189,8.959,9.782,0.018,4155.000,101.129,46.203,8.959,55.984,ON,Variable clouds; Hybrid loop operating; Ceff=1.55x
218,09:48:30,33.440,64.310,62.320,46.020,44.640,32.070,1.333,16.319,17.390,0.776,1.233,748.000,1159.900,1.551,12.661,21.444,0.848,1.348,20.000,21.174,0.747,0.751,12.664,21.442,0.189,8.958,9.781,0.018,4155.000,101.357,46.235,8.958,56.016,ON,Variable clouds; Hybrid loop operating; Ceff=1.55x
219,09:49:00,33.450,64.400,62.410,46.080,44.680,32.080,1.337,16.314,17.387,0.777,1.236,749.500,1162.600,1.551,12.680,21.489,0.849,1.351,19.994,21.170,0.747,0.751,12.676,21.490,0.189,8.948,9.780,0.018,4155.000,101.661,46.266,8.948,56.046,ON,Variable clouds; Hybrid loop operating; Ceff=1.55x
220,09:49:30,33.460,64.500,62.500,46.140,44.730,32.100,1.342,16.309,17.384,0.779,1.240,751.400,1166.100,1.552,12.708,21.550,0.852,1.355,19.988,21.167,0.746,0.751,12.705,21.556,0.189,8.946,9.781,0.018,4155.000,102.041,46.300,8.946,56.080,ON,Variable clouds; Hybrid loop operating; Ceff=1.55x
221,09:50:00,33.470,64.590,62.580,46.190,44.780,32.110,1.348,16.303,17.381,0.782,1.244,753.800,1170.200,1.553,12.743,21.621,0.854,1.360,19.982,21.163,0.747,0.751,12.749,21.622,0.189,8.949,9.776,0.018,4155.000,102.497,46.344,8.949,56.120,ON,Variable clouds; Hybrid loop operating; Ceff=1.55x
222,09:50:30,33.480,64.670,62.650,46.240,44.830,32.120,1.354,16.299,17.378,0.784,1.248,756.200,1174.500,1.553,12.779,21.695,0.857,1.364,19.977,21.160,0.746,0.752,12.778,21.688,0.189,8.941,9.770,0.018,4155.000,102.953,46.379,8.941,56.150,ON,Variable clouds; Hybrid loop operating; Ceff=1.55x
223,09:51:00,33.490,64.740,62.720,46.280,44.870,32.130,1.360,16.295,17.375,0.786,1.253,758.500,1178.500,1.554,12.814,21.766,0.859,1.369,19.973,21.157,0.747,0.751,12.808,21.771,0.189,8.934,9.774,0.018,4155.000,103.410,46.427,8.934,56.201,ON,Variable clouds; Hybrid loop operating; Ceff=1.55x
224,09:51:30,33.500,64.800,62.770,46.320,44.900,32.140,1.365,16.291,17.373,0.788,1.256,760.400,1182.000,1.554,12.844,21.826,0.862,1.373,19.969,21.155,0.746,0.751,12.837,21.820,0.189,8.932,9.768,0.018,4155.000,103.790,46.460,8.932,56.227,ON,Variable clouds; Hybrid loop operating; Ceff=1.55x
225,09:52:00,33.500,64.830,62.810,46.340,44.930,32.150,1.369,16.289,17.372,0.790,1.259,761.800,1184.500,1.555,12.864,21.871,0.863,1.376,19.967,21.154,0.747,0.751,12.868,21.871,0.189,8.938,9.770,0.018,4155.000,104.094,46.497,8.938,56.267,ON,Variable clouds; Hybrid loop operating; Ceff=1.55x
226,09:52:30,33.510,64.850,62.840,46.350,44.940,32.160,1.371,16.288,17.371,0.790,1.261,762.500,1186.000,1.556,12.874,21.898,0.864,1.378,19.965,21.153,0.746,0.751,12.868,21.905,0.189,8.929,9.772,0.018,4155.000,104.246,46.506,8.929,56.279,ON,Variable clouds; Hybrid loop operating; Ceff=1.56x
227,09:53:00,33.520,64.860,62.850,46.360,44.950,32.170,1.372,16.287,17.371,0.790,1.261,762.500,1186.600,1.556,12.875,21.907,0.864,1.378,19.965,21.152,0.746,0.752,12.867,21.905,0.189,8.928,9.767,0.018,4155.000,104.322,46.517,8.928,56.284,ON,Variable clouds; Hybrid loop operating; Ceff=1.56x
228,09:53:30,33.530,64.850,62.860,46.350,44.960,32.180,1.372,16.287,17.371,0.790,1.261,762.100,1186.300,1.557,12.868,21.903,0.863,1.378,19.965,21.152,0.747,0.751,12.867,21.905,0.189,8.933,9.770,0.018,4155.000,104.322,46.529,8.933,56.298,ON,Variable clouds; Hybrid loop operating; Ceff=1.56x
229,09:54:00,33.540,64.840,62.850,46.340,44.950,32.190,1.371,16.288,17.371,0.789,1.260,761.400,1185.700,1.557,12.856,21.891,0.863,1.377,19.965,21.153,0.746,0.752,12.851,21.887,0.189,8.930,9.767,0.018,4155.000,104.246,46.518,8.930,56.285,ON,Variable clouds; Hybrid loop operating; Ceff=1.56x
230,09:54:30,33.550,64.820,62.850,46.330,44.950,32.200,1.370,16.289,17.372,0.789,1.259,760.700,1185.000,1.558,12.845,21.879,0.862,1.376,19.966,21.153,0.746,0.752,12.852,21.871,0.189,8.939,9.766,0.018,4155.000,104.170,46.512,8.939,56.277,ON,Variable clouds; Hybrid loop operating; Ceff=1.56x
231,09:55:00,33.560,64.800,62.840,46.320,44.950,32.210,1.369,16.289,17.372,0.788,1.259,760.200,1184.600,1.558,12.838,21.873,0.861,1.376,19.967,21.154,0.747,0.751,12.836,21.871,0.189,8.934,9.769,0.018,4155.000,104.094,46.493,8.934,56.262,ON,Variable clouds; Hybrid loop operating; Ceff=1.56x
232,09:55:30,33.570,64.800,62.840,46.310,44.950,32.220,1.370,16.289,17.372,0.788,1.259,760.200,1184.900,1.559,12.837,21.879,0.861,1.376,19.967,21.154,0.747,0.752,12.836,21.871,0.189,8.934,9.766,0.018,4155.000,104.170,46.516,8.934,56.282,ON,Variable clouds; Hybrid loop operating; Ceff=1.56x
233,09:56:00,33.580,64.800,62.860,46.320,44.950,32.220,1.371,16.289,17.372,0.789,1.261,760.700,1186.100,1.559,12.845,21.901,0.862,1.378,19.966,21.154,0.746,0.751,12.852,21.906,0.189,8.939,9.772,0.018,4155.000,104.246,46.503,8.939,56.274,ON,Variable clouds; Hybrid loop operating; Ceff=1.56x
234,09:56:30,33.590,64.830,62.880,46.330,44.970,32.230,1.374,16.287,17.371,0.790,1.263,761.800,1188.200,1.560,12.862,21.937,0.863,1.380,19.965,21.153,0.746,0.751,12.867,21.940,0.189,8.936,9.770,0.018,4155.000,104.474,46.522,8.936,56.292,ON,Variable clouds; Hybrid loop operating; Ceff=1.56x
235,09:57:00,33.600,64.870,62.920,46.360,45.000,32.240,1.378,16.285,17.369,0.791,1.266,763.300,1190.900,1.560,12.885,21.985,0.865,1.383,19.962,21.151,0.746,0.752,12.881,21.989,0.189,8.929,9.769,0.018,4155.000,104.778,46.552,8.929,56.321,ON,Variable clouds; Hybrid loop operating; Ceff=1.56x
236,09:57:30,33.620,64.940,62.980,46.400,45.030,32.250,1.383,16.281,17.367,0.793,1.269,765.100,1194.000,1.561,12.911,22.039,0.867,1.387,19.958,21.148,0.746,0.751,12.911,22.039,0.189,8.928,9.766,0.018,4155.000,105.158,46.599,8.928,56.365,ON,Variable clouds; Hybrid loop operating; Ceff=1.56x
237,09:58:00,33.630,65.010,63.050,46.440,45.070,32.260,1.387,16.277,17.364,0.795,1.272,766.800,1197.100,1.561,12.937,22.093,0.869,1.390,19.953,21.146,0.746,0.752,12.940,22.087,0.189,8.929,9.762,0.018,4155.000,105.463,46.613,8.929,56.375,ON,Variable clouds; Hybrid loop operating; Ceff=1.56x
238,09:58:30,33.640,65.100,63.130,46.500,45.120,32.260,1.391,16.272,17.361,0.796,1.275,768.300,1199.800,1.562,12.957,22.137,0.870,1.394,19.948,21.142,0.747,0.751,12.953,22.135,0.189,8.920,9.761,0.018,4155.000,105.767,46.642,8.920,56.404,ON,Variable clouds; Hybrid loop operating; Ceff=1.56x
239,09:59:00,33.650,65.200,63.220,46.560,45.170,32.270,1.394,16.266,17.358,0.797,1.277,769.400,1201.700,1.562,12.969,22.167,0.871,1.396,19.942,21.138,0.747,0.751,12.964,22.166,0.189,8.915,9.760,0.018,4155.000,105.995,46.669,8.915,56.428,ON,Variable clouds; Hybrid loop operating; Ceff=1.56x
240,09:59:30,33.670,65.300,63.300,46.620,45.220,32.280,1.396,16.261,17.355,0.798,1.278,769.800,1202.600,1.562,12.970,22.179,0.872,1.397,19.936,21.135,0.746,0.751,12.976,22.180,0.189,8.919,9.758,0.018,4155.000,106.147,46.701,8.919,56.459,ON,Variable clouds; Hybrid loop operating; Ceff=1.56x
241,10:00:00,33.680,65.390,63.380,46.680,45.270,32.280,1.395,16.256,17.352,0.797,1.278,769.500,1202.500,1.563,12.961,22.171,0.871,1.396,19.930,21.132,0.747,0.752,12.956,22.176,0.189,8.908,9.757,0.018,4155.000,106.071,46.671,8.908,56.429,ON,Variable clouds; Hybrid loop operating; Ceff=1.56x
242,10:00:30,33.700,65.460,63.450,46.720,45.310,32.290,1.394,16.252,17.349,0.796,1.276,768.600,1201.400,1.563,12.941,22.146,0.870,1.395,19.926,21.129,0.746,0.751,12.937,22.137,0.189,8.905,9.749,0.018,4155.000,105.995,46.680,8.905,56.430,ON,Variable clouds; Hybrid loop operating; Ceff=1.56x
243,10:01:00,33.710,65.520,63.500,46.760,45.340,32.300,1.391,16.248,17.347,0.795,1.275,767.300,1199.600,1.563,12.916,22.109,0.869,1.393,19.922,21.126,0.746,0.751,12.917,22.117,0.189,8.907,9.755,0.018,4155.000,105.767,46.650,8.907,56.405,ON,Variable clouds; Hybrid loop operating; Ceff=1.56x
244,10:01:30,33.730,65.560,63.540,46.790,45.370,32.300,1.388,16.246,17.346,0.793,1.272,765.800,1197.400,1.564,12.888,22.068,0.867,1.390,19.919,21.125,0.746,0.752,12.883,22.064,0.189,8.901,9.750,0.018,4155.000,105.539,46.635,8.901,56.384,ON,Variable clouds; Hybrid loop operating; Ceff=1.56x
245,10:02:00,33.740,65.580,63.560,46.800,45.380,32.310,1.385,16.245,17.345,0.792,1.270,764.300,1195.400,1.564,12.863,22.029,0.865,1.388,19.918,21.124,0.747,0.751,12.866,22.028,0.189,8.907,9.750,0.018,4155.000,105.311,46.612,8.907,56.362,ON,Variable clouds; Hybrid loop operating; Ceff=1.56x
246,10:02:30,33.760,65.580,63.570,46.800,45.390,32.310,1.383,16.245,17.345,0.791,1.268,763.200,1193.900,1.564,12.843,22.000,0.864,1.386,19.918,21.124,0.746,0.751,12.850,21.993,0.189,8.908,9.747,0.018,4155.000,105.158,46.603,8.908,56.350,ON,Variable clouds; Hybrid loop operating; Ceff=1.56x
247,10:03:00,33.770,65.570,63.560,46.790,45.380,32.320,1.381,16.245,17.345,0.790,1.268,762.500,1193.000,1.565,12.833,21.986,0.863,1.385,19.918,21.124,0.747,0.751,12.834,21.993,0.189,8.905,9.754,0.018,4155.000,105.006,46.571,8.905,56.325,ON,Variable clouds; Hybrid loop operating; Ceff=1.56x
248,10:03:30,33.790,65.550,63.540,46.780,45.380,32.320,1.381,16.246,17.345,0.790,1.268,762.500,1193.100,1.565,12.833,21.988,0.863,1.385,19.920,21.125,0.746,0.752,12.834,21.993,0.189,8.906,9.753,0.018,4155.000,105.006,46.567,8.906,56.320,ON,Variable clouds; Hybrid loop operating; Ceff=1.56x
249,10:04:00,33.810,65.520,63.520,46.770,45.370,32.320,1.383,16.248,17.346,0.790,1.269,762.900,1193.900,1.565,12.842,22.004,0.864,1.386,19.921,21.125,0.746,0.752,12.836,22.012,0.189,8.902,9.755,0.018,4155.000,105.158,46.603,8.902,56.358,ON,Variable clouds; Hybrid loop operating; Ceff=1.56x
250,10:04:30,33.830,65.490,63.500,46.750,45.360,32.330,1.385,16.249,17.347,0.791,1.270,763.700,1195.300,1.565,12.857,22.031,0.865,1.388,19.923,21.126,0.746,0.751,12.853,22.031,0.189,8.905,9.752,0.018,4155.000,105.311,46.616,8.905,56.368,ON,Variable clouds; Hybrid loop operating; Ceff=1.57x
251,10:05:00,33.850,65.460,63.490,46.740,45.360,32.330,1.387,16.250,17.347,0.792,1.272,764.700,1196.900,1.565,12.874,22.061,0.866,1.390,19.924,21.126,0.746,0.751,12.870,22.065,0.189,8.905,9.754,0.018,4155.000,105.463,46.621,8.905,56.375,ON,Variable clouds; Hybrid loop operating; Ceff=1.57x
252,10:05:30,33.870,65.450,63.480,46.740,45.360,32.330,1.389,16.251,17.347,0.793,1.273,765.500,1198.400,1.565,12.889,22.088,0.867,1.392,19.925,21.126,0.746,0.751,12.887,22.083,0.189,8.907,9.750,0.018,4155.000,105.615,46.630,8.907,56.379,ON,Variable clouds; Hybrid loop operating; Ceff=1.57x
253,10:06:00,33.890,65.450,63.490,46.750,45.370,32.340,1.391,16.251,17.346,0.794,1.274,766.000,1199.200,1.566,12.897,22.103,0.867,1.393,19.925,21.126,0.747,0.751,12.903,22.099,0.189,8.913,9.750,0.018,4155.000,105.767,46.665,8.913,56.416,ON,Variable clouds; Hybrid loop operating; Ceff=1.57x
254,10:06:30,33.910,65.470,63.510,46.760,45.390,32.340,1.390,16.250,17.345,0.794,1.274,766.000,1199.200,1.566,12.895,22.101,0.867,1.393,19.923,21.125,0.747,0.751,12.903,22.098,0.189,8.912,9.750,0.018,4155.000,105.691,46.632,8.912,56.382,ON,Variable clouds; Hybrid loop operating; Ceff=1.57x
255,10:07:00,33.930,65.500,63.540,46.790,45.420,32.340,1.389,16.248,17.344,0.793,1.273,765.200,1198.100,1.566,12.881,22.078,0.866,1.391,19.921,21.123,0.747,0.751,12.885,22.079,0.189,8.909,9.750,0.018,4155.000,105.615,46.641,8.909,56.392,ON,Variable clouds; Hybrid loop operating; Ceff=1.57x
256,10:07:30,33.950,65.550,63.580,46.820,45.440,32.340,1.386,16.245,17.342,0.791,1.271,763.800,1196.000,1.566,12.855,22.036,0.865,1.389,19.919,21.121,0.746,0.751,12.850,22.042,0.189,8.901,9.751,0.018,4155.000,105.387,46.622,8.901,56.373,ON,Variable clouds; Hybrid loop operating; Ceff=1.57x
257,10:08:00,33.970,65.600,63.630,46.860,45.480,32.340,1.381,16.242,17.340,0.789,1.267,761.900,1193.000,1.566,12.820,21.977,0.863,1.385,19.915,21.119,0.746,0.751,12.815,21.970,0.189,8.899,9.744,0.018,4155.000,105.006,46.571,8.899,56.314,ON,Variable clouds; Hybrid loop operating; Ceff=1.57x
258,10:08:30,33.990,65.670,63.680,46.910,45.520,32.350,1.376,16.238,17.338,0.787,1.264,759.600,1189.400,1.566,12.778,21.908,0.860,1.381,19.911,21.116,0.746,0.751,12.779,21.915,0.189,8.901,9.749,0.018,4155.000,104.626,46.543,8.901,56.292,ON,Variable clouds; Hybrid loop operating; Ceff=1.57x
259,10:09:00,34.010,65.740,63.740,46.950,45.550,32.350,1.371,16.235,17.335,0.784,1.260,757.300,1185.700,1.566,12.735,21.836,0.857,1.377,19.907,21.113,0.746,0.751,12.728,21.842,0.189,8.893,9.747,0.018,4155.000,104.246,46.518,8.893,56.265,ON,Variable clouds; Hybrid loop operating; Ceff=1.57x
260,10:09:30,34.040,65.810,63.790,47.000,45.590,32.350,1.366,16.231,17.333,0.782,1.256,755.100,1182.300,1.566,12.695,21.769,0.855,1.373,19.903,21.111,0.746,0.751,12.693,21.770,0.189,8.894,9.743,0.018,4155.000,103.866,46.482,8.894,56.224,ON,Variable clouds; Hybrid loop operating; Ceff=1.57x
261,10:10:00,34.060,65.870,63.840,47.040,45.620,32.350,1.362,16.228,17.330,0.780,1.253,753.400,1179.500,1.566,12.662,21.714,0.853,1.369,19.899,21.108,0.746,0.751,12.658,21.714,0.189,8.889,9.741,0.018,4155.000,103.562,46.456,8.889,56.196,ON,Variable clouds; Hybrid loop operating; Ceff=1.57x
262,10:10:30,34.080,65.920,63.890,47.080,45.650,32.350,1.359,16.225,17.328,0.779,1.251,752.200,1177.500,1.566,12.639,21.674,0.851,1.367,19.896,21.106,0.746,0.751,12.639,21.677,0.189,8.891,9.741,0.018,4155.000,103.334,46.432,8.891,56.173,ON,Variable clouds; Hybrid loop operating; Ceff=1.57x
263,10:11:00,34.110,65.960,63.920,47.110,45.680,32.350,1.357,16.223,17.327,0.778,1.250,751.500,1176.400,1.565,12.626,21.652,0.851,1.366,19.894,21.104,0.746,0.751,12.621,21.659,0.189,8.886,9.741,0.018,4155.000,103.182,46.407,8.886,56.148,ON,Variable clouds; Hybrid loop operating; Ceff=1.57x
264,10:11:30,34.130,65.980,63.940,47.130,45.700,32.350,1.357,16.221,17.325,0.778,1.249,751.400,1176.100,1.565,12.622,21.644,0.850,1.365,19.893,21.103,0.746,0.751,12.620,21.639,0.189,8.886,9.735,0.018,4155.000,103.182,46.419,8.886,56.154,ON,Variable clouds; Hybrid loop operating; Ceff=1.57x
265,10:12:00,34.160,65.990,63.950,47.140,45.710,32.350,1.357,16.221,17.325,0.778,1.249,751.600,1176.300,1.565,12.625,21.646,0.851,1.365,19.892,21.102,0.746,0.751,12.620,21.639,0.189,8.884,9.733,0.018,4155.000,103.182,46.411,8.884,56.144,ON,Variable clouds; Hybrid loop operating; Ceff=1.57x
266,10:12:30,34.180,65.990,63.950,47.150,45.720,32.350,1.357,16.221,17.324,0.779,1.250,751.800,1176.600,1.565,12.629,21.651,0.851,1.366,19.892,21.101,0.746,0.751,12.636,21.655,0.189,8.893,9.738,0.018,4155.000,103.182,46.399,8.893,56.137,ON,Variable clouds; Hybrid loop operating; Ceff=1.56x
267,10:13:00,34.210,65.970,63.930,47.150,45.720,32.350,1.357,16.222,17.324,0.779,1.250,751.900,1176.600,1.565,12.631,21.650,0.851,1.366,19.893,21.101,0.746,0.751,12.637,21.655,0.189,8.892,9.738,0.018,4155.000,103.182,46.399,8.892,56.137,ON,Variable clouds; Hybrid loop operating; Ceff=1.56x
268,10:13:30,34.230,65.930,63.910,47.140,45.720,32.340,1.356,16.224,17.325,0.778,1.249,751.500,1175.900,1.565,12.627,21.639,0.851,1.365,19.895,21.102,0.746,0.751,12.622,21.639,0.189,8.887,9.737,0.018,4155.000,103.105,46.393,8.887,56.129,ON,Variable clouds; Hybrid loop operating; Ceff=1.56x
269,10:14:00,34.260,65.890,63.880,47.120,45.710,32.340,1.354,16.226,17.325,0.777,1.247,750.600,1174.300,1.564,12.614,21.611,0.850,1.363,19.898,21.102,0.746,0.751,12.608,21.604,0.189,8.887,9.734,0.018,4155.000,102.953,46.387,8.887,56.122,ON,Variable clouds; Hybrid loop operating; Ceff=1.56x
270,10:14:30,34.290,65.850,63.840,47.110,45.700,32.340,1.350,16.228,17.326,0.776,1.245,749.100,1171.800,1.564,12.591,21.565,0.848,1.360,19.900,21.103,0.746,0.751,12.593,21.571,0.189,8.895,9.740,0.018,4155.000,102.649,46.349,8.895,56.089,ON,Variable clouds; Hybrid loop operating; Ceff=1.56x
271,10:15:00,34.310,65.800,63.810,47.090,45.690,32.340,1.345,16.231,17.327,0.774,1.241,747.000,1168.300,1.564,12.557,21.502,0.846,1.356,19.903,21.104,0.746,0.751,12.563,21.503,0.189,8.898,9.738,0.018,4155.000,102.269,46.316,8.898,56.054,ON,Variable clouds; Hybrid loop operating; Ceff=1.56x
272,10:15:30,34.340,65.760,63.780,47.080,45.690,32.340,1.339,16.233,17.327,0.771,1.237,744.400,1164.100,1.564,12.516,21.427,0.843,1.351,19.905,21.105,0.746,0.751,12.516,21.433,0.189,8.896,9.742,0.018,4155.000,101.813,46.275,8.896,56.017,ON,Variable clouds; Hybrid loop operating; Ceff=1.56x
273,10:16:00,34.360,65.730,63.750,47.070,45.680,32.340,1.333,16.235,17.328,0.768,1.232,741.700,1159.700,1.564,12.472,21.345,0.840,1.346,19.907,21.105,0.746,0.751,12.468,21.348,0.189,8.895,9.740,0.018,4155.000,101.357,46.243,8.895,55.983,ON,Variable clouds; Hybrid loop operating; Ceff=1.56x
274,10:16:30,34.390,65.710,63.730,47.060,45.680,32.340,1.326,16.236,17.328,0.765,1.227,739.000,1155.400,1.563,12.428,21.266,0.837,1.341,19.908,21.105,0.746,0.751,12.421,21.261,0.189,8.893,9.736,0.018,4155.000,100.824,46.171,8.893,55.908,ON,Variable clouds; Hybrid loop operating; Ceff=1.56x
275,10:17:00,34.420,65.710,63.730,47.070,45.690,32.340,1.321,16.236,17.328,0.763,1.223,736.700,1151.600,1.563,12.390,21.195,0.834,1.337,19.909,21.105,0.746,0.751,12.388,21.192,0.189,8.897,9.737,0.018,4155.000,100.444,46.149,8.897,55.886,ON,Variable clouds; Hybrid loop operating; Ceff=1.56x
276,10:17:30,34.440,65.720,63.730,47.090,45.700,32.330,1.317,16.236,17.327,0.761,1.220,734.900,1148.600,1.563,12.359,21.139,0.832,1.333,19.908,21.104,0.746,0.751,12.356,21.139,0.189,8.896,9.738,0.018,4155.000,100.140,46.129,8.896,55.867,ON,Variable clouds; Hybrid loop operating; Ceff=1.56x
277,10:18:00,34.470,65.740,63.750,47.110,45.720,32.330,1.314,16.234,17.325,0.760,1.218,733.700,1146.600,1.563,12.338,21.101,0.831,1.331,19.907,21.103,0.746,0.751,12.338,21.102,0.189,8.897,9.737,0.018,4155.000,99.912,46.105,8.897,55.842,ON,Variable clouds; Hybrid loop operating; Ceff=1.56x
278,10:18:30,34.500,65.780,63.780,47.150,45.750,32.330,1.312,16.232,17.324,0.759,1.217,733.200,1145.600,1.562,12.327,21.079,0.830,1.330,19.904,21.101,0.746,0.751,12.320,21.083,0.189,8.891,9.737,0.018,4155.000,99.760,46.075,8.891,55.812,ON,Variable clouds; Hybrid loop operating; Ceff=1.56x
279,10:19:00,34.520,65.830,63.820,47.190,45.780,32.330,1.312,16.230,17.321,0.759,1.217,733.200,1145.400,1.562,12.324,21.072,0.830,1.330,19.902,21.098,0.746,0.751,12.319,21.080,0.189,8.889,9.737,0.018,4155.000,99.760,46.083,8.889,55.820,ON,Variable clouds; Hybrid loop operating; Ceff=1.56x
280,10:19:30,34.550,65.880,63.860,47.230,45.820,32.330,1.312,16.227,17.319,0.760,1.217,733.400,1145.600,1.562,12.326,21.073,0.830,1.330,19.898,21.096,0.746,0.751,12.333,21.077,0.189,8.897,9.735,0.018,4155.000,99.760,46.075,8.897,55.809,ON,Variable clouds; Hybrid loop operating; Ceff=1.56x
281,10:20:00,34.570,65.930,63.900,47.280,45.850,32.330,1.313,16.224,17.316,0.760,1.217,733.700,1146.000,1.562,12.328,21.076,0.830,1.330,19.895,21.093,0.747,0.751,12.330,21.074,0.189,8.892,9.730,0.018,4155.000,99.836,46.094,8.892,55.823,ON,Variable clouds; Hybrid loop operating; Ceff=1.56x
282,10:20:30,34.600,65.980,63.940,47.320,45.890,32.330,1.313,16.222,17.314,0.760,1.217,733.800,1146.100,1.562,12.328,21.074,0.831,1.330,19.893,21.090,0.746,0.751,12.329,21.071,0.189,8.890,9.728,0.018,4155.000,99.836,46.090,8.890,55.817,ON,Variable clouds; Hybrid loop operating; Ceff=1.56x
283,10:21:00,34.620,66.020,63.970,47.350,45.920,32.330,1.312,16.220,17.312,0.760,1.217,733.500,1145.500,1.562,12.321,21.060,0.830,1.330,19.890,21.088,0.746,0.751,12.327,21.069,0.189,8.892,9.732,0.018,4155.000,99.760,46.079,8.892,55.810,ON,Variable clouds; Hybrid loop operating; Ceff=1.56x
284,10:21:30,34.650,66.040,63.990,47.380,45.940,32.320,1.310,16.218,17.311,0.759,1.215,732.700,1144.100,1.561,12.306,21.033,0.829,1.328,19.889,21.087,0.746,0.751,12.309,21.033,0.189,8.889,9.727,0.018,4155.000,99.608,46.065,8.889,55.791,ON,Variable clouds; Hybrid loop operating; Ceff=1.56x
285,10:22:00,34.670,66.040,63.990,47.400,45.960,32.320,1.307,16.218,17.310,0.757,1.213,731.300,1141.900,1.561,12.283,20.990,0.828,1.325,19.889,21.086,0.746,0.751,12.277,20.997,0.189,8.883,9.729,0.018,4155.000,99.380,46.048,8.883,55.777,ON,Variable clouds; Hybrid loop operating; Ceff=1.56x
286,10:22:30,34.700,66.020,63.980,47.400,45.960,32.320,1.303,16.219,17.310,0.755,1.210,729.500,1139.000,1.561,12.253,20.936,0.826,1.322,19.890,21.085,0.746,0.751,12.245,20.945,0.189,8.881,9.730,0.018,4155.000,99.076,46.024,8.881,55.753,ON,Variable clouds; Hybrid loop operating; Ceff=1.56x
287,10:23:00,34.720,65.990,63.950,47.390,45.960,32.320,1.298,16.221,17.310,0.753,1.206,727.400,1135.600,1.561,12.219,20.876,0.823,1.318,19.892,21.086,0.746,0.751,12.214,20.876,0.189,8.885,9.727,0.018,4155.000,98.695,45.984,8.885,55.711,ON,Variable clouds; Hybrid loop operating; Ceff=1.56x
288,10:23:30,34.740,65.940,63.910,47.370,45.950,32.320,1.293,16.224,17.311,0.751,1.203,725.300,1132.400,1.561,12.187,20.817,0.821,1.314,19.895,21.087,0.746,0.751,12.184,20.825,0.189,8.888,9.730,0.018,4155.000,98.315,45.937,8.888,55.667,ON,Variable clouds; Hybrid loop operating; Ceff=1.56x
289,10:24:00,34.770,65.880,63.860,47.350,45.930,32.320,1.289,16.227,17.312,0.749,1.200,723.500,1129.500,1.561,12.159,20.766,0.819,1.311,19.899,21.088,0.746,0.751,12.154,20.774,0.189,8.888,9.732,0.018,4155.000,98.011,45.912,8.888,55.644,ON,Variable clouds; Hybrid loop operating; Ceff=1.56x
290,10:24:30,34.790,65.810,63.800,47.320,45.920,32.320,1.286,16.231,17.313,0.748,1.197,722.100,1127.400,1.561,12.140,20.730,0.817,1.309,19.903,21.089,0.747,0.751,12.141,20.724,0.189,8.896,9.726,0.018,4155.000,97.783,45.891,8.896,55.616,ON,Variable clouds; Hybrid loop operating; Ceff=1.56x
291,10:25:00,34.810,65.750,63.750,47.300,45.900,32.320,1.285,16.234,17.314,0.747,1.196,721.500,1126.400,1.561,12.131,20.713,0.817,1.307,19.906,21.091,0.746,0.751,12.127,20.708,0.189,8.893,9.727,0.018,4155.000,97.707,45.896,8.893,55.622,ON,Variable clouds; Hybrid loop operating; Ceff=1.56x
292,10:25:30,34.840,65.690,63.700,47.280,45.890,32.320,1.285,16.237,17.315,0.747,1.196,721.500,1126.500,1.561,12.135,20.717,0.817,1.308,19.910,21.092,0.746,0.751,12.129,20.709,0.189,8.895,9.727,0.018,4155.000,97.707,45.891,8.895,55.618,ON,Variable clouds; Hybrid loop operating; Ceff=1.56x
293,10:26:00,34.860,65.650,63.670,47.270,45.880,32.320,1.286,16.239,17.316,0.748,1.198,722.200,1127.700,1.562,12.149,20.739,0.818,1.309,19.912,21.092,0.746,0.751,12.147,20.745,0.189,8.899,9.733,0.018,4155.000,97.783,45.878,8.899,55.611,ON,Variable clouds; Hybrid loop operating; Ceff=1.56x
294,10:26:30,34.880,65.630,63.650,47.270,45.890,32.330,1.289,16.241,17.316,0.749,1.200,723.400,1129.700,1.562,12.170,20.776,0.819,1.311,19.914,21.092,0.746,0.751,12.165,20.779,0.189,8.897,9.732,0.018,4155.000,98.011,45.904,8.897,55.636,ON,Variable clouds; Hybrid loop operating; Ceff=1.56x
295,10:27:00,34.900,65.620,63.650,47.280,45.900,32.330,1.293,16.241,17.315,0.751,1.202,724.900,1132.200,1.562,12.195,20.820,0.821,1.314,19.914,21.091,0.746,0.751,12.197,20.813,0.189,8.903,9.726,0.018,4155.000,98.315,45.945,8.903,55.671,ON,Variable clouds; Hybrid loop operating; Ceff=1.56x
296,10:27:30,34.920,65.640,63.670,47.300,45.920,32.330,1.297,16.240,17.314,0.752,1.205,726.400,1134.700,1.562,12.220,20.865,0.822,1.317,19.913,21.090,0.747,0.751,12.212,20.863,0.189,8.895,9.728,0.018,4155.000,98.619,45.985,8.895,55.714,ON,Variable clouds; Hybrid loop operating; Ceff=1.56x
297,10:28:00,34.940,65.680,63.700,47.340,45.960,32.330,1.300,16.238,17.311,0.754,1.207,727.700,1136.900,1.562,12.239,20.902,0.824,1.320,19.911,21.087,0.746,0.751,12.243,20.894,0.189,8.902,9.724,0.018,4155.000,98.847,46.002,8.902,55.727,ON,Variable clouds; Hybrid loop operating; Ceff=1.56x
298,10:28:30,34.960,65.730,63.740,47.390,46.000,32.330,1.302,16.235,17.309,0.755,1.209,728.500,1138.500,1.563,12.251,20.928,0.825,1.321,19.907,21.085,0.746,0.751,12.257,20.927,0.189,8.902,9.725,0.018,4155.000,99.000,46.009,8.902,55.734,ON,Variable clouds; Hybrid loop operating; Ceff=1.56x
299,10:29:00,34.970,65.790,63.790,47.440,46.040,32.330,1.303,16.232,17.306,0.755,1.210,728.900,1139.400,1.563,12.254,20.939,0.825,1.322,19.904,21.081,0.746,0.751,12.255,20.940,0.189,8.896,9.724,0.018,4155.000,99.076,46.007,8.896,55.731,ON,Variable clouds; Hybrid loop operating; Ceff=1.56x
300,10:29:30,34.990,65.850,63.850,47.490,46.090,32.340,1.303,16.228,17.303,0.755,1.210,728.800,1139.500,1.564,12.249,20.937,0.825,1.322,19.900,21.078,0.746,0.751,12.252,20.937,0.189,8.895,9.721,0.018,4155.000,99.076,46.003,8.895,55.725,ON,Variable clouds; Hybrid loop operating; Ceff=1.56x
301,10:30:00,35.010,65.920,63.900,47.540,46.130,32.340,1.303,16.225,17.300,0.754,1.210,728.300,1139.200,1.564,12.238,20.927,0.824,1.322,19.896,21.075,0.746,0.751,12.234,20.933,0.189,8.888,9.722,0.018,4155.000,99.076,46.016,8.888,55.738,ON,Variable clouds; Hybrid loop operating; Ceff=1.56x
302,10:30:30,35.020,65.970,63.950,47.590,46.170,32.340,1.302,16.222,17.298,0.754,1.209,727.800,1138.700,1.565,12.225,20.913,0.824,1.321,19.893,21.072,0.746,0.751,12.231,20.913,0.189,8.892,9.717,0.018,4155.000,99.000,46.000,8.892,55.718,ON,Variable clouds; Hybrid loop operating; Ceff=1.56x
303,10:31:00,35.040,66.020,63.990,47.630,46.210,32.350,1.302,16.219,17.295,0.753,1.209,727.300,1138.400,1.565,12.216,20.905,0.823,1.321,19.890,21.070,0.746,0.751,12.213,20.910,0.189,8.885,9.718,0.018,4155.000,99.000,46.013,8.885,55.731,ON,Variable clouds; Hybrid loop operating; Ceff=1.57x
304,10:31:30,35.060,66.050,64.010,47.660,46.240,32.350,1.302,16.217,17.294,0.753,1.209,727.300,1138.800,1.566,12.213,20.909,0.823,1.321,19.888,21.068,0.746,0.751,12.211,20.908,0.189,8.884,9.714,0.018,4155.000,99.000,45.996,8.884,55.711,ON,Variable clouds; Hybrid loop operating; Ceff=1.57x
305,10:32:00,35.070,66.060,64.030,47.680,46.260,32.360,1.304,16.216,17.292,0.754,1.210,727.800,1140.100,1.566,12.221,20.931,0.824,1.323,19.887,21.066,0.746,0.751,12.227,20.923,0.189,8.889,9.710,0.018,4155.000,99.152,46.015,8.889,55.725,ON,Variable clouds; Hybrid loop operating; Ceff=1.57x
306,10:32:30,35.080,66.070,64.030,47.700,46.270,32.360,1.308,16.216,17.291,0.755,1.213,729.100,1142.600,1.567,12.242,20.975,0.825,1.326,19.887,21.065,0.746,0.751,12.243,20.974,0.189,8.885,9.712,0.018,4155.000,99.456,46.055,8.885,55.767,ON,Variable clouds; Hybrid loop operating; Ceff=1.57x
307,10:33:00,35.100,66.050,64.030,47.700,46.280,32.370,1.313,16.217,17.291,0.757,1.217,731.000,1146.200,1.568,12.276,21.041,0.827,1.330,19.887,21.065,0.746,0.751,12.276,21.043,0.189,8.886,9.714,0.018,4155.000,99.836,46.086,8.886,55.799,ON,Variable clouds; Hybrid loop operating; Ceff=1.57x
308,10:33:30,35.110,66.030,64.020,47.700,46.290,32.370,1.320,16.218,17.291,0.760,1.222,733.600,1150.900,1.569,12.321,21.126,0.830,1.335,19.888,21.065,0.746,0.751,12.326,21.130,0.189,8.890,9.714,0.018,4155.000,100.368,46.142,8.890,55.856,ON,Variable clouds; Hybrid loop operating; Ceff=1.57x
309,10:34:00,35.120,66.010,64.000,47.700,46.300,32.380,1.328,16.219,17.291,0.763,1.228,736.700,1156.200,1.570,12.373,21.225,0.834,1.342,19.890,21.065,0.746,0.751,12.375,21.233,0.189,8.888,9.717,0.018,4155.000,100.976,46.209,8.888,55.926,ON,Variable clouds; Hybrid loop operating; Ceff=1.57x
310,10:34:30,35.140,65.980,63.990,47.700,46.300,32.380,1.336,16.220,17.290,0.766,1.234,739.900,1161.900,1.570,12.428,21.328,0.837,1.348,19.891,21.064,0.746,0.751,12.425,21.336,0.189,8.885,9.716,0.018,4155.000,101.585,46.259,8.885,55.975,ON,Variable clouds; Hybrid loop operating; Ceff=1.57x
311,10:35:00,35.150,65.960,63.980,47.700,46.310,32.390,1.344,16.221,17.290,0.769,1.239,743.000,1167.400,1.571,12.481,21.430,0.841,1.355,19.892,21.064,0.746,0.751,12.474,21.422,0.189,8.883,9.709,0.018,4155.000,102.193,46.317,8.883,56.026,ON,Variable clouds; Hybrid loop operating; Ceff=1.57x
312,10:35:30,35.160,65.940,63.970,47.710,46.330,32.400,1.351,16.222,17.290,0.772,1.245,745.800,1172.500,1.572,12.528,21.522,0.844,1.360,19.893,21.063,0.746,0.751,12.523,21.526,0.189,8.885,9.714,0.018,4155.000,102.725,46.356,8.885,56.069,ON,Variable clouds; Hybrid loop operating; Ceff=1.57x
313,10:36:00,35.170,65.940,63.980,47.720,46.350,32.400,1.358,16.221,17.289,0.775,1.249,748.100,1176.900,1.573,12.567,21.601,0.847,1.365,19.892,21.062,0.746,0.751,12.571,21.594,0.189,8.891,9.708,0.018,4155.000,103.258,46.422,8.891,56.130,ON,Variable clouds; Hybrid loop operating; Ceff=1.57x
314,10:36:30,35.180,65.960,64.000,47.740,46.370,32.410,1.363,16.220,17.287,0.777,1.253,749.900,1180.400,1.574,12.596,21.664,0.849,1.370,19.891,21.061,0.746,0.751,12.603,21.661,0.189,8.892,9.709,0.018,4155.000,103.638,46.454,8.892,56.164,ON,Variable clouds; Hybrid loop operating; Ceff=1.57x
315,10:37:00,35.190,65.990,64.030,47.770,46.400,32.420,1.367,16.219,17.285,0.778,1.256,751.200,1183.300,1.575,12.616,21.714,0.850,1.373,19.889,21.059,0.746,0.751,12.618,21.710,0.189,8.888,9.707,0.018,4155.000,103.942,46.477,8.888,56.184,ON,Variable clouds; Hybrid loop operating; Ceff=1.58x
316,10:37:30,35.190,66.030,64.080,47.810,46.440,32.430,1.371,16.216,17.283,0.779,1.259,752.200,1185.700,1.576,12.630,21.754,0.851,1.376,19.886,21.056,0.746,0.751,12.632,21.759,0.189,8.886,9.710,0.018,4155.000,104.246,46.518,8.886,56.228,ON,Variable clouds; Hybrid loop operating; Ceff=1.58x
317,10:38:00,35.200,66.100,64.140,47.850,46.490,32.430,1.374,16.212,17.280,0.780,1.261,753.100,1188.000,1.577,12.642,21.792,0.852,1.378,19.882,21.053,0.746,0.751,12.645,21.790,0.189,8.884,9.705,0.018,4155.000,104.474,46.530,8.884,56.234,ON,Variable clouds; Hybrid loop operating; Ceff=1.58x
318,10:38:30,35.210,66.180,64.210,47.910,46.540,32.440,1.378,16.208,17.277,0.781,1.264,754.300,1190.600,1.578,12.657,21.835,0.853,1.381,19.877,21.050,0.747,0.751,12.658,21.838,0.189,8.879,9.705,0.018,4155.000,104.778,46.563,8.879,56.268,ON,Variable clouds; Hybrid loop operating; Ceff=1.58x
319,10:39:00,35.220,66.270,64.290,47.970,46.590,32.450,1.383,16.203,17.274,0.782,1.267,755.800,1193.900,1.580,12.678,21.890,0.855,1.385,19.872,21.046,0.746,0.751,12.671,21.886,0.189,8.870,9.699,0.018,4155.000,105.158,46.603,8.870,56.302,ON,Variable clouds; Hybrid loop operating; Ceff=1.58x
320,10:39:30,35.220,66.360,64.380,48.040,46.650,32.460,1.389,16.197,17.270,0.785,1.272,758.000,1198.200,1.581,12.709,21.963,0.858,1.390,19.866,21.042,0.746,0.751,12.715,21.967,0.189,8.875,9.700,0.018,4155.000,105.615,46.637,8.875,56.338,ON,Variable clouds; Hybrid loop operating; Ceff=1.58x
321,10:40:00,35.230,66.460,64.470,48.100,46.710,32.470,1.397,16.191,17.266,0.787,1.277,760.800,1203.500,1.582,12.750,22.055,0.861,1.396,19.860,21.038,0.746,0.751,12.742,22.049,0.189,8.862,9.693,0.018,4155.000,106.223,46.699,8.862,56.393,ON,Variable clouds; Hybrid loop operating; Ceff=1.58x
322,10:40:30,35.240,66.560,64.560,48.170,46.770,32.480,1.406,16.186,17.263,0.791,1.284,764.200,1209.900,1.583,12.803,22.166,0.864,1.403,19.853,21.034,0.746,0.751,12.803,22.166,0.189,8.864,9.693,0.018,4155.000,106.907,46.752,8.864,56.445,ON,Variable clouds; Hybrid loop operating; Ceff=1.58x
323,10:41:00,35.240,66.660,64.650,48.240,46.830,32.490,1.417,16.180,17.259,0.795,1.292,768.200,1217.100,1.584,12.863,22.291,0.869,1.412,19.847,21.030,0.746,0.751,12.863,22.299,0.189,8.860,9.694,0.018,4155.000,107.744,46.839,8.860,56.532,ON,Variable clouds; Hybrid loop operating; Ceff=1.58x
324,10:41:30,35.250,66.740,64.730,48.300,46.880,32.500,1.428,16.175,17.255,0.799,1.300,772.400,1224.700,1.586,12.929,22.425,0.874,1.420,19.842,21.026,0.746,0.751,12.924,22.432,0.189,8.853,9.691,0.018,4155.000,108.580,46.909,8.853,56.600,ON,Variable clouds; Hybrid loop operating; Ceff=1.59x
325,10:42:00,35.250,66.820,64.800,48.350,46.940,32.510,1.440,16.171,17.252,0.804,1.308,776.600,1232.300,1.587,12.995,22.559,0.878,1.429,19.837,21.022,0.746,0.751,13.001,22.566,0.189,8.858,9.689,0.018,4155.000,109.493,47.012,8.858,56.701,ON,Variable clouds; Hybrid loop operating; Ceff=1.59x
326,10:42:30,35.260,66.880,64.860,48.400,46.980,32.520,1.450,16.167,17.250,0.808,1.315,780.500,1239.500,1.588,13.057,22.687,0.883,1.437,19.833,21.020,0.746,0.751,13.063,22.684,0.189,8.855,9.683,0.018,4155.000,110.253,47.063,8.855,56.746,ON,Variable clouds; Hybrid loop operating; Ceff=1.59x
327,10:43:00,35.270,66.930,64.910,48.430,47.020,32.530,1.460,16.164,17.247,0.811,1.322,784.000,1246.000,1.589,13.112,22.802,0.887,1.445,19.830,21.017,0.745,0.751,13.109,22.801,0.189,8.847,9.682,0.018,4155.000,111.013,47.141,8.847,56.823,ON,Variable clouds; Hybrid loop operating; Ceff=1.59x
328,10:43:30,35.270,66.960,64.960,48.460,47.050,32.540,1.468,16.162,17.245,0.814,1.328,786.900,1251.600,1.591,13.158,22.901,0.890,1.451,19.827,21.015,0.746,0.751,13.156,22.901,0.189,8.846,9.681,0.018,4155.000,111.622,47.187,8.846,56.868,ON,Variable clouds; Hybrid loop operating; Ceff=1.59x
329,10:44:00,35.270,66.990,64.990,48.480,47.080,32.550,1.475,16.160,17.244,0.816,1.333,789.200,1256.200,1.592,13.194,22.983,0.892,1.457,19.826,21.014,0.746,0.751,13.187,22.986,0.189,8.841,9.682,0.018,4155.000,112.154,47.238,8.841,56.920,ON,Variable clouds; Hybrid loop operating; Ceff=1.59x
330,10:44:30,35.280,67.000,65.010,48.490,47.100,32.560,1.481,16.159,17.243,0.818,1.337,791.000,1260.000,1.593,13.223,23.052,0.894,1.461,19.824,21.012,0.746,0.751,13.218,23.054,0.189,8.842,9.681,0.018,4155.000,112.610,47.287,8.842,56.968,ON,Variable clouds; Hybrid loop operating; Ceff=1.59x
331,10:45:00,35.280,67.020,65.040,48.510,47.120,32.570,1.486,16.158,17.242,0.820,1.340,792.500,1263.400,1.594,13.247,23.112,0.896,1.465,19.823,21.011,0.746,0.751,13.250,23.104,0.189,8.846,9.676,0.018,4155.000,112.990,47.319,8.846,56.995,ON,Variable clouds; Hybrid loop operating; Ceff=1.59x
332,10:45:30,35.290,67.030,65.070,48.520,47.140,32.580,1.491,16.157,17.241,0.821,1.344,793.900,1266.700,1.595,13.270,23.171,0.898,1.469,19.822,21.010,0.745,0.751,13.265,23.172,0.189,8.840,9.679,0.018,4155.000,113.370,47.355,8.840,57.034,ON,Variable clouds; Hybrid loop operating; Ceff=1.6x
333,10:46:00,35.290,67.060,65.100,48.540,47.170,32.590,1.497,16.155,17.240,0.823,1.348,795.600,1270.300,1.597,13.296,23.235,0.899,1.473,19.820,21.009,0.746,0.751,13.296,23.240,0.189,8.842,9.680,0.018,4155.000,113.827,47.411,8.842,57.090,ON,Variable clouds; Hybrid loop operating; Ceff=1.6x
334,10:46:30,35.300,67.100,65.140,48.560,47.200,32.600,1.503,16.153,17.238,0.825,1.352,797.700,1274.600,1.598,13.328,23.311,0.902,1.478,19.817,21.007,0.746,0.751,13.326,23.306,0.189,8.839,9.674,0.018,4155.000,114.283,47.440,8.839,57.115,ON,Variable clouds; Hybrid loop operating; Ceff=1.6x
335,10:47:00,35.300,67.150,65.200,48.600,47.230,32.610,1.511,16.149,17.236,0.828,1.358,800.300,1279.800,1.599,13.369,23.402,0.905,1.484,19.813,21.005,0.746,0.751,13.371,23.406,0.189,8.840,9.677,0.018,4155.000,114.891,47.499,8.840,57.176,ON,Variable clouds; Hybrid loop operating; Ceff=1.6x
336,10:47:30,35.310,67.220,65.270,48.640,47.280,32.620,1.520,16.145,17.233,0.831,1.364,803.600,1285.900,1.600,13.418,23.510,0.908,1.491,19.809,21.002,0.746,0.751,13.416,23.506,0.189,8.834,9.672,0.018,4155.000,115.575,47.555,8.834,57.227,ON,Variable clouds; Hybrid loop operating; Ceff=1.6x
337,10:48:00,35.310,67.320,65.360,48.700,47.330,32.630,1.531,16.139,17.230,0.835,1.372,807.300,1292.900,1.601,13.475,23.631,0.912,1.499,19.803,20.998,0.746,0.751,13.476,23.640,0.189,8.832,9.674,0.018,4155.000,116.412,47.640,8.832,57.314,ON,Variable clouds; Hybrid loop operating; Ceff=1.6x
338,10:48:30,35.320,67.430,65.470,48.770,47.400,32.640,1.542,16.133,17.226,0.839,1.379,811.400,1300.400,1.603,13.537,23.762,0.917,1.508,19.796,20.994,0.746,0.751,13.536,23.755,0.189,8.826,9.665,0.018,4155.000,117.248,47.705,8.826,57.371,ON,Variable clouds; Hybrid loop operating; Ceff=1.6x
339,10:49:00,35.320,67.560,65.580,48.850,47.470,32.650,1.554,16.126,17.222,0.843,1.387,815.600,1308.100,1.604,13.599,23.894,0.922,1.516,19.788,20.989,0.745,0.751,13.594,23.887,0.189,8.819,9.662,0.018,4155.000,118.161,47.794,8.819,57.455,ON,Variable clouds; Hybrid loop operating; Ceff=1.6x
340,10:49:30,35.330,67.690,65.710,48.930,47.540,32.660,1.565,16.118,17.217,0.847,1.395,819.600,1315.500,1.605,13.658,24.021,0.926,1.525,19.779,20.984,0.746,0.751,13.652,24.018,0.189,8.813,9.660,0.018,4155.000,118.997,47.861,8.813,57.521,ON,Variable clouds; Hybrid loop operating; Ceff=1.6x
341,10:50:00,35.330,67.830,65.840,49.020,47.620,32.670,1.576,16.110,17.212,0.851,1.402,823.200,1322.200,1.606,13.710,24.134,0.930,1.532,19.770,20.978,0.746,0.751,13.710,24.131,0.189,8.812,9.657,0.018,4155.000,119.834,47.953,8.812,57.610,ON,Variable clouds; Hybrid loop operating; Ceff=1.61x
342,10:50:30,35.340,67.970,65.960,49.100,47.700,32.680,1.585,16.102,17.207,0.854,1.408,826.300,1327.900,1.607,13.751,24.231,0.933,1.539,19.762,20.973,0.746,0.751,13.751,24.227,0.189,8.805,9.653,0.018,4155.000,120.518,48.020,8.805,57.674,ON,Variable clouds; Hybrid loop operating; Ceff=1.61x
343,10:51:00,35.350,68.100,66.090,49.180,47.770,32.690,1.592,16.095,17.203,0.856,1.413,828.600,1332.600,1.608,13.783,24.309,0.936,1.544,19.753,20.968,0.745,0.751,13.777,24.308,0.189,8.797,9.651,0.018,4155.000,121.050,48.062,8.797,57.713,ON,Variable clouds; Hybrid loop operating; Ceff=1.61x
344,10:51:30,35.350,68.220,66.190,49.250,47.840,32.700,1.597,16.088,17.199,0.858,1.417,830.400,1336.300,1.609,13.804,24.369,0.938,1.549,19.746,20.964,0.745,0.750,13.804,24.371,0.189,8.795,9.650,0.018,4155.000,121.430,48.080,8.795,57.729,ON,Variable clouds; Hybrid loop operating; Ceff=1.61x
345,10:52:00,35.360,68.320,66.290,49.310,47.890,32.710,1.602,16.082,17.195,0.859,1.420,831.600,1339.200,1.610,13.819,24.416,0.939,1.552,19.740,20.960,0.746,0.751,13.814,24.417,0.189,8.789,9.647,0.018,4155.000,121.810,48.126,8.789,57.773,ON,Variable clouds; Hybrid loop operating; Ceff=1.61x
346,10:52:30,35.370,68.400,66.370,49.360,47.940,32.720,1.606,16.077,17.193,0.860,1.422,832.700,1341.700,1.611,13.831,24.456,0.940,1.555,19.735,20.957,0.746,0.750,13.826,24.448,0.189,8.785,9.641,0.018,4155.000,122.115,48.156,8.785,57.797,ON,Variable clouds; Hybrid loop operating; Ceff=1.61x
347,10:53:00,35.370,68.460,66.430,49.390,47.970,32.730,1.610,16.074,17.190,0.861,1.425,833.700,1344.100,1.612,13.844,24.497,0.941,1.557,19.731,20.955,0.746,0.751,13.840,24.496,0.189,8.783,9.643,0.018,4155.000,122.419,48.190,8.783,57.832,ON,Variable clouds; Hybrid loop operating; Ceff=1.61x
348,10:53:30,35.380,68.500,66.480,49.420,48.000,32.740,1.614,16.071,17.189,0.863,1.428,835.000,1347.000,1.613,13.863,24.547,0.943,1.561,19.728,20.953,0.745,0.750,13.869,24.546,0.189,8.788,9.642,0.018,4155.000,122.723,48.205,8.788,57.847,ON,Variable clouds; Hybrid loop operating; Ceff=1.61x
349,10:54:00,35.390,68.530,66.520,49.430,48.020,32.750,1.620,16.069,17.188,0.864,1.432,836.700,1350.600,1.614,13.889,24.610,0.945,1.565,19.725,20.952,0.745,0.751,13.884,24.613,0.189,8.780,9.642,0.018,4155.000,123.179,48.256,8.780,57.898,ON,Variable clouds; Hybrid loop operating; Ceff=1.61x
350,10:54:30,35.400,68.550,66.550,49.440,48.040,32.760,1.627,16.067,17.187,0.867,1.437,839.000,1355.100,1.615,13.926,24.690,0.947,1.570,19.724,20.951,0.746,0.751,13.930,24.698,0.189,8.785,9.643,0.018,4155.000,123.711,48.303,8.785,57.947,ON,Variable clouds; Hybrid loop operating; Ceff=1.62x
351,10:55:00,35.410,68.570,66.580,49.450,48.060,32.760,1.635,16.066,17.186,0.870,1.442,841.900,1360.400,1.616,13.971,24.786,0.950,1.576,19.722,20.950,0.746,0.751,13.977,24.782,0.189,8.784,9.639,0.018,4155.000,124.320,48.352,8.784,57.990,ON,Variable clouds; Hybrid loop operating; Ceff=1.62x
352,10:55:30,35.420,68.600,66.610,49.470,48.080,32.770,1.644,16.064,17.185,0.873,1.449,845.100,1366.400,1.617,14.024,24.894,0.954,1.583,19.720,20.949,0.745,0.751,14.024,24.901,0.189,8.780,9.642,0.018,4155.000,125.004,48.404,8.780,58.047,ON,Variable clouds; Hybrid loop operating; Ceff=1.62x
353,10:56:00,35.430,68.630,66.660,49.490,48.110,32.780,1.654,16.062,17.184,0.877,1.455,848.600,1372.800,1.618,14.079,25.008,0.958,1.591,19.717,20.947,0.745,0.750,14.086,25.003,0.189,8.783,9.636,0.018,4155.000,125.764,48.472,8.783,58.108,ON,Variable clouds; Hybrid loop operating; Ceff=1.62x
354,10:56:30,35.440,68.680,66.710,49.520,48.140,32.790,1.664,16.059,17.182,0.880,1.462,852.100,1379.100,1.618,14.133,25.119,0.962,1.598,19.714,20.945,0.745,0.750,14.132,25.120,0.189,8.775,9.637,0.018,4155.000,126.525,48.542,8.775,58.180,ON,Variable clouds; Hybrid loop operating; Ceff=1.62x
355,10:57:00,35.450,68.750,66.780,49.560,48.180,32.800,1.673,16.055,17.179,0.883,1.468,855.300,1385.000,1.619,14.182,25.221,0.965,1.605,19.710,20.942,0.746,0.750,14.177,25.219,0.189,8.770,9.634,0.018,4155.000,127.209,48.597,8.770,58.231,ON,Variable clouds; Hybrid loop operating; Ceff=1.62x
356,10:57:30,35.460,68.830,66.860,49.610,48.230,32.800,1.681,16.050,17.176,0.886,1.473,858.000,1390.000,1.620,14.221,25.307,0.968,1.610,19.704,20.939,0.746,0.751,14.220,25.300,0.189,8.769,9.630,0.018,4155.000,127.817,48.653,8.769,58.284,ON,Variable clouds; Hybrid loop operating; Ceff=1.62x
357,10:58:00,35.470,68.930,66.960,49.670,48.290,32.810,1.687,16.044,17.173,0.888,1.477,860.000,1393.900,1.621,14.248,25.373,0.971,1.615,19.698,20.936,0.745,0.750,14.247,25.365,0.189,8.765,9.628,0.018,4155.000,128.274,48.690,8.765,58.318,ON,Variable clouds; Hybrid loop operating; Ceff=1.62x
358,10:58:30,35.490,69.040,67.060,49.730,48.350,32.820,1.692,16.038,17.169,0.889,1.480,861.400,1396.800,1.622,14.264,25.418,0.972,1.618,19.691,20.931,0.745,0.751,14.258,25.410,0.189,8.758,9.625,0.018,4155.000,128.654,48.733,8.758,58.359,ON,Variable clouds; Hybrid loop operating; Ceff=1.62x
359,10:59:00,35.500,69.160,67.170,49.810,48.410,32.820,1.695,16.031,17.165,0.890,1.482,862.200,1398.700,1.622,14.269,25.445,0.973,1.620,19.683,20.927,0.745,0.751,14.268,25.439,0.189,8.755,9.623,0.018,4155.000,128.882,48.753,8.755,58.376,ON,Variable clouds; Hybrid loop operating; Ceff=1.62x
360,10:59:30,35.510,69.290,67.290,49.880,48.480,32.830,1.697,16.023,17.161,0.890,1.484,862.600,1399.900,1.623,14.267,25.459,0.973,1.621,19.675,20.922,0.745,0.751,14.260,25.467,0.189,8.747,9.625,0.018,4155.000,129.034,48.769,8.747,58.395,ON,Variable clouds; Hybrid loop operating; Ceff=1.62x
361,11:00:00,35.530,69.420,67.410,49.960,48.550,32.840,1.698,16.016,17.157,0.891,1.484,862.800,1400.900,1.624,14.263,25.469,0.973,1.622,19.667,20.918,0.745,0.751,14.270,25.461,0.189,8.751,9.616,0.018,4155.000,129.110,48.763,8.751,58.379,ON,Variable clouds; Hybrid loop operating; Ceff=1.62x
362,11:00:30,35.540,69.540,67.520,50.030,48.610,32.840,1.700,16.009,17.153,0.891,1.486,863.200,1402.000,1.624,14.261,25.482,0.974,1.624,19.660,20.913,0.745,0.750,14.264,25.489,0.189,8.743,9.619,0.018,4155.000,129.262,48.782,8.743,58.402,ON,Variable clouds; Hybrid loop operating; Ceff=1.62x
363,11:01:00,35.560,69.660,67.620,50.090,48.670,32.850,1.703,16.003,17.149,0.891,1.487,863.800,1403.600,1.625,14.265,25.505,0.974,1.625,19.653,20.909,0.745,0.751,14.259,25.501,0.189,8.734,9.613,0.018,4155.000,129.490,48.813,8.734,58.425,ON,Variable clouds; Hybrid loop operating; Ceff=1.62x
364,11:01:30,35.570,69.760,67.710,50.150,48.720,32.850,1.707,15.997,17.146,0.893,1.490,865.000,1406.100,1.625,14.278,25.543,0.975,1.628,19.646,20.906,0.745,0.750,14.285,25.548,0.189,8.738,9.613,0.018,4155.000,129.794,48.840,8.738,58.453,ON,Variable clouds; Hybrid loop operating; Ceff=1.63x
365,11:02:00,35.590,69.840,67.800,50.200,48.770,32.860,1.712,15.992,17.143,0.894,1.493,866.800,1409.400,1.626,14.301,25.599,0.977,1.632,19.641,20.902,0.745,0.750,14.297,25.594,0.189,8.727,9.608,0.018,4155.000,130.174,48.869,8.727,58.477,ON,Variable clouds; Hybrid loop operating; Ceff=1.63x
366,11:02:30,35.610,69.910,67.860,50.240,48.810,32.860,1.719,15.988,17.140,0.897,1.498,869.100,1413.600,1.627,14.334,25.671,0.980,1.637,19.636,20.900,0.745,0.750,14.341,25.676,0.189,8.731,9.610,0.018,4155.000,130.707,48.923,8.731,58.533,ON,Variable clouds; Hybrid loop operating; Ceff=1.63x
367,11:03:00,35.620,69.970,67.920,50.280,48.840,32.860,1.726,15.984,17.138,0.899,1.503,871.700,1418.400,1.627,14.374,25.754,0.983,1.642,19.633,20.897,0.745,0.751,14.370,25.758,0.189,8.722,9.609,0.018,4155.000,131.239,48.956,8.722,58.564,ON,Variable clouds; Hybrid loop operating; Ceff=1.63x
368,11:03:30,35.640,70.010,67.970,50.300,48.870,32.870,1.734,15.982,17.137,0.902,1.508,874.500,1423.400,1.628,14.417,25.842,0.986,1.648,19.630,20.896,0.745,0.750,14.416,25.843,0.189,8.722,9.606,0.018,4155.000,131.847,49.010,8.722,58.616,ON,Variable clouds; Hybrid loop operating; Ceff=1.63x
369,11:04:00,35.660,70.040,68.000,50.320,48.900,32.870,1.742,15.980,17.135,0.905,1.513,877.200,1428.200,1.628,14.459,25.926,0.989,1.654,19.628,20.894,0.745,0.750,14.462,25.925,0.189,8.723,9.604,0.018,4155.000,132.456,49.070,8.723,58.675,ON,Variable clouds; Hybrid loop operating; Ceff=1.63x
370,11:04:30,35.680,70.060,68.030,50.340,48.920,32.870,1.748,15.978,17.134,0.907,1.517,879.500,1432.400,1.629,14.495,26.000,0.991,1.658,19.626,20.893,0.745,0.751,14.492,25.992,0.189,8.718,9.601,0.018,4155.000,132.912,49.095,8.718,58.696,ON,Variable clouds; Hybrid loop operating; Ceff=1.63x
371,11:05:00,35.700,70.070,68.060,50.350,48.940,32.880,1.754,15.977,17.133,0.909,1.521,881.200,1435.600,1.629,14.522,26.057,0.993,1.662,19.625,20.892,0.745,0.750,14.523,26.059,0.189,8.720,9.604,0.018,4155.000,133.368,49.154,8.720,58.758,ON,Variable clouds; Hybrid loop operating; Ceff=1.63x
372,11:05:30,35.710,70.090,68.080,50.360,48.960,32.880,1.757,15.976,17.132,0.910,1.523,882.300,1437.800,1.630,14.538,26.094,0.995,1.665,19.623,20.891,0.745,0.750,14.538,26.092,0.189,8.718,9.602,0.018,4155.000,133.596,49.162,8.718,58.764,ON,Variable clouds; Hybrid loop operating; Ceff=1.63x
373,11:06:00,35.730,70.110,68.110,50.370,48.980,32.880,1.759,15.975,17.131,0.910,1.524,882.700,1438.900,1.630,14.544,26.113,0.995,1.666,19.622,20.890,0.745,0.750,14.537,26.108,0.189,8.714,9.600,0.018,4155.000,133.748,49.181,8.714,58.781,ON,Variable clouds; Hybrid loop operating; Ceff=1.63x
374,11:06:30,35.750,70.130,68.150,50.390,49.000,32.880,1.759,15.973,17.130,0.910,1.525,882.600,1439.200,1.631,14.541,26.115,0.995,1.666,19.620,20.889,0.745,0.750,14.535,26.123,0.189,8.714,9.604,0.018,4155.000,133.748,49.171,8.714,58.774,ON,Variable clouds; Hybrid loop operating; Ceff=1.63x
375,11:07:00,35.770,70.170,68.190,50.410,49.020,32.880,1.759,15.971,17.129,0.910,1.524,882.200,1438.900,1.631,14.532,26.108,0.994,1.666,19.617,20.887,0.745,0.750,14.534,26.105,0.189,8.717,9.599,0.018,4155.000,133.748,49.181,8.717,58.780,ON,Variable clouds; Hybrid loop operating; Ceff=1.63x
376,11:07:30,35.790,70.220,68.240,50.440,49.050,32.880,1.758,15.968,17.127,0.909,1.524,881.800,1438.600,1.631,14.521,26.099,0.994,1.665,19.614,20.885,0.745,0.751,14.515,26.102,0.189,8.709,9.600,0.018,4155.000,133.672,49.163,8.709,58.763,ON,Variable clouds; Hybrid loop operating; Ceff=1.63x
377,11:08:00,35.810,70.280,68.300,50.480,49.090,32.890,1.758,15.964,17.125,0.909,1.524,881.600,1438.600,1.632,14.513,26.095,0.994,1.665,19.610,20.883,0.745,0.750,14.511,26.099,0.189,8.709,9.599,0.018,4155.000,133.672,49.163,8.709,58.762,ON,Variable clouds; Hybrid loop operating; Ceff=1.63x
378,11:08:30,35.840,70.360,68.370,50.520,49.130,32.890,1.759,15.959,17.122,0.909,1.525,881.800,1439.300,1.632,14.512,26.103,0.994,1.666,19.605,20.880,0.745,0.750,14.507,26.111,0.189,8.704,9.599,0.018,4155.000,133.748,49.167,8.704,58.766,ON,Variable clouds; Hybrid loop operating; Ceff=1.63x
379,11:09:00,35.860,70.450,68.450,50.580,49.180,32.890,1.762,15.954,17.119,0.910,1.526,882.600,1440.900,1.633,14.519,26.126,0.995,1.668,19.600,20.877,0.744,0.750,14.518,26.124,0.189,8.703,9.593,0.018,4155.000,133.976,49.196,8.703,58.789,ON,Variable clouds; Hybrid loop operating; Ceff=1.63x
380,11:09:30,35.880,70.550,68.540,50.640,49.240,32.890,1.766,15.949,17.116,0.911,1.529,883.900,1443.500,1.633,14.534,26.166,0.996,1.671,19.593,20.873,0.745,0.750,14.530,26.170,0.189,8.697,9.592,0.018,4155.000,134.280,49.219,8.697,58.812,ON,Variable clouds; Hybrid loop operating; Ceff=1.63x
381,11:10:00,35.900,70.650,68.640,50.710,49.300,32.890,1.771,15.943,17.112,0.913,1.532,885.800,1446.800,1.633,14.558,26.219,0.998,1.675,19.587,20.869,0.745,0.750,14.556,26.216,0.189,8.694,9.587,0.018,4155.000,134.661,49.246,8.694,58.833,ON,Variable clouds; Hybrid loop operating; Ceff=1.63x
382,11:10:30,35.920,70.760,68.740,50.770,49.360,32.890,1.778,15.937,17.108,0.915,1.536,887.900,1450.600,1.634,14.586,26.280,1.000,1.679,19.580,20.865,0.745,0.750,14.582,26.278,0.189,8.690,9.585,0.018,4155.000,135.193,49.311,8.690,58.896,ON,Variable clouds; Hybrid loop operating; Ceff=1.63x
383,11:11:00,35.940,70.860,68.830,50.840,49.410,32.890,1.784,15.931,17.104,0.917,1.540,890.100,1454.500,1.634,14.615,26.344,1.003,1.683,19.574,20.860,0.744,0.750,14.609,26.340,0.189,8.684,9.582,0.018,4155.000,135.649,49.345,8.684,58.927,ON,Variable clouds; Hybrid loop operating; Ceff=1.63x
384,11:11:30,35.960,70.960,68.910,50.900,49.470,32.890,1.789,15.925,17.101,0.919,1.544,892.000,1458.000,1.634,14.641,26.401,1.005,1.687,19.568,20.857,0.744,0.750,14.635,26.404,0.189,8.681,9.582,0.018,4155.000,136.029,49.364,8.681,58.946,ON,Variable clouds; Hybrid loop operating; Ceff=1.63x
385,11:12:00,35.980,71.040,68.990,50.950,49.520,32.880,1.794,15.921,17.098,0.921,1.547,893.600,1460.800,1.635,14.660,26.445,1.006,1.690,19.563,20.853,0.745,0.750,14.663,26.451,0.189,8.682,9.580,0.018,4155.000,136.409,49.407,8.682,58.988,ON,Variable clouds; Hybrid loop operating; Ceff=1.63x
386,11:12:30,36.010,71.100,69.050,51.000,49.560,32.880,1.797,15.917,17.095,0.922,1.549,894.500,1462.600,1.635,14.671,26.473,1.007,1.692,19.559,20.851,0.745,0.750,14.675,26.480,0.189,8.681,9.579,0.018,4155.000,136.638,49.429,8.681,59.008,ON,Variable clouds; Hybrid loop operating; Ceff=1.64x
387,11:13:00,36.030,71.140,69.100,51.030,49.590,32.880,1.798,15.915,17.094,0.922,1.549,894.800,1463.300,1.635,14.673,26.483,1.008,1.693,19.556,20.849,0.744,0.750,14.674,26.479,0.189,8.677,9.574,0.018,4155.000,136.714,49.433,8.677,59.007,ON,Variable clouds; Hybrid loop operating; Ceff=1.64x
388,11:13:30,36.050,71.170,69.130,51.040,49.610,32.880,1.798,15.913,17.092,0.922,1.549,894.500,1463.100,1.636,14.666,26.477,1.007,1.693,19.554,20.847,0.745,0.750,14.672,26.476,0.189,8.678,9.574,0.018,4155.000,136.714,49.440,8.678,59.014,ON,Variable clouds; Hybrid loop operating; Ceff=1.64x
389,11:14:00,36.070,71.170,69.140,51.050,49.630,32.880,1.796,15.912,17.092,0.921,1.548,893.700,1462.200,1.636,14.653,26.459,1.006,1.692,19.554,20.847,0.745,0.750,14.655,26.458,0.189,8.676,9.574,0.018,4155.000,136.562,49.415,8.676,58.989,ON,Variable clouds; Hybrid loop operating; Ceff=1.64x
390,11:14:30,36.090,71.160,69.140,51.050,49.630,32.880,1.794,15.912,17.092,0.920,1.547,892.800,1460.900,1.636,14.638,26.436,1.005,1.690,19.554,20.846,0.745,0.750,14.639,26.441,0.189,8.676,9.576,0.018,4155.000,136.409,49.404,8.676,58.980,ON,Variable clouds; Hybrid loop operating; Ceff=1.64x
391,11:15:00,36.110,71.150,69.140,51.040,49.640,32.880,1.792,15.913,17.092,0.919,1.546,891.900,1459.800,1.637,14.625,26.416,1.004,1.689,19.554,20.847,0.745,0.750,14.624,26.424,0.189,8.675,9.577,0.018,4155.000,136.257,49.386,8.675,58.964,ON,Variable clouds; Hybrid loop operating; Ceff=1.64x
392,11:15:30,36.130,71.130,69.130,51.030,49.640,32.870,1.791,15.914,17.092,0.918,1.545,891.400,1459.200,1.637,14.617,26.405,1.004,1.688,19.555,20.847,0.745,0.750,14.609,26.407,0.189,8.671,9.575,0.018,4155.000,136.181,49.379,8.671,58.954,ON,Variable clouds; Hybrid loop operating; Ceff=1.64x
393,11:16:00,36.150,71.110,69.130,51.020,49.640,32.870,1.792,15.914,17.092,0.918,1.545,891.400,1459.400,1.637,14.617,26.410,1.004,1.689,19.556,20.847,0.744,0.750,14.609,26.407,0.189,8.671,9.574,0.018,4155.000,136.257,49.400,8.671,58.973,ON,Variable clouds; Hybrid loop operating; Ceff=1.64x
394,11:16:30,36.170,71.110,69.130,51.020,49.640,32.870,1.794,15.915,17.092,0.919,1.546,891.900,1460.600,1.638,14.626,26.431,1.004,1.690,19.556,20.847,0.745,0.750,14.626,26.424,0.189,8.676,9.572,0.018,4155.000,136.409,49.414,8.676,58.986,ON,Variable clouds; Hybrid loop operating; Ceff=1.64x
395,11:17:00,36.190,71.110,69.150,51.030,49.660,32.870,1.797,15.914,17.092,0.920,1.549,893.100,1462.700,1.638,14.644,26.467,1.006,1.692,19.555,20.846,0.744,0.750,14.641,26.476,0.189,8.674,9.577,0.018,4155.000,136.638,49.426,8.674,59.003,ON,Variable clouds; Hybrid loop operating; Ceff=1.64x
396,11:17:30,36.210,71.140,69.170,51.050,49.680,32.860,1.802,15.912,17.090,0.922,1.552,894.600,1465.500,1.638,14.668,26.516,1.007,1.696,19.554,20.845,0.745,0.750,14.671,26.524,0.189,8.677,9.576,0.018,4155.000,137.018,49.469,8.677,59.045,ON,Variable clouds; Hybrid loop operating; Ceff=1.64x
397,11:18:00,36.230,71.180,69.220,51.080,49.710,32.860,1.807,15.910,17.088,0.924,1.555,896.400,1468.700,1.638,14.694,26.570,1.009,1.699,19.551,20.843,0.745,0.750,14.701,26.572,0.189,8.677,9.573,0.018,4155.000,137.398,49.498,8.677,59.070,ON,Variable clouds; Hybrid loop operating; Ceff=1.64x
398,11:18:30,36.250,71.250,69.280,51.130,49.750,32.860,1.812,15.906,17.086,0.925,1.558,898.200,1471.800,1.639,14.719,26.621,1.011,1.703,19.547,20.840,0.745,0.750,14.713,26.620,0.189,8.667,9.570,0.018,4155.000,137.778,49.530,8.667,59.100,ON,Variable clouds; Hybrid loop operating; Ceff=1.64x
399,11:19:00,36.270,71.320,69.350,51.180,49.800,32.860,1.816,15.902,17.083,0.927,1.561,899.700,1474.400,1.639,14.738,26.663,1.013,1.706,19.542,20.837,0.744,0.750,14.741,26.667,0.189,8.669,9.570,0.018,4155.000,138.082,49.552,8.669,59.121,ON,Variable clouds; Hybrid loop operating; Ceff=1.64x
400,11:19:30,36.290,71.410,69.430,51.240,49.850,32.850,1.819,15.897,17.080,0.928,1.563,900.600,1476.200,1.639,14.748,26.690,1.014,1.708,19.536,20.833,0.744,0.750,14.752,26.696,0.189,8.667,9.568,0.018,4155.000,138.310,49.573,8.667,59.142,ON,Variable clouds; Hybrid loop operating; Ceff=1.64x
401,11:20:00,36.300,71.500,69.510,51.300,49.900,32.850,1.820,15.891,17.076,0.928,1.563,901.000,1477.000,1.639,14.748,26.698,1.014,1.709,19.531,20.830,0.745,0.750,14.747,26.690,0.189,8.660,9.561,0.018,4155.000,138.386,49.574,8.660,59.135,ON,Variable clouds; Hybrid loop operating; Ceff=1.64x
402,11:20:30,36.320,71.600,69.590,51.360,49.950,32.850,1.820,15.886,17.073,0.928,1.563,900.700,1476.800,1.640,14.737,26.687,1.014,1.708,19.525,20.826,0.744,0.750,14.742,26.685,0.189,8.660,9.561,0.018,4155.000,138.386,49.580,8.660,59.141,ON,Variable clouds; Hybrid loop operating; Ceff=1.64x
403,11:21:00,36.340,71.680,69.670,51.410,50.000,32.850,1.818,15.881,17.070,0.927,1.562,899.900,1475.700,1.640,14.719,26.662,1.013,1.707,19.520,20.823,0.744,0.750,14.722,26.663,0.189,8.656,9.560,0.018,4155.000,138.234,49.563,8.656,59.123,ON,Variable clouds; Hybrid loop operating; Ceff=1.64x
404,11:21:30,36.350,71.760,69.730,51.460,50.040,32.840,1.816,15.877,17.067,0.926,1.560,898.800,1474.100,1.640,14.696,26.628,1.012,1.705,19.515,20.820,0.744,0.750,14.702,26.625,0.189,8.655,9.556,0.018,4155.000,138.082,49.562,8.655,59.118,ON,Variable clouds; Hybrid loop operating; Ceff=1.64x
405,11:22:00,36.370,71.810,69.790,51.490,50.080,32.840,1.813,15.874,17.065,0.924,1.558,897.700,1472.400,1.640,14.673,26.593,1.010,1.703,19.512,20.818,0.745,0.750,14.668,26.587,0.189,8.645,9.554,0.018,4155.000,137.854,49.537,8.645,59.091,ON,Variable clouds; Hybrid loop operating; Ceff=1.64x
406,11:22:30,36.380,71.850,69.820,51.520,50.100,32.840,1.810,15.872,17.064,0.923,1.557,896.700,1471.000,1.641,14.654,26.565,1.009,1.701,19.509,20.816,0.744,0.750,14.650,26.569,0.189,8.644,9.556,0.018,4155.000,137.626,49.502,8.644,59.059,ON,Variable clouds; Hybrid loop operating; Ceff=1.64x
407,11:23:00,36.400,71.870,69.840,51.530,50.110,32.840,1.809,15.871,17.063,0.923,1.556,896.100,1470.300,1.641,14.644,26.551,1.008,1.701,19.508,20.815,0.745,0.750,14.649,26.550,0.189,8.649,9.554,0.018,4155.000,137.550,49.499,8.649,59.053,ON,Variable clouds; Hybrid loop operating; Ceff=1.64x
408,11:23:30,36.410,71.870,69.850,51.540,50.120,32.830,1.810,15.870,17.063,0.923,1.556,896.100,1470.500,1.641,14.643,26.554,1.008,1.701,19.508,20.815,0.745,0.750,14.648,26.550,0.189,8.649,9.553,0.018,4155.000,137.626,49.519,8.649,59.072,ON,Variable clouds; Hybrid loop operating; Ceff=1.64x
409,11:24:00,36.430,71.860,69.850,51.530,50.120,32.830,1.812,15.871,17.063,0.923,1.558,896.800,1471.800,1.641,14.654,26.576,1.009,1.702,19.508,20.815,0.744,0.750,14.649,26.584,0.189,8.643,9.557,0.018,4155.000,137.778,49.530,8.643,59.087,ON,Variable clouds; Hybrid loop operating; Ceff=1.64x
410,11:24:30,36.440,71.840,69.840,51.520,50.120,32.830,1.815,15.872,17.063,0.925,1.560,897.900,1473.900,1.641,14.675,26.615,1.010,1.705,19.509,20.815,0.745,0.750,14.682,26.618,0.189,8.651,9.555,0.018,4155.000,138.006,49.541,8.651,59.097,ON,Variable clouds; Hybrid loop operating; Ceff=1.64x
411,11:25:00,36.450,71.810,69.820,51.510,50.110,32.830,1.820,15.873,17.064,0.926,1.563,899.500,1476.600,1.642,14.702,26.666,1.012,1.708,19.511,20.816,0.745,0.750,14.698,26.671,0.189,8.646,9.557,0.018,4155.000,138.386,49.587,8.646,59.144,ON,Variable clouds; Hybrid loop operating; Ceff=1.64x
412,11:25:30,36.460,71.780,69.800,51.500,50.110,32.830,1.824,15.874,17.064,0.928,1.566,901.200,1479.600,1.642,14.731,26.721,1.014,1.711,19.512,20.816,0.745,0.750,14.731,26.722,0.189,8.649,9.556,0.018,4155.000,138.691,49.595,8.649,59.151,ON,Variable clouds; Hybrid loop operating; Ceff=1.64x
413,11:26:00,36.470,71.760,69.790,51.490,50.110,32.820,1.829,15.875,17.064,0.930,1.569,902.800,1482.400,1.642,14.758,26.771,1.016,1.715,19.513,20.817,0.744,0.750,14.764,26.773,0.189,8.653,9.556,0.018,4155.000,139.071,49.637,8.653,59.193,ON,Variable clouds; Hybrid loop operating; Ceff=1.64x
414,11:26:30,36.480,71.750,69.790,51.480,50.110,32.820,1.832,15.876,17.064,0.931,1.571,904.000,1484.600,1.642,14.778,26.811,1.017,1.717,19.513,20.817,0.745,0.750,14.781,26.808,0.189,8.651,9.554,0.018,4155.000,139.299,49.645,8.651,59.199,ON,Variable clouds; Hybrid loop operating; Ceff=1.64x
415,11:27:00,36.490,71.750,69.800,51.490,50.120,32.820,1.835,15.876,17.064,0.932,1.573,904.700,1485.900,1.642,14.789,26.834,1.018,1.719,19.513,20.816,0.745,0.750,14.796,26.842,0.189,8.653,9.558,0.018,4155.000,139.527,49.683,8.653,59.241,ON,Variable clouds; Hybrid loop operating; Ceff=1.64x
416,11:27:30,36.500,71.770,69.820,51.500,50.140,32.820,1.835,15.875,17.063,0.932,1.573,904.700,1486.200,1.643,14.789,26.838,1.018,1.719,19.512,20.815,0.745,0.750,14.796,26.840,0.189,8.653,9.555,0.018,4155.000,139.527,49.673,8.653,59.228,ON,Variable clouds; Hybrid loop operating; Ceff=1.64x
417,11:28:00,36.510,71.790,69.850,51.520,50.160,32.820,1.834,15.873,17.062,0.931,1.572,904.200,1485.500,1.643,14.779,26.823,1.018,1.718,19.510,20.814,0.744,0.750,14.778,26.821,0.189,8.647,9.553,0.018,4155.000,139.451,49.669,8.647,59.222,ON,Variable clouds; Hybrid loop operating; Ceff=1.64x
418,11:28:30,36.520,71.840,69.890,51.550,50.180,32.820,1.832,15.870,17.061,0.930,1.571,903.300,1484.100,1.643,14.760,26.796,1.016,1.717,19.507,20.812,0.745,0.750,14.759,26.803,0.189,8.645,9.556,0.018,4155.000,139.299,49.662,8.645,59.217,ON,Variable clouds; Hybrid loop operating; Ceff=1.64x
419,11:29:00,36.530,71.900,69.940,51.580,50.210,32.820,1.829,15.867,17.059,0.929,1.569,902.100,1482.400,1.643,14.738,26.761,1.015,1.714,19.504,20.810,0.744,0.750,14.740,26.766,0.189,8.646,9.553,0.018,4155.000,139.071,49.637,8.646,59.191,ON,Variable clouds; Hybrid loop operating; Ceff=1.64x
420,11:29:30,36.530,71.960,69.990,51.620,50.240,32.820,1.826,15.863,17.057,0.928,1.567,901.000,1480.800,1.643,14.716,26.727,1.014,1.713,19.500,20.808,0.744,0.750,14.721,26.728,0.189,8.645,9.550,0.018,4155.000,138.843,49.609,8.645,59.160,ON,Variable clouds; Hybrid loop operating; Ceff=1.64x
421,11:30:00,36.540,72.030,70.050,51.660,50.280,32.820,1.824,15.860,17.054,0.927,1.566,900.200,1479.600,1.644,14.698,26.701,1.013,1.711,19.496,20.805,0.744,0.750,14.702,26.707,0.189,8.641,9.550,0.018,4155.000,138.691,49.595,8.641,59.146,ON,Variable clouds; Hybrid loop operating; Ceff=1.64x
422,11:30:30,36.540,72.110,70.120,51.700,50.310,32.820,1.824,15.856,17.052,0.926,1.565,899.900,1479.300,1.644,14.688,26.691,1.012,1.711,19.491,20.803,0.745,0.750,14.683,26.686,0.189,8.633,9.545,0.018,4155.000,138.691,49.605,8.633,59.150,ON,Variable clouds; Hybrid loop operating; Ceff=1.64x
423,11:31:00,36.550,72.180,70.170,51.750,50.350,32.820,1.825,15.852,17.050,0.927,1.566,900.300,1480.000,1.644,14.689,26.699,1.013,1.711,19.487,20.800,0.744,0.750,14.695,26.700,0.189,8.636,9.545,0.018,4155.000,138.767,49.609,8.636,59.154,ON,Variable clouds; Hybrid loop operating; Ceff=1.64x
424,11:31:30,36.550,72.240,70.230,51.780,50.380,32.820,1.828,15.848,17.048,0.928,1.568,901.200,1481.600,1.644,14.700,26.725,1.014,1.713,19.483,20.798,0.744,0.750,14.707,26.731,0.189,8.635,9.546,0.018,4155.000,138.995,49.637,8.635,59.183,ON,Variable clouds; Hybrid loop operating; Ceff=1.64x
425,11:32:00,36.560,72.290,70.280,51.820,50.400,32.820,1.832,15.845,17.046,0.929,1.570,902.600,1484.100,1.644,14.720,26.767,1.015,1.716,19.480,20.796,0.744,0.750,14.720,26.762,0.189,8.629,9.541,0.018,4155.000,139.299,49.662,8.629,59.203,ON,Variable clouds; Hybrid loop operating; Ceff=1.64x
426,11:32:30,36.560,72.330,70.310,51.840,50.430,32.820,1.837,15.843,17.044,0.931,1.573,904.300,1487.100,1.644,14.745,26.818,1.017,1.720,19.477,20.795,0.744,0.750,14.750,26.810,0.189,8.630,9.539,0.018,4155.000,139.679,49.697,8.630,59.236,ON,Variable clouds; Hybrid loop operating; Ceff=1.64x
427,11:33:00,36.560,72.360,70.340,51.860,50.440,32.820,1.842,15.841,17.043,0.933,1.577,906.100,1490.200,1.645,14.773,26.872,1.019,1.723,19.476,20.794,0.744,0.750,14.780,26.877,0.189,8.630,9.543,0.018,4155.000,140.059,49.729,8.630,59.271,ON,Variable clouds; Hybrid loop operating; Ceff=1.64x
428,11:33:30,36.570,72.370,70.350,51.870,50.450,32.820,1.846,15.841,17.043,0.934,1.580,907.700,1492.900,1.645,14.797,26.920,1.021,1.726,19.475,20.793,0.744,0.750,14.795,26.928,0.189,8.624,9.544,0.018,4155.000,140.363,49.746,8.624,59.290,ON,Variable clouds; Hybrid loop operating; Ceff=1.64x
429,11:34:00,36.570,72.370,70.350,51.870,50.460,32.820,1.849,15.841,17.043,0.935,1.582,908.800,1495.000,1.645,14.816,26.956,1.022,1.729,19.475,20.793,0.744,0.750,14.811,26.962,0.189,8.623,9.542,0.018,4155.000,140.591,49.757,8.623,59.299,ON,Variable clouds; Hybrid loop operating; Ceff=1.64x
430,11:34:30,36.570,72.350,70.340,51.860,50.450,32.820,1.851,15.841,17.043,0.936,1.583,909.400,1496.000,1.645,14.826,26.976,1.023,1.730,19.476,20.793,0.744,0.750,14.827,26.979,0.189,8.627,9.542,0.018,4155.000,140.744,49.778,8.627,59.320,ON,Variable clouds; Hybrid loop operating; Ceff=1.65x
431,11:35:00,36.570,72.320,70.330,51.840,50.440,32.830,1.851,15.843,17.044,0.936,1.583,909.400,1496.100,1.645,14.827,26.979,1.023,1.730,19.477,20.794,0.744,0.750,14.829,26.981,0.189,8.628,9.542,0.018,4155.000,140.744,49.774,8.628,59.316,ON,Variable clouds; Hybrid loop operating; Ceff=1.65x
432,11:35:30,36.570,72.290,70.310,51.820,50.430,32.830,1.850,15.844,17.045,0.935,1.582,908.800,1495.300,1.645,14.819,26.966,1.022,1.729,19.479,20.795,0.744,0.750,14.814,26.965,0.189,8.625,9.541,0.018,4155.000,140.668,49.774,8.625,59.316,ON,Variable clouds; Hybrid loop operating; Ceff=1.65x
433,11:36:00,36.570,72.260,70.290,51.800,50.420,32.830,1.848,15.846,17.046,0.934,1.581,907.900,1493.900,1.646,14.806,26.942,1.021,1.727,19.481,20.796,0.744,0.750,14.800,26.950,0.189,8.625,9.545,0.018,4155.000,140.515,49.767,8.625,59.312,ON,Variable clouds; Hybrid loop operating; Ceff=1.65x
434,11:36:30,36.580,72.230,70.270,51.780,50.410,32.830,1.845,15.847,17.047,0.933,1.579,906.800,1492.300,1.646,14.790,26.915,1.020,1.726,19.482,20.797,0.744,0.750,14.785,26.917,0.189,8.627,9.544,0.018,4155.000,140.287,49.739,8.627,59.283,ON,Variable clouds; Hybrid loop operating; Ceff=1.65x
435,11:37:00,36.580,72.220,70.260,51.770,50.400,32.840,1.843,15.848,17.048,0.932,1.577,905.900,1490.900,1.646,14.777,26.892,1.019,1.724,19.483,20.798,0.744,0.750,14.770,26.885,0.189,8.627,9.541,0.018,4155.000,140.135,49.732,8.627,59.273,ON,Variable clouds; Hybrid loop operating; Ceff=1.65x
436,11:37:30,36.580,72.210,70.250,51.760,50.390,32.840,1.842,15.848,17.048,0.932,1.577,905.400,1490.200,1.646,14.769,26.880,1.018,1.723,19.483,20.798,0.745,0.750,14.770,26.885,0.189,8.632,9.546,0.018,4155.000,140.059,49.729,8.632,59.274,ON,Variable clouds; Hybrid loop operating; Ceff=1.65x
437,11:38:00,36.580,72.220,70.270,51.770,50.400,32.840,1.842,15.848,17.048,0.932,1.577,905.400,1490.400,1.646,14.768,26.883,1.018,1.723,19.483,20.798,0.745,0.750,14.770,26.885,0.189,8.632,9.544,0.018,4155.000,140.059,49.722,8.632,59.266,ON,Variable clouds; Hybrid loop operating; Ceff=1.65x
438,11:38:30,36.570,72.250,70.290,51.780,50.410,32.850,1.844,15.846,17.047,0.933,1.578,906.100,1491.600,1.646,14.777,26.903,1.019,1.725,19.481,20.797,0.744,0.750,14.784,26.900,0.189,8.633,9.542,0.018,4155.000,140.211,49.736,8.633,59.278,ON,Variable clouds; Hybrid loop operating; Ceff=1.65x
439,11:39:00,36.570,72.300,70.330,51.810,50.430,32.850,1.847,15.843,17.045,0.934,1.580,907.300,1493.700,1.646,14.794,26.939,1.021,1.727,19.478,20.796,0.744,0.750,14.797,26.931,0.189,8.629,9.540,0.018,4155.000,140.439,49.747,8.629,59.286,ON,Variable clouds; Hybrid loop operating; Ceff=1.65x
440,11:39:30,36.570,72.360,70.380,51.840,50.460,32.850,1.852,15.840,17.043,0.935,1.583,909.000,1496.600,1.646,14.818,26.986,1.022,1.730,19.474,20.794,0.745,0.750,14.810,26.979,0.189,8.621,9.538,0.018,4155.000,140.820,49.785,8.621,59.323,ON,Variable clouds; Hybrid loop operating; Ceff=1.65x
441,11:40:00,36.570,72.430,70.450,51.890,50.500,32.860,1.857,15.836,17.041,0.937,1.587,910.900,1499.800,1.647,14.843,27.039,1.024,1.734,19.470,20.791,0.744,0.750,14.838,27.044,0.189,8.619,9.541,0.018,4155.000,141.200,49.813,8.619,59.353,ON,Variable clouds; Hybrid loop operating; Ceff=1.65x
442,11:40:30,36.570,72.510,70.510,51.930,50.530,32.860,1.862,15.832,17.039,0.939,1.590,912.700,1502.800,1.647,14.867,27.089,1.026,1.738,19.465,20.788,0.744,0.750,14.866,27.092,0.189,8.618,9.538,0.018,4155.000,141.580,49.847,8.618,59.385,ON,Variable clouds; Hybrid loop operating; Ceff=1.65x
443,11:41:00,36.570,72.590,70.580,51.980,50.570,32.870,1.866,15.827,17.036,0.941,1.593,914.100,1505.400,1.647,14.886,27.130,1.028,1.740,19.460,20.786,0.744,0.750,14.893,27.138,0.189,8.621,9.538,0.018,4155.000,141.884,49.868,8.621,59.406,ON,Variable clouds; Hybrid loop operating; Ceff=1.65x
444,11:41:30,36.570,72.670,70.640,52.020,50.610,32.870,1.869,15.823,17.034,0.941,1.594,915.100,1507.100,1.647,14.897,27.156,1.029,1.742,19.456,20.783,0.744,0.750,14.889,27.152,0.189,8.609,9.532,0.018,4155.000,142.112,49.892,8.609,59.424,ON,Variable clouds; Hybrid loop operating; Ceff=1.65x
445,11:42:00,36.570,72.730,70.700,52.060,50.640,32.880,1.870,15.820,17.032,0.942,1.595,915.500,1507.800,1.647,14.899,27.165,1.029,1.743,19.452,20.781,0.744,0.750,14.902,27.166,0.189,8.613,9.533,0.018,4155.000,142.188,49.895,8.613,59.428,ON,Variable clouds; Hybrid loop operating; Ceff=1.65x
446,11:42:30,36.570,72.770,70.740,52.080,50.660,32.880,1.870,15.817,17.030,0.942,1.595,915.200,1507.400,1.647,14.892,27.156,1.029,1.743,19.449,20.779,0.744,0.750,14.900,27.163,0.189,8.614,9.534,0.018,4155.000,142.188,49.908,8.614,59.443,ON,Variable clouds; Hybrid loop operating; Ceff=1.65x
447,11:43:00,36.570,72.800,70.760,52.100,50.670,32.890,1.868,15.816,17.030,0.941,1.593,914.500,1506.300,1.647,14.878,27.135,1.028,1.741,19.448,20.778,0.744,0.750,14.883,27.129,0.189,8.611,9.529,0.018,4155.000,142.036,49.891,8.611,59.421,ON,Variable clouds; Hybrid loop operating; Ceff=1.65x
448,11:43:30,36.570,72.800,70.770,52.100,50.670,32.890,1.865,15.815,17.030,0.940,1.592,913.500,1504.700,1.647,14.861,27.106,1.027,1.740,19.447,20.778,0.744,0.750,14.866,27.112,0.189,8.610,9.533,0.018,4155.000,141.808,49.864,8.610,59.398,ON,Variable clouds; Hybrid loop operating; Ceff=1.65x
449,11:44:00,36.570,72.790,70.760,52.090,50.660,32.900,1.863,15.816,17.030,0.939,1.590,912.400,1503.100,1.647,14.845,27.077,1.026,1.738,19.448,20.779,0.744,0.750,14.851,27.078,0.189,8.612,9.532,0.018,4155.000,141.656,49.864,8.612,59.395,ON,Variable clouds; Hybrid loop operating; Ceff=1.65x
450,11:44:30,36.570,72.760,70.740,52.070,50.650,32.900,1.861,15.817,17.031,0.938,1.589,911.600,1501.800,1.647,14.833,27.057,1.025,1.736,19.449,20.780,0.744,0.750,14.836,27.062,0.189,8.611,9.534,0.018,4155.000,141.504,49.853,8.611,59.388,ON,Variable clouds; Hybrid loop operating; Ceff=1.65x
451,11:45:00,36.570,72.730,70.710,52.040,50.630,32.910,1.860,15.819,17.033,0.937,1.588,911.200,1501.300,1.648,14.830,27.050,1.025,1.736,19.452,20.782,0.744,0.750,14.822,27.048,0.189,8.607,9.533,0.018,4155.000,141.428,49.843,8.607,59.376,ON,Variable clouds; Hybrid loop operating; Ceff=1.65x
452,11:45:30,36.570,72.680,70.680,52.010,50.610,32.920,1.860,15.822,17.034,0.938,1.589,911.400,1501.700,1.648,14.836,27.060,1.025,1.736,19.454,20.783,0.744,0.750,14.841,27.067,0.189,8.616,9.537,0.018,4155.000,141.428,49.830,8.616,59.367,ON,Variable clouds; Hybrid loop operating; Ceff=1.65x
453,11:46:00,36.570,72.640,70.640,51.980,50.590,32.920,1.863,15.824,17.036,0.939,1.590,912.200,1503.100,1.648,14.852,27.088,1.026,1.738,19.457,20.785,0.744,0.750,14.859,27.087,0.189,8.618,9.535,0.018,4155.000,141.656,49.864,8.618,59.399,ON,Variable clouds; Hybrid loop operating; Ceff=1.65x
454,11:46:30,36.570,72.610,70.620,51.960,50.570,32.930,1.866,15.826,17.037,0.940,1.592,913.600,1505.300,1.648,14.875,27.131,1.027,1.740,19.459,20.786,0.744,0.750,14.876,27.123,0.189,8.616,9.533,0.018,4155.000,141.884,49.871,8.616,59.405,ON,Variable clouds; Hybrid loop operating; Ceff=1.65x
455,11:47:00,36.570,72.580,70.600,51.950,50.560,32.930,1.871,15.827,17.037,0.942,1.595,915.200,1508.100,1.648,14.903,27.182,1.029,1.744,19.460,20.787,0.744,0.750,14.909,27.174,0.189,8.619,9.534,0.018,4155.000,142.264,49.912,8.619,59.446,ON,Variable clouds; Hybrid loop operating; Ceff=1.65x
456,11:47:30,36.570,72.580,70.600,51.940,50.560,32.940,1.876,15.827,17.038,0.943,1.599,916.900,1511.000,1.648,14.932,27.235,1.031,1.747,19.460,20.787,0.744,0.750,14.925,27.244,0.189,8.612,9.540,0.018,4155.000,142.644,49.949,8.612,59.489,ON,Variable clouds; Hybrid loop operating; Ceff=1.65x
457,11:48:00,36.580,72.590,70.610,51.950,50.570,32.950,1.880,15.826,17.037,0.945,1.601,918.500,1513.600,1.648,14.956,27.281,1.033,1.750,19.459,20.787,0.744,0.750,14.956,27.276,0.189,8.615,9.535,0.018,4155.000,142.949,49.970,8.615,59.505,ON,Variable clouds; Hybrid loop operating; Ceff=1.65x
458,11:48:30,36.580,72.620,70.640,51.970,50.580,32.950,1.883,15.825,17.036,0.946,1.603,919.600,1515.500,1.648,14.972,27.313,1.034,1.752,19.457,20.786,0.744,0.750,14.970,27.309,0.189,8.613,9.534,0.018,4155.000,143.177,49.987,8.613,59.521,ON,Variable clouds; Hybrid loop operating; Ceff=1.65x
459,11:49:00,36.580,72.670,70.680,52.000,50.610,32.960,1.885,15.822,17.035,0.947,1.604,920.200,1516.500,1.648,14.978,27.328,1.035,1.753,19.455,20.784,0.744,0.750,14.983,27.324,0.189,8.615,9.533,0.018,4155.000,143.329,50.007,8.615,59.540,ON,Variable clouds; Hybrid loop operating; Ceff=1.65x
460,11:49:30,36.580,72.720,70.730,52.030,50.640,32.970,1.884,15.819,17.033,0.947,1.604,920.100,1516.400,1.648,14.973,27.322,1.034,1.753,19.451,20.782,0.744,0.750,14.981,27.321,0.189,8.615,9.533,0.018,4155.000,143.253,49.984,8.615,59.516,ON,Variable clouds; Hybrid loop operating; Ceff=1.65x
461,11:50:00,36.590,72.790,70.790,52.070,50.670,32.970,1.883,15.815,17.031,0.946,1.603,919.400,1515.300,1.648,14.958,27.299,1.034,1.752,19.447,20.779,0.744,0.750,14.961,27.301,0.189,8.610,9.533,0.018,4155.000,143.177,49.993,8.610,59.526,ON,Variable clouds; Hybrid loop operating; Ceff=1.65x
462,11:50:30,36.590,72.860,70.850,52.110,50.700,32.980,1.880,15.811,17.028,0.945,1.601,918.300,1513.500,1.648,14.935,27.262,1.032,1.750,19.443,20.777,0.744,0.750,14.941,27.262,0.189,8.609,9.530,0.018,4155.000,142.949,49.973,8.609,59.503,ON,Variable clouds; Hybrid loop operating; Ceff=1.65x
463,11:51:00,36.600,72.930,70.900,52.150,50.730,32.980,1.876,15.808,17.026,0.943,1.599,917.000,1511.400,1.648,14.910,27.220,1.031,1.747,19.439,20.775,0.744,0.750,14.907,27.225,0.189,8.601,9.531,0.018,4155.000,142.644,49.936,8.601,59.467,ON,Variable clouds; Hybrid loop operating; Ceff=1.65x
464,11:51:30,36.600,72.980,70.950,52.180,50.750,32.990,1.873,15.805,17.025,0.942,1.597,915.800,1509.400,1.648,14.886,27.180,1.029,1.745,19.435,20.773,0.744,0.750,14.888,27.189,0.189,8.602,9.531,0.018,4155.000,142.416,49.922,8.602,59.453,ON,Variable clouds; Hybrid loop operating; Ceff=1.65x
465,11:52:00,36.610,73.030,70.990,52.210,50.770,33.000,1.870,15.802,17.023,0.941,1.595,914.800,1507.900,1.648,14.868,27.150,1.028,1.743,19.433,20.772,0.744,0.750,14.870,27.152,0.189,8.600,9.527,0.018,4155.000,142.188,49.892,8.600,59.419,ON,Variable clouds; Hybrid loop operating; Ceff=1.65x
466,11:52:30,36.610,73.060,71.010,52.220,50.790,33.000,1.869,15.800,17.022,0.940,1.594,914.400,1507.200,1.648,14.859,27.136,1.028,1.742,19.431,20.771,0.744,0.750,14.852,27.133,0.189,8.594,9.525,0.018,4155.000,142.112,49.888,8.594,59.413,ON,Variable clouds; Hybrid loop operating; Ceff=1.65x
467,11:53:00,36.620,73.080,71.020,52.230,50.790,33.010,1.870,15.800,17.022,0.941,1.594,914.600,1507.500,1.648,14.860,27.140,1.028,1.743,19.430,20.770,0.744,0.750,14.868,27.133,0.189,8.601,9.523,0.018,4155.000,142.188,49.905,8.601,59.428,ON,Variable clouds; Hybrid loop operating; Ceff=1.65x
468,11:53:30,36.630,73.080,71.020,52.230,50.790,33.010,1.872,15.800,17.022,0.941,1.596,915.300,1508.700,1.648,14.872,27.161,1.029,1.744,19.430,20.770,0.744,0.750,14.868,27.167,0.189,8.595,9.527,0.018,4155.000,142.340,49.919,8.595,59.446,ON,Variable clouds; Hybrid loop operating; Ceff=1.65x
469,11:54:00,36.630,73.060,71.010,52.220,50.790,33.020,1.875,15.800,17.022,0.942,1.598,916.400,1510.600,1.648,14.892,27.197,1.030,1.746,19.431,20.770,0.744,0.750,14.884,27.201,0.189,8.593,9.527,0.018,4155.000,142.568,49.936,8.593,59.463,ON,Variable clouds; Hybrid loop operating; Ceff=1.65x
470,11:54:30,36.640,73.030,70.990,52.210,50.780,33.020,1.879,15.802,17.023,0.944,1.600,917.800,1512.900,1.648,14.916,27.240,1.032,1.749,19.432,20.771,0.744,0.750,14.917,27.237,0.189,8.600,9.525,0.018,4155.000,142.873,49.966,8.600,59.492,ON,Variable clouds; Hybrid loop operating; Ceff=1.65x
471,11:55:00,36.650,73.000,70.970,52.190,50.770,33.030,1.882,15.804,17.024,0.945,1.603,919.200,1515.200,1.648,14.941,27.282,1.033,1.751,19.434,20.772,0.744,0.750,14.935,27.289,0.189,8.597,9.529,0.018,4155.000,143.101,49.970,8.597,59.499,ON,Variable clouds; Hybrid loop operating; Ceff=1.65x
472,11:55:30,36.660,72.950,70.940,52.170,50.750,33.030,1.885,15.806,17.025,0.947,1.605,920.300,1516.900,1.648,14.961,27.317,1.034,1.754,19.437,20.773,0.744,0.750,14.968,27.325,0.189,8.606,9.531,0.018,4155.000,143.329,49.994,8.606,59.525,ON,Variable clouds; Hybrid loop operating; Ceff=1.65x
473,11:56:00,36.670,72.910,70.910,52.140,50.740,33.040,1.887,15.808,17.026,0.947,1.606,920.900,1517.900,1.648,14.973,27.336,1.035,1.755,19.439,20.775,0.744,0.750,14.970,27.344,0.189,8.601,9.531,0.018,4155.000,143.481,50.014,8.601,59.545,ON,Variable clouds; Hybrid loop operating; Ceff=1.65x
474,11:56:30,36.680,72.870,70.880,52.130,50.730,33.040,1.887,15.810,17.027,0.947,1.606,920.900,1517.800,1.648,14.975,27.337,1.035,1.755,19.441,20.776,0.744,0.750,14.972,27.345,0.189,8.602,9.533,0.018,4155.000,143.481,50.017,8.602,59.550,ON,Variable clouds; Hybrid loop operating; Ceff=1.65x
475,11:57:00,36.690,72.840,70.860,52.110,50.720,33.050,1.885,15.811,17.028,0.947,1.604,920.200,1516.700,1.648,14.966,27.319,1.034,1.753,19.443,20.776,0.744,0.750,14.973,27.313,0.189,8.609,9.528,0.018,4155.000,143.329,50.000,8.609,59.528,ON,Variable clouds; Hybrid loop operating; Ceff=1.65x
476,11:57:30,36.700,72.820,70.840,52.100,50.720,33.050,1.882,15.812,17.028,0.945,1.602,919.000,1514.700,1.648,14.948,27.283,1.033,1.751,19.444,20.777,0.744,0.750,14.942,27.279,0.189,8.603,9.529,0.018,4155.000,143.101,49.987,8.603,59.515,ON,Variable clouds; Hybrid loop operating; Ceff=1.65x
477,11:58:00,36.710,72.820,70.840,52.100,50.720,33.060,1.877,15.813,17.028,0.944,1.600,917.500,1512.200,1.648,14.923,27.237,1.031,1.748,19.444,20.777,0.744,0.750,14.927,27.245,0.189,8.608,9.533,0.018,4155.000,142.721,49.936,8.608,59.469,ON,Variable clouds; Hybrid loop operating; Ceff=1.65x
478,11:58:30,36.720,72.830,70.850,52.100,50.720,33.060,1.873,15.812,17.028,0.942,1.597,915.800,1509.400,1.648,14.896,27.187,1.030,1.745,19.444,20.777,0.744,0.750,14.895,27.194,0.189,8.605,9.532,0.018,4155.000,142.416,49.922,8.605,59.455,ON,Variable clouds; Hybrid loop operating; Ceff=1.65x
479,11:59:00,36.730,72.850,70.870,52.120,50.730,33.060,1.869,15.811,17.027,0.941,1.594,914.400,1506.900,1.648,14.871,27.141,1.028,1.742,19.443,20.776,0.744,0.750,14.878,27.141,0.189,8.609,9.530,0.018,4155.000,142.112,49.898,8.609,59.428,ON,Variable clouds; Hybrid loop operating; Ceff=1.65x
480,11:59:30,36.750,72.880,70.890,52.140,50.750,33.070,1.866,15.809,17.026,0.939,1.592,913.300,1505.100,1.648,14.851,27.105,1.027,1.740,19.441,20.774,0.744,0.750,14.845,27.105,0.189,8.600,9.529,0.018,4155.000,141.884,49.878,8.600,59.406,ON,Variable clouds; Hybrid loop operating; Ceff=1.65x
481,12:00:00,36.760,72.930,70.930,52.170,50.770,33.070,1.864,15.807,17.024,0.939,1.591,912.700,1504.100,1.648,14.839,27.085,1.026,1.739,19.438,20.773,0.744,0.750,14.843,27.085,0.189,8.604,9.528,0.018,4155.000,141.732,49.857,8.604,59.385,ON,Variable clouds; Hybrid loop operating; Ceff=1.65x
482,12:00:30,36.770,72.980,70.970,52.210,50.800,33.070,1.864,15.804,17.023,0.939,1.591,912.800,1504.200,1.648,14.837,27.082,1.026,1.739,19.435,20.771,0.744,0.750,14.840,27.084,0.189,8.602,9.527,0.018,4155.000,141.732,49.854,8.602,59.381,ON,Variable clouds; Hybrid loop operating; Ceff=1.65x
483,12:01:00,36.790,73.040,71.020,52.240,50.830,33.070,1.866,15.801,17.021,0.939,1.592,913.400,1505.100,1.648,14.843,27.095,1.027,1.740,19.431,20.769,0.744,0.750,14.837,27.097,0.189,8.595,9.526,0.018,4155.000,141.884,49.878,8.595,59.404,ON,Variable clouds; Hybrid loop operating; Ceff=1.65x
484,12:01:30,36.800,73.090,71.060,52.280,50.860,33.080,1.868,15.798,17.019,0.940,1.593,914.400,1506.600,1.648,14.855,27.118,1.028,1.741,19.428,20.766,0.744,0.750,14.850,27.111,0.189,8.593,9.521,0.018,4155.000,142.036,49.881,8.593,59.403,ON,Variable clouds; Hybrid loop operating; Ceff=1.65x
485,12:02:00,36.820,73.140,71.100,52.310,50.890,33.080,1.871,15.795,17.017,0.941,1.595,915.500,1508.400,1.648,14.870,27.146,1.029,1.743,19.425,20.764,0.744,0.750,14.863,27.142,0.189,8.590,9.521,0.018,4155.000,142.264,49.902,8.590,59.423,ON,Variable clouds; Hybrid loop operating; Ceff=1.65x
486,12:02:30,36.830,73.170,71.140,52.340,50.910,33.080,1.874,15.793,17.015,0.942,1.597,916.500,1509.900,1.648,14.884,27.171,1.030,1.745,19.423,20.763,0.744,0.750,14.877,27.173,0.189,8.589,9.522,0.018,4155.000,142.492,49.932,8.589,59.454,ON,Variable clouds; Hybrid loop operating; Ceff=1.65x
487,12:03:00,36.850,73.200,71.160,52.360,50.930,33.080,1.875,15.792,17.014,0.943,1.598,917.100,1510.900,1.647,14.893,27.186,1.031,1.746,19.422,20.761,0.744,0.750,14.892,27.188,0.189,8.592,9.521,0.018,4155.000,142.568,49.926,8.592,59.447,ON,Variable clouds; Hybrid loop operating; Ceff=1.65x
488,12:03:30,36.860,73.200,71.160,52.370,50.940,33.080,1.875,15.792,17.013,0.943,1.598,917.200,1510.900,1.647,14.894,27.185,1.031,1.746,19.421,20.761,0.744,0.750,14.892,27.187,0.189,8.591,9.521,0.018,4155.000,142.568,49.926,8.591,59.446,ON,Variable clouds; Hybrid loop operating; Ceff=1.65x
489,12:04:00,36.880,73.190,71.150,52.370,50.940,33.080,1.874,15.792,17.013,0.943,1.597,916.600,1509.900,1.647,14.885,27.167,1.030,1.745,19.422,20.761,0.744,0.750,14.892,27.170,0.189,8.596,9.521,0.018,4155.000,142.492,49.932,8.596,59.453,ON,Variable clouds; Hybrid loop operating; Ceff=1.65x
490,12:04:30,36.890,73.160,71.130,52.360,50.940,33.080,1.870,15.794,17.014,0.941,1.595,915.500,1507.900,1.647,14.869,27.132,1.029,1.743,19.424,20.761,0.744,0.750,14.862,27.137,0.189,8.589,9.522,0.018,4155.000,142.188,49.892,8.589,59.414,ON,Variable clouds; Hybrid loop operating; Ceff=1.65x
491,12:05:00,36.910,73.120,71.100,52.340,50.920,33.080,1.866,15.796,17.015,0.940,1.592,913.900,1505.100,1.647,14.845,27.084,1.027,1.740,19.426,20.762,0.744,0.750,14.848,27.088,0.189,8.596,9.522,0.018,4155.000,141.884,49.878,8.596,59.400,ON,Variable clouds; Hybrid loop operating; Ceff=1.65x
492,12:05:30,36.920,73.060,71.060,52.310,50.900,33.080,1.861,15.799,17.016,0.938,1.588,912.000,1501.900,1.647,14.818,27.029,1.025,1.736,19.429,20.764,0.744,0.750,14.819,27.021,0.189,8.598,9.519,0.018,4155.000,141.504,49.850,8.598,59.369,ON,Variable clouds; Hybrid loop operating; Ceff=1.65x
493,12:06:00,36.940,73.000,71.010,52.280,50.880,33.080,1.855,15.802,17.018,0.936,1.585,910.200,1498.700,1.647,14.792,26.974,1.023,1.732,19.433,20.766,0.744,0.750,14.791,26.974,0.189,8.598,9.523,0.018,4155.000,141.048,49.795,8.598,59.318,ON,Variable clouds; Hybrid loop operating; Ceff=1.65x
494,12:06:30,36.950,72.950,70.970,52.250,50.860,33.080,1.851,15.805,17.019,0.934,1.582,908.600,1495.900,1.646,14.769,26.928,1.021,1.729,19.436,20.767,0.744,0.750,14.762,26.924,0.189,8.596,9.523,0.018,4155.000,140.744,49.781,8.596,59.304,ON,Variable clouds; Hybrid loop operating; Ceff=1.65x
495,12:07:00,36.970,72.900,70.930,52.220,50.840,33.080,1.848,15.808,17.021,0.933,1.580,907.500,1493.900,1.646,14.754,26.894,1.020,1.727,19.439,20.769,0.744,0.750,14.749,26.893,0.189,8.599,9.525,0.018,4155.000,140.515,49.767,8.599,59.292,ON,Variable clouds; Hybrid loop operating; Ceff=1.65x
496,12:07:30,36.980,72.860,70.900,52.200,50.830,33.080,1.846,15.810,17.022,0.933,1.579,906.900,1492.900,1.646,14.748,26.878,1.020,1.726,19.441,20.770,0.744,0.750,14.751,26.878,0.189,8.606,9.526,0.018,4155.000,140.363,49.746,8.606,59.272,ON,Variable clouds; Hybrid loop operating; Ceff=1.65x
497,12:08:00,37.000,72.840,70.880,52.200,50.830,33.080,1.846,15.811,17.022,0.933,1.579,907.000,1492.900,1.646,14.751,26.877,1.020,1.726,19.442,20.770,0.744,0.750,14.752,26.878,0.189,8.605,9.526,0.018,4155.000,140.363,49.746,8.605,59.272,ON,Variable clouds; Hybrid loop operating; Ceff=1.65x
498,12:08:30,37.020,72.840,70.880,52.200,50.830,33.080,1.847,15.811,17.022,0.934,1.580,907.500,1493.600,1.646,14.760,26.890,1.020,1.726,19.442,20.770,0.744,0.750,14.767,26.895,0.189,8.610,9.527,0.018,4155.000,140.439,49.750,8.610,59.277,ON,Variable clouds; Hybrid loop operating; Ceff=1.65x
499,12:09:00,37.030,72.850,70.890,52.220,50.850,33.080,1.849,15.810,17.021,0.934,1.581,908.400,1494.800,1.646,14.772,26.910,1.021,1.728,19.441,20.769,0.744,0.750,14.767,26.910,0.189,8.601,9.525,0.018,4155.000,140.591,49.764,8.601,59.289,ON,Variable clouds; Hybrid loop operating; Ceff=1.65x
500,12:09:30,37.050,72.890,70.920,52.250,50.870,33.070,1.851,15.808,17.019,0.935,1.582,909.300,1496.100,1.645,14.785,26.930,1.022,1.729,19.439,20.767,0.744,0.750,14.780,26.924,0.189,8.600,9.522,0.018,4155.000,140.744,49.774,8.600,59.296,ON,Variable clouds; Hybrid loop operating; Ceff=1.65x
501,12:10:00,37.060,72.940,70.970,52.280,50.900,33.070,1.853,15.805,17.017,0.936,1.583,910.000,1497.000,1.645,14.793,26.942,1.023,1.730,19.436,20.765,0.744,0.750,14.793,26.938,0.189,8.601,9.521,0.018,4155.000,140.896,49.798,8.601,59.319,ON,Variable clouds; Hybrid loop operating; Ceff=1.65x
502,12:10:30,37.080,73.000,71.010,52.330,50.940,33.070,1.853,15.802,17.015,0.936,1.583,910.200,1497.200,1.645,14.793,26.941,1.023,1.730,19.433,20.762,0.744,0.750,14.791,26.935,0.189,8.598,9.519,0.018,4155.000,140.896,49.792,8.598,59.310,ON,Variable clouds; Hybrid loop operating; Ceff=1.64x
503,12:11:00,37.090,73.060,71.060,52.370,50.970,33.060,1.852,15.799,17.013,0.936,1.582,909.900,1496.400,1.645,14.783,26.921,1.023,1.729,19.429,20.760,0.744,0.750,14.788,26.915,0.189,8.599,9.517,0.018,4155.000,140.820,49.791,8.599,59.308,ON,Variable clouds; Hybrid loop operating; Ceff=1.64x
504,12:11:30,37.110,73.120,71.110,52.410,51.010,33.060,1.849,15.796,17.010,0.935,1.580,908.900,1494.500,1.644,14.763,26.884,1.021,1.727,19.426,20.757,0.744,0.750,14.769,26.876,0.189,8.598,9.515,0.018,4155.000,140.591,49.774,8.598,59.289,ON,Variable clouds; Hybrid loop operating; Ceff=1.64x
505,12:12:00,37.120,73.160,71.150,52.440,51.030,33.060,1.844,15.793,17.008,0.933,1.577,907.300,1491.700,1.644,14.735,26.830,1.020,1.724,19.423,20.755,0.744,0.750,14.735,26.822,0.189,8.593,9.514,0.018,4155.000,140.211,49.732,8.593,59.246,ON,Variable clouds; Hybrid loop operating; Ceff=1.64x
506,12:12:30,37.130,73.200,71.180,52.470,51.060,33.050,1.838,15.791,17.007,0.931,1.574,905.400,1488.300,1.644,14.701,26.765,1.017,1.720,19.421,20.754,0.744,0.750,14.701,26.769,0.189,8.591,9.517,0.018,4155.000,139.755,49.684,8.591,59.200,ON,Variable clouds; Hybrid loop operating; Ceff=1.64x
507,12:13:00,37.150,73.210,71.190,52.480,51.070,33.050,1.832,15.790,17.006,0.929,1.570,903.300,1484.600,1.644,14.666,26.697,1.015,1.716,19.420,20.753,0.744,0.750,14.669,26.699,0.189,8.592,9.515,0.018,4155.000,139.299,49.645,8.592,59.161,ON,Variable clouds; Hybrid loop operating; Ceff=1.64x
508,12:13:30,37.160,73.210,71.190,52.480,51.070,33.050,1.827,15.791,17.006,0.927,1.566,901.300,1481.000,1.643,14.634,26.634,1.013,1.712,19.420,20.753,0.744,0.750,14.638,26.631,0.189,8.593,9.514,0.018,4155.000,138.919,49.630,8.593,59.144,ON,Variable clouds; Hybrid loop operating; Ceff=1.64x
509,12:14:00,37.170,73.190,71.170,52.470,51.060,33.040,1.822,15.792,17.007,0.925,1.563,899.700,1478.100,1.643,14.609,26.581,1.011,1.708,19.422,20.753,0.744,0.750,14.608,26.582,0.189,8.591,9.515,0.018,4155.000,138.539,49.591,8.591,59.106,ON,Variable clouds; Hybrid loop operating; Ceff=1.64x
510,12:14:30,37.180,73.150,71.140,52.450,51.050,33.040,1.818,15.794,17.008,0.924,1.561,898.600,1476.000,1.643,14.594,26.545,1.010,1.706,19.424,20.755,0.744,0.750,14.594,26.549,0.189,8.593,9.517,0.018,4155.000,138.234,49.553,8.593,59.070,ON,Variable clouds; Hybrid loop operating; Ceff=1.64x
511,12:15:00,37.200,73.100,71.100,52.430,51.030,33.030,1.817,15.797,17.009,0.924,1.560,898.000,1474.800,1.642,14.588,26.527,1.009,1.704,19.427,20.756,0.744,0.750,14.596,26.534,0.189,8.600,9.519,0.018,4155.000,138.158,49.566,8.600,59.085,ON,Variable clouds; Hybrid loop operating; Ceff=1.64x
512,12:15:30,37.210,73.040,71.050,52.400,51.000,33.030,1.816,15.800,17.011,0.924,1.559,898.100,1474.600,1.642,14.593,26.526,1.009,1.704,19.430,20.758,0.744,0.750,14.599,26.520,0.189,8.601,9.516,0.018,4155.000,138.082,49.545,8.601,59.061,ON,Variable clouds; Hybrid loop operating; Ceff=1.64x
513,12:16:00,37.220,72.990,71.000,52.370,50.980,33.020,1.817,15.803,17.012,0.924,1.560,898.600,1475.000,1.642,14.604,26.537,1.010,1.705,19.434,20.759,0.744,0.750,14.602,26.539,0.189,8.598,9.520,0.018,4155.000,138.158,49.559,8.598,59.079,ON,Variable clouds; Hybrid loop operating; Ceff=1.64x
514,12:16:30,37.230,72.930,70.960,52.340,50.960,33.020,1.818,15.806,17.014,0.925,1.561,899.200,1475.800,1.641,14.618,26.553,1.011,1.706,19.437,20.761,0.744,0.750,14.621,26.559,0.189,8.603,9.522,0.018,4155.000,138.234,49.559,8.603,59.081,ON,Variable clouds; Hybrid loop operating; Ceff=1.64x
515,12:17:00,37.240,72.880,70.920,52.320,50.950,33.010,1.819,15.808,17.015,0.926,1.561,899.800,1476.400,1.641,14.631,26.567,1.011,1.706,19.439,20.762,0.744,0.750,14.638,26.560,0.189,8.608,9.519,0.018,4155.000,138.310,49.567,8.608,59.085,ON,Variable clouds; Hybrid loop operating; Ceff=1.64x
516,12:17:30,37.250,72.850,70.900,52.300,50.940,33.000,1.819,15.810,17.016,0.926,1.561,900.100,1476.500,1.640,14.637,26.569,1.012,1.707,19.441,20.763,0.744,0.750,14.640,26.562,0.189,8.606,9.518,0.018,4155.000,138.310,49.563,8.606,59.082,ON,Variable clouds; Hybrid loop operating; Ceff=1.64x
517,12:18:00,37.260,72.830,70.880,52.300,50.930,33.000,1.818,15.811,17.016,0.926,1.561,899.800,1475.700,1.640,14.634,26.556,1.012,1.706,19.442,20.763,0.744,0.750,14.641,26.562,0.189,8.609,9.524,0.018,4155.000,138.234,49.563,8.609,59.086,ON,Variable clouds; Hybrid loop operating; Ceff=1.64x
518,12:18:30,37.260,72.830,70.880,52.300,50.940,32.990,1.815,15.811,17.016,0.925,1.559,898.900,1473.800,1.640,14.620,26.522,1.011,1.703,19.443,20.763,0.744,0.750,14.625,26.528,0.189,8.609,9.524,0.018,4155.000,138.006,49.545,8.609,59.068,ON,Variable clouds; Hybrid loop operating; Ceff=1.64x
519,12:19:00,37.270,72.840,70.890,52.310,50.940,32.990,1.810,15.810,17.015,0.923,1.556,897.400,1470.900,1.639,14.594,26.469,1.009,1.700,19.442,20.763,0.744,0.750,14.593,26.475,0.189,8.604,9.524,0.018,4155.000,137.626,49.506,8.604,59.029,ON,Variable clouds; Hybrid loop operating; Ceff=1.64x
520,12:19:30,37.280,72.870,70.910,52.330,50.960,32.980,1.804,15.809,17.014,0.921,1.552,895.300,1467.200,1.639,14.559,26.400,1.006,1.696,19.440,20.762,0.744,0.750,14.560,26.406,0.189,8.605,9.522,0.018,4155.000,137.170,49.466,8.605,58.988,ON,Variable clouds; Hybrid loop operating; Ceff=1.64x
521,12:20:00,37.280,72.910,70.940,52.350,50.970,32.980,1.797,15.807,17.013,0.918,1.547,893.000,1462.900,1.638,14.518,26.320,1.004,1.691,19.438,20.760,0.744,0.750,14.511,26.319,0.189,8.598,9.519,0.018,4155.000,136.638,49.419,8.598,58.938,ON,Variable clouds; Hybrid loop operating; Ceff=1.64x
522,12:20:30,37.290,72.950,70.970,52.370,50.990,32.970,1.790,15.805,17.012,0.916,1.542,890.600,1458.500,1.638,14.476,26.238,1.001,1.686,19.436,20.759,0.744,0.750,14.477,26.233,0.189,8.601,9.516,0.018,4155.000,136.105,49.375,8.601,58.891,ON,Variable clouds; Hybrid loop operating; Ceff=1.64x
523,12:21:00,37.300,72.990,71.000,52.400,51.010,32.960,1.784,15.803,17.011,0.914,1.538,888.300,1454.400,1.637,14.437,26.162,0.998,1.681,19.433,20.758,0.744,0.750,14.444,26.163,0.189,8.603,9.518,0.018,4155.000,135.649,49.348,8.603,58.866,ON,Variable clouds; Hybrid loop operating; Ceff=1.64x
524,12:21:30,37.300,73.030,71.030,52.420,51.020,32.960,1.778,15.801,17.009,0.912,1.534,886.500,1450.900,1.637,14.405,26.098,0.996,1.677,19.431,20.756,0.744,0.750,14.411,26.092,0.189,8.601,9.515,0.018,4155.000,135.193,49.301,8.601,58.816,ON,Variable clouds; Hybrid loop operating; Ceff=1.64x
525,12:22:00,37.300,73.070,71.060,52.440,51.040,32.950,1.774,15.799,17.008,0.910,1.532,885.200,1448.400,1.636,14.382,26.050,0.995,1.674,19.429,20.755,0.744,0.750,14.377,26.056,0.189,8.593,9.518,0.018,4155.000,134.889,49.275,8.593,58.793,ON,Variable clouds; Hybrid loop operating; Ceff=1.64x
526,12:22:30,37.310,73.090,71.070,52.460,51.040,32.940,1.771,15.798,17.008,0.910,1.530,884.500,1446.800,1.636,14.369,26.020,0.994,1.672,19.428,20.754,0.744,0.750,14.376,26.022,0.189,8.600,9.516,0.018,4155.000,134.661,49.246,8.600,58.762,ON,Variable clouds; Hybrid loop operating; Ceff=1.64x
527,12:23:00,37.310,73.100,71.080,52.470,51.050,32.940,1.770,15.797,17.007,0.909,1.529,884.300,1445.900,1.635,14.366,26.005,0.994,1.671,19.427,20.754,0.744,0.750,14.359,26.004,0.189,8.592,9.516,0.018,4155.000,134.585,49.249,8.592,58.764,ON,Variable clouds; Hybrid loop operating; Ceff=1.64x
528,12:23:30,37.310,73.100,71.070,52.460,51.040,32.930,1.770,15.797,17.008,0.910,1.529,884.400,1445.600,1.635,14.368,26.000,0.994,1.671,19.428,20.754,0.744,0.750,14.375,26.005,0.189,8.600,9.518,0.018,4155.000,134.585,49.259,8.600,58.777,ON,Variable clouds; Hybrid loop operating; Ceff=1.63x
529,12:24:00,37.310,73.080,71.060,52.450,51.030,32.930,1.769,15.799,17.008,0.910,1.529,884.600,1445.500,1.634,14.372,25.998,0.994,1.671,19.429,20.755,0.744,0.750,14.377,26.005,0.189,8.599,9.519,0.018,4155.000,134.509,49.235,8.599,58.753,ON,Variable clouds; Hybrid loop operating; Ceff=1.63x
530,12:24:30,37.310,73.050,71.030,52.430,51.020,32.920,1.769,15.800,17.009,0.910,1.528,884.600,1445.000,1.633,14.375,25.991,0.994,1.670,19.431,20.756,0.744,0.750,14.378,25.990,0.189,8.600,9.516,0.018,4155.000,134.509,49.252,8.600,58.768,ON,Variable clouds; Hybrid loop operating; Ceff=1.63x
531,12:25:00,37.310,73.000,70.980,52.400,50.990,32.910,1.767,15.803,17.011,0.909,1.527,884.200,1443.700,1.633,14.371,25.972,0.994,1.669,19.434,20.758,0.744,0.750,14.365,25.976,0.189,8.596,9.520,0.018,4155.000,134.356,49.240,8.596,58.760,ON,Variable clouds; Hybrid loop operating; Ceff=1.63x
532,12:25:30,37.310,72.940,70.940,52.370,50.960,32.910,1.763,15.806,17.013,0.908,1.524,883.200,1441.500,1.632,14.358,25.936,0.993,1.666,19.437,20.760,0.744,0.750,14.352,25.928,0.189,8.598,9.517,0.018,4155.000,134.052,49.204,8.598,58.720,ON,Variable clouds; Hybrid loop operating; Ceff=1.63x
533,12:26:00,37.310,72.870,70.880,52.330,50.930,32.900,1.758,15.810,17.015,0.907,1.521,881.500,1438.300,1.632,14.335,25.881,0.991,1.662,19.441,20.762,0.744,0.750,14.340,25.880,0.189,8.607,9.520,0.018,4155.000,133.672,49.173,8.607,58.694,ON,Variable clouds; Hybrid loop operating; Ceff=1.63x
534,12:26:30,37.310,72.810,70.820,52.280,50.900,32.900,1.751,15.814,17.017,0.904,1.517,879.200,1434.000,1.631,14.302,25.808,0.988,1.657,19.445,20.765,0.744,0.750,14.296,25.815,0.189,8.603,9.525,0.018,4155.000,133.140,49.124,8.603,58.649,ON,Variable clouds; Hybrid loop operating; Ceff=1.63x
535,12:27:00,37.310,72.740,70.760,52.240,50.860,32.890,1.743,15.817,17.020,0.902,1.511,876.500,1428.900,1.630,14.261,25.722,0.985,1.652,19.449,20.768,0.744,0.750,14.267,25.717,0.189,8.612,9.523,0.018,4155.000,132.532,49.074,8.612,58.597,ON,Variable clouds; Hybrid loop operating; Ceff=1.63x
536,12:27:30,37.310,72.680,70.710,52.200,50.820,32.880,1.734,15.821,17.022,0.899,1.506,873.500,1423.500,1.630,14.217,25.628,0.982,1.645,19.453,20.770,0.744,0.750,14.223,25.635,0.189,8.615,9.528,0.018,4155.000,131.847,49.006,8.615,58.535,ON,Variable clouds; Hybrid loop operating; Ceff=1.63x
537,12:28:00,37.300,72.630,70.660,52.170,50.790,32.880,1.726,15.824,17.024,0.896,1.500,870.500,1418.000,1.629,14.172,25.534,0.979,1.639,19.456,20.772,0.744,0.750,14.178,25.536,0.189,8.618,9.528,0.018,4155.000,131.239,48.969,8.618,58.498,ON,Variable clouds; Hybrid loop operating; Ceff=1.63x
538,12:28:30,37.300,72.590,70.630,52.140,50.770,32.870,1.718,15.826,17.026,0.893,1.495,867.800,1413.100,1.628,14.130,25.447,0.976,1.633,19.459,20.774,0.744,0.750,14.133,25.454,0.189,8.617,9.531,0.018,4155.000,130.631,48.911,8.617,58.442,ON,Variable clouds; Hybrid loop operating; Ceff=1.63x
539,12:29:00,37.300,72.570,70.600,52.120,50.750,32.870,1.711,15.827,17.027,0.891,1.490,865.600,1408.800,1.628,14.095,25.373,0.973,1.629,19.460,20.775,0.744,0.750,14.102,25.370,0.189,8.620,9.528,0.018,4155.000,130.098,48.861,8.620,58.389,ON,Variable clouds; Hybrid loop operating; Ceff=1.63x
540,12:29:30,37.290,72.570,70.590,52.110,50.730,32.860,1.706,15.828,17.027,0.889,1.487,863.900,1405.500,1.627,14.069,25.315,0.971,1.625,19.461,20.776,0.745,0.750,14.071,25.319,0.189,8.618,9.531,0.018,4155.000,129.718,48.832,8.618,58.364,ON,Variable clouds; Hybrid loop operating; Ceff=1.63x
541,12:30:00,37.290,72.570,70.590,52.110,50.730,32.860,1.702,15.827,17.027,0.888,1.484,862.800,1403.100,1.626,14.051,25.272,0.970,1.622,19.460,20.776,0.744,0.750,14.054,25.268,0.189,8.619,9.528,0.018,4155.000,129.414,48.801,8.619,58.330,ON,Variable clouds; Hybrid loop operating; Ceff=1.63x
542,12:30:30,37.280,72.590,70.600,52.120,50.730,32.850,1.699,15.827,17.027,0.887,1.482,862.200,1401.400,1.625,14.039,25.241,0.969,1.620,19.460,20.776,0.745,0.750,14.039,25.234,0.189,8.615,9.527,0.018,4155.000,129.186,48.774,8.615,58.301,ON,Variable clouds; Hybrid loop operating; Ceff=1.63x
543,12:31:00,37.280,72.620,70.610,52.130,50.730,32.850,1.697,15.825,17.027,0.887,1.481,861.700,1400.100,1.625,14.031,25.216,0.969,1.619,19.458,20.775,0.744,0.750,14.037,25.217,0.189,8.619,9.530,0.018,4155.000,129.034,48.762,8.619,58.292,ON,Variable clouds; Hybrid loop operating; Ceff=1.62x
544,12:31:30,37.270,72.650,70.630,52.150,50.730,32.850,1.695,15.824,17.026,0.886,1.479,861.300,1398.700,1.624,14.022,25.190,0.968,1.617,19.457,20.775,0.744,0.750,14.020,25.181,0.189,8.613,9.526,0.018,4155.000,128.882,48.753,8.613,58.279,ON,Variable clouds; Hybrid loop operating; Ceff=1.62x
545,12:32:00,37.270,72.670,70.640,52.160,50.740,32.840,1.692,15.823,17.026,0.885,1.477,860.500,1396.800,1.623,14.009,25.155,0.968,1.615,19.456,20.774,0.744,0.750,14.003,25.147,0.189,8.610,9.526,0.018,4155.000,128.654,48.733,8.610,58.259,ON,Variable clouds; Hybrid loop operating; Ceff=1.62x
546,12:32:30,37.260,72.680,70.640,52.160,50.730,32.840,1.688,15.823,17.026,0.884,1.475,859.300,1394.200,1.622,13.988,25.107,0.966,1.612,19.455,20.774,0.744,0.750,13.988,25.113,0.189,8.613,9.531,0.018,4155.000,128.350,48.709,8.613,58.239,ON,Variable clouds; Hybrid loop operating; Ceff=1.62x
547,12:33:00,37.260,72.680,70.640,52.160,50.720,32.830,1.682,15.823,17.026,0.882,1.471,857.400,1390.500,1.622,13.958,25.042,0.964,1.607,19.456,20.775,0.744,0.750,13.956,25.045,0.189,8.612,9.530,0.018,4155.000,127.893,48.665,8.612,58.195,ON,Variable clouds; Hybrid loop operating; Ceff=1.62x
548,12:33:30,37.250,72.660,70.610,52.140,50.710,32.830,1.675,15.824,17.027,0.880,1.466,854.900,1385.700,1.621,13.918,24.958,0.961,1.602,19.457,20.776,0.744,0.750,13.925,24.962,0.189,8.618,9.531,0.018,4155.000,127.361,48.630,8.618,58.161,ON,Variable clouds; Hybrid loop operating; Ceff=1.62x
549,12:34:00,37.240,72.610,70.570,52.110,50.680,32.830,1.666,15.827,17.029,0.876,1.460,851.800,1380.100,1.620,13.871,24.859,0.958,1.595,19.460,20.778,0.744,0.750,13.864,24.862,0.189,8.612,9.532,0.018,4155.000,126.677,48.565,8.612,58.097,ON,Variable clouds; Hybrid loop operating; Ceff=1.62x
550,12:34:30,37.240,72.550,70.510,52.070,50.630,32.830,1.656,15.831,17.032,0.873,1.453,848.400,1373.800,1.619,13.819,24.751,0.954,1.588,19.464,20.781,0.744,0.750,13.820,24.747,0.189,8.619,9.531,0.018,4155.000,125.916,48.495,8.619,58.026,ON,Variable clouds; Hybrid loop operating; Ceff=1.62x
551,12:35:00,37.230,72.470,70.430,52.010,50.580,32.820,1.646,15.835,17.035,0.869,1.446,844.800,1367.400,1.619,13.766,24.640,0.950,1.581,19.469,20.784,0.744,0.750,13.761,24.633,0.189,8.618,9.531,0.018,4155.000,125.156,48.428,8.618,57.959,ON,Variable clouds; Hybrid loop operating; Ceff=1.62x
552,12:35:30,37.220,72.370,70.350,51.950,50.530,32.820,1.636,15.841,17.038,0.866,1.440,841.400,1361.100,1.618,13.716,24.535,0.946,1.574,19.475,20.788,0.744,0.750,13.718,24.535,0.189,8.627,9.537,0.018,4155.000,124.396,48.356,8.627,57.894,ON,Variable clouds; Hybrid loop operating; Ceff=1.62x
553,12:36:00,37.220,72.270,70.250,51.880,50.470,32.820,1.627,15.847,17.042,0.863,1.434,838.300,1355.500,1.617,13.673,24.441,0.943,1.567,19.482,20.792,0.744,0.750,13.676,24.438,0.189,8.632,9.539,0.018,4155.000,123.711,48.289,8.632,57.828,ON,Variable clouds; Hybrid loop operating; Ceff=1.62x
554,12:36:30,37.210,72.160,70.150,51.810,50.400,32.820,1.620,15.853,17.046,0.860,1.429,835.800,1350.800,1.616,13.639,24.362,0.940,1.562,19.488,20.797,0.745,0.750,13.634,24.359,0.189,8.631,9.541,0.018,4155.000,123.179,48.249,8.631,57.790,ON,Variable clouds; Hybrid loop operating; Ceff=1.62x
555,12:37:00,37.200,72.050,70.060,51.740,50.340,32.810,1.614,15.859,17.050,0.858,1.425,833.900,1347.000,1.615,13.615,24.301,0.938,1.558,19.495,20.801,0.745,0.750,13.607,24.296,0.189,8.634,9.544,0.018,4155.000,122.723,48.205,8.634,57.749,ON,Variable clouds; Hybrid loop operating; Ceff=1.62x
556,12:37:30,37.200,71.960,69.970,51.680,50.290,32.810,1.610,15.864,17.054,0.857,1.422,832.600,1344.100,1.614,13.598,24.255,0.937,1.554,19.501,20.805,0.744,0.750,13.595,24.251,0.189,8.640,9.546,0.018,4155.000,122.419,48.190,8.640,57.736,ON,Variable clouds; Hybrid loop operating; Ceff=1.61x
557,12:38:00,37.190,71.880,69.900,51.620,50.240,32.810,1.606,15.869,17.057,0.856,1.420,831.600,1341.900,1.614,13.588,24.220,0.936,1.552,19.506,20.808,0.744,0.750,13.584,24.221,0.189,8.643,9.550,0.018,4155.000,122.115,48.149,8.643,57.699,ON,Variable clouds; Hybrid loop operating; Ceff=1.61x
558,12:38:30,37.180,71.810,69.830,51.580,50.200,32.810,1.603,15.873,17.059,0.855,1.418,830.800,1339.900,1.613,13.579,24.188,0.935,1.550,19.510,20.811,0.744,0.750,13.571,24.190,0.189,8.643,9.552,0.018,4155.000,121.887,48.131,8.643,57.683,ON,Variable clouds; Hybrid loop operating; Ceff=1.61x
559,12:39:00,37.180,71.770,69.790,51.550,50.170,32.810,1.600,15.875,17.061,0.855,1.416,829.900,1337.700,1.612,13.567,24.153,0.934,1.547,19.513,20.813,0.744,0.750,13.573,24.158,0.189,8.654,9.555,0.018,4155.000,121.658,48.120,8.654,57.675,ON,Variable clouds; Hybrid loop operating; Ceff=1.61x
560,12:39:30,37.170,71.740,69.750,51.530,50.140,32.810,1.596,15.877,17.062,0.853,1.413,828.700,1335.000,1.611,13.549,24.106,0.933,1.544,19.515,20.814,0.744,0.750,13.543,24.109,0.189,8.647,9.555,0.018,4155.000,121.354,48.096,8.647,57.651,ON,Variable clouds; Hybrid loop operating; Ceff=1.61x
561,12:40:00,37.160,71.720,69.730,51.520,50.130,32.810,1.590,15.878,17.063,0.852,1.409,826.900,1331.500,1.610,13.521,24.044,0.931,1.540,19.516,20.815,0.744,0.750,13.528,24.042,0.189,8.656,9.554,0.018,4155.000,120.898,48.041,8.656,57.595,ON,Variable clouds; Hybrid loop operating; Ceff=1.61x
562,12:40:30,37.160,71.720,69.720,51.520,50.120,32.810,1.583,15.879,17.063,0.849,1.404,824.500,1327.000,1.609,13.483,23.963,0.928,1.535,19.517,20.815,0.744,0.750,13.481,23.956,0.189,8.651,9.552,0.018,4155.000,120.366,47.992,8.651,57.544,ON,Variable clouds; Hybrid loop operating; Ceff=1.61x
563,12:41:00,37.150,71.720,69.700,51.510,50.110,32.810,1.575,15.879,17.064,0.846,1.399,821.600,1321.500,1.609,13.435,23.865,0.925,1.529,19.517,20.816,0.744,0.750,13.434,23.873,0.189,8.651,9.558,0.018,4155.000,119.757,47.948,8.651,57.506,ON,Variable clouds; Hybrid loop operating; Ceff=1.61x
564,12:41:30,37.150,71.710,69.690,51.510,50.090,32.810,1.565,15.880,17.064,0.843,1.392,818.100,1315.300,1.608,13.379,23.754,0.921,1.521,19.518,20.816,0.744,0.750,13.387,23.753,0.189,8.658,9.555,0.018,4155.000,118.997,47.869,8.658,57.424,ON,Variable clouds; Hybrid loop operating; Ceff=1.61x
565,12:42:00,37.140,71.700,69.670,51.500,50.080,32.810,1.555,15.881,17.065,0.839,1.385,814.500,1308.800,1.607,13.320,23.637,0.917,1.514,19.519,20.817,0.744,0.750,13.324,23.635,0.189,8.655,9.555,0.018,4155.000,118.237,47.799,8.655,57.354,ON,Variable clouds; Hybrid loop operating; Ceff=1.61x
566,12:42:30,37.140,71.680,69.640,51.490,50.060,32.810,1.545,15.882,17.066,0.835,1.378,810.900,1302.300,1.606,13.262,23.521,0.913,1.506,19.521,20.818,0.744,0.750,13.261,23.517,0.189,8.653,9.555,0.018,4155.000,117.476,47.728,8.653,57.283,ON,Variable clouds; Hybrid loop operating; Ceff=1.61x
567,12:43:00,37.130,71.650,69.600,51.460,50.030,32.810,1.536,15.885,17.068,0.832,1.372,807.500,1296.200,1.605,13.210,23.415,0.909,1.499,19.523,20.820,0.744,0.750,13.216,23.417,0.189,8.660,9.559,0.018,4155.000,116.792,47.674,8.660,57.233,ON,Variable clouds; Hybrid loop operating; Ceff=1.61x
568,12:43:30,37.130,71.590,69.540,51.430,49.990,32.810,1.528,15.888,17.070,0.829,1.366,804.700,1291.000,1.604,13.167,23.323,0.906,1.493,19.527,20.823,0.744,0.750,13.171,23.318,0.189,8.660,9.556,0.018,4155.000,116.184,47.616,8.660,57.173,ON,Variable clouds; Hybrid loop operating; Ceff=1.6x
569,12:44:00,37.130,71.520,69.470,51.380,49.950,32.810,1.521,15.892,17.072,0.826,1.362,802.400,1286.700,1.604,13.135,23.251,0.903,1.488,19.531,20.825,0.745,0.750,13.127,23.252,0.189,8.656,9.561,0.018,4155.000,115.652,47.557,8.656,57.118,ON,Variable clouds; Hybrid loop operating; Ceff=1.6x
570,12:44:30,37.120,71.440,69.390,51.330,49.900,32.810,1.517,15.897,17.075,0.825,1.359,800.800,1283.500,1.603,13.114,23.198,0.902,1.485,19.537,20.829,0.744,0.750,13.115,23.205,0.189,8.665,9.566,0.018,4155.000,115.347,47.550,8.665,57.116,ON,Variable clouds; Hybrid loop operating; Ceff=1.6x
571,12:45:00,37.120,71.340,69.300,51.270,49.840,32.810,1.513,15.903,17.079,0.824,1.356,799.800,1281.200,1.602,13.103,23.162,0.900,1.482,19.543,20.832,0.745,0.750,13.104,23.159,0.189,8.669,9.564,0.018,4155.000,115.043,47.510,8.669,57.074,ON,Variable clouds; Hybrid loop operating; Ceff=1.6x
572,12:45:30,37.120,71.230,69.200,51.210,49.790,32.820,1.510,15.909,17.082,0.823,1.354,799.100,1279.400,1.601,13.098,23.136,0.900,1.480,19.550,20.836,0.744,0.750,13.093,23.129,0.189,8.669,9.565,0.018,4155.000,114.815,47.482,8.669,57.047,ON,Variable clouds; Hybrid loop operating; Ceff=1.6x
573,12:46:00,37.120,71.110,69.100,51.140,49.730,32.820,1.508,15.915,17.086,0.823,1.353,798.500,1277.900,1.600,13.095,23.114,0.899,1.478,19.557,20.840,0.745,0.750,13.098,23.117,0.189,8.679,9.571,0.018,4155.000,114.663,47.475,8.679,57.046,ON,Variable clouds; Hybrid loop operating; Ceff=1.6x
574,12:46:30,37.120,71.000,68.990,51.070,49.670,32.820,1.505,15.922,17.090,0.822,1.351,797.800,1276.100,1.600,13.090,23.088,0.898,1.476,19.564,20.844,0.745,0.750,13.088,23.089,0.189,8.680,9.573,0.018,4155.000,114.435,47.447,8.680,57.020,ON,Variable clouds; Hybrid loop operating; Ceff=1.6x
575,12:47:00,37.110,70.890,68.890,51.010,49.620,32.820,1.502,15.928,17.093,0.821,1.348,796.700,1273.700,1.599,13.078,23.050,0.897,1.474,19.571,20.848,0.745,0.750,13.077,23.041,0.189,8.685,9.571,0.018,4155.000,114.207,47.442,8.685,57.013,ON,Variable clouds; Hybrid loop operating; Ceff=1.6x
576,12:47:30,37.110,70.780,68.800,50.950,49.570,32.820,1.497,15.934,17.097,0.819,1.345,795.000,1270.400,1.598,13.057,22.997,0.896,1.470,19.577,20.852,0.744,0.750,13.050,22.995,0.189,8.685,9.577,0.018,4155.000,113.827,47.407,8.685,56.984,ON,Variable clouds; Hybrid loop operating; Ceff=1.6x
577,12:48:00,37.110,70.690,68.710,50.900,49.520,32.830,1.491,15.939,17.099,0.817,1.341,792.800,1266.300,1.597,13.027,22.928,0.893,1.465,19.583,20.855,0.745,0.750,13.022,22.930,0.189,8.691,9.581,0.018,4155.000,113.370,47.370,8.691,56.951,ON,Variable clouds; Hybrid loop operating; Ceff=1.6x
578,12:48:30,37.110,70.610,68.640,50.860,49.480,32.830,1.483,15.944,17.102,0.815,1.336,790.100,1261.400,1.596,12.987,22.843,0.890,1.460,19.588,20.858,0.745,0.750,12.994,22.848,0.189,8.702,9.584,0.018,4155.000,112.762,47.299,8.702,56.882,ON,Variable clouds; Hybrid loop operating; Ceff=1.6x
579,12:49:00,37.120,70.550,68.580,50.820,49.450,32.830,1.475,15.948,17.104,0.811,1.330,787.100,1256.000,1.596,12.941,22.748,0.887,1.454,19.592,20.860,0.745,0.750,12.934,22.748,0.189,8.694,9.583,0.018,4155.000,112.154,47.246,8.694,56.829,ON,Variable clouds; Hybrid loop operating; Ceff=1.6x
580,12:49:30,37.120,70.500,68.530,50.800,49.420,32.830,1.467,15.951,17.106,0.808,1.324,784.000,1250.400,1.595,12.892,22.650,0.883,1.447,19.595,20.862,0.745,0.750,12.888,22.648,0.189,8.698,9.584,0.018,4155.000,111.546,47.200,8.698,56.783,ON,Variable clouds; Hybrid loop operating; Ceff=1.6x
581,12:50:00,37.120,70.470,68.490,50.780,49.400,32.840,1.459,15.953,17.107,0.805,1.319,781.000,1245.100,1.594,12.846,22.556,0.880,1.441,19.598,20.863,0.745,0.750,12.842,22.564,0.189,8.700,9.589,0.018,4155.000,110.937,47.142,8.700,56.731,ON,Variable clouds; Hybrid loop operating; Ceff=1.59x
582,12:50:30,37.120,70.440,68.460,50.770,49.380,32.840,1.452,15.954,17.107,0.803,1.314,778.400,1240.500,1.594,12.806,22.474,0.877,1.436,19.600,20.864,0.745,0.750,12.811,22.479,0.189,8.708,9.588,0.018,4155.000,110.405,47.090,8.708,56.678,ON,Variable clouds; Hybrid loop operating; Ceff=1.59x
583,12:51:00,37.130,70.430,68.430,50.770,49.370,32.840,1.446,15.955,17.108,0.801,1.310,776.500,1236.900,1.593,12.775,22.409,0.875,1.432,19.601,20.864,0.745,0.750,12.780,22.411,0.189,8.708,9.587,0.018,4155.000,109.949,47.032,8.708,56.619,ON,Variable clouds; Hybrid loop operating; Ceff=1.59x
584,12:51:30,37.130,70.420,68.420,50.770,49.360,32.840,1.443,15.956,17.108,0.799,1.307,775.200,1234.400,1.592,12.755,22.363,0.874,1.429,19.602,20.865,0.745,0.750,12.749,22.360,0.189,8.702,9.584,0.018,4155.000,109.721,47.030,8.702,56.614,ON,Variable clouds; Hybrid loop operating; Ceff=1.59x
585,12:52:00,37.130,70.410,68.400,50.770,49.360,32.850,1.440,15.957,17.108,0.799,1.306,774.600,1232.900,1.592,12.745,22.336,0.873,1.427,19.603,20.865,0.745,0.750,12.750,22.343,0.189,8.709,9.589,0.018,4155.000,109.493,46.989,8.709,56.577,ON,Variable clouds; Hybrid loop operating; Ceff=1.59x
586,12:52:30,37.140,70.400,68.380,50.770,49.350,32.850,1.439,15.958,17.108,0.799,1.305,774.500,1232.200,1.591,12.744,22.325,0.873,1.426,19.604,20.865,0.745,0.750,12.750,22.326,0.189,8.710,9.587,0.018,4155.000,109.417,46.983,8.710,56.570,ON,Variable clouds; Hybrid loop operating; Ceff=1.59x
587,12:53:00,37.140,70.380,68.350,50.770,49.340,32.850,1.439,15.959,17.109,0.799,1.305,774.700,1232.100,1.590,12.749,22.323,0.873,1.426,19.605,20.865,0.745,0.750,12.751,22.327,0.189,8.709,9.588,0.018,4155.000,109.417,46.987,8.709,56.575,ON,Variable clouds; Hybrid loop operating; Ceff=1.59x
588,12:53:30,37.150,70.350,68.320,50.760,49.330,32.850,1.439,15.961,17.109,0.799,1.305,774.900,1232.000,1.590,12.755,22.322,0.873,1.426,19.607,20.866,0.745,0.750,12.753,22.327,0.189,8.708,9.589,0.018,4155.000,109.417,46.991,8.708,56.579,ON,Variable clouds; Hybrid loop operating; Ceff=1.59x
589,12:54:00,37.150,70.310,68.280,50.740,49.320,32.860,1.438,15.964,17.110,0.799,1.304,775.000,1231.600,1.589,12.758,22.316,0.873,1.425,19.610,20.867,0.745,0.750,12.755,22.311,0.189,8.708,9.585,0.018,4155.000,109.340,46.973,8.708,56.558,ON,Variable clouds; Hybrid loop operating; Ceff=1.59x
590,12:54:30,37.160,70.250,68.220,50.710,49.290,32.860,1.437,15.967,17.112,0.799,1.303,774.600,1230.500,1.589,12.755,22.299,0.873,1.424,19.613,20.868,0.745,0.750,12.758,22.297,0.189,8.714,9.587,0.018,4155.000,109.264,46.982,8.714,56.570,ON,Variable clouds; Hybrid loop operating; Ceff=1.59x
591,12:55:00,37.170,70.180,68.160,50.680,49.260,32.860,1.434,15.971,17.114,0.798,1.301,773.700,1228.600,1.588,12.744,22.268,0.872,1.422,19.618,20.871,0.745,0.750,12.745,22.265,0.189,8.716,9.589,0.018,4155.000,109.036,46.957,8.716,56.545,ON,Variable clouds; Hybrid loop operating; Ceff=1.59x
592,12:55:30,37.170,70.090,68.080,50.640,49.230,32.860,1.430,15.976,17.116,0.797,1.298,772.200,1225.900,1.588,12.725,22.223,0.870,1.419,19.623,20.873,0.745,0.750,12.733,22.217,0.189,8.724,9.589,0.018,4155.000,108.732,46.929,8.724,56.518,ON,Variable clouds; Hybrid loop operating; Ceff=1.59x
593,12:56:00,37.180,70.000,68.000,50.590,49.190,32.870,1.425,15.981,17.118,0.795,1.295,770.300,1222.500,1.587,12.699,22.166,0.868,1.415,19.629,20.876,0.745,0.750,12.705,22.168,0.189,8.727,9.594,0.018,4155.000,108.352,46.895,8.727,56.489,ON,Variable clouds; Hybrid loop operating; Ceff=1.59x
594,12:56:30,37.190,69.900,67.910,50.540,49.150,32.870,1.419,15.987,17.121,0.793,1.291,768.200,1218.800,1.587,12.670,22.103,0.866,1.411,19.635,20.879,0.745,0.750,12.678,22.103,0.189,8.732,9.595,0.018,4155.000,107.896,46.839,8.732,56.435,ON,Variable clouds; Hybrid loop operating; Ceff=1.59x
595,12:57:00,37.200,69.800,67.830,50.490,49.110,32.870,1.414,15.992,17.124,0.790,1.287,766.100,1215.200,1.586,12.641,22.040,0.864,1.407,19.641,20.882,0.745,0.750,12.634,22.039,0.189,8.725,9.596,0.018,4155.000,107.516,46.813,8.725,56.408,ON,Variable clouds; Hybrid loop operating; Ceff=1.59x
596,12:57:30,37.210,69.710,67.740,50.440,49.070,32.870,1.409,15.997,17.127,0.789,1.284,764.300,1212.000,1.586,12.617,21.986,0.862,1.403,19.647,20.885,0.745,0.750,12.622,21.991,0.189,8.738,9.600,0.018,4155.000,107.135,46.770,8.738,56.370,ON,Variable clouds; Hybrid loop operating; Ceff=1.59x
597,12:58:00,37.210,69.630,67.670,50.400,49.040,32.870,1.406,16.002,17.129,0.787,1.281,763.100,1209.600,1.585,12.600,21.947,0.861,1.400,19.652,20.887,0.745,0.751,12.594,21.942,0.189,8.732,9.598,0.018,4155.000,106.907,46.763,8.732,56.361,ON,Variable clouds; Hybrid loop operating; Ceff=1.59x
598,12:58:30,37.220,69.570,67.610,50.380,49.010,32.870,1.404,16.005,17.130,0.787,1.280,762.400,1208.300,1.585,12.593,21.925,0.860,1.399,19.656,20.889,0.745,0.750,12.596,21.926,0.189,8.741,9.601,0.018,4155.000,106.755,46.747,8.741,56.348,ON,Variable clouds; Hybrid loop operating; Ceff=1.58x
599,12:59:00,37.230,69.520,67.570,50.360,49.000,32.880,1.404,16.008,17.131,0.787,1.280,762.500,1208.000,1.584,12.596,21.923,0.860,1.399,19.658,20.890,0.745,0.750,12.598,21.928,0.189,8.742,9.604,0.018,4155.000,106.755,46.758,8.742,56.363,ON,Variable clouds; Hybrid loop operating; Ceff=1.58x
600,12:59:30,37.240,69.500,67.550,50.360,48.990,32.880,1.405,16.009,17.131,0.788,1.281,763.100,1208.800,1.584,12.609,21.937,0.861,1.399,19.660,20.890,0.745,0.751,12.615,21.945,0.189,8.747,9.605,0.018,4155.000,106.831,46.761,8.747,56.366,ON,Variable clouds; Hybrid loop operating; Ceff=1.58x
601,13:00:00,37.250,69.500,67.540,50.370,49.000,32.880,1.407,16.010,17.131,0.789,1.282,764.300,1210.300,1.584,12.627,21.963,0.862,1.401,19.660,20.889,0.745,0.750,12.632,21.962,0.189,8.745,9.601,0.018,4155.000,106.983,46.769,8.745,56.370,ON,Variable clouds; Hybrid loop operating; Ceff=1.58x
602,13:00:30,37.260,69.520,67.550,50.390,49.020,32.880,1.410,16.009,17.130,0.790,1.284,765.600,1212.100,1.583,12.648,21.995,0.863,1.403,19.659,20.888,0.746,0.751,12.647,21.995,0.189,8.740,9.601,0.018,4155.000,107.211,46.799,8.740,56.401,ON,Variable clouds; Hybrid loop operating; Ceff=1.58x
603,13:01:00,37.270,69.550,67.570,50.420,49.040,32.880,1.412,16.007,17.128,0.791,1.286,766.800,1213.900,1.583,12.667,22.024,0.865,1.405,19.658,20.886,0.745,0.751,12.662,22.027,0.189,8.737,9.601,0.018,4155.000,107.364,46.796,8.737,56.397,ON,Variable clouds; Hybrid loop operating; Ceff=1.58x
604,13:01:30,37.280,69.590,67.600,50.460,49.070,32.880,1.414,16.005,17.126,0.792,1.287,767.800,1215.100,1.583,12.681,22.043,0.866,1.407,19.655,20.884,0.745,0.750,12.676,22.041,0.189,8.735,9.598,0.018,4155.000,107.516,46.816,8.735,56.414,ON,Variable clouds; Hybrid loop operating; Ceff=1.58x
605,13:02:00,37.290,69.630,67.630,50.490,49.100,32.880,1.415,16.003,17.124,0.793,1.288,768.200,1215.600,1.582,12.686,22.050,0.866,1.407,19.653,20.882,0.745,0.750,12.690,22.056,0.189,8.741,9.600,0.018,4155.000,107.592,46.830,8.741,56.430,ON,Variable clouds; Hybrid loop operating; Ceff=1.58x
606,13:02:30,37.300,69.670,67.660,50.530,49.120,32.880,1.414,16.001,17.122,0.793,1.287,768.100,1215.300,1.582,12.683,22.041,0.866,1.407,19.651,20.880,0.745,0.750,12.689,22.036,0.189,8.741,9.594,0.018,4155.000,107.516,46.809,8.741,56.402,ON,Variable clouds; Hybrid loop operating; Ceff=1.58x
607,13:03:00,37.310,69.690,67.680,50.550,49.140,32.880,1.413,16.000,17.121,0.792,1.286,767.500,1214.200,1.582,12.671,22.018,0.866,1.405,19.649,20.879,0.745,0.751,12.672,22.018,0.189,8.736,9.594,0.018,4155.000,107.440,46.818,8.736,56.412,ON,Variable clouds; Hybrid loop operating; Ceff=1.58x
608,13:03:30,37.320,69.710,67.690,50.570,49.160,32.880,1.410,15.999,17.120,0.791,1.284,766.500,1212.500,1.582,12.654,21.985,0.864,1.403,19.649,20.878,0.745,0.751,12.655,21.982,0.189,8.736,9.592,0.018,4155.000,107.211,46.784,8.736,56.376,ON,Variable clouds; Hybrid loop operating; Ceff=1.58x
609,13:04:00,37.320,69.700,67.680,50.580,49.160,32.880,1.407,15.999,17.120,0.790,1.282,765.400,1210.500,1.582,12.636,21.950,0.863,1.401,19.649,20.877,0.745,0.750,12.639,21.948,0.189,8.737,9.593,0.018,4155.000,106.983,46.762,8.737,56.355,ON,Variable clouds; Hybrid loop operating; Ceff=1.58x
610,13:04:30,37.330,69.680,67.660,50.580,49.160,32.880,1.405,16.001,17.120,0.789,1.280,764.400,1208.800,1.581,12.620,21.918,0.862,1.399,19.650,20.877,0.745,0.750,12.625,21.914,0.189,8.739,9.592,0.018,4155.000,106.831,46.761,8.739,56.353,ON,Variable clouds; Hybrid loop operating; Ceff=1.58x
611,13:05:00,37.340,69.650,67.630,50.560,49.150,32.880,1.403,16.003,17.120,0.788,1.279,763.700,1207.600,1.581,12.612,21.898,0.861,1.398,19.653,20.878,0.745,0.750,12.610,21.896,0.189,8.737,9.594,0.018,4155.000,106.679,46.741,8.737,56.334,ON,Variable clouds; Hybrid loop operating; Ceff=1.58x
612,13:05:30,37.350,69.600,67.590,50.540,49.140,32.880,1.402,16.005,17.122,0.788,1.279,763.600,1207.300,1.581,12.613,21.895,0.861,1.398,19.656,20.879,0.745,0.750,12.612,21.899,0.189,8.739,9.597,0.018,4155.000,106.603,46.719,8.739,56.316,ON,Variable clouds; Hybrid loop operating; Ceff=1.58x
613,13:06:00,37.360,69.540,67.540,50.520,49.120,32.870,1.404,16.008,17.123,0.789,1.280,764.200,1208.100,1.581,12.625,21.911,0.862,1.399,19.659,20.881,0.745,0.750,12.630,21.917,0.189,8.745,9.599,0.018,4155.000,106.755,46.755,8.745,56.354,ON,Variable clouds; Hybrid loop operating; Ceff=1.58x
614,13:06:30,37.370,69.480,67.500,50.490,49.100,32.870,1.406,16.012,17.124,0.790,1.282,765.400,1209.900,1.581,12.648,21.946,0.863,1.401,19.662,20.882,0.745,0.750,12.649,21.953,0.189,8.744,9.600,0.018,4155.000,106.907,46.752,8.744,56.352,ON,Variable clouds; Hybrid loop operating; Ceff=1.58x
615,13:07:00,37.380,69.430,67.450,50.470,49.090,32.870,1.410,16.015,17.125,0.792,1.284,767.100,1212.600,1.581,12.679,21.997,0.865,1.404,19.666,20.883,0.745,0.750,12.684,21.989,0.189,8.749,9.594,0.018,4155.000,107.211,46.780,8.749,56.375,ON,Variable clouds; Hybrid loop operating; Ceff=1.58x
616,13:07:30,37.380,69.380,67.420,50.450,49.080,32.870,1.415,16.017,17.126,0.794,1.288,769.200,1215.800,1.581,12.716,22.056,0.868,1.408,19.668,20.884,0.745,0.750,12.717,22.058,0.189,8.748,9.599,0.018,4155.000,107.592,46.823,8.748,56.422,ON,Variable clouds; Hybrid loop operating; Ceff=1.58x
617,13:08:00,37.390,69.350,67.390,50.440,49.070,32.870,1.420,16.018,17.126,0.796,1.291,771.300,1219.200,1.581,12.753,22.117,0.870,1.411,19.670,20.885,0.745,0.751,12.750,22.110,0.189,8.747,9.595,0.018,4155.000,107.972,46.857,8.747,56.452,ON,Variable clouds; Hybrid loop operating; Ceff=1.58x
618,13:08:30,37.400,69.340,67.380,50.440,49.080,32.860,1.425,16.019,17.126,0.798,1.295,773.300,1222.200,1.581,12.786,22.172,0.872,1.415,19.671,20.884,0.745,0.750,12.783,22.178,0.189,8.746,9.601,0.018,4155.000,108.352,46.906,8.746,56.508,ON,Variable clouds; Hybrid loop operating; Ceff=1.58x
619,13:09:00,37.400,69.340,67.390,50.460,49.090,32.860,1.428,16.019,17.125,0.800,1.297,774.800,1224.600,1.581,12.811,22.215,0.874,1.418,19.670,20.883,0.745,0.750,12.815,22.211,0.189,8.751,9.597,0.018,4155.000,108.580,46.913,8.751,56.510,ON,Variable clouds; Hybrid loop operating; Ceff=1.58x
620,13:09:30,37.410,69.370,67.410,50.480,49.110,32.860,1.430,16.017,17.124,0.801,1.299,775.800,1226.200,1.581,12.826,22.241,0.875,1.419,19.669,20.882,0.745,0.751,12.830,22.244,0.189,8.750,9.598,0.018,4155.000,108.732,46.918,8.750,56.516,ON,Variable clouds; Hybrid loop operating; Ceff=1.58x
621,13:10:00,37.420,69.410,67.450,50.510,49.140,32.850,1.431,16.015,17.122,0.801,1.299,776.200,1226.800,1.581,12.830,22.249,0.876,1.420,19.666,20.880,0.745,0.750,12.828,22.241,0.189,8.744,9.592,0.018,4155.000,108.808,46.927,8.744,56.520,ON,Variable clouds; Hybrid loop operating; Ceff=1.58x
622,13:10:30,37.420,69.470,67.500,50.550,49.180,32.850,1.431,16.012,17.120,0.801,1.299,776.100,1226.700,1.581,12.825,22.243,0.875,1.420,19.663,20.878,0.745,0.750,12.826,22.239,0.189,8.744,9.592,0.018,4155.000,108.808,46.931,8.744,56.523,ON,Variable clouds; Hybrid loop operating; Ceff=1.58x
623,13:11:00,37.420,69.530,67.550,50.600,49.210,32.840,1.430,16.008,17.118,0.800,1.299,775.700,1226.000,1.581,12.815,22.228,0.875,1.419,19.659,20.875,0.745,0.750,12.806,22.236,0.189,8.735,9.596,0.018,4155.000,108.732,46.925,8.735,56.522,ON,Variable clouds; Hybrid loop operating; Ceff=1.58x
624,13:11:30,37.430,69.600,67.610,50.640,49.250,32.840,1.429,16.005,17.115,0.800,1.298,775.200,1225.300,1.581,12.802,22.210,0.874,1.418,19.655,20.872,0.745,0.750,12.804,22.215,0.189,8.739,9.593,0.018,4155.000,108.656,46.919,8.739,56.512,ON,Variable clouds; Hybrid loop operating; Ceff=1.58x
625,13:12:00,37.430,69.670,67.670,50.690,49.290,32.840,1.428,16.001,17.113,0.800,1.297,774.800,1224.800,1.581,12.793,22.197,0.874,1.418,19.651,20.869,0.745,0.750,12.801,22.196,0.189,8.741,9.588,0.018,4155.000,108.580,46.905,8.741,56.494,ON,Variable clouds; Hybrid loop operating; Ceff=1.58x
626,13:12:30,37.440,69.730,67.720,50.730,49.320,32.830,1.429,15.997,17.110,0.800,1.297,774.900,1225.000,1.581,12.791,22.197,0.874,1.418,19.647,20.867,0.745,0.750,12.798,22.192,0.189,8.738,9.585,0.018,4155.000,108.656,46.931,8.738,56.516,ON,Variable clouds; Hybrid loop operating; Ceff=1.58x
627,13:13:00,37.440,69.790,67.770,50.770,49.350,32.830,1.430,15.994,17.108,0.800,1.298,775.600,1226.100,1.581,12.799,22.214,0.875,1.419,19.643,20.865,0.745,0.750,12.795,22.206,0.189,8.729,9.583,0.018,4155.000,108.732,46.921,8.729,56.504,ON,Variable clouds; Hybrid loop operating; Ceff=1.58x
628,13:13:30,37.440,69.840,67.810,50.800,49.380,32.820,1.433,15.992,17.107,0.802,1.301,776.900,1228.200,1.581,12.818,22.249,0.876,1.421,19.641,20.863,0.745,0.750,12.826,22.256,0.189,8.735,9.588,0.018,4155.000,108.960,46.939,8.735,56.527,ON,Variable clouds; Hybrid loop operating; Ceff=1.58x
629,13:14:00,37.440,69.870,67.840,50.820,49.400,32.820,1.438,15.990,17.105,0.803,1.304,778.800,1231.300,1.581,12.847,22.303,0.878,1.425,19.639,20.862,0.745,0.750,12.840,22.305,0.189,8.723,9.585,0.018,4155.000,109.340,46.985,8.723,56.569,ON,Variable clouds; Hybrid loop operating; Ceff=1.58x
630,13:14:30,37.440,69.890,67.850,50.840,49.410,32.810,1.444,15.989,17.105,0.806,1.308,781.100,1235.000,1.581,12.884,22.369,0.881,1.429,19.637,20.861,0.745,0.750,12.887,22.373,0.189,8.729,9.585,0.018,4155.000,109.797,47.039,8.729,56.624,ON,Variable clouds; Hybrid loop operating; Ceff=1.58x
631,13:15:00,37.440,69.890,67.860,50.840,49.420,32.800,1.450,15.988,17.104,0.808,1.312,783.600,1239.100,1.581,12.925,22.442,0.884,1.434,19.637,20.860,0.745,0.750,12.918,22.440,0.189,8.723,9.582,0.018,4155.000,110.253,47.078,8.723,56.661,ON,Variable clouds; Hybrid loop operating; Ceff=1.58x
632,13:15:30,37.440,69.890,67.860,50.840,49.430,32.800,1.456,15.989,17.104,0.811,1.316,786.100,1243.100,1.581,12.966,22.514,0.886,1.439,19.637,20.860,0.745,0.750,12.967,22.509,0.189,8.728,9.580,0.018,4155.000,110.709,47.121,8.728,56.702,ON,Variable clouds; Hybrid loop operating; Ceff=1.58x
633,13:16:00,37.440,69.870,67.860,50.840,49.430,32.790,1.461,15.989,17.104,0.813,1.320,788.200,1246.600,1.582,13.002,22.577,0.889,1.443,19.638,20.860,0.745,0.750,12.999,22.577,0.189,8.726,9.583,0.018,4155.000,111.089,47.150,8.726,56.733,ON,Variable clouds; Hybrid loop operating; Ceff=1.58x
634,13:16:30,37.440,69.850,67.840,50.830,49.420,32.790,1.465,15.990,17.105,0.815,1.323,789.800,1249.300,1.582,13.030,22.627,0.891,1.446,19.639,20.861,0.745,0.750,13.032,22.630,0.189,8.730,9.584,0.018,4155.000,111.393,47.177,8.730,56.761,ON,Variable clouds; Hybrid loop operating; Ceff=1.58x
635,13:17:00,37.440,69.830,67.830,50.820,49.420,32.780,1.468,15.991,17.105,0.816,1.325,790.900,1251.000,1.582,13.048,22.659,0.892,1.448,19.640,20.861,0.745,0.750,13.049,22.664,0.189,8.729,9.586,0.018,4155.000,111.622,47.209,8.729,56.795,ON,Variable clouds; Hybrid loop operating; Ceff=1.58x
636,13:17:30,37.430,69.810,67.820,50.800,49.410,32.770,1.469,15.992,17.105,0.816,1.326,791.300,1251.800,1.582,13.057,22.675,0.892,1.449,19.641,20.862,0.745,0.750,13.049,22.681,0.189,8.725,9.587,0.018,4155.000,111.698,47.211,8.725,56.798,ON,Variable clouds; Hybrid loop operating; Ceff=1.58x
637,13:18:00,37.430,69.790,67.810,50.800,49.410,32.770,1.469,15.993,17.106,0.816,1.326,791.300,1251.900,1.582,13.057,22.677,0.892,1.449,19.642,20.862,0.745,0.750,13.050,22.683,0.189,8.726,9.587,0.018,4155.000,111.698,47.208,8.726,56.794,ON,Variable clouds; Hybrid loop operating; Ceff=1.58x
638,13:18:30,37.430,69.790,67.820,50.790,49.410,32.760,1.468,15.993,17.106,0.816,1.325,791.000,1251.600,1.582,13.052,22.671,0.892,1.448,19.642,20.862,0.745,0.750,13.050,22.665,0.189,8.729,9.582,0.018,4155.000,111.622,47.187,8.729,56.768,ON,Variable clouds; Hybrid loop operating; Ceff=1.58x
639,13:19:00,37.420,69.800,67.830,50.800,49.420,32.750,1.468,15.992,17.106,0.816,1.325,790.700,1251.200,1.582,13.047,22.664,0.892,1.448,19.641,20.862,0.745,0.750,13.049,22.665,0.189,8.732,9.585,0.018,4155.000,111.622,47.202,8.732,56.787,ON,Variable clouds; Hybrid loop operating; Ceff=1.58x
640,13:19:30,37.420,69.830,67.850,50.810,49.430,32.750,1.468,15.991,17.105,0.816,1.325,790.700,1251.300,1.582,13.045,22.664,0.892,1.448,19.639,20.861,0.745,0.750,13.049,22.664,0.189,8.732,9.583,0.018,4155.000,111.622,47.198,8.732,56.781,ON,Variable clouds; Hybrid loop operating; Ceff=1.58x
641,13:20:00,37.410,69.870,67.890,50.830,49.440,32.740,1.469,15.988,17.104,0.816,1.326,791.100,1252.100,1.583,13.049,22.677,0.892,1.449,19.637,20.860,0.745,0.750,13.046,22.680,0.189,8.726,9.584,0.018,4155.000,111.698,47.200,8.726,56.784,ON,Variable clouds; Hybrid loop operating; Ceff=1.58x
642,13:20:30,37.400,69.920,67.940,50.860,49.470,32.730,1.472,15.985,17.102,0.817,1.328,792.100,1253.800,1.583,13.063,22.705,0.893,1.451,19.634,20.858,0.745,0.750,13.060,22.711,0.189,8.724,9.584,0.018,4155.000,111.926,47.232,8.724,56.817,ON,Variable clouds; Hybrid loop operating; Ceff=1.58x
643,13:21:00,37.400,69.990,68.000,50.900,49.500,32.730,1.476,15.981,17.100,0.819,1.330,793.800,1256.500,1.583,13.086,22.751,0.895,1.454,19.629,20.856,0.745,0.750,13.088,22.743,0.189,8.724,9.577,0.018,4155.000,112.230,47.259,8.724,56.836,ON,Variable clouds; Hybrid loop operating; Ceff=1.58x
644,13:21:30,37.390,70.070,68.060,50.940,49.530,32.720,1.481,15.977,17.098,0.821,1.334,795.900,1260.000,1.583,13.117,22.811,0.897,1.458,19.625,20.853,0.745,0.750,13.117,22.809,0.189,8.720,9.578,0.018,4155.000,112.610,47.287,8.720,56.865,ON,Variable clouds; Hybrid loop operating; Ceff=1.58x
645,13:22:00,37.380,70.150,68.140,50.990,49.570,32.710,1.487,15.973,17.095,0.823,1.338,798.400,1264.000,1.583,13.153,22.879,0.900,1.463,19.620,20.851,0.745,0.750,13.146,22.873,0.189,8.712,9.575,0.018,4155.000,113.066,47.329,8.712,56.903,ON,Variable clouds; Hybrid loop operating; Ceff=1.58x
646,13:22:30,37.370,70.240,68.210,51.030,49.610,32.700,1.493,15.968,17.093,0.826,1.343,801.000,1268.200,1.583,13.190,22.951,0.903,1.467,19.615,20.848,0.745,0.750,13.190,22.956,0.189,8.712,9.577,0.018,4155.000,113.522,47.362,8.712,56.940,ON,Variable clouds; Hybrid loop operating; Ceff=1.58x
647,13:23:00,37.360,70.310,68.270,51.070,49.640,32.700,1.499,15.964,17.091,0.828,1.347,803.400,1272.100,1.583,13.225,23.017,0.905,1.472,19.610,20.845,0.745,0.750,13.218,23.022,0.189,8.705,9.575,0.018,4155.000,113.979,47.407,8.705,56.982,ON,Variable clouds; Hybrid loop operating; Ceff=1.58x
648,13:23:30,37.350,70.380,68.330,51.110,49.670,32.690,1.504,15.960,17.089,0.830,1.350,805.300,1275.300,1.584,13.254,23.072,0.908,1.476,19.606,20.843,0.745,0.750,13.247,23.070,0.189,8.703,9.571,0.018,4155.000,114.359,47.446,8.703,57.017,ON,Variable clouds; Hybrid loop operating; Ceff=1.58x
649,13:24:00,37.340,70.420,68.370,51.130,49.690,32.680,1.508,15.957,17.087,0.832,1.353,806.700,1277.600,1.584,13.274,23.112,0.909,1.478,19.603,20.842,0.745,0.750,13.276,23.119,0.189,8.708,9.574,0.018,4155.000,114.663,47.486,8.708,57.060,ON,Variable clouds; Hybrid loop operating; Ceff=1.58x
650,13:24:30,37.330,70.450,68.400,51.140,49.710,32.680,1.510,15.956,17.087,0.833,1.354,807.500,1278.900,1.584,13.285,23.135,0.910,1.480,19.601,20.841,0.745,0.750,13.291,23.136,0.189,8.709,9.572,0.018,4155.000,114.815,47.501,8.709,57.072,ON,Variable clouds; Hybrid loop operating; Ceff=1.58x
651,13:25:00,37.320,70.470,68.420,51.140,49.710,32.670,1.510,15.955,17.087,0.833,1.354,807.700,1279.300,1.584,13.287,23.142,0.910,1.480,19.600,20.841,0.745,0.750,13.291,23.136,0.189,8.706,9.569,0.018,4155.000,114.815,47.486,8.706,57.055,ON,Variable clouds; Hybrid loop operating; Ceff=1.58x
652,13:25:30,37.310,70.460,68.420,51.130,49.700,32.660,1.510,15.955,17.087,0.833,1.354,807.500,1279.100,1.584,13.284,23.139,0.910,1.480,19.600,20.842,0.745,0.750,13.291,23.136,0.189,8.708,9.570,0.018,4155.000,114.815,47.493,8.708,57.063,ON,Variable clouds; Hybrid loop operating; Ceff=1.58x
653,13:26:00,37.300,70.440,68.400,51.110,49.680,32.650,1.509,15.956,17.088,0.832,1.354,807.100,1278.600,1.584,13.279,23.131,0.910,1.479,19.602,20.843,0.744,0.750,13.275,23.137,0.189,8.703,9.574,0.018,4155.000,114.739,47.480,8.703,57.055,ON,Variable clouds; Hybrid loop operating; Ceff=1.58x
654,13:26:30,37.290,70.400,68.380,51.080,49.660,32.650,1.508,15.958,17.090,0.832,1.353,806.800,1278.200,1.584,13.276,23.126,0.909,1.479,19.604,20.845,0.745,0.750,13.277,23.123,0.189,8.707,9.571,0.018,4155.000,114.663,47.464,8.707,57.035,ON,Variable clouds; Hybrid loop operating; Ceff=1.58x
655,13:27:00,37.280,70.360,68.350,51.050,49.640,32.640,1.509,15.960,17.092,0.832,1.353,806.800,1278.300,1.584,13.278,23.131,0.909,1.479,19.606,20.846,0.745,0.750,13.279,23.125,0.189,8.708,9.572,0.018,4155.000,114.739,47.492,8.708,57.063,ON,Variable clouds; Hybrid loop operating; Ceff=1.58x
656,13:27:30,37.260,70.320,68.320,51.010,49.610,32.630,1.510,15.962,17.093,0.833,1.354,807.400,1279.200,1.584,13.289,23.151,0.910,1.480,19.608,20.848,0.745,0.750,13.296,23.144,0.189,8.713,9.573,0.018,4155.000,114.815,47.490,8.713,57.062,ON,Variable clouds; Hybrid loop operating; Ceff=1.58x
657,13:28:00,37.250,70.290,68.300,50.990,49.590,32.630,1.513,15.963,17.095,0.834,1.356,808.500,1281.100,1.584,13.310,23.187,0.911,1.482,19.610,20.850,0.745,0.750,13.313,23.181,0.189,8.712,9.574,0.018,4155.000,115.043,47.513,8.712,57.087,ON,Variable clouds; Hybrid loop operating; Ceff=1.58x
658,13:28:30,37.240,70.280,68.290,50.970,49.580,32.620,1.517,15.964,17.096,0.836,1.359,810.200,1283.800,1.585,13.339,23.239,0.913,1.486,19.610,20.851,0.745,0.750,13.346,23.233,0.189,8.716,9.575,0.018,4155.000,115.347,47.539,8.716,57.114,ON,Variable clouds; Hybrid loop operating; Ceff=1.58x
659,13:29:00,37.230,70.270,68.290,50.960,49.570,32.610,1.522,15.964,17.096,0.838,1.363,812.400,1287.300,1.585,13.375,23.303,0.916,1.490,19.610,20.852,0.745,0.750,13.378,23.302,0.189,8.713,9.577,0.018,4155.000,115.728,47.566,8.713,57.143,ON,Variable clouds; Hybrid loop operating; Ceff=1.58x
660,13:29:30,37.210,70.290,68.310,50.960,49.570,32.610,1.528,15.963,17.096,0.840,1.367,814.800,1291.100,1.585,13.413,23.372,0.918,1.494,19.609,20.851,0.745,0.750,13.409,23.370,0.189,8.707,9.577,0.018,4155.000,116.184,47.613,8.707,57.190,ON,Variable clouds; Hybrid loop operating; Ceff=1.58x
661,13:30:00,37.200,70.330,68.350,50.970,49.580,32.600,1.534,15.961,17.095,0.843,1.371,817.200,1294.900,1.585,13.450,23.439,0.921,1.498,19.607,20.851,0.745,0.750,13.455,23.437,0.189,8.712,9.577,0.018,4155.000,116.640,47.659,8.712,57.236,ON,Variable clouds; Hybrid loop operating; Ceff=1.58x
662,13:30:30,37.190,70.380,68.390,50.990,49.600,32.600,1.539,15.958,17.094,0.845,1.375,819.300,1298.200,1.585,13.481,23.497,0.923,1.502,19.604,20.849,0.745,0.750,13.485,23.504,0.189,8.708,9.580,0.018,4155.000,117.020,47.693,8.708,57.273,ON,Variable clouds; Hybrid loop operating; Ceff=1.58x
663,13:31:00,37.170,70.450,68.450,51.020,49.630,32.590,1.543,15.954,17.093,0.846,1.377,820.800,1300.800,1.585,13.503,23.539,0.925,1.505,19.600,20.847,0.745,0.750,13.497,23.537,0.189,8.700,9.574,0.018,4155.000,117.324,47.722,8.700,57.295,ON,Variable clouds; Hybrid loop operating; Ceff=1.58x
664,13:31:30,37.160,70.520,68.510,51.060,49.660,32.580,1.545,15.950,17.091,0.847,1.379,821.800,1302.300,1.585,13.515,23.564,0.926,1.507,19.595,20.845,0.745,0.750,13.510,23.568,0.189,8.698,9.575,0.018,4155.000,117.476,47.728,8.698,57.304,ON,Variable clouds; Hybrid loop operating; Ceff=1.58x
665,13:32:00,37.150,70.590,68.580,51.090,49.680,32.580,1.546,15.946,17.089,0.848,1.379,822.100,1302.800,1.585,13.516,23.570,0.926,1.507,19.591,20.843,0.745,0.750,13.522,23.566,0.189,8.703,9.571,0.018,4155.000,117.552,47.741,8.703,57.312,ON,Variable clouds; Hybrid loop operating; Ceff=1.58x
666,13:32:30,37.130,70.670,68.640,51.130,49.710,32.570,1.546,15.942,17.087,0.847,1.379,822.000,1302.500,1.585,13.509,23.562,0.926,1.507,19.586,20.842,0.745,0.750,13.503,23.563,0.189,8.691,9.572,0.018,4155.000,117.552,47.752,8.691,57.324,ON,Variable clouds; Hybrid loop operating; Ceff=1.58x
667,13:33:00,37.120,70.730,68.690,51.150,49.720,32.570,1.544,15.939,17.086,0.847,1.378,821.400,1301.600,1.585,13.496,23.544,0.925,1.506,19.583,20.840,0.745,0.750,13.500,23.545,0.189,8.696,9.571,0.018,4155.000,117.400,47.723,8.696,57.294,ON,Variable clouds; Hybrid loop operating; Ceff=1.58x
668,13:33:30,37.110,70.770,68.730,51.170,49.740,32.560,1.543,15.936,17.085,0.846,1.377,820.800,1300.600,1.585,13.484,23.524,0.925,1.505,19.580,20.839,0.744,0.750,13.482,23.526,0.189,8.691,9.571,0.018,4155.000,117.324,47.729,8.691,57.300,ON,Variable clouds; Hybrid loop operating; Ceff=1.58x
669,13:34:00,37.100,70.800,68.760,51.170,49.740,32.560,1.542,15.935,17.085,0.846,1.376,820.400,1299.900,1.584,13.475,23.510,0.924,1.504,19.578,20.839,0.745,0.750,13.481,23.509,0.189,8.694,9.569,0.018,4155.000,117.248,47.724,8.694,57.293,ON,Variable clouds; Hybrid loop operating; Ceff=1.58x
670,13:34:30,37.080,70.810,68.770,51.170,49.730,32.550,1.541,15.934,17.085,0.846,1.376,820.400,1299.800,1.584,13.474,23.509,0.924,1.504,19.578,20.839,0.745,0.750,13.480,23.509,0.189,8.694,9.570,0.018,4155.000,117.172,47.696,8.694,57.266,ON,Variable clouds; Hybrid loop operating; Ceff=1.58x
671,13:35:00,37.070,70.800,68.760,51.150,49.720,32.550,1.542,15.935,17.086,0.846,1.377,820.900,1300.500,1.584,13.482,23.524,0.925,1.505,19.578,20.840,0.744,0.750,13.481,23.527,0.189,8.689,9.572,0.018,4155.000,117.248,47.702,8.689,57.274,ON,Variable clouds; Hybrid loop operating; Ceff=1.58x
672,13:35:30,37.060,70.780,68.740,51.120,49.700,32.550,1.545,15.936,17.088,0.847,1.379,822.000,1302.200,1.584,13.502,23.557,0.926,1.507,19.579,20.842,0.745,0.750,13.498,23.564,0.189,8.688,9.574,0.018,4155.000,117.476,47.732,8.688,57.307,ON,Variable clouds; Hybrid loop operating; Ceff=1.58x
673,13:36:00,37.050,70.740,68.720,51.090,49.670,32.540,1.549,15.938,17.089,0.849,1.381,823.600,1304.700,1.584,13.531,23.605,0.928,1.510,19.581,20.844,0.745,0.750,13.531,23.600,0.189,8.693,9.571,0.018,4155.000,117.781,47.764,8.693,57.335,ON,Variable clouds; Hybrid loop operating; Ceff=1.58x
674,13:36:30,37.030,70.700,68.690,51.060,49.640,32.540,1.554,15.940,17.091,0.851,1.385,825.600,1307.700,1.584,13.566,23.663,0.930,1.513,19.584,20.846,0.745,0.750,13.565,23.671,0.189,8.693,9.577,0.018,4155.000,118.161,47.808,8.693,57.386,ON,Variable clouds; Hybrid loop operating; Ceff=1.58x
675,13:37:00,37.020,70.660,68.660,51.020,49.620,32.530,1.559,15.942,17.093,0.853,1.388,827.700,1311.000,1.584,13.603,23.725,0.933,1.517,19.586,20.848,0.744,0.750,13.599,23.725,0.189,8.693,9.575,0.018,4155.000,118.541,47.841,8.693,57.416,ON,Variable clouds; Hybrid loop operating; Ceff=1.58x
676,13:37:30,37.010,70.620,68.630,50.980,49.590,32.530,1.563,15.944,17.095,0.855,1.391,829.700,1314.000,1.584,13.638,23.783,0.935,1.520,19.589,20.850,0.745,0.750,13.632,23.779,0.189,8.693,9.575,0.018,4155.000,118.845,47.855,8.693,57.430,ON,Variable clouds; Hybrid loop operating; Ceff=1.58x
677,13:38:00,37.000,70.580,68.600,50.950,49.570,32.530,1.567,15.946,17.096,0.857,1.394,831.300,1316.400,1.584,13.666,23.828,0.937,1.523,19.590,20.852,0.745,0.750,13.666,23.832,0.189,8.698,9.579,0.018,4155.000,119.149,47.890,8.698,57.468,ON,Variable clouds; Hybrid loop operating; Ceff=1.58x
678,13:38:30,36.990,70.560,68.590,50.930,49.550,32.530,1.569,15.947,17.098,0.858,1.395,832.300,1317.800,1.583,13.684,23.857,0.938,1.525,19.592,20.853,0.745,0.750,13.683,23.852,0.189,8.698,9.577,0.018,4155.000,119.301,47.900,8.698,57.476,ON,Variable clouds; Hybrid loop operating; Ceff=1.58x
679,13:39:00,36.980,70.540,68.580,50.910,49.540,32.520,1.570,15.948,17.098,0.858,1.396,832.700,1318.300,1.583,13.690,23.866,0.938,1.525,19.592,20.854,0.745,0.750,13.683,23.869,0.189,8.694,9.580,0.018,4155.000,119.377,47.912,8.694,57.492,ON,Variable clouds; Hybrid loop operating; Ceff=1.58x
680,13:39:30,36.970,70.550,68.590,50.910,49.530,32.520,1.569,15.947,17.099,0.858,1.395,832.400,1317.700,1.583,13.686,23.857,0.938,1.525,19.592,20.854,0.745,0.750,13.683,23.853,0.189,8.697,9.578,0.018,4155.000,119.301,47.903,8.697,57.481,ON,Variable clouds; Hybrid loop operating; Ceff=1.58x
681,13:40:00,36.960,70.570,68.600,50.910,49.530,32.520,1.567,15.946,17.099,0.857,1.394,831.700,1316.400,1.583,13.673,23.833,0.937,1.523,19.591,20.854,0.745,0.750,13.666,23.836,0.189,8.694,9.580,0.018,4155.000,119.149,47.890,8.694,57.470,ON,Variable clouds; Hybrid loop operating; Ceff=1.58x
682,13:40:30,36.950,70.600,68.630,50.910,49.540,32.520,1.564,15.945,17.099,0.856,1.392,830.700,1314.700,1.583,13.655,23.801,0.936,1.521,19.589,20.854,0.745,0.750,13.649,23.802,0.189,8.693,9.579,0.018,4155.000,118.921,47.860,8.693,57.439,ON,Variable clouds; Hybrid loop operating; Ceff=1.58x
683,13:41:00,36.950,70.640,68.660,50.930,49.550,32.510,1.561,15.942,17.098,0.855,1.390,829.800,1312.900,1.582,13.637,23.769,0.935,1.519,19.587,20.853,0.745,0.750,13.630,23.766,0.189,8.691,9.578,0.018,4155.000,118.693,47.833,8.691,57.411,ON,Variable clouds; Hybrid loop operating; Ceff=1.58x
684,13:41:30,36.940,70.690,68.700,50.950,49.560,32.510,1.559,15.940,17.097,0.855,1.389,829.000,1311.600,1.582,13.622,23.743,0.934,1.518,19.584,20.852,0.745,0.750,13.629,23.748,0.189,8.698,9.580,0.018,4155.000,118.541,47.819,8.698,57.399,ON,Variable clouds; Hybrid loop operating; Ceff=1.58x
685,13:42:00,36.930,70.740,68.750,50.970,49.570,32.510,1.558,15.937,17.096,0.854,1.388,828.800,1311.000,1.582,13.615,23.730,0.934,1.517,19.580,20.851,0.744,0.750,13.610,23.729,0.189,8.689,9.577,0.018,4155.000,118.465,47.811,8.689,57.387,ON,Variable clouds; Hybrid loop operating; Ceff=1.58x
686,13:42:30,36.930,70.790,68.790,50.990,49.590,32.510,1.559,15.934,17.095,0.855,1.388,829.100,1311.200,1.581,13.617,23.733,0.934,1.517,19.577,20.850,0.745,0.750,13.624,23.728,0.189,8.694,9.575,0.018,4155.000,118.541,47.834,8.694,57.409,ON,Variable clouds; Hybrid loop operating; Ceff=1.58x
687,13:43:00,36.920,70.840,68.830,51.010,49.600,32.510,1.561,15.931,17.094,0.855,1.389,830.000,1312.400,1.581,13.628,23.752,0.935,1.519,19.574,20.849,0.745,0.750,13.621,23.744,0.189,8.683,9.572,0.018,4155.000,118.693,47.852,8.683,57.424,ON,Variable clouds; Hybrid loop operating; Ceff=1.58x
688,13:43:30,36.910,70.880,68.860,51.020,49.610,32.510,1.563,15.929,17.093,0.857,1.391,831.300,1314.200,1.581,13.648,23.784,0.936,1.521,19.572,20.848,0.745,0.750,13.651,23.776,0.189,8.689,9.572,0.018,4155.000,118.845,47.847,8.689,57.420,ON,Variable clouds; Hybrid loop operating; Ceff=1.58x
689,13:44:00,36.910,70.910,68.890,51.030,49.620,32.510,1.567,15.927,17.093,0.858,1.394,832.900,1316.500,1.581,13.673,23.825,0.938,1.523,19.570,20.848,0.745,0.750,13.665,23.828,0.189,8.681,9.576,0.018,4155.000,119.149,47.886,8.681,57.462,ON,Variable clouds; Hybrid loop operating; Ceff=1.58x
690,13:44:30,36.900,70.930,68.900,51.040,49.620,32.510,1.570,15.927,17.093,0.860,1.396,834.500,1318.800,1.580,13.698,23.866,0.940,1.526,19.569,20.847,0.745,0.750,13.697,23.862,0.189,8.684,9.573,0.018,4155.000,119.377,47.894,8.684,57.467,ON,Variable clouds; Hybrid loop operating; Ceff=1.58x
691,13:45:00,36.900,70.930,68.910,51.030,49.610,32.510,1.573,15.927,17.093,0.861,1.398,835.900,1320.600,1.580,13.720,23.900,0.941,1.528,19.569,20.848,0.745,0.750,13.713,23.896,0.189,8.680,9.574,0.018,4155.000,119.605,47.920,8.680,57.494,ON,Variable clouds; Hybrid loop operating; Ceff=1.58x
692,13:45:30,36.900,70.910,68.900,51.010,49.600,32.510,1.575,15.927,17.094,0.862,1.399,836.800,1321.700,1.580,13.735,23.921,0.942,1.529,19.570,20.849,0.745,0.750,13.729,23.915,0.189,8.681,9.573,0.018,4155.000,119.757,47.941,8.681,57.515,ON,Variable clouds; Hybrid loop operating; Ceff=1.58x
693,13:46:00,36.890,70.880,68.870,50.990,49.580,32.510,1.575,15.929,17.095,0.863,1.400,837.000,1321.800,1.579,13.741,23.925,0.943,1.530,19.572,20.850,0.745,0.750,13.747,23.933,0.189,8.690,9.580,0.018,4155.000,119.757,47.937,8.690,57.518,ON,Variable clouds; Hybrid loop operating; Ceff=1.58x
694,13:46:30,36.890,70.840,68.840,50.960,49.560,32.510,1.574,15.931,17.097,0.862,1.399,836.600,1320.900,1.579,13.737,23.911,0.942,1.529,19.574,20.852,0.745,0.750,13.733,23.919,0.189,8.685,9.581,0.018,4155.000,119.681,47.940,8.685,57.521,ON,Variable clouds; Hybrid loop operating; Ceff=1.58x
695,13:47:00,36.890,70.790,68.800,50.920,49.530,32.510,1.571,15.934,17.099,0.861,1.397,835.600,1319.000,1.579,13.724,23.881,0.941,1.526,19.577,20.854,0.745,0.750,13.719,23.887,0.189,8.687,9.582,0.018,4155.000,119.453,47.917,8.687,57.499,ON,Variable clouds; Hybrid loop operating; Ceff=1.58x
696,13:47:30,36.890,70.740,68.760,50.880,49.500,32.510,1.567,15.936,17.101,0.860,1.394,834.200,1316.500,1.578,13.704,23.839,0.940,1.524,19.580,20.857,0.745,0.750,13.705,23.839,0.189,8.693,9.581,0.018,4155.000,119.149,47.886,8.693,57.467,ON,Variable clouds; Hybrid loop operating; Ceff=1.58x
697,13:48:00,36.880,70.690,68.720,50.840,49.470,32.510,1.563,15.939,17.103,0.858,1.391,832.700,1313.700,1.578,13.681,23.792,0.938,1.520,19.583,20.859,0.745,0.750,13.676,23.790,0.189,8.690,9.582,0.018,4155.000,118.845,47.866,8.690,57.447,ON,Variable clouds; Hybrid loop operating; Ceff=1.58x
698,13:48:30,36.880,70.640,68.690,50.810,49.440,32.510,1.559,15.942,17.105,0.857,1.388,831.200,1311.100,1.577,13.660,23.748,0.936,1.517,19.586,20.861,0.745,0.750,13.662,23.742,0.189,8.697,9.581,0.018,4155.000,118.541,47.838,8.697,57.419,ON,Variable clouds; Hybrid loop operating; Ceff=1.58x
699,13:49:00,36.880,70.610,68.660,50.780,49.420,32.510,1.555,15.943,17.106,0.856,1.386,830.100,1309.000,1.577,13.644,23.712,0.935,1.515,19.588,20.862,0.745,0.750,13.647,23.709,0.189,8.699,9.583,0.018,4155.000,118.237,47.792,8.699,57.375,ON,Variable clouds; Hybrid loop operating; Ceff=1.58x
700,13:49:30,36.880,70.590,68.650,50.760,49.400,32.510,1.553,15.944,17.107,0.855,1.385,829.500,1307.700,1.576,13.635,23.690,0.935,1.513,19.589,20.863,0.744,0.750,13.632,23.693,0.189,8.695,9.586,0.018,4155.000,118.085,47.778,8.695,57.364,ON,Variable clouds; Hybrid loop operating; Ceff=1.58x
701,13:50:00,36.880,70.600,68.650,50.760,49.390,32.510,1.553,15.944,17.108,0.855,1.384,829.500,1307.300,1.576,13.634,23.683,0.935,1.513,19.588,20.864,0.744,0.750,13.632,23.677,0.189,8.695,9.583,0.018,4155.000,118.085,47.792,8.695,57.375,ON,Variable clouds; Hybrid loop operating; Ceff=1.58x
702,13:50:30,36.880,70.620,68.660,50.760,49.400,32.510,1.553,15.943,17.107,0.856,1.385,830.000,1307.700,1.576,13.641,23.690,0.935,1.513,19.587,20.864,0.745,0.750,13.647,23.693,0.189,8.700,9.586,0.018,4155.000,118.085,47.778,8.700,57.364,ON,Variable clouds; Hybrid loop operating; Ceff=1.58x
703,13:51:00,36.880,70.650,68.690,50.780,49.410,32.510,1.555,15.941,17.106,0.857,1.386,830.900,1308.700,1.575,13.654,23.708,0.936,1.515,19.585,20.863,0.745,0.750,13.661,23.709,0.189,8.699,9.585,0.018,4155.000,118.237,47.802,8.699,57.388,ON,Variable clouds; Hybrid loop operating; Ceff=1.58x
704,13:51:30,36.890,70.700,68.730,50.800,49.430,32.510,1.557,15.939,17.105,0.858,1.387,831.900,1310.000,1.575,13.669,23.729,0.937,1.516,19.582,20.861,0.745,0.750,13.676,23.725,0.189,8.698,9.582,0.018,4155.000,118.389,47.816,8.698,57.399,ON,Variable clouds; Hybrid loop operating; Ceff=1.57x
705,13:52:00,36.890,70.760,68.780,50.830,49.450,32.510,1.559,15.935,17.104,0.859,1.388,832.900,1311.200,1.574,13.681,23.747,0.938,1.517,19.579,20.859,0.745,0.750,13.688,23.740,0.189,8.695,9.580,0.018,4155.000,118.541,47.834,8.695,57.414,ON,Variable clouds; Hybrid loop operating; Ceff=1.57x
706,13:52:30,36.890,70.820,68.830,50.870,49.470,32.520,1.560,15.932,17.102,0.859,1.389,833.500,1311.800,1.574,13.688,23.754,0.939,1.518,19.575,20.858,0.745,0.750,13.686,23.755,0.189,8.688,9.581,0.018,4155.000,118.617,47.843,8.688,57.424,ON,Variable clouds; Hybrid loop operating; Ceff=1.57x
707,13:53:00,36.890,70.880,68.870,50.900,49.500,32.520,1.559,15.929,17.100,0.859,1.389,833.600,1311.500,1.573,13.686,23.747,0.939,1.518,19.572,20.856,0.745,0.750,13.683,23.752,0.189,8.685,9.582,0.018,4155.000,118.541,47.823,8.685,57.405,ON,Variable clouds; Hybrid loop operating; Ceff=1.57x
708,13:53:30,36.890,70.920,68.910,50.920,49.510,32.520,1.557,15.927,17.099,0.859,1.387,833.100,1310.200,1.573,13.674,23.721,0.938,1.516,19.569,20.854,0.745,0.750,13.681,23.716,0.189,8.689,9.577,0.018,4155.000,118.389,47.809,8.689,57.387,ON,Variable clouds; Hybrid loop operating; Ceff=1.57x
709,13:54:00,36.900,70.960,68.940,50.940,49.530,32.520,1.554,15.925,17.098,0.857,1.385,831.900,1307.900,1.572,13.652,23.678,0.937,1.513,19.567,20.854,0.745,0.750,13.648,23.681,0.189,8.680,9.580,0.018,4155.000,118.161,47.801,8.680,57.381,ON,Variable clouds; Hybrid loop operating; Ceff=1.57x
710,13:54:30,36.900,70.970,68.950,50.940,49.530,32.520,1.549,15.924,17.098,0.856,1.382,830.200,1304.800,1.572,13.624,23.621,0.935,1.510,19.566,20.853,0.745,0.750,13.631,23.629,0.189,8.687,9.582,0.018,4155.000,117.781,47.760,8.687,57.342,ON,Variable clouds; Hybrid loop operating; Ceff=1.57x
711,13:55:00,36.900,70.960,68.940,50.940,49.520,32.520,1.543,15.924,17.098,0.853,1.378,828.100,1301.200,1.571,13.591,23.557,0.933,1.506,19.567,20.854,0.744,0.750,13.583,23.561,0.189,8.679,9.581,0.018,4155.000,117.324,47.707,8.679,57.288,ON,Variable clouds; Hybrid loop operating; Ceff=1.57x
712,13:55:30,36.900,70.940,68.920,50.920,49.500,32.520,1.538,15.926,17.100,0.851,1.374,826.100,1297.500,1.571,13.558,23.492,0.930,1.501,19.568,20.855,0.745,0.750,13.553,23.495,0.189,8.680,9.581,0.018,4155.000,116.944,47.688,8.680,57.269,ON,Variable clouds; Hybrid loop operating; Ceff=1.57x
713,13:56:00,36.910,70.900,68.880,50.890,49.480,32.520,1.533,15.928,17.101,0.849,1.370,824.200,1294.100,1.570,13.530,23.433,0.928,1.498,19.571,20.857,0.745,0.750,13.523,23.428,0.189,8.681,9.579,0.018,4155.000,116.564,47.658,8.681,57.237,ON,Variable clouds; Hybrid loop operating; Ceff=1.57x
714,13:56:30,36.910,70.840,68.840,50.850,49.450,32.520,1.529,15.931,17.103,0.848,1.367,822.800,1291.400,1.570,13.510,23.388,0.927,1.494,19.574,20.859,0.745,0.750,13.509,23.380,0.189,8.687,9.579,0.018,4155.000,116.260,47.633,8.687,57.212,ON,Variable clouds; Hybrid loop operating; Ceff=1.57x
715,13:57:00,36.910,70.780,68.780,50.810,49.410,32.520,1.526,15.935,17.106,0.847,1.366,821.900,1289.500,1.569,13.499,23.358,0.926,1.492,19.578,20.862,0.745,0.750,13.497,23.367,0.189,8.689,9.588,0.018,4155.000,116.032,47.609,8.689,57.197,ON,Variable clouds; Hybrid loop operating; Ceff=1.57x
716,13:57:30,36.920,70.710,68.730,50.760,49.380,32.520,1.524,15.938,17.108,0.847,1.365,821.600,1288.600,1.568,13.498,23.346,0.926,1.491,19.582,20.864,0.744,0.750,13.499,23.352,0.189,8.694,9.589,0.018,4155.000,115.880,47.580,8.694,57.169,ON,Variable clouds; Hybrid loop operating; Ceff=1.57x
717,13:58:00,36.920,70.650,68.680,50.730,49.350,32.520,1.524,15.941,17.110,0.847,1.365,821.800,1288.500,1.568,13.505,23.347,0.926,1.491,19.585,20.866,0.745,0.750,13.502,23.355,0.189,8.693,9.590,0.018,4155.000,115.880,47.584,8.693,57.174,ON,Variable clouds; Hybrid loop operating; Ceff=1.57x
718,13:58:30,36.920,70.610,68.640,50.700,49.320,32.520,1.525,15.944,17.111,0.848,1.365,822.300,1288.900,1.567,13.517,23.357,0.927,1.492,19.588,20.868,0.744,0.750,13.521,23.357,0.189,8.700,9.588,0.018,4155.000,115.956,47.600,8.700,57.188,ON,Variable clouds; Hybrid loop operating; Ceff=1.57x
719,13:59:00,36.930,70.570,68.610,50.670,49.300,32.520,1.526,15.946,17.113,0.848,1.366,823.000,1289.400,1.567,13.529,23.368,0.927,1.492,19.590,20.869,0.745,0.751,13.522,23.376,0.189,8.693,9.592,0.018,4155.000,116.032,47.613,8.693,57.206,ON,Variable clouds; Hybrid loop operating; Ceff=1.57x
720,13:59:30,36.930,70.550,68.600,50.660,49.290,32.520,1.526,15.947,17.113,0.849,1.366,823.400,1289.600,1.566,13.537,23.373,0.928,1.493,19.592,20.870,0.745,0.750,13.539,23.376,0.189,8.700,9.591,0.018,4155.000,116.032,47.606,8.700,57.197,ON,Variable clouds; Hybrid loop operating; Ceff=1.57x
721,14:00:00,36.930,70.550,68.590,50.660,49.290,32.520,1.525,15.947,17.113,0.849,1.365,823.400,1289.200,1.566,13.538,23.365,0.928,1.492,19.592,20.870,0.745,0.750,13.539,23.359,0.189,8.700,9.587,0.018,4155.000,115.956,47.589,8.700,57.176,ON,Variable clouds; Hybrid loop operating; Ceff=1.57x
722,14:00:30,36.930,70.570,68.610,50.670,49.300,32.520,1.523,15.946,17.113,0.848,1.364,822.900,1287.900,1.565,13.528,23.341,0.927,1.491,19.591,20.870,0.745,0.750,13.522,23.342,0.189,8.694,9.590,0.018,4155.000,115.804,47.575,8.694,57.164,ON,Variable clouds; Hybrid loop operating; Ceff=1.57x
723,14:01:00,36.920,70.600,68.630,50.690,49.310,32.510,1.520,15.945,17.112,0.847,1.361,821.700,1285.500,1.564,13.507,23.297,0.926,1.488,19.589,20.869,0.745,0.750,13.505,23.289,0.189,8.696,9.586,0.018,4155.000,115.575,47.570,8.696,57.156,ON,Variable clouds; Hybrid loop operating; Ceff=1.56x
724,14:01:30,36.910,70.640,68.660,50.710,49.320,32.510,1.515,15.942,17.111,0.845,1.358,820.000,1282.300,1.564,13.476,23.237,0.924,1.484,19.587,20.868,0.745,0.750,13.471,23.237,0.189,8.692,9.588,0.018,4155.000,115.195,47.532,8.692,57.120,ON,Variable clouds; Hybrid loop operating; Ceff=1.56x
725,14:02:00,36.910,70.680,68.690,50.730,49.330,32.510,1.509,15.940,17.110,0.843,1.354,817.800,1278.400,1.563,13.438,23.165,0.921,1.480,19.584,20.867,0.745,0.750,13.437,23.167,0.189,8.694,9.588,0.018,4155.000,114.739,47.488,8.694,57.076,ON,Variable clouds; Hybrid loop operating; Ceff=1.56x
726,14:02:30,36.900,70.730,68.720,50.750,49.340,32.510,1.502,15.938,17.109,0.841,1.349,815.400,1274.200,1.563,13.397,23.087,0.919,1.475,19.582,20.866,0.744,0.750,13.404,23.080,0.189,8.698,9.584,0.018,4155.000,114.207,47.423,8.698,57.007,ON,Variable clouds; Hybrid loop operating; Ceff=1.56x
727,14:03:00,36.890,70.760,68.740,50.760,49.350,32.510,1.496,15.936,17.109,0.838,1.345,813.100,1270.100,1.562,13.357,23.011,0.916,1.470,19.580,20.865,0.745,0.750,13.354,23.012,0.189,8.690,9.586,0.018,4155.000,113.751,47.386,8.690,56.973,ON,Variable clouds; Hybrid loop operating; Ceff=1.56x
728,14:03:30,36.890,70.790,68.760,50.770,49.350,32.500,1.491,15.935,17.108,0.836,1.341,811.100,1266.500,1.561,13.323,22.946,0.914,1.466,19.578,20.865,0.745,0.750,13.322,22.942,0.189,8.690,9.584,0.018,4155.000,113.370,47.362,8.690,56.947,ON,Variable clouds; Hybrid loop operating; Ceff=1.56x
729,14:04:00,36.880,70.800,68.770,50.770,49.350,32.500,1.487,15.935,17.108,0.835,1.338,809.700,1263.700,1.561,13.299,22.895,0.912,1.463,19.578,20.865,0.745,0.750,13.306,22.891,0.189,8.695,9.584,0.018,4155.000,113.066,47.340,8.695,56.924,ON,Variable clouds; Hybrid loop operating; Ceff=1.56x
730,14:04:30,36.870,70.800,68.760,50.760,49.330,32.500,1.484,15.935,17.109,0.834,1.336,808.800,1261.800,1.560,13.285,22.863,0.911,1.460,19.578,20.866,0.745,0.750,13.290,22.858,0.189,8.694,9.585,0.018,4155.000,112.838,47.316,8.694,56.900,ON,Variable clouds; Hybrid loop operating; Ceff=1.56x
731,14:05:00,36.860,70.780,68.740,50.750,49.320,32.500,1.482,15.936,17.110,0.833,1.335,808.500,1260.900,1.559,13.282,22.847,0.911,1.459,19.580,20.867,0.745,0.750,13.275,22.842,0.189,8.687,9.585,0.018,4155.000,112.686,47.285,8.687,56.870,ON,Variable clouds; Hybrid loop operating; Ceff=1.56x
732,14:05:30,36.850,70.740,68.700,50.720,49.290,32.490,1.482,15.938,17.112,0.834,1.335,808.700,1260.700,1.559,13.287,22.846,0.911,1.459,19.582,20.868,0.745,0.750,13.292,22.845,0.189,8.697,9.588,0.018,4155.000,112.686,47.293,8.697,56.881,ON,Variable clouds; Hybrid loop operating; Ceff=1.56x
733,14:06:00,36.840,70.690,68.660,50.680,49.260,32.490,1.482,15.941,17.114,0.834,1.335,809.200,1260.900,1.558,13.297,22.853,0.912,1.459,19.585,20.871,0.744,0.750,13.295,22.847,0.189,8.693,9.587,0.018,4155.000,112.686,47.285,8.693,56.873,ON,Variable clouds; Hybrid loop operating; Ceff=1.56x
734,14:06:30,36.830,70.630,68.610,50.640,49.220,32.480,1.483,15.944,17.116,0.835,1.336,809.700,1261.100,1.558,13.308,22.860,0.912,1.460,19.589,20.873,0.745,0.750,13.313,22.867,0.189,8.700,9.594,0.018,4155.000,112.762,47.310,8.700,56.904,ON,Variable clouds; Hybrid loop operating; Ceff=1.56x
735,14:07:00,36.820,70.560,68.550,50.600,49.190,32.480,1.482,15.948,17.118,0.835,1.335,809.900,1260.900,1.557,13.316,22.860,0.913,1.459,19.593,20.876,0.744,0.751,13.317,22.853,0.189,8.700,9.589,0.018,4155.000,112.686,47.285,8.700,56.875,ON,Variable clouds; Hybrid loop operating; Ceff=1.56x
736,14:07:30,36.810,70.490,68.490,50.550,49.150,32.480,1.481,15.952,17.121,0.835,1.334,809.600,1259.900,1.556,13.316,22.848,0.912,1.458,19.597,20.879,0.745,0.751,13.320,22.839,0.189,8.705,9.592,0.018,4155.000,112.610,47.291,8.705,56.883,ON,Variable clouds; Hybrid loop operating; Ceff=1.56x
737,14:08:00,36.800,70.420,68.430,50.500,49.100,32.470,1.478,15.956,17.124,0.834,1.333,808.700,1258.100,1.556,13.306,22.818,0.911,1.456,19.601,20.882,0.745,0.750,13.307,22.826,0.189,8.706,9.600,0.018,4155.000,112.382,47.263,8.706,56.863,ON,Variable clouds; Hybrid loop operating; Ceff=1.56x
738,14:08:30,36.780,70.360,68.370,50.460,49.070,32.470,1.474,15.960,17.126,0.832,1.330,807.300,1255.300,1.555,13.285,22.772,0.910,1.453,19.605,20.884,0.745,0.750,13.279,22.778,0.189,8.703,9.601,0.018,4155.000,112.078,47.240,8.703,56.841,ON,Variable clouds; Hybrid loop operating; Ceff=1.55x
739,14:09:00,36.770,70.300,68.320,50.410,49.030,32.460,1.468,15.963,17.129,0.830,1.326,805.300,1251.700,1.554,13.256,22.710,0.908,1.449,19.609,20.887,0.745,0.750,13.249,22.713,0.189,8.705,9.601,0.018,4155.000,111.622,47.183,8.705,56.784,ON,Variable clouds; Hybrid loop operating; Ceff=1.55x
740,14:09:30,36.760,70.250,68.270,50.380,49.000,32.450,1.462,15.965,17.131,0.828,1.322,803.000,1247.500,1.554,13.221,22.639,0.905,1.444,19.612,20.889,0.745,0.751,13.219,22.647,0.189,8.710,9.605,0.018,4155.000,111.165,47.148,8.710,56.754,ON,Variable clouds; Hybrid loop operating; Ceff=1.55x
741,14:10:00,36.740,70.220,68.240,50.350,48.970,32.450,1.456,15.967,17.132,0.826,1.317,800.600,1243.300,1.553,13.184,22.565,0.902,1.439,19.614,20.891,0.745,0.751,13.189,22.563,0.189,8.716,9.602,0.018,4155.000,110.709,47.114,8.716,56.715,ON,Variable clouds; Hybrid loop operating; Ceff=1.55x
742,14:10:30,36.730,70.200,68.220,50.330,48.940,32.440,1.450,15.969,17.134,0.823,1.313,798.400,1239.400,1.552,13.149,22.495,0.900,1.435,19.615,20.892,0.745,0.750,13.142,22.497,0.189,8.710,9.604,0.018,4155.000,110.253,47.067,8.710,56.671,ON,Variable clouds; Hybrid loop operating; Ceff=1.55x
743,14:11:00,36.710,70.190,68.210,50.320,48.930,32.430,1.445,15.969,17.134,0.822,1.309,796.700,1236.100,1.552,13.120,22.437,0.898,1.431,19.616,20.893,0.745,0.750,13.127,22.428,0.189,8.718,9.600,0.018,4155.000,109.873,47.030,8.718,56.630,ON,Variable clouds; Hybrid loop operating; Ceff=1.55x
744,14:11:30,36.700,70.200,68.210,50.310,48.920,32.430,1.442,15.969,17.135,0.820,1.307,795.400,1233.600,1.551,13.101,22.394,0.897,1.428,19.616,20.894,0.745,0.751,13.095,22.395,0.189,8.711,9.606,0.018,4155.000,109.645,47.027,8.711,56.633,ON,Variable clouds; Hybrid loop operating; Ceff=1.55x
745,14:12:00,36.680,70.220,68.210,50.310,48.910,32.420,1.439,15.968,17.135,0.820,1.305,794.900,1232.200,1.550,13.090,22.368,0.896,1.427,19.615,20.894,0.745,0.750,13.094,22.361,0.189,8.715,9.602,0.018,4155.000,109.417,46.983,8.715,56.585,ON,Variable clouds; Hybrid loop operating; Ceff=1.55x
746,14:12:30,36.660,70.240,68.220,50.320,48.900,32.410,1.439,15.968,17.135,0.820,1.305,794.900,1231.600,1.550,13.089,22.358,0.896,1.426,19.614,20.894,0.745,0.750,13.094,22.361,0.189,8.715,9.606,0.018,4155.000,109.417,47.006,8.715,56.612,ON,Variable clouds; Hybrid loop operating; Ceff=1.55x
747,14:13:00,36.640,70.260,68.230,50.320,48.900,32.410,1.439,15.967,17.135,0.820,1.305,795.300,1231.700,1.549,13.095,22.359,0.896,1.426,19.613,20.894,0.745,0.750,13.093,22.361,0.189,8.711,9.606,0.018,4155.000,109.417,47.002,8.711,56.608,ON,Variable clouds; Hybrid loop operating; Ceff=1.55x
748,14:13:30,36.630,70.270,68.230,50.320,48.890,32.400,1.439,15.966,17.135,0.821,1.305,795.800,1232.000,1.548,13.103,22.365,0.897,1.426,19.612,20.894,0.745,0.751,13.108,22.361,0.189,8.715,9.603,0.018,4155.000,109.417,46.991,8.715,56.594,ON,Variable clouds; Hybrid loop operating; Ceff=1.55x
749,14:14:00,36.610,70.280,68.230,50.320,48.880,32.390,1.439,15.966,17.136,0.821,1.305,796.300,1232.200,1.547,13.111,22.368,0.897,1.427,19.612,20.895,0.745,0.750,13.108,22.362,0.189,8.710,9.602,0.018,4155.000,109.417,46.983,8.710,56.585,ON,Variable clouds; Hybrid loop operating; Ceff=1.55x
750,14:14:30,36.590,70.270,68.220,50.310,48.870,32.380,1.439,15.966,17.136,0.821,1.305,796.400,1231.800,1.547,13.114,22.363,0.898,1.426,19.613,20.896,0.745,0.750,13.108,22.362,0.189,8.709,9.605,0.018,4155.000,109.417,46.998,8.709,56.604,ON,Variable clouds; Hybrid loop operating; Ceff=1.55x
751,14:15:00,36.570,70.250,68.190,50.280,48.850,32.370,1.437,15.968,17.138,0.821,1.304,796.000,1230.700,1.546,13.109,22.344,0.897,1.425,19.615,20.897,0.745,0.750,13.110,22.348,0.189,8.714,9.608,0.018,4155.000,109.264,46.975,8.714,56.583,ON,Variable clouds; Hybrid loop operating; Ceff=1.55x
752,14:15:30,36.550,70.200,68.150,50.250,48.810,32.360,1.434,15.970,17.140,0.820,1.302,795.000,1228.500,1.545,13.095,22.309,0.896,1.422,19.617,20.899,0.745,0.751,13.095,22.316,0.189,8.715,9.611,0.018,4155.000,109.036,46.961,8.715,56.572,ON,Variable clouds; Hybrid loop operating; Ceff=1.55x
753,14:16:00,36.530,70.140,68.100,50.200,48.770,32.350,1.429,15.974,17.143,0.818,1.298,793.400,1225.500,1.545,13.072,22.258,0.894,1.419,19.621,20.902,0.745,0.750,13.067,22.252,0.189,8.714,9.607,0.018,4155.000,108.656,46.911,8.714,56.518,ON,Variable clouds; Hybrid loop operating; Ceff=1.54x
754,14:16:30,36.500,70.060,68.030,50.150,48.720,32.340,1.424,15.978,17.146,0.816,1.295,791.400,1221.800,1.544,13.043,22.196,0.892,1.415,19.626,20.906,0.745,0.750,13.038,22.204,0.189,8.717,9.615,0.018,4155.000,108.276,46.889,8.717,56.504,ON,Variable clouds; Hybrid loop operating; Ceff=1.54x
755,14:17:00,36.480,69.970,67.950,50.080,48.660,32.340,1.418,15.984,17.149,0.814,1.290,789.100,1217.700,1.543,13.011,22.128,0.890,1.410,19.632,20.910,0.745,0.751,13.011,22.122,0.189,8.724,9.612,0.018,4155.000,107.820,46.849,8.724,56.461,ON,Variable clouds; Hybrid loop operating; Ceff=1.54x
756,14:17:30,36.460,69.870,67.860,50.010,48.600,32.330,1.412,15.989,17.153,0.812,1.286,786.800,1213.700,1.542,12.979,22.061,0.887,1.406,19.638,20.914,0.745,0.750,12.983,22.059,0.189,8.731,9.616,0.018,4155.000,107.364,46.804,8.731,56.420,ON,Variable clouds; Hybrid loop operating; Ceff=1.54x
757,14:18:00,36.430,69.770,67.770,49.940,48.530,32.320,1.407,15.995,17.158,0.810,1.282,784.900,1210.100,1.542,12.953,22.002,0.885,1.401,19.644,20.919,0.745,0.751,12.956,21.997,0.189,8.734,9.618,0.018,4155.000,106.983,46.777,8.734,56.395,ON,Variable clouds; Hybrid loop operating; Ceff=1.54x
758,14:18:30,36.410,69.670,67.680,49.870,48.470,32.310,1.402,16.000,17.162,0.808,1.279,783.400,1207.200,1.541,12.934,21.956,0.883,1.398,19.650,20.923,0.745,0.751,12.928,21.950,0.189,8.731,9.620,0.018,4155.000,106.603,46.723,8.731,56.343,ON,Variable clouds; Hybrid loop operating; Ceff=1.54x
759,14:19:00,36.390,69.580,67.600,49.800,48.410,32.300,1.399,16.005,17.165,0.807,1.277,782.500,1205.300,1.540,12.924,21.926,0.882,1.396,19.656,20.927,0.745,0.751,12.916,21.920,0.189,8.733,9.622,0.018,4155.000,106.375,46.696,8.733,56.319,ON,Variable clouds; Hybrid loop operating; Ceff=1.54x
760,14:19:30,36.360,69.510,67.530,49.750,48.360,32.290,1.398,16.010,17.168,0.807,1.276,782.200,1204.200,1.540,12.923,21.913,0.882,1.395,19.660,20.931,0.745,0.750,12.920,21.906,0.189,8.739,9.625,0.018,4155.000,106.299,46.706,8.739,56.331,ON,Variable clouds; Hybrid loop operating; Ceff=1.54x
761,14:20:00,36.340,69.450,67.480,49.700,48.320,32.280,1.398,16.013,17.171,0.807,1.276,782.400,1204.000,1.539,12.930,21.913,0.883,1.395,19.664,20.933,0.745,0.750,12.922,21.910,0.189,8.739,9.628,0.018,4155.000,106.299,46.713,8.739,56.342,ON,Variable clouds; Hybrid loop operating; Ceff=1.54x
762,14:20:30,36.310,69.420,67.440,49.670,48.290,32.260,1.398,16.015,17.173,0.808,1.276,782.900,1204.200,1.538,12.941,21.920,0.883,1.395,19.666,20.935,0.745,0.751,12.940,21.913,0.189,8.745,9.628,0.018,4155.000,106.299,46.706,8.745,56.334,ON,Variable clouds; Hybrid loop operating; Ceff=1.54x
763,14:21:00,36.290,69.400,67.420,49.650,48.260,32.250,1.398,16.016,17.174,0.809,1.277,783.500,1204.600,1.537,12.952,21.928,0.884,1.395,19.668,20.937,0.745,0.751,12.957,21.931,0.189,8.750,9.633,0.018,4155.000,106.299,46.690,8.750,56.323,ON,Variable clouds; Hybrid loop operating; Ceff=1.54x
764,14:21:30,36.260,69.400,67.410,49.630,48.240,32.240,1.398,16.017,17.175,0.809,1.277,783.900,1204.600,1.537,12.959,21.930,0.884,1.395,19.668,20.938,0.745,0.751,12.958,21.932,0.189,8.746,9.633,0.018,4155.000,106.299,46.690,8.746,56.324,ON,Variable clouds; Hybrid loop operating; Ceff=1.54x
765,14:22:00,36.230,69.400,67.410,49.630,48.230,32.230,1.397,16.017,17.176,0.809,1.276,783.800,1203.900,1.536,12.958,21.918,0.884,1.395,19.668,20.939,0.745,0.750,12.958,21.917,0.189,8.747,9.632,0.018,4155.000,106.223,46.684,8.747,56.316,ON,Variable clouds; Hybrid loop operating; Ceff=1.54x
766,14:22:30,36.210,69.420,67.410,49.620,48.220,32.220,1.395,16.016,17.176,0.808,1.274,783.200,1202.300,1.535,12.947,21.891,0.883,1.393,19.667,20.939,0.746,0.751,12.941,21.882,0.189,8.742,9.630,0.018,4155.000,106.071,46.679,8.742,56.309,ON,Variable clouds; Hybrid loop operating; Ceff=1.54x
767,14:23:00,36.180,69.430,67.410,49.620,48.210,32.210,1.391,16.016,17.177,0.807,1.272,781.900,1199.800,1.534,12.925,21.846,0.882,1.390,19.667,20.940,0.745,0.751,12.925,21.849,0.189,8.746,9.635,0.018,4155.000,105.767,46.642,8.746,56.277,ON,Variable clouds; Hybrid loop operating; Ceff=1.53x
768,14:23:30,36.150,69.430,67.400,49.610,48.190,32.200,1.386,16.016,17.177,0.805,1.268,780.100,1196.400,1.534,12.895,21.785,0.880,1.386,19.667,20.941,0.745,0.751,12.893,21.780,0.189,8.745,9.632,0.018,4155.000,105.387,46.607,8.745,56.239,ON,Variable clouds; Hybrid loop operating; Ceff=1.53x
769,14:24:00,36.130,69.420,67.390,49.590,48.170,32.190,1.381,16.017,17.179,0.803,1.264,777.900,1192.500,1.533,12.859,21.715,0.877,1.381,19.668,20.942,0.745,0.751,12.862,21.714,0.189,8.748,9.634,0.018,4155.000,105.006,46.590,8.748,56.225,ON,Variable clouds; Hybrid loop operating; Ceff=1.53x
770,14:24:30,36.100,69.390,67.360,49.560,48.130,32.180,1.374,16.018,17.181,0.800,1.260,775.500,1188.200,1.532,12.822,21.641,0.875,1.377,19.670,20.944,0.745,0.750,12.814,21.648,0.189,8.743,9.640,0.018,4155.000,104.474,46.522,8.743,56.162,ON,Variable clouds; Hybrid loop operating; Ceff=1.53x
771,14:25:00,36.070,69.350,67.310,49.520,48.090,32.170,1.368,16.021,17.183,0.798,1.255,773.200,1184.200,1.531,12.787,21.571,0.872,1.372,19.673,20.947,0.745,0.751,12.785,21.565,0.189,8.749,9.635,0.018,4155.000,104.018,46.475,8.749,56.110,ON,Variable clouds; Hybrid loop operating; Ceff=1.53x
772,14:25:30,36.040,69.280,67.250,49.470,48.040,32.160,1.363,16.025,17.186,0.796,1.252,771.300,1180.700,1.531,12.760,21.512,0.870,1.368,19.677,20.950,0.745,0.751,12.756,21.517,0.189,8.750,9.642,0.018,4155.000,103.638,46.443,8.750,56.085,ON,Variable clouds; Hybrid loop operating; Ceff=1.53x
773,14:26:00,36.020,69.200,67.170,49.400,47.980,32.140,1.359,16.030,17.190,0.795,1.249,769.900,1178.000,1.530,12.741,21.468,0.869,1.365,19.682,20.954,0.745,0.751,12.744,21.470,0.189,8.758,9.643,0.018,4155.000,103.334,46.412,8.758,56.056,ON,Variable clouds; Hybrid loop operating; Ceff=1.53x
774,14:26:30,35.990,69.100,67.080,49.330,47.920,32.130,1.357,16.035,17.194,0.794,1.247,769.200,1176.200,1.529,12.734,21.442,0.868,1.363,19.688,20.958,0.745,0.751,12.732,21.441,0.189,8.758,9.645,0.018,4155.000,103.182,46.415,8.758,56.060,ON,Variable clouds; Hybrid loop operating; Ceff=1.53x
775,14:27:00,35.960,69.000,66.990,49.260,47.850,32.120,1.355,16.041,17.198,0.794,1.246,768.900,1175.300,1.528,12.736,21.432,0.868,1.362,19.695,20.963,0.745,0.751,12.737,21.429,0.189,8.764,9.647,0.018,4155.000,103.029,46.382,8.764,56.029,ON,Variable clouds; Hybrid loop operating; Ceff=1.53x
776,14:27:30,35.930,68.890,66.890,49.180,47.780,32.110,1.355,16.047,17.203,0.794,1.246,769.100,1175.000,1.528,12.746,21.434,0.868,1.362,19.702,20.968,0.745,0.751,12.741,21.435,0.189,8.765,9.652,0.018,4155.000,103.029,46.394,8.765,56.046,ON,Variable clouds; Hybrid loop operating; Ceff=1.53x
777,14:28:00,35.910,68.780,66.790,49.100,47.710,32.100,1.355,16.053,17.207,0.795,1.246,769.500,1175.000,1.527,12.759,21.441,0.869,1.362,19.708,20.973,0.745,0.751,12.762,21.440,0.189,8.775,9.654,0.018,4155.000,103.029,46.394,8.775,56.048,ON,Variable clouds; Hybrid loop operating; Ceff=1.53x
778,14:28:30,35.880,68.680,66.700,49.030,47.650,32.090,1.355,16.059,17.211,0.795,1.246,769.900,1174.900,1.526,12.770,21.446,0.869,1.362,19.715,20.977,0.745,0.751,12.767,21.445,0.189,8.774,9.657,0.018,4155.000,103.029,46.398,8.774,56.055,ON,Variable clouds; Hybrid loop operating; Ceff=1.53x
779,14:29:00,35.850,68.580,66.620,48.960,47.590,32.080,1.354,16.064,17.215,0.795,1.246,769.900,1174.400,1.525,12.776,21.441,0.869,1.361,19.720,20.981,0.746,0.751,12.771,21.450,0.189,8.777,9.664,0.018,4155.000,102.953,46.383,8.777,56.047,ON,Variable clouds; Hybrid loop operating; Ceff=1.53x
780,14:29:30,35.820,68.510,66.550,48.900,47.540,32.070,1.352,16.069,17.218,0.795,1.244,769.400,1173.000,1.525,12.772,21.421,0.869,1.360,19.725,20.985,0.745,0.751,12.775,21.419,0.189,8.785,9.661,0.018,4155.000,102.801,46.370,8.785,56.032,ON,Variable clouds; Hybrid loop operating; Ceff=1.52x
781,14:30:00,35.800,68.440,66.490,48.860,47.490,32.060,1.349,16.072,17.221,0.794,1.242,768.300,1170.700,1.524,12.757,21.384,0.867,1.357,19.729,20.988,0.746,0.751,12.761,21.388,0.189,8.788,9.667,0.018,4155.000,102.573,46.358,8.788,56.025,ON,Variable clouds; Hybrid loop operating; Ceff=1.52x
782,14:30:30,35.770,68.400,66.440,48.810,47.450,32.050,1.344,16.075,17.223,0.792,1.238,766.500,1167.500,1.523,12.731,21.328,0.866,1.353,19.732,20.991,0.745,0.751,12.731,21.322,0.189,8.788,9.663,0.018,4155.000,102.193,46.313,8.788,55.976,ON,Variable clouds; Hybrid loop operating; Ceff=1.52x
783,14:31:00,35.740,68.360,66.400,48.780,47.410,32.040,1.338,16.077,17.225,0.790,1.234,764.300,1163.400,1.522,12.695,21.257,0.863,1.349,19.734,20.993,0.745,0.751,12.701,21.256,0.189,8.792,9.667,0.018,4155.000,101.737,46.269,8.792,55.936,ON,Variable clouds; Hybrid loop operating; Ceff=1.52x
784,14:31:30,35.720,68.340,66.380,48.760,47.380,32.030,1.331,16.079,17.227,0.787,1.229,761.700,1158.900,1.521,12.654,21.176,0.860,1.343,19.736,20.995,0.746,0.751,12.654,21.172,0.189,8.790,9.666,0.018,4155.000,101.205,46.205,8.790,55.872,ON,Variable clouds; Hybrid loop operating; Ceff=1.52x
785,14:32:00,35.690,68.330,66.360,48.740,47.360,32.020,1.325,16.080,17.228,0.784,1.224,759.100,1154.200,1.521,12.611,21.094,0.857,1.338,19.737,20.996,0.746,0.751,12.607,21.087,0.189,8.787,9.667,0.018,4155.000,100.748,46.184,8.787,55.851,ON,Variable clouds; Hybrid loop operating; Ceff=1.52x
786,14:32:30,35.670,68.320,66.340,48.720,47.330,32.010,1.318,16.081,17.230,0.782,1.220,756.600,1149.900,1.520,12.571,21.017,0.854,1.333,19.738,20.998,0.746,0.751,12.575,21.021,0.189,8.794,9.672,0.018,4155.000,100.216,46.112,8.794,55.784,ON,Variable clouds; Hybrid loop operating; Ceff=1.52x
787,14:33:00,35.640,68.310,66.320,48.700,47.300,32.000,1.313,16.081,17.231,0.780,1.216,754.600,1146.200,1.519,12.538,20.951,0.852,1.329,19.739,20.999,0.746,0.751,12.543,20.953,0.189,8.795,9.672,0.018,4155.000,99.836,46.086,8.795,55.758,ON,Variable clouds; Hybrid loop operating; Ceff=1.52x
788,14:33:30,35.620,68.300,66.300,48.680,47.280,31.990,1.309,16.082,17.232,0.778,1.213,753.100,1143.400,1.518,12.514,20.901,0.850,1.326,19.740,21.001,0.746,0.751,12.512,20.902,0.189,8.790,9.672,0.018,4155.000,99.532,46.058,8.790,55.730,ON,Variable clouds; Hybrid loop operating; Ceff=1.52x
789,14:34:00,35.590,68.280,66.270,48.660,47.250,31.980,1.306,16.084,17.234,0.777,1.211,752.200,1141.400,1.517,12.501,20.868,0.849,1.323,19.741,21.002,0.746,0.751,12.497,20.870,0.189,8.791,9.675,0.018,4155.000,99.304,46.033,8.791,55.707,ON,Variable clouds; Hybrid loop operating; Ceff=1.52x
790,14:34:30,35.570,68.250,66.230,48.630,47.220,31.970,1.304,16.086,17.236,0.777,1.210,751.800,1140.200,1.517,12.497,20.849,0.849,1.322,19.744,21.004,0.746,0.751,12.499,20.856,0.189,8.796,9.678,0.018,4155.000,99.152,46.010,8.796,55.688,ON,Variable clouds; Hybrid loop operating; Ceff=1.52x
791,14:35:00,35.550,68.210,66.190,48.590,47.180,31.970,1.304,16.088,17.238,0.777,1.209,751.800,1139.600,1.516,12.499,20.840,0.849,1.321,19.747,21.007,0.746,0.751,12.500,20.841,0.189,8.797,9.676,0.018,4155.000,99.152,46.035,8.797,55.711,ON,Variable clouds; Hybrid loop operating; Ceff=1.52x
792,14:35:30,35.520,68.150,66.130,48.550,47.130,31.960,1.303,16.092,17.241,0.777,1.208,751.900,1139.000,1.515,12.503,20.834,0.849,1.321,19.750,21.010,0.746,0.751,12.503,20.827,0.189,8.799,9.675,0.018,4155.000,99.076,46.024,8.799,55.698,ON,Variable clouds; Hybrid loop operating; Ceff=1.51x
793,14:36:00,35.500,68.080,66.060,48.500,47.080,31.950,1.302,16.096,17.244,0.777,1.208,751.800,1138.200,1.514,12.506,20.824,0.849,1.320,19.755,21.013,0.746,0.751,12.507,20.831,0.189,8.802,9.683,0.018,4155.000,99.000,46.021,8.802,55.704,ON,Variable clouds; Hybrid loop operating; Ceff=1.51x
794,14:36:30,35.480,67.990,65.980,48.440,47.030,31.940,1.300,16.101,17.247,0.776,1.206,751.200,1136.800,1.513,12.502,20.803,0.849,1.318,19.760,21.017,0.745,0.751,12.494,20.800,0.189,8.800,9.681,0.018,4155.000,98.847,46.007,8.800,55.687,ON,Variable clouds; Hybrid loop operating; Ceff=1.51x
795,14:37:00,35.460,67.900,65.900,48.370,46.970,31.930,1.296,16.106,17.251,0.775,1.204,750.200,1134.500,1.512,12.489,20.767,0.847,1.316,19.766,21.021,0.746,0.751,12.482,20.770,0.189,8.803,9.687,0.018,4155.000,98.543,45.958,8.803,55.645,ON,Variable clouds; Hybrid loop operating; Ceff=1.51x
796,14:37:30,35.440,67.790,65.800,48.300,46.900,31.930,1.292,16.112,17.255,0.774,1.200,748.400,1131.200,1.512,12.466,20.713,0.846,1.312,19.773,21.025,0.745,0.751,12.471,20.706,0.189,8.816,9.685,0.018,4155.000,98.239,45.950,8.816,55.635,ON,Variable clouds; Hybrid loop operating; Ceff=1.51x
797,14:38:00,35.420,67.680,65.700,48.220,46.840,31.920,1.285,16.119,17.259,0.771,1.196,746.100,1127.100,1.511,12.433,20.643,0.843,1.307,19.780,21.030,0.746,0.751,12.428,20.642,0.189,8.813,9.690,0.018,4155.000,97.707,45.867,8.813,55.557,ON,Variable clouds; Hybrid loop operating; Ceff=1.51x
798,14:38:30,35.400,67.570,65.600,48.150,46.770,31.910,1.279,16.125,17.263,0.769,1.191,743.300,1122.200,1.510,12.392,20.560,0.840,1.302,19.787,21.035,0.746,0.751,12.400,20.560,0.189,8.827,9.694,0.018,4155.000,97.251,45.852,8.827,55.546,ON,Variable clouds; Hybrid loop operating; Ceff=1.51x
799,14:39:00,35.380,67.470,65.510,48.070,46.700,31.910,1.271,16.131,17.267,0.765,1.185,740.300,1117.000,1.509,12.348,20.470,0.837,1.296,19.793,21.039,0.745,0.751,12.340,20.461,0.189,8.820,9.692,0.018,4155.000,96.642,45.778,8.820,55.470,ON,Variable clouds; Hybrid loop operating; Ceff=1.51x
800,14:39:30,35.360,67.370,65.420,48.010,46.640,31.900,1.264,16.136,17.271,0.762,1.180,737.300,1111.800,1.508,12.303,20.382,0.833,1.290,19.799,21.043,0.746,0.751,12.296,20.380,0.189,8.824,9.699,0.018,4155.000,96.110,45.738,8.824,55.437,ON,Variable clouds; Hybrid loop operating; Ceff=1.51x
801,14:40:00,35.340,67.290,65.340,47.950,46.590,31.890,1.257,16.141,17.275,0.760,1.175,734.600,1107.100,1.507,12.263,20.300,0.830,1.284,19.804,21.047,0.746,0.751,12.267,20.298,0.189,8.836,9.701,0.018,4155.000,95.578,45.678,8.836,55.379,ON,Variable clouds; Hybrid loop operating; Ceff=1.51x
802,14:40:30,35.320,67.230,65.280,47.900,46.540,31.890,1.251,16.145,17.277,0.758,1.171,732.400,1103.100,1.506,12.230,20.231,0.828,1.280,19.808,21.050,0.746,0.751,12.238,20.231,0.189,8.841,9.704,0.018,4155.000,95.122,45.625,8.841,55.329,ON,Variable clouds; Hybrid loop operating; Ceff=1.51x
803,14:41:00,35.300,67.180,65.230,47.870,46.500,31.880,1.247,16.148,17.280,0.756,1.168,730.800,1100.000,1.505,12.205,20.177,0.826,1.276,19.812,21.053,0.746,0.751,12.208,20.183,0.189,8.839,9.708,0.018,4155.000,94.818,45.607,8.839,55.315,ON,Variable clouds; Hybrid loop operating; Ceff=1.51x
804,14:41:30,35.290,67.150,65.190,47.840,46.470,31.880,1.244,16.150,17.281,0.755,1.165,729.700,1097.700,1.504,12.190,20.138,0.825,1.274,19.814,21.054,0.746,0.751,12.193,20.132,0.189,8.841,9.704,0.018,4155.000,94.589,45.593,8.841,55.297,ON,Variable clouds; Hybrid loop operating; Ceff=1.5x
805,14:42:00,35.270,67.130,65.160,47.820,46.450,31.870,1.241,16.151,17.282,0.754,1.164,729.100,1096.100,1.503,12.181,20.110,0.824,1.272,19.815,21.056,0.746,0.751,12.178,20.116,0.189,8.837,9.710,0.018,4155.000,94.361,45.549,8.837,55.260,ON,Variable clouds; Hybrid loop operating; Ceff=1.5x
806,14:42:30,35.250,67.130,65.150,47.820,46.430,31.870,1.240,16.151,17.283,0.754,1.162,728.800,1094.900,1.502,12.176,20.089,0.824,1.270,19.816,21.056,0.746,0.751,12.178,20.083,0.189,8.841,9.705,0.018,4155.000,94.285,45.562,8.841,55.267,ON,Variable clouds; Hybrid loop operating; Ceff=1.5x
807,14:43:00,35.240,67.130,65.140,47.810,46.420,31.860,1.238,16.152,17.284,0.753,1.161,728.400,1093.700,1.501,12.170,20.067,0.823,1.269,19.816,21.057,0.746,0.751,12.162,20.067,0.189,8.835,9.708,0.018,4155.000,94.133,45.539,8.835,55.247,ON,Variable clouds; Hybrid loop operating; Ceff=1.5x
808,14:43:30,35.220,67.130,65.120,47.810,46.400,31.860,1.235,16.152,17.284,0.753,1.159,727.800,1092.000,1.500,12.160,20.037,0.823,1.267,19.816,21.058,0.746,0.751,12.162,20.032,0.189,8.842,9.706,0.018,4155.000,93.905,45.499,8.842,55.205,ON,Variable clouds; Hybrid loop operating; Ceff=1.5x
809,14:44:00,35.210,67.120,65.110,47.800,46.390,31.850,1.232,16.153,17.285,0.752,1.157,726.700,1089.600,1.499,12.142,19.994,0.822,1.264,19.817,21.058,0.745,0.751,12.147,19.999,0.189,8.844,9.711,0.018,4155.000,93.677,45.489,8.844,55.200,ON,Variable clouds; Hybrid loop operating; Ceff=1.5x
810,14:44:30,35.190,67.100,65.080,47.780,46.370,31.850,1.227,16.154,17.286,0.750,1.153,724.900,1086.300,1.498,12.114,19.935,0.820,1.260,19.819,21.060,0.745,0.751,12.116,19.931,0.189,8.843,9.708,0.018,4155.000,93.297,45.442,8.843,55.149,ON,Variable clouds; Hybrid loop operating; Ceff=1.5x
811,14:45:00,35.180,67.070,65.040,47.760,46.340,31.840,1.221,16.156,17.288,0.747,1.149,722.600,1082.000,1.497,12.077,19.858,0.817,1.255,19.821,21.061,0.746,0.751,12.069,19.864,0.189,8.837,9.713,0.018,4155.000,92.841,45.399,8.837,55.113,ON,Variable clouds; Hybrid loop operating; Ceff=1.5x
812,14:45:30,35.170,67.020,64.990,47.720,46.300,31.840,1.214,16.160,17.290,0.744,1.143,719.600,1076.900,1.496,12.031,19.767,0.814,1.249,19.825,21.064,0.746,0.751,12.023,19.762,0.189,8.840,9.710,0.018,4155.000,92.308,45.353,8.840,55.062,ON,Variable clouds; Hybrid loop operating; Ceff=1.5x
813,14:46:00,35.150,66.940,64.920,47.670,46.250,31.830,1.206,16.164,17.293,0.741,1.137,716.300,1071.200,1.495,11.980,19.667,0.810,1.243,19.829,21.067,0.746,0.751,11.978,19.662,0.189,8.847,9.712,0.018,4155.000,91.700,45.294,8.847,55.005,ON,Variable clouds; Hybrid loop operating; Ceff=1.5x
814,14:46:30,35.140,66.850,64.830,47.610,46.200,31.830,1.198,16.169,17.296,0.738,1.131,712.900,1065.300,1.494,11.927,19.564,0.806,1.236,19.835,21.071,0.746,0.751,11.933,19.562,0.189,8.856,9.716,0.018,4155.000,91.092,45.242,8.856,54.958,ON,Variable clouds; Hybrid loop operating; Ceff=1.49x
815,14:47:00,35.130,66.740,64.730,47.540,46.130,31.830,1.190,16.175,17.300,0.734,1.125,709.600,1059.700,1.493,11.878,19.466,0.803,1.230,19.842,21.075,0.745,0.751,11.872,19.463,0.189,8.852,9.717,0.018,4155.000,90.483,45.178,8.852,54.895,ON,Variable clouds; Hybrid loop operating; Ceff=1.49x
816,14:47:30,35.110,66.630,64.620,47.470,46.060,31.820,1.183,16.182,17.305,0.731,1.120,706.700,1054.500,1.492,11.836,19.378,0.799,1.224,19.849,21.080,0.746,0.751,11.829,19.382,0.189,8.856,9.725,0.018,4155.000,89.951,45.133,8.856,54.858,ON,Variable clouds; Hybrid loop operating; Ceff=1.49x
817,14:48:00,35.100,66.500,64.510,47.390,45.990,31.820,1.177,16.189,17.309,0.729,1.115,704.300,1050.200,1.491,11.802,19.304,0.797,1.219,19.857,21.085,0.746,0.751,11.802,19.300,0.189,8.866,9.723,0.018,4155.000,89.495,45.088,8.866,54.812,ON,Variable clouds; Hybrid loop operating; Ceff=1.49x
818,14:48:30,35.090,66.380,64.400,47.310,45.920,31.820,1.172,16.196,17.313,0.727,1.112,702.600,1046.800,1.490,11.778,19.247,0.795,1.215,19.864,21.089,0.746,0.751,11.774,19.252,0.189,8.867,9.731,0.018,4155.000,89.115,45.043,8.867,54.774,ON,Variable clouds; Hybrid loop operating; Ceff=1.49x
819,14:49:00,35.080,66.270,64.300,47.240,45.860,31.810,1.168,16.202,17.317,0.726,1.109,701.300,1044.100,1.489,11.763,19.203,0.793,1.212,19.871,21.094,0.746,0.751,11.763,19.205,0.189,8.874,9.732,0.018,4155.000,88.811,45.005,8.874,54.737,ON,Variable clouds; Hybrid loop operating; Ceff=1.49x
820,14:49:30,35.070,66.170,64.200,47.180,45.800,31.810,1.165,16.208,17.321,0.725,1.107,700.400,1042.000,1.488,11.754,19.170,0.793,1.210,19.878,21.098,0.746,0.751,11.751,19.174,0.189,8.877,9.736,0.018,4155.000,88.583,44.980,8.877,54.716,ON,Variable clouds; Hybrid loop operating; Ceff=1.49x
821,14:50:00,35.060,66.090,64.130,47.130,45.760,31.810,1.163,16.213,17.324,0.725,1.105,699.700,1040.100,1.486,11.746,19.139,0.792,1.207,19.883,21.101,0.746,0.751,11.754,19.143,0.189,8.888,9.738,0.018,4155.000,88.430,44.985,8.888,54.723,ON,Variable clouds; Hybrid loop operating; Ceff=1.49x
822,14:50:30,35.050,66.030,64.060,47.090,45.720,31.800,1.160,16.216,17.326,0.724,1.103,698.900,1038.100,1.485,11.736,19.105,0.791,1.205,19.887,21.103,0.746,0.751,11.740,19.111,0.189,8.888,9.740,0.018,4155.000,88.202,44.955,8.888,54.695,ON,Variable clouds; Hybrid loop operating; Ceff=1.49x
823,14:51:00,35.040,65.990,64.020,47.070,45.690,31.800,1.156,16.219,17.328,0.723,1.100,697.700,1035.500,1.484,11.719,19.059,0.790,1.202,19.890,21.105,0.746,0.751,11.726,19.061,0.189,8.893,9.739,0.018,4155.000,87.898,44.913,8.893,54.652,ON,Variable clouds; Hybrid loop operating; Ceff=1.48x
824,14:51:30,35.020,65.960,63.980,47.050,45.660,31.800,1.151,16.221,17.329,0.721,1.096,696.000,1032.100,1.483,11.691,18.998,0.788,1.198,19.892,21.107,0.746,0.751,11.695,18.993,0.189,8.891,9.736,0.018,4155.000,87.518,44.866,8.891,54.602,ON,Variable clouds; Hybrid loop operating; Ceff=1.48x
825,14:52:00,35.010,65.940,63.950,47.040,45.650,31.800,1.145,16.222,17.330,0.718,1.092,693.600,1027.700,1.482,11.653,18.919,0.785,1.193,19.893,21.108,0.746,0.751,11.647,18.924,0.189,8.885,9.743,0.018,4155.000,87.062,44.823,8.885,54.566,ON,Variable clouds; Hybrid loop operating; Ceff=1.48x
826,14:52:30,35.000,65.930,63.930,47.030,45.630,31.790,1.138,16.223,17.330,0.715,1.086,690.600,1022.400,1.480,11.603,18.823,0.782,1.187,19.894,21.108,0.746,0.751,11.599,18.820,0.189,8.887,9.740,0.018,4155.000,86.530,44.780,8.887,54.519,ON,Variable clouds; Hybrid loop operating; Ceff=1.48x
827,14:53:00,34.990,65.920,63.910,47.020,45.610,31.790,1.130,16.224,17.331,0.712,1.080,687.200,1016.400,1.479,11.546,18.713,0.778,1.180,19.895,21.109,0.746,0.751,11.551,18.717,0.189,8.894,9.744,0.018,4155.000,85.921,44.727,8.894,54.471,ON,Variable clouds; Hybrid loop operating; Ceff=1.48x
828,14:53:30,34.980,65.910,63.890,47.010,45.600,31.790,1.121,16.225,17.332,0.708,1.073,683.400,1010.000,1.478,11.484,18.596,0.774,1.173,19.897,21.110,0.746,0.751,11.487,18.597,0.189,8.894,9.742,0.018,4155.000,85.237,44.652,8.894,54.395,ON,Variable clouds; Hybrid loop operating; Ceff=1.48x
829,14:54:00,34.970,65.890,63.860,47.000,45.570,31.780,1.112,16.227,17.333,0.704,1.066,679.600,1003.500,1.477,11.422,18.478,0.769,1.165,19.898,21.111,0.746,0.751,11.424,18.477,0.189,8.894,9.742,0.018,4155.000,84.553,44.581,8.894,54.323,ON,Variable clouds; Hybrid loop operating; Ceff=1.48x
830,14:54:30,34.960,65.850,63.810,46.970,45.540,31.780,1.104,16.229,17.335,0.700,1.060,676.100,997.400,1.475,11.364,18.368,0.765,1.158,19.901,21.113,0.746,0.751,11.360,18.375,0.189,8.890,9.748,0.018,4155.000,83.944,44.531,8.890,54.278,ON,Variable clouds; Hybrid loop operating; Ceff=1.48x
831,14:55:00,34.950,65.800,63.760,46.940,45.500,31.780,1.096,16.232,17.337,0.697,1.054,673.000,992.000,1.474,11.315,18.271,0.762,1.152,19.904,21.115,0.746,0.751,11.314,18.273,0.189,8.895,9.746,0.018,4155.000,83.336,44.449,8.895,54.195,ON,Variable clouds; Hybrid loop operating; Ceff=1.47x
832,14:55:30,34.940,65.730,63.690,46.900,45.460,31.780,1.090,16.236,17.340,0.695,1.049,670.500,987.400,1.473,11.277,18.190,0.759,1.146,19.909,21.118,0.746,0.752,11.284,18.190,0.189,8.904,9.747,0.018,4155.000,82.880,44.411,8.904,54.158,ON,Variable clouds; Hybrid loop operating; Ceff=1.47x
833,14:56:00,34.920,65.650,63.600,46.840,45.410,31.770,1.085,16.241,17.343,0.693,1.045,668.600,983.700,1.471,11.249,18.125,0.757,1.142,19.914,21.122,0.746,0.751,11.255,18.123,0.189,8.907,9.748,0.018,4155.000,82.500,44.374,8.907,54.122,ON,Variable clouds; Hybrid loop operating; Ceff=1.47x
834,14:56:30,34.910,65.550,63.510,46.780,45.350,31.770,1.081,16.247,17.346,0.691,1.042,667.200,980.700,1.470,11.230,18.075,0.755,1.139,19.921,21.125,0.747,0.751,11.227,18.075,0.189,8.903,9.751,0.018,4155.000,82.195,44.346,8.903,54.097,ON,Variable clouds; Hybrid loop operating; Ceff=1.47x
835,14:57:00,34.900,65.440,63.400,46.710,45.290,31.770,1.078,16.254,17.350,0.690,1.039,666.100,978.200,1.469,11.217,18.033,0.754,1.136,19.928,21.130,0.747,0.751,11.215,18.027,0.189,8.909,9.750,0.018,4155.000,81.967,44.335,8.909,54.086,ON,Variable clouds; Hybrid loop operating; Ceff=1.47x
836,14:57:30,34.890,65.320,63.290,46.640,45.220,31.760,1.074,16.260,17.354,0.689,1.037,665.000,975.700,1.467,11.205,17.993,0.753,1.133,19.935,21.134,0.746,0.751,11.203,17.996,0.189,8.914,9.759,0.018,4155.000,81.663,44.284,8.914,54.043,ON,Variable clouds; Hybrid loop operating; Ceff=1.47x
837,14:58:00,34.870,65.190,63.180,46.570,45.160,31.760,1.070,16.268,17.358,0.688,1.034,663.800,973.000,1.466,11.191,17.948,0.752,1.130,19.943,21.139,0.746,0.751,11.192,17.948,0.189,8.921,9.760,0.018,4155.000,81.359,44.242,8.921,54.002,ON,Variable clouds; Hybrid loop operating; Ceff=1.47x
838,14:58:30,34.860,65.070,63.070,46.490,45.090,31.760,1.066,16.275,17.362,0.686,1.030,662.100,969.600,1.464,11.168,17.891,0.750,1.126,19.951,21.143,0.746,0.752,11.165,17.883,0.189,8.922,9.758,0.018,4155.000,81.055,44.231,8.922,53.989,ON,Variable clouds; Hybrid loop operating; Ceff=1.46x
839,14:59:00,34.850,64.950,62.960,46.420,45.030,31.750,1.060,16.281,17.367,0.684,1.026,659.900,965.400,1.463,11.136,17.819,0.748,1.121,19.958,21.148,0.746,0.752,11.136,17.819,0.189,8.929,9.766,0.018,4155.000,80.599,44.173,8.929,53.939,ON,Variable clouds; Hybrid loop operating; Ceff=1.46x
840,14:59:30,34.830,64.840,62.850,46.350,44.960,31.750,1.053,16.288,17.370,0.681,1.021,657.000,960.300,1.462,11.093,17.729,0.744,1.115,19.965,21.152,0.747,0.752,11.092,17.735,0.189,8.933,9.771,0.018,4155.000,80.066,44.115,8.933,53.886,ON,Variable clouds; Hybrid loop operating; Ceff=1.46x
841,15:00:00,34.820,64.740,62.760,46.290,44.910,31.740,1.045,16.294,17.374,0.678,1.014,653.600,954.400,1.460,11.040,17.624,0.741,1.109,19.972,21.156,0.746,0.751,11.047,17.617,0.189,8.943,9.767,0.018,4155.000,79.458,44.050,8.943,53.817,ON,Variable clouds; Hybrid loop operating; Ceff=1.46x
842,15:00:30,34.800,64.650,62.670,46.240,44.850,31.740,1.037,16.299,17.377,0.674,1.008,649.700,947.800,1.459,10.980,17.508,0.736,1.101,19.977,21.159,0.747,0.752,10.986,17.516,0.189,8.946,9.778,0.018,4155.000,78.850,44.017,8.946,53.795,ON,Variable clouds; Hybrid loop operating; Ceff=1.46x
843,15:01:00,34.790,64.580,62.600,46.190,44.810,31.740,1.028,16.303,17.380,0.670,1.000,645.800,941.100,1.457,10.917,17.387,0.732,1.093,19.982,21.162,0.746,0.752,10.923,17.380,0.189,8.949,9.771,0.018,4155.000,78.166,43.946,8.949,53.717,ON,Variable clouds; Hybrid loop operating; Ceff=1.46x
844,15:01:30,34.770,64.520,62.530,46.150,44.760,31.730,1.019,16.307,17.382,0.666,0.993,641.900,934.600,1.456,10.854,17.269,0.727,1.086,19.986,21.165,0.747,0.751,10.860,17.260,0.189,8.952,9.772,0.018,4155.000,77.481,43.864,8.952,53.636,ON,Variable clouds; Hybrid loop operating; Ceff=1.46x
845,15:02:00,34.760,64.470,62.480,46.120,44.720,31.730,1.011,16.310,17.384,0.662,0.987,638.400,928.600,1.455,10.797,17.160,0.724,1.079,19.990,21.167,0.746,0.751,10.797,17.158,0.189,8.949,9.776,0.018,4155.000,76.873,43.801,8.949,53.577,ON,Variable clouds; Hybrid loop operating; Ceff=1.45x
846,15:02:30,34.740,64.430,62.430,46.090,44.690,31.720,1.004,16.313,17.386,0.659,0.982,635.400,923.300,1.453,10.749,17.066,0.720,1.073,19.993,21.169,0.747,0.751,10.750,17.073,0.189,8.952,9.784,0.018,4155.000,76.341,43.747,8.952,53.531,ON,Variable clouds; Hybrid loop operating; Ceff=1.45x
847,15:03:00,34.720,64.400,62.380,46.070,44.660,31.720,0.998,16.315,17.388,0.657,0.977,633.100,919.000,1.452,10.712,16.989,0.718,1.068,19.995,21.171,0.746,0.751,10.719,16.988,0.189,8.958,9.781,0.018,4155.000,75.884,43.689,8.958,53.470,ON,Variable clouds; Hybrid loop operating; Ceff=1.45x
848,15:03:30,34.710,64.360,62.340,46.050,44.630,31.710,0.994,16.317,17.389,0.655,0.973,631.300,915.600,1.450,10.684,16.927,0.716,1.064,19.998,21.173,0.746,0.751,10.688,16.919,0.189,8.957,9.777,0.018,4155.000,75.580,43.676,8.957,53.453,ON,Variable clouds; Hybrid loop operating; Ceff=1.45x
849,15:04:00,34.690,64.330,62.290,46.020,44.600,31.700,0.990,16.320,17.391,0.653,0.971,630.000,912.900,1.449,10.664,16.879,0.714,1.061,20.000,21.175,0.747,0.751,10.657,16.887,0.189,8.950,9.787,0.018,4155.000,75.276,43.629,8.950,53.416,ON,Variable clouds; Hybrid loop operating; Ceff=1.45x
850,15:04:30,34.670,64.280,62.240,46.000,44.560,31.700,0.987,16.323,17.393,0.652,0.968,629.000,910.500,1.448,10.649,16.838,0.713,1.058,20.003,21.177,0.747,0.752,10.643,16.836,0.189,8.952,9.784,0.018,4155.000,75.048,43.611,8.952,53.395,ON,Variable clouds; Hybrid loop operating; Ceff=1.45x
851,15:05:00,34.650,64.230,62.180,45.960,44.530,31.690,0.984,16.326,17.395,0.651,0.966,628.000,908.200,1.446,10.635,16.797,0.712,1.055,20.007,21.179,0.747,0.752,10.628,16.804,0.189,8.954,9.789,0.018,4155.000,74.820,43.589,8.954,53.378,ON,Variable clouds; Hybrid loop operating; Ceff=1.45x
852,15:05:30,34.630,64.160,62.110,45.920,44.480,31.690,0.980,16.330,17.398,0.650,0.963,626.700,905.500,1.445,10.617,16.750,0.711,1.052,20.012,21.182,0.746,0.752,10.615,16.754,0.189,8.961,9.790,0.018,4155.000,74.516,43.541,8.961,53.331,ON,Variable clouds; Hybrid loop operating; Ceff=1.44x
853,15:06:00,34.610,64.070,62.020,45.860,44.430,31.680,0.976,16.336,17.401,0.648,0.959,625.000,902.200,1.444,10.592,16.692,0.709,1.048,20.018,21.185,0.746,0.752,10.586,16.688,0.189,8.961,9.787,0.018,4155.000,74.212,43.522,8.961,53.308,ON,Variable clouds; Hybrid loop operating; Ceff=1.44x
854,15:06:30,34.590,63.960,61.920,45.800,44.370,31.670,0.970,16.342,17.405,0.646,0.955,622.700,898.000,1.442,10.557,16.619,0.706,1.044,20.024,21.189,0.747,0.751,10.557,16.622,0.189,8.970,9.794,0.018,4155.000,73.755,43.457,8.970,53.250,ON,Variable clouds; Hybrid loop operating; Ceff=1.44x
855,15:07:00,34.560,63.840,61.810,45.730,44.300,31.670,0.964,16.349,17.409,0.643,0.950,619.800,893.000,1.441,10.514,16.533,0.703,1.038,20.032,21.194,0.747,0.752,10.512,16.539,0.189,8.974,9.799,0.018,4155.000,73.299,43.430,8.974,53.229,ON,Variable clouds; Hybrid loop operating; Ceff=1.44x
856,15:07:30,34.540,63.710,61.680,45.640,44.220,31.660,0.956,16.356,17.414,0.640,0.944,616.400,887.400,1.440,10.464,16.434,0.699,1.031,20.040,21.199,0.747,0.752,10.468,16.439,0.189,8.985,9.801,0.018,4155.000,72.691,43.341,8.985,53.142,ON,Variable clouds; Hybrid loop operating; Ceff=1.44x
857,15:08:00,34.520,63.560,61.550,45.550,44.140,31.650,0.949,16.365,17.419,0.636,0.937,612.800,881.500,1.438,10.409,16.330,0.695,1.025,20.049,21.205,0.747,0.751,10.408,16.322,0.189,8.987,9.797,0.018,4155.000,72.159,43.312,8.987,53.108,ON,Variable clouds; Hybrid loop operating; Ceff=1.44x
858,15:08:30,34.490,63.410,61.410,45.460,44.060,31.650,0.941,16.373,17.424,0.632,0.931,609.200,875.500,1.437,10.355,16.225,0.691,1.018,20.059,21.211,0.747,0.751,10.348,16.222,0.189,8.987,9.803,0.018,4155.000,71.550,43.241,8.987,53.044,ON,Variable clouds; Hybrid loop operating; Ceff=1.44x
859,15:09:00,34.470,63.270,61.280,45.360,43.970,31.640,0.934,16.382,17.429,0.629,0.925,605.900,869.900,1.436,10.304,16.128,0.687,1.011,20.068,21.217,0.747,0.752,10.304,16.122,0.189,8.998,9.806,0.018,4155.000,71.018,43.195,8.998,53.001,ON,Variable clouds; Hybrid loop operating; Ceff=1.44x
860,15:09:30,34.440,63.130,61.150,45.280,43.890,31.630,0.927,16.390,17.434,0.626,0.920,603.000,865.100,1.435,10.261,16.044,0.684,1.006,20.077,21.222,0.747,0.751,10.260,16.039,0.189,9.003,9.810,0.018,4155.000,70.486,43.110,9.003,52.919,ON,Variable clouds; Hybrid loop operating; Ceff=1.43x
861,15:10:00,34.420,63.000,61.030,45.200,43.820,31.620,0.922,16.397,17.439,0.624,0.916,600.700,861.100,1.433,10.229,15.976,0.682,1.001,20.085,21.227,0.747,0.752,10.232,15.974,0.189,9.012,9.815,0.018,4155.000,70.106,43.076,9.012,52.891,ON,Variable clouds; Hybrid loop operating; Ceff=1.43x
862,15:10:30,34.390,62.890,60.920,45.130,43.750,31.610,0.918,16.403,17.443,0.622,0.913,599.200,858.200,1.432,10.207,15.926,0.680,0.998,20.092,21.232,0.747,0.752,10.203,15.925,0.189,9.009,9.818,0.018,4155.000,69.802,43.034,9.009,52.853,ON,Variable clouds; Hybrid loop operating; Ceff=1.43x
863,15:11:00,34.370,62.800,60.830,45.070,43.690,31.600,0.916,16.409,17.446,0.621,0.911,598.200,856.100,1.431,10.195,15.891,0.679,0.995,20.098,21.235,0.747,0.752,10.190,15.893,0.189,9.013,9.823,0.018,4155.000,69.649,43.046,9.013,52.868,ON,Variable clouds; Hybrid loop operating; Ceff=1.43x
864,15:11:30,34.340,62.730,60.750,45.020,43.640,31.600,0.914,16.413,17.449,0.621,0.909,597.600,854.700,1.430,10.189,15.868,0.678,0.994,20.103,21.238,0.748,0.752,10.192,15.861,0.189,9.024,9.819,0.018,4155.000,69.497,43.022,9.024,52.841,ON,Variable clouds; Hybrid loop operating; Ceff=1.43x
865,15:12:00,34.310,62.670,60.690,44.990,43.610,31.590,0.912,16.417,17.451,0.620,0.908,597.300,853.600,1.429,10.186,15.849,0.678,0.993,20.106,21.241,0.747,0.751,10.179,15.846,0.189,9.016,9.822,0.018,4155.000,69.345,42.983,9.016,52.805,ON,Variable clouds; Hybrid loop operating; Ceff=1.43x
866,15:12:30,34.280,62.630,60.650,44.960,43.570,31.580,0.911,16.419,17.453,0.620,0.907,596.900,852.300,1.428,10.181,15.829,0.678,0.991,20.109,21.243,0.747,0.752,10.180,15.830,0.189,9.023,9.827,0.018,4155.000,69.269,43.002,9.023,52.829,ON,Variable clouds; Hybrid loop operating; Ceff=1.43x
867,15:13:00,34.250,62.600,60.610,44.940,43.550,31.570,0.909,16.421,17.455,0.619,0.905,596.200,850.700,1.427,10.170,15.801,0.677,0.989,20.112,21.244,0.747,0.752,10.165,15.797,0.189,9.021,9.825,0.018,4155.000,69.117,42.988,9.021,52.813,ON,Variable clouds; Hybrid loop operating; Ceff=1.43x
868,15:13:30,34.230,62.570,60.570,44.920,43.520,31.560,0.906,16.423,17.456,0.618,0.903,595.000,848.500,1.426,10.151,15.760,0.676,0.987,20.114,21.246,0.747,0.752,10.149,15.763,0.189,9.025,9.829,0.018,4155.000,68.889,42.957,9.025,52.786,ON,Variable clouds; Hybrid loop operating; Ceff=1.43x
869,15:14:00,34.200,62.540,60.530,44.900,43.490,31.550,0.902,16.425,17.458,0.616,0.900,593.200,845.400,1.425,10.123,15.705,0.674,0.983,20.116,21.248,0.747,0.752,10.118,15.712,0.189,9.024,9.834,0.018,4155.000,68.585,42.924,9.024,52.758,ON,Variable clouds; Hybrid loop operating; Ceff=1.43x
870,15:14:30,34.170,62.500,60.480,44.870,43.460,31.540,0.897,16.428,17.459,0.614,0.896,591.000,841.700,1.424,10.087,15.637,0.671,0.979,20.119,21.250,0.747,0.752,10.087,15.643,0.189,9.030,9.834,0.018,4155.000,68.205,42.874,9.030,52.708,ON,Variable clouds; Hybrid loop operating; Ceff=1.42x
871,15:15:00,34.140,62.450,60.420,44.830,43.410,31.530,0.892,16.431,17.462,0.611,0.891,588.400,837.400,1.423,10.045,15.561,0.668,0.974,20.123,21.252,0.747,0.752,10.039,15.559,0.189,9.028,9.831,0.018,4155.000,67.825,42.854,9.028,52.685,ON,Variable clouds; Hybrid loop operating; Ceff=1.42x
872,15:15:30,34.110,62.380,60.350,44.790,43.360,31.520,0.886,16.436,17.465,0.608,0.886,585.600,833.000,1.422,10.001,15.482,0.665,0.969,20.127,21.255,0.747,0.752,9.993,15.474,0.189,9.029,9.829,0.018,4155.000,67.368,42.791,9.029,52.619,ON,Variable clouds; Hybrid loop operating; Ceff=1.42x
873,15:16:00,34.070,62.290,60.260,44.730,43.310,31.510,0.880,16.441,17.468,0.606,0.882,582.900,828.700,1.422,9.960,15.406,0.662,0.964,20.133,21.259,0.747,0.752,9.963,15.407,0.189,9.044,9.837,0.018,4155.000,66.912,42.721,9.044,52.558,ON,Variable clouds; Hybrid loop operating; Ceff=1.42x
874,15:16:30,34.040,62.180,60.150,44.660,43.240,31.500,0.876,16.447,17.472,0.603,0.878,580.700,825.000,1.421,9.925,15.342,0.660,0.960,20.140,21.264,0.747,0.752,9.918,15.340,0.189,9.036,9.838,0.018,4155.000,66.608,42.718,9.036,52.556,ON,Variable clouds; Hybrid loop operating; Ceff=1.42x
875,15:17:00,34.010,62.050,60.040,44.580,43.160,31.480,0.872,16.455,17.477,0.602,0.875,578.900,822.100,1.420,9.901,15.293,0.658,0.956,20.148,21.269,0.747,0.752,9.906,15.292,0.189,9.054,9.842,0.018,4155.000,66.304,42.673,9.054,52.515,ON,Variable clouds; Hybrid loop operating; Ceff=1.42x
876,15:17:30,33.980,61.920,59.910,44.490,43.090,31.470,0.870,16.462,17.482,0.601,0.873,577.900,820.200,1.419,9.889,15.263,0.657,0.954,20.156,21.274,0.747,0.752,9.894,15.262,0.189,9.058,9.845,0.018,4155.000,66.152,42.674,9.058,52.519,ON,Variable clouds; Hybrid loop operating; Ceff=1.42x
877,15:18:00,33.950,61.780,59.790,44.400,43.010,31.460,0.868,16.470,17.487,0.600,0.872,577.500,819.300,1.419,9.889,15.251,0.656,0.953,20.165,21.279,0.748,0.752,9.882,15.249,0.189,9.054,9.848,0.018,4155.000,66.000,42.622,9.054,52.470,ON,Variable clouds; Hybrid loop operating; Ceff=1.42x
878,15:18:30,33.910,61.650,59.660,44.320,42.930,31.450,0.868,16.478,17.492,0.601,0.872,577.700,819.200,1.418,9.898,15.254,0.656,0.953,20.174,21.285,0.748,0.752,9.903,15.253,0.189,9.070,9.852,0.018,4155.000,66.000,42.628,9.070,52.479,ON,Variable clouds; Hybrid loop operating; Ceff=1.42x
879,15:19:00,33.880,61.510,59.540,44.230,42.860,31.440,0.869,16.485,17.496,0.601,0.873,578.200,819.500,1.417,9.912,15.266,0.657,0.954,20.182,21.290,0.748,0.752,9.907,15.274,0.189,9.066,9.861,0.018,4155.000,66.076,42.661,9.066,52.522,ON,Variable clouds; Hybrid loop operating; Ceff=1.42x
880,15:19:30,33.850,61.400,59.430,44.160,42.790,31.430,0.869,16.492,17.501,0.602,0.873,578.800,820.100,1.417,9.928,15.281,0.658,0.954,20.189,21.295,0.747,0.752,9.928,15.278,0.189,9.076,9.857,0.018,4155.000,66.076,42.630,9.076,52.487,ON,Variable clouds; Hybrid loop operating; Ceff=1.42x
881,15:20:00,33.820,61.290,59.340,44.090,42.730,31.420,0.870,16.498,17.504,0.603,0.874,579.300,820.400,1.416,9.940,15.291,0.658,0.955,20.196,21.299,0.748,0.752,9.948,15.298,0.189,9.086,9.866,0.018,4155.000,66.152,42.663,9.086,52.530,ON,Variable clouds; Hybrid loop operating; Ceff=1.42x
882,15:20:30,33.780,61.210,59.250,44.040,42.670,31.400,0.869,16.503,17.508,0.603,0.873,579.400,820.200,1.416,9.945,15.290,0.659,0.954,20.201,21.302,0.747,0.752,9.951,15.284,0.189,9.087,9.860,0.018,4155.000,66.076,42.625,9.087,52.484,ON,Variable clouds; Hybrid loop operating; Ceff=1.42x
883,15:21:00,33.750,61.140,59.190,43.990,42.630,31.390,0.868,16.507,17.510,0.602,0.872,578.900,819.200,1.415,9.941,15.275,0.658,0.953,20.206,21.305,0.748,0.752,9.937,15.269,0.189,9.082,9.862,0.018,4155.000,66.000,42.628,9.082,52.489,ON,Variable clouds; Hybrid loop operating; Ceff=1.42x
884,15:21:30,33.720,61.090,59.130,43.960,42.590,31.380,0.866,16.510,17.512,0.601,0.871,577.900,817.500,1.415,9.925,15.245,0.657,0.951,20.209,21.308,0.748,0.752,9.923,15.253,0.189,9.085,9.872,0.018,4155.000,65.848,42.618,9.085,52.490,ON,Variable clouds; Hybrid loop operating; Ceff=1.41x
885,15:22:00,33.690,61.050,59.090,43.930,42.560,31.370,0.863,16.512,17.514,0.600,0.868,576.400,815.100,1.414,9.901,15.202,0.655,0.949,20.211,21.310,0.748,0.752,9.907,15.202,0.189,9.094,9.868,0.018,4155.000,65.619,42.595,9.094,52.463,ON,Variable clouds; Hybrid loop operating; Ceff=1.41x
886,15:22:30,33.650,61.030,59.060,43.910,42.530,31.360,0.859,16.514,17.516,0.598,0.865,574.600,812.200,1.414,9.871,15.150,0.653,0.945,20.213,21.311,0.748,0.752,9.875,15.151,0.189,9.093,9.870,0.018,4155.000,65.315,42.549,9.093,52.419,ON,Variable clouds; Hybrid loop operating; Ceff=1.41x
887,15:23:00,33.620,61.010,59.030,43.890,42.510,31.350,0.856,16.515,17.517,0.596,0.862,572.700,809.300,1.413,9.840,15.097,0.651,0.942,20.215,21.312,0.748,0.752,9.843,15.100,0.189,9.094,9.872,0.018,4155.000,65.087,42.552,9.094,52.424,ON,Variable clouds; Hybrid loop operating; Ceff=1.41x
888,15:23:30,33.590,61.000,59.010,43.880,42.490,31.330,0.852,16.517,17.518,0.594,0.859,571.000,806.700,1.413,9.812,15.049,0.649,0.939,20.216,21.314,0.748,0.752,9.811,15.048,0.189,9.091,9.870,0.018,4155.000,64.783,42.490,9.091,52.360,ON,Variable clouds; Hybrid loop operating; Ceff=1.41x
889,15:24:00,33.560,60.980,58.980,43.860,42.460,31.320,0.850,16.518,17.519,0.593,0.857,569.700,804.600,1.412,9.791,15.013,0.648,0.937,20.217,21.315,0.747,0.752,9.795,15.014,0.189,9.097,9.873,0.018,4155.000,64.631,42.501,9.097,52.374,ON,Variable clouds; Hybrid loop operating; Ceff=1.41x
890,15:24:30,33.520,60.960,58.950,43.840,42.430,31.310,0.848,16.519,17.520,0.592,0.856,569.100,803.500,1.412,9.780,14.992,0.647,0.935,20.219,21.317,0.748,0.752,9.779,14.997,0.189,9.092,9.876,0.018,4155.000,64.479,42.459,9.092,52.335,ON,Variable clouds; Hybrid loop operating; Ceff=1.41x
891,15:25:00,33.490,60.930,58.920,43.820,42.400,31.300,0.848,16.521,17.522,0.592,0.855,569.000,803.200,1.412,9.781,14.989,0.647,0.935,20.221,21.318,0.748,0.752,9.780,14.981,0.189,9.095,9.869,0.018,4155.000,64.479,42.475,9.095,52.344,ON,Variable clouds; Hybrid loop operating; Ceff=1.41x
892,15:25:30,33.460,60.890,58.870,43.780,42.370,31.280,0.849,16.524,17.524,0.593,0.856,569.600,803.800,1.411,9.793,15.002,0.648,0.936,20.224,21.320,0.747,0.752,9.799,15.001,0.189,9.102,9.874,0.018,4155.000,64.555,42.493,9.102,52.367,ON,Variable clouds; Hybrid loop operating; Ceff=1.41x
893,15:26:00,33.430,60.840,58.820,43.750,42.330,31.270,0.850,16.527,17.526,0.594,0.857,570.600,805.000,1.411,9.813,15.028,0.649,0.937,20.228,21.323,0.747,0.752,9.817,15.020,0.189,9.103,9.872,0.018,4155.000,64.631,42.480,9.103,52.352,ON,Variable clouds; Hybrid loop operating; Ceff=1.41x
894,15:26:30,33.400,60.770,58.750,43.700,42.290,31.260,0.852,16.531,17.529,0.595,0.859,571.900,806.600,1.410,9.838,15.060,0.650,0.939,20.232,21.326,0.748,0.752,9.836,15.057,0.189,9.100,9.877,0.018,4155.000,64.783,42.495,9.100,52.372,ON,Variable clouds; Hybrid loop operating; Ceff=1.41x
895,15:27:00,33.370,60.690,58.680,43.650,42.240,31.250,0.854,16.535,17.532,0.596,0.861,573.100,808.100,1.410,9.862,15.091,0.652,0.941,20.237,21.329,0.747,0.752,9.855,15.095,0.189,9.098,9.883,0.018,4155.000,64.935,42.516,9.098,52.399,ON,Variable clouds; Hybrid loop operating; Ceff=1.41x
896,15:27:30,33.340,60.600,58.600,43.590,42.190,31.240,0.855,16.540,17.535,0.597,0.862,574.000,809.200,1.410,9.881,15.114,0.653,0.942,20.242,21.333,0.748,0.752,9.874,15.115,0.189,9.102,9.883,0.018,4155.000,65.011,42.508,9.102,52.391,ON,Variable clouds; Hybrid loop operating; Ceff=1.41x
897,15:28:00,33.310,60.510,58.520,43.530,42.130,31.220,0.856,16.546,17.539,0.598,0.862,574.400,809.500,1.409,9.892,15.125,0.653,0.942,20.248,21.337,0.748,0.753,9.895,15.119,0.189,9.114,9.882,0.018,4155.000,65.087,42.542,9.114,52.424,ON,Variable clouds; Hybrid loop operating; Ceff=1.41x
898,15:28:30,33.280,60.410,58.430,43.460,42.070,31.210,0.855,16.551,17.542,0.598,0.862,574.200,809.000,1.409,9.892,15.120,0.653,0.942,20.254,21.341,0.748,0.752,9.897,15.121,0.189,9.120,9.890,0.018,4155.000,65.011,42.518,9.120,52.408,ON,Variable clouds; Hybrid loop operating; Ceff=1.41x
899,15:29:00,33.250,60.310,58.340,43.400,42.020,31.200,0.854,16.557,17.546,0.597,0.861,573.400,807.700,1.409,9.883,15.099,0.652,0.940,20.260,21.345,0.748,0.753,9.885,15.107,0.189,9.121,9.896,0.018,4155.000,64.935,42.537,9.121,52.433,ON,Variable clouds; Hybrid loop operating; Ceff=1.41x
900,15:29:30,33.220,60.220,58.260,43.340,41.960,31.190,0.851,16.562,17.550,0.596,0.858,572.100,805.800,1.408,9.865,15.066,0.651,0.938,20.266,21.348,0.748,0.752,9.871,15.058,0.189,9.129,9.887,0.018,4155.000,64.707,42.488,9.129,52.375,ON,Variable clouds; Hybrid loop operating; Ceff=1.41x
901,15:30:00,33.190,60.140,58.180,43.280,41.910,31.180,0.848,16.567,17.553,0.594,0.856,570.600,803.400,1.408,9.842,15.026,0.649,0.936,20.271,21.352,0.748,0.752,9.841,15.025,0.189,9.125,9.895,0.018,4155.000,64.479,42.464,9.125,52.360,ON,Variable clouds; Hybrid loop operating; Ceff=1.41x
902,15:30:30,33.160,60.070,58.120,43.230,41.860,31.170,0.845,16.571,17.556,0.593,0.854,569.100,801.000,1.408,9.819,14.984,0.648,0.933,20.275,21.355,0.747,0.752,9.827,14.993,0.189,9.136,9.904,0.018,4155.000,64.251,42.441,9.136,52.344,ON,Variable clouds; Hybrid loop operating; Ceff=1.41x
903,15:31:00,33.130,60.020,58.060,43.190,41.820,31.160,0.843,16.574,17.558,0.591,0.851,567.800,799.000,1.407,9.799,14.949,0.646,0.930,20.279,21.358,0.748,0.753,9.795,14.942,0.189,9.128,9.895,0.018,4155.000,64.099,42.446,9.128,52.341,ON,Variable clouds; Hybrid loop operating; Ceff=1.41x
904,15:31:30,33.110,59.980,58.030,43.160,41.790,31.140,0.841,16.576,17.560,0.590,0.850,566.900,797.600,1.407,9.786,14.925,0.645,0.929,20.281,21.360,0.748,0.752,9.780,14.926,0.189,9.128,9.901,0.018,4155.000,63.947,42.420,9.128,52.321,ON,Variable clouds; Hybrid loop operating; Ceff=1.41x
905,15:32:00,33.080,59.960,58.000,43.140,41.770,31.130,0.840,16.577,17.561,0.590,0.849,566.700,797.100,1.407,9.782,14.916,0.645,0.928,20.283,21.361,0.748,0.752,9.780,14.909,0.189,9.132,9.897,0.018,4155.000,63.871,42.396,9.132,52.293,ON,Variable clouds; Hybrid loop operating; Ceff=1.41x
906,15:32:30,33.050,59.960,57.990,43.130,41.750,31.120,0.841,16.578,17.562,0.590,0.850,567.000,797.300,1.406,9.788,14.921,0.645,0.929,20.283,21.362,0.748,0.752,9.781,14.928,0.189,9.127,9.906,0.018,4155.000,63.947,42.436,9.127,52.342,ON,Variable clouds; Hybrid loop operating; Ceff=1.41x
907,15:33:00,33.030,59.970,57.990,43.130,41.740,31.110,0.842,16.578,17.562,0.591,0.851,567.900,798.300,1.406,9.803,14.940,0.646,0.930,20.283,21.362,0.748,0.752,9.798,14.945,0.189,9.128,9.905,0.018,4155.000,64.023,42.433,9.128,52.339,ON,Variable clouds; Hybrid loop operating; Ceff=1.41x
908,15:33:30,33.000,59.990,57.990,43.130,41.740,31.100,0.844,16.577,17.562,0.593,0.852,569.000,799.700,1.405,9.823,14.967,0.648,0.931,20.282,21.362,0.747,0.753,9.830,14.963,0.189,9.141,9.900,0.018,4155.000,64.175,42.460,9.141,52.359,ON,Variable clouds; Hybrid loop operating; Ceff=1.41x
909,15:34:00,32.980,60.010,58.000,43.140,41.730,31.090,0.845,16.576,17.562,0.594,0.854,570.300,801.300,1.405,9.844,14.995,0.649,0.933,20.281,21.362,0.748,0.752,9.846,14.998,0.189,9.135,9.903,0.018,4155.000,64.251,42.425,9.135,52.328,ON,Variable clouds; Hybrid loop operating; Ceff=1.41x
910,15:34:30,32.950,60.030,58.010,43.140,41.730,31.080,0.847,16.575,17.562,0.595,0.855,571.400,802.500,1.405,9.861,15.019,0.650,0.935,20.280,21.362,0.748,0.752,9.862,15.016,0.189,9.132,9.900,0.018,4155.000,64.403,42.462,9.132,52.362,ON,Variable clouds; Hybrid loop operating; Ceff=1.4x
911,15:35:00,32.930,60.040,58.010,43.140,41.720,31.070,0.848,16.575,17.562,0.596,0.856,572.000,803.200,1.404,9.872,15.031,0.651,0.935,20.280,21.362,0.748,0.753,9.879,15.033,0.189,9.138,9.903,0.018,4155.000,64.479,42.475,9.138,52.378,ON,Variable clouds; Hybrid loop operating; Ceff=1.4x
912,15:35:30,32.910,60.040,58.000,43.140,41.710,31.060,0.848,16.575,17.563,0.596,0.856,572.000,803.000,1.404,9.873,15.028,0.651,0.935,20.280,21.363,0.748,0.752,9.879,15.034,0.189,9.138,9.906,0.018,4155.000,64.479,42.485,9.138,52.391,ON,Variable clouds; Hybrid loop operating; Ceff=1.4x
913,15:36:00,32.880,60.020,57.980,43.120,41.690,31.050,0.846,16.576,17.564,0.595,0.855,571.400,801.900,1.403,9.864,15.009,0.650,0.934,20.281,21.364,0.748,0.752,9.863,15.017,0.189,9.133,9.908,0.018,4155.000,64.327,42.443,9.133,52.352,ON,Variable clouds; Hybrid loop operating; Ceff=1.4x
914,15:36:30,32.860,59.980,57.940,43.090,41.660,31.040,0.844,16.579,17.566,0.594,0.852,570.200,799.900,1.403,9.845,14.974,0.649,0.932,20.284,21.366,0.748,0.752,9.848,14.966,0.189,9.138,9.900,0.018,4155.000,64.175,42.449,9.138,52.348,ON,Variable clouds; Hybrid loop operating; Ceff=1.4x
915,15:37:00,32.840,59.920,57.890,43.050,41.620,31.030,0.841,16.582,17.568,0.592,0.850,568.600,797.400,1.402,9.819,14.929,0.647,0.929,20.288,21.369,0.748,0.752,9.817,14.933,0.189,9.135,9.908,0.018,4155.000,63.947,42.431,9.135,52.339,ON,Variable clouds; Hybrid loop operating; Ceff=1.4x
916,15:37:30,32.820,59.850,57.820,42.990,41.580,31.020,0.837,16.586,17.571,0.590,0.847,566.800,794.500,1.402,9.791,14.879,0.645,0.925,20.292,21.372,0.748,0.753,9.786,14.883,0.189,9.135,9.911,0.018,4155.000,63.643,42.383,9.135,52.294,ON,Variable clouds; Hybrid loop operating; Ceff=1.4x
917,15:38:00,32.800,59.760,57.750,42.930,41.520,31.010,0.833,16.591,17.575,0.588,0.844,565.000,791.800,1.401,9.764,14.830,0.643,0.922,20.297,21.376,0.748,0.752,9.756,14.833,0.189,9.136,9.912,0.018,4155.000,63.338,42.324,9.136,52.236,ON,Variable clouds; Hybrid loop operating; Ceff=1.4x
918,15:38:30,32.780,59.670,57.670,42.870,41.470,31.000,0.831,16.596,17.578,0.587,0.841,563.500,789.400,1.401,9.742,14.790,0.642,0.920,20.303,21.380,0.747,0.752,9.742,14.783,0.189,9.147,9.908,0.018,4155.000,63.186,42.351,9.147,52.260,ON,Variable clouds; Hybrid loop operating; Ceff=1.4x
919,15:39:00,32.760,59.580,57.580,42.810,41.410,30.990,0.828,16.601,17.582,0.586,0.840,562.600,787.700,1.400,9.729,14.762,0.640,0.918,20.309,21.384,0.749,0.752,9.728,14.769,0.189,9.149,9.920,0.018,4155.000,62.958,42.289,9.149,52.210,ON,Variable clouds; Hybrid loop operating; Ceff=1.4x
920,15:39:30,32.740,59.490,57.500,42.750,41.360,30.990,0.827,16.606,17.585,0.586,0.839,562.200,786.900,1.400,9.726,14.749,0.640,0.917,20.314,21.387,0.748,0.752,9.731,14.754,0.189,9.158,9.920,0.018,4155.000,62.882,42.281,9.158,52.201,ON,Variable clouds; Hybrid loop operating; Ceff=1.4x
921,15:40:00,32.720,59.410,57.430,42.690,41.310,30.980,0.827,16.611,17.588,0.586,0.839,562.300,786.800,1.399,9.732,14.751,0.640,0.917,20.319,21.391,0.748,0.752,9.734,14.756,0.189,9.159,9.923,0.018,4155.000,62.882,42.286,9.159,52.210,ON,Variable clouds; Hybrid loop operating; Ceff=1.4x
922,15:40:30,32.700,59.350,57.380,42.650,41.270,30.970,0.828,16.614,17.591,0.586,0.839,562.900,787.200,1.399,9.744,14.762,0.641,0.917,20.323,21.393,0.748,0.752,9.736,14.759,0.189,9.151,9.920,0.018,4155.000,62.958,42.316,9.151,52.236,ON,Variable clouds; Hybrid loop operating; Ceff=1.4x
923,15:41:00,32.680,59.310,57.340,42.620,41.240,30.960,0.829,16.617,17.592,0.587,0.840,563.700,788.000,1.398,9.760,14.778,0.642,0.918,20.326,21.395,0.748,0.752,9.754,14.777,0.189,9.155,9.922,0.018,4155.000,63.034,42.324,9.155,52.246,ON,Variable clouds; Hybrid loop operating; Ceff=1.4x
924,15:41:30,32.670,59.290,57.310,42.600,41.220,30.950,0.830,16.618,17.594,0.588,0.841,564.400,788.700,1.397,9.773,14.792,0.643,0.919,20.327,21.397,0.748,0.752,9.771,14.797,0.189,9.160,9.926,0.018,4155.000,63.110,42.338,9.160,52.264,ON,Variable clouds; Hybrid loop operating; Ceff=1.4x
925,15:42:00,32.650,59.280,57.300,42.590,41.210,30.950,0.830,16.618,17.594,0.589,0.841,564.900,788.900,1.397,9.781,14.798,0.643,0.919,20.328,21.397,0.748,0.753,9.788,14.797,0.189,9.168,9.924,0.018,4155.000,63.110,42.327,9.168,52.251,ON,Variable clouds; Hybrid loop operating; Ceff=1.4x
926,15:42:30,32.630,59.290,57.310,42.590,41.200,30.940,0.829,16.618,17.594,0.588,0.841,564.800,788.500,1.396,9.780,14.789,0.643,0.919,20.327,21.398,0.748,0.752,9.771,14.797,0.189,9.154,9.929,0.018,4155.000,63.034,42.297,9.154,52.226,ON,Variable clouds; Hybrid loop operating; Ceff=1.4x
927,15:43:00,32.610,59.320,57.320,42.600,41.200,30.930,0.828,16.617,17.594,0.588,0.839,564.100,787.100,1.395,9.766,14.763,0.642,0.917,20.326,21.397,0.748,0.752,9.771,14.761,0.189,9.165,9.923,0.018,4155.000,62.958,42.321,9.165,52.244,ON,Variable clouds; Hybrid loop operating; Ceff=1.4x
928,15:43:30,32.600,59.340,57.330,42.610,41.200,30.930,0.825,16.616,17.594,0.586,0.837,562.700,784.800,1.395,9.742,14.720,0.641,0.914,20.325,21.397,0.748,0.753,9.737,14.726,0.189,9.156,9.928,0.018,4155.000,62.730,42.292,9.156,52.220,ON,Variable clouds; Hybrid loop operating; Ceff=1.39x
929,15:44:00,32.580,59.360,57.340,42.610,41.200,30.920,0.821,16.615,17.594,0.584,0.833,560.800,781.700,1.394,9.708,14.662,0.639,0.911,20.324,21.397,0.748,0.752,9.703,14.656,0.189,9.155,9.920,0.018,4155.000,62.426,42.254,9.155,52.173,ON,Variable clouds; Hybrid loop operating; Ceff=1.39x
930,15:44:30,32.560,59.380,57.340,42.620,41.190,30.910,0.816,16.614,17.594,0.582,0.830,558.500,778.200,1.393,9.668,14.595,0.636,0.907,20.323,21.397,0.748,0.752,9.669,14.603,0.189,9.160,9.929,0.018,4155.000,62.046,42.185,9.160,52.114,ON,Variable clouds; Hybrid loop operating; Ceff=1.39x
931,15:45:00,32.550,59.380,57.340,42.610,41.180,30.910,0.812,16.614,17.594,0.579,0.826,556.100,774.400,1.393,9.627,14.526,0.633,0.902,20.323,21.398,0.748,0.753,9.620,14.533,0.189,9.152,9.929,0.018,4155.000,61.742,42.184,9.152,52.114,ON,Variable clouds; Hybrid loop operating; Ceff=1.39x
932,15:45:30,32.530,59.370,57.320,42.600,41.160,30.900,0.807,16.615,17.595,0.577,0.822,553.800,770.900,1.392,9.588,14.461,0.631,0.898,20.324,21.399,0.748,0.753,9.587,14.463,0.189,9.159,9.927,0.018,4155.000,61.361,42.115,9.159,52.042,ON,Variable clouds; Hybrid loop operating; Ceff=1.39x
933,15:46:00,32.520,59.330,57.280,42.570,41.130,30.900,0.804,16.617,17.597,0.575,0.819,552.000,767.900,1.391,9.558,14.406,0.629,0.895,20.327,21.401,0.748,0.752,9.555,14.412,0.189,9.158,9.930,0.018,4155.000,61.133,42.122,9.158,52.052,ON,Variable clouds; Hybrid loop operating; Ceff=1.39x
934,15:46:30,32.500,59.280,57.230,42.530,41.100,30.890,0.801,16.620,17.599,0.574,0.816,550.700,765.600,1.390,9.537,14.366,0.627,0.892,20.330,21.403,0.748,0.752,9.540,14.361,0.189,9.166,9.925,0.018,4155.000,60.905,42.091,9.166,52.016,ON,Variable clouds; Hybrid loop operating; Ceff=1.39x
935,15:47:00,32.490,59.220,57.170,42.490,41.050,30.890,0.799,16.624,17.602,0.573,0.815,549.900,764.200,1.390,9.526,14.341,0.626,0.890,20.334,21.406,0.748,0.753,9.526,14.346,0.189,9.165,9.932,0.018,4155.000,60.753,42.063,9.165,51.995,ON,Variable clouds; Hybrid loop operating; Ceff=1.39x
936,15:47:30,32.470,59.140,57.100,42.430,41.000,30.880,0.798,16.629,17.605,0.573,0.814,549.700,763.400,1.389,9.525,14.330,0.626,0.890,20.339,21.409,0.748,0.752,9.528,14.330,0.189,9.171,9.932,0.018,4155.000,60.677,42.054,9.171,51.987,ON,Variable clouds; Hybrid loop operating; Ceff=1.39x
937,15:48:00,32.450,59.050,57.020,42.370,40.950,30.870,0.798,16.634,17.608,0.573,0.814,549.800,763.200,1.388,9.531,14.328,0.626,0.889,20.345,21.413,0.748,0.753,9.531,14.333,0.189,9.172,9.937,0.018,4155.000,60.677,42.065,9.172,52.002,ON,Variable clouds; Hybrid loop operating; Ceff=1.39x
938,15:48:30,32.440,58.950,56.940,42.310,40.900,30.870,0.798,16.639,17.612,0.573,0.814,550.000,763.000,1.387,9.539,14.330,0.627,0.889,20.350,21.416,0.748,0.753,9.534,14.336,0.189,9.172,9.941,0.018,4155.000,60.677,42.076,9.172,52.018,ON,Variable clouds; Hybrid loop operating; Ceff=1.39x
939,15:49:00,32.420,58.860,56.850,42.250,40.850,30.870,0.797,16.644,17.615,0.573,0.813,550.100,762.700,1.387,9.544,14.327,0.627,0.889,20.356,21.420,0.748,0.752,9.537,14.321,0.189,9.173,9.935,0.018,4155.000,60.601,42.040,9.173,51.975,ON,Variable clouds; Hybrid loop operating; Ceff=1.39x
940,15:49:30,32.410,58.770,56.770,42.190,40.790,30.860,0.796,16.650,17.618,0.573,0.812,549.800,761.800,1.386,9.542,14.314,0.626,0.888,20.362,21.424,0.749,0.752,9.540,14.306,0.189,9.181,9.936,0.018,4155.000,60.525,42.037,9.181,51.973,ON,Variable clouds; Hybrid loop operating; Ceff=1.39x
941,15:50:00,32.390,58.690,56.700,42.140,40.750,30.860,0.794,16.654,17.621,0.572,0.811,548.900,760.200,1.385,9.530,14.285,0.625,0.886,20.367,21.427,0.749,0.752,9.526,14.291,0.189,9.182,9.946,0.018,4155.000,60.373,42.020,9.182,51.966,ON,Variable clouds; Hybrid loop operating; Ceff=1.38x
942,15:50:30,32.380,58.610,56.630,42.090,40.700,30.850,0.791,16.658,17.624,0.571,0.808,547.400,757.600,1.384,9.506,14.240,0.624,0.883,20.371,21.430,0.748,0.753,9.512,14.240,0.189,9.194,9.945,0.018,4155.000,60.145,42.005,9.194,51.950,ON,Variable clouds; Hybrid loop operating; Ceff=1.38x
943,15:51:00,32.360,58.550,56.580,42.050,40.670,30.850,0.786,16.662,17.626,0.568,0.804,545.200,754.200,1.383,9.472,14.178,0.621,0.879,20.375,21.433,0.749,0.753,9.464,14.171,0.189,9.185,9.942,0.018,4155.000,59.765,41.927,9.185,51.869,ON,Variable clouds; Hybrid loop operating; Ceff=1.38x
944,15:51:30,32.340,58.510,56.530,42.020,40.630,30.840,0.781,16.664,17.628,0.566,0.800,542.600,750.100,1.382,9.428,14.103,0.618,0.874,20.378,21.435,0.749,0.753,9.432,14.102,0.189,9.197,9.947,0.018,4155.000,59.385,41.888,9.197,51.836,ON,Variable clouds; Hybrid loop operating; Ceff=1.38x
945,15:52:00,32.330,58.480,56.490,41.990,40.600,30.840,0.776,16.667,17.630,0.563,0.795,539.700,745.600,1.382,9.379,14.021,0.615,0.869,20.380,21.437,0.748,0.753,9.384,14.016,0.189,9.199,9.946,0.018,4155.000,59.004,41.871,9.199,51.817,ON,Variable clouds; Hybrid loop operating; Ceff=1.38x
946,15:52:30,32.310,58.450,56.470,41.970,40.580,30.840,0.770,16.668,17.631,0.560,0.791,536.800,741.200,1.381,9.330,13.938,0.612,0.864,20.382,21.438,0.748,0.752,9.334,13.946,0.189,9.200,9.955,0.018,4155.000,58.548,41.794,9.200,51.750,ON,Variable clouds; Hybrid loop operating; Ceff=1.38x
947,15:53:00,32.290,58.440,56.440,41.960,40.560,30.830,0.765,16.669,17.632,0.557,0.786,534.200,737.100,1.380,9.285,13.862,0.609,0.859,20.383,21.439,0.748,0.753,9.285,13.859,0.189,9.196,9.948,0.018,4155.000,58.168,41.754,9.196,51.702,ON,Variable clouds; Hybrid loop operating; Ceff=1.38x
948,15:53:30,32.270,58.430,56.430,41.950,40.540,30.830,0.761,16.670,17.633,0.555,0.783,532.000,733.700,1.379,9.248,13.798,0.606,0.855,20.384,21.440,0.749,0.753,9.252,13.807,0.189,9.201,9.957,0.018,4155.000,57.864,41.728,9.201,51.684,ON,Variable clouds; Hybrid loop operating; Ceff=1.38x
949,15:54:00,32.260,58.430,56.410,41.940,40.520,30.820,0.758,16.670,17.634,0.553,0.780,530.400,731.000,1.378,9.221,13.749,0.604,0.852,20.385,21.441,0.749,0.753,9.219,13.755,0.189,9.196,9.956,0.018,4155.000,57.636,41.717,9.196,51.672,ON,Variable clouds; Hybrid loop operating; Ceff=1.38x
950,15:54:30,32.240,58.420,56.390,41.930,40.510,30.820,0.756,16.671,17.635,0.552,0.778,529.400,729.200,1.377,9.204,13.715,0.603,0.850,20.386,21.442,0.749,0.753,9.202,13.720,0.189,9.197,9.955,0.018,4155.000,57.484,41.710,9.197,51.665,ON,Variable clouds; Hybrid loop operating; Ceff=1.38x
951,15:55:00,32.220,58.400,56.370,41.910,40.490,30.820,0.754,16.672,17.636,0.552,0.776,528.900,728.000,1.376,9.195,13.694,0.603,0.849,20.387,21.443,0.748,0.752,9.203,13.686,0.189,9.206,9.946,0.018,4155.000,57.332,41.668,9.206,51.614,ON,Variable clouds; Hybrid loop operating; Ceff=1.38x
952,15:55:30,32.200,58.380,56.340,41.890,40.460,30.810,0.753,16.674,17.637,0.551,0.776,528.600,727.100,1.376,9.192,13.680,0.602,0.848,20.389,21.444,0.749,0.752,9.187,13.686,0.189,9.196,9.959,0.018,4155.000,57.255,41.664,9.196,51.623,ON,Variable clouds; Hybrid loop operating; Ceff=1.38x
953,15:56:00,32.180,58.340,56.290,41.860,40.430,30.810,0.752,16.677,17.639,0.551,0.775,528.400,726.400,1.375,9.190,13.667,0.602,0.847,20.391,21.446,0.749,0.752,9.189,13.670,0.189,9.201,9.957,0.018,4155.000,57.179,41.649,9.201,51.606,ON,Variable clouds; Hybrid loop operating; Ceff=1.37x
954,15:56:30,32.160,58.280,56.240,41.830,40.390,30.800,0.751,16.680,17.641,0.551,0.774,527.900,725.300,1.374,9.184,13.649,0.602,0.846,20.395,21.449,0.748,0.752,9.191,13.654,0.189,9.212,9.961,0.018,4155.000,57.103,41.656,9.212,51.617,ON,Variable clouds; Hybrid loop operating; Ceff=1.37x
955,15:57:00,32.140,58.210,56.170,41.780,40.350,30.800,0.749,16.684,17.644,0.550,0.772,527.000,723.600,1.373,9.171,13.619,0.601,0.844,20.400,21.452,0.748,0.752,9.176,13.621,0.189,9.213,9.960,0.018,4155.000,56.951,41.643,9.213,51.603,ON,Variable clouds; Hybrid loop operating; Ceff=1.37x
956,15:57:30,32.120,58.120,56.090,41.720,40.300,30.800,0.746,16.689,17.647,0.548,0.769,525.500,721.000,1.372,9.149,13.575,0.599,0.841,20.405,21.455,0.749,0.752,9.146,13.571,0.189,9.208,9.959,0.018,4155.000,56.723,41.626,9.208,51.585,ON,Variable clouds; Hybrid loop operating; Ceff=1.37x
957,15:58:00,32.100,58.020,56.000,41.650,40.240,30.790,0.742,16.695,17.651,0.546,0.766,523.400,717.700,1.371,9.116,13.514,0.597,0.837,20.412,21.460,0.748,0.752,9.115,13.521,0.189,9.215,9.968,0.018,4155.000,56.419,41.593,9.215,51.561,ON,Variable clouds; Hybrid loop operating; Ceff=1.37x
958,15:58:30,32.070,57.900,55.890,41.580,40.170,30.790,0.736,16.701,17.655,0.543,0.761,520.700,713.500,1.370,9.073,13.440,0.594,0.832,20.419,21.464,0.748,0.753,9.069,13.435,0.189,9.215,9.963,0.018,4155.000,55.963,41.500,9.215,51.463,ON,Variable clouds; Hybrid loop operating; Ceff=1.37x
959,15:59:00,32.050,57.780,55.780,41.500,40.100,30.790,0.731,16.708,17.660,0.540,0.756,517.600,708.800,1.369,9.024,13.356,0.590,0.827,20.426,21.469,0.749,0.752,9.022,13.351,0.189,9.223,9.966,0.018,4155.000,55.583,41.491,9.223,51.457,ON,Variable clouds; Hybrid loop operating; Ceff=1.37x
960,15:59:30,32.030,57.660,55.670,41.420,40.030,30.780,0.725,16.715,17.664,0.537,0.751,514.400,704.000,1.368,8.973,13.269,0.587,0.821,20.434,21.474,0.748,0.753,8.976,13.266,0.189,9.232,9.970,0.018,4155.000,55.126,41.431,9.232,51.401,ON,Variable clouds; Hybrid loop operating; Ceff=1.37x
961,16:00:00,32.000,57.540,55.560,41.340,39.960,30.780,0.719,16.722,17.669,0.534,0.746,511.300,699.300,1.368,8.924,13.185,0.583,0.816,20.441,21.479,0.749,0.752,8.930,13.181,0.189,9.240,9.973,0.018,4155.000,54.670,41.364,9.240,51.337,ON,Variable clouds; Hybrid loop operating; Ceff=1.37x
