No.,Time,T.amb (°C),T.D.REF – normal PV (°C),T.U.REF – normal PV (°C),T.D.CPV-HNEPCM-HNF (°C),T.U.CPV-HNEPCM-HNF (°C),T.F.IN Hybrid NF (°C),T.F.DELTA Hybrid NF (°C),V.REF – normal PV (V),V.CPV-Hybrid (V),I.REF – normal PV (A),I.CPV-Hybrid (A),Direct POA irradiance – reference (W/m²),Effective irradiance – CPV hybrid (W/m²),Ceff – mirrors,P(max) REF (W),P(max) CPV Hybrid (W),Isc REF (A),Isc CPV Hybrid (A),Voc REF (V),Voc CPV Hybrid (V),FF REF,FF CPV Hybrid,P.REF normal PV (W),P.CPV-HNEPCM-HNF (W),AREA (m²),?ele.REF (%),?ele.CPV-Hybrid (%),m Hybrid NF (kg/s),Cp Hybrid NF (J/kg·K),Q.CPV-Hybrid (W),?th.CPV-Hybrid (%),?total.REF (%),?total.CPV-Hybrid (%),Pump state,Simulation note
1,08:00:00,28.520,30.890,28.850,31.250,29.810,30.190,0.000,18.310,18.271,0.487,0.685,456.600,637.400,1.396,8.914,12.523,0.532,0.749,22.182,22.139,0.755,0.755,8.917,12.516,0.189,10.333,10.389,0.018,4155.000,0.000,0.000,10.333,10.389,OFF,Clear with late haze; Below controller ON threshold; Ceff=1.4x
2,08:00:30,28.540,32.170,30.140,33.160,31.730,30.200,0.000,18.234,18.157,0.490,0.689,459.700,642.100,1.397,8.928,12.519,0.535,0.754,22.098,22.014,0.755,0.754,8.935,12.510,0.189,10.284,10.309,0.018,4155.000,0.000,0.000,10.284,10.309,OFF,Clear with late haze; Below controller ON threshold; Ceff=1.4x
3,08:01:00,28.550,33.360,31.340,34.840,33.420,30.200,0.000,18.162,18.057,0.492,0.693,462.400,646.300,1.398,8.938,12.516,0.538,0.758,22.020,21.905,0.754,0.754,8.936,12.514,0.189,10.225,10.244,0.018,4155.000,0.000,0.000,10.225,10.244,OFF,Clear with late haze; Below controller ON threshold; Ceff=1.4x
4,08:01:30,28.570,34.470,32.450,36.320,34.900,30.210,0.000,18.096,17.968,0.494,0.696,464.600,649.800,1.399,8.940,12.508,0.540,0.761,21.948,21.808,0.754,0.754,8.939,12.506,0.189,10.180,10.183,0.018,4155.000,0.000,0.000,10.180,10.183,OFF,Clear with late haze; Below controller ON threshold; Ceff=1.4x
5,08:02:00,28.580,35.500,33.500,37.620,36.220,30.210,0.000,18.035,17.891,0.495,0.698,466.200,652.500,1.400,8.933,12.493,0.541,0.763,21.880,21.722,0.755,0.754,8.927,12.488,0.189,10.132,10.126,0.018,4155.000,0.000,0.000,10.132,10.126,OFF,Clear with late haze; Below controller ON threshold; Ceff=1.4x
6,08:02:30,28.590,36.470,34.470,38.770,37.380,30.220,0.000,17.977,17.822,0.496,0.700,467.200,654.300,1.401,8.917,12.469,0.542,0.765,21.817,21.647,0.754,0.753,8.917,12.475,0.189,10.098,10.088,0.018,4155.000,0.000,0.000,10.098,10.088,OFF,Clear with late haze; Below controller ON threshold; Ceff=1.4x
7,08:03:00,28.610,37.370,35.390,39.790,38.400,30.220,0.000,17.923,17.761,0.496,0.700,467.700,655.500,1.402,8.894,12.439,0.542,0.765,21.757,21.580,0.754,0.753,8.890,12.433,0.189,10.057,10.035,0.018,4155.000,0.000,0.000,10.057,10.035,OFF,Clear with late haze; Below controller ON threshold; Ceff=1.4x
8,08:03:30,28.620,38.230,36.260,40.680,39.300,30.230,0.000,17.871,17.708,0.496,0.701,468.000,656.300,1.402,8.868,12.408,0.542,0.766,21.701,21.522,0.754,0.753,8.864,12.413,0.189,10.021,10.007,0.018,4155.000,0.000,0.000,10.021,10.007,OFF,Clear with late haze; Below controller ON threshold; Ceff=1.4x
9,08:04:00,28.640,39.040,37.080,41.480,40.110,30.230,0.000,17.823,17.660,0.496,0.701,468.200,657.100,1.403,8.842,12.381,0.542,0.766,21.648,21.469,0.754,0.753,8.840,12.380,0.189,9.990,9.968,0.018,4155.000,0.000,0.000,9.990,9.968,OFF,Clear with late haze; Below controller ON threshold; Ceff=1.4x
10,08:04:30,28.660,39.820,37.860,42.200,40.830,30.230,0.000,17.776,17.617,0.496,0.702,468.700,658.200,1.404,8.823,12.365,0.542,0.767,21.597,21.423,0.754,0.753,8.817,12.367,0.189,9.953,9.941,0.018,4155.000,0.000,0.000,9.953,9.941,OFF,Clear with late haze; Below controller ON threshold; Ceff=1.4x
11,08:05:00,28.670,40.570,38.610,42.840,41.470,30.240,0.000,17.732,17.579,0.497,0.703,469.600,660.000,1.405,8.814,12.365,0.543,0.769,21.548,21.381,0.753,0.752,8.813,12.358,0.189,9.929,9.907,0.018,4155.000,0.000,0.000,9.929,9.907,OFF,Clear with late haze; Below controller ON threshold; Ceff=1.41x
12,08:05:30,28.690,41.290,39.320,43.430,42.060,30.240,0.000,17.689,17.544,0.498,0.706,471.200,662.600,1.406,8.817,12.384,0.545,0.771,21.501,21.342,0.752,0.753,8.809,12.386,0.189,9.892,9.891,0.018,4155.000,0.000,0.000,9.892,9.891,OFF,Clear with late haze; Below controller ON threshold; Ceff=1.41x
13,08:06:00,28.710,41.990,40.020,43.960,42.590,30.250,0.000,17.648,17.512,0.500,0.709,473.300,666.100,1.407,8.832,12.421,0.547,0.775,21.456,21.308,0.753,0.752,8.824,12.416,0.189,9.864,9.862,0.018,4155.000,0.000,0.000,9.864,9.862,OFF,Clear with late haze; Below controller ON threshold; Ceff=1.41x
14,08:06:30,28.720,42.660,40.680,43.210,41.830,30.250,0.684,17.608,17.557,0.503,0.714,476.000,670.300,1.408,8.857,12.540,0.550,0.781,21.412,21.357,0.752,0.752,8.857,12.536,0.189,9.845,9.895,0.018,4155.000,52.009,41.053,9.845,50.948,ON,Clear with late haze; Hybrid loop operating; Ceff=1.41x
15,08:07:00,28.740,43.310,41.320,42.560,41.170,30.260,0.690,17.569,17.596,0.506,0.720,479.100,675.100,1.409,8.890,12.664,0.553,0.787,21.370,21.399,0.752,0.752,8.890,12.669,0.189,9.818,9.929,0.018,4155.000,52.465,41.119,9.818,51.048,ON,Clear with late haze; Hybrid loop operating; Ceff=1.41x
16,08:07:30,28.760,43.930,41.930,42.000,40.610,30.260,0.696,17.533,17.629,0.509,0.725,482.200,680.000,1.410,8.926,12.785,0.556,0.793,21.330,21.436,0.753,0.752,8.924,12.781,0.189,9.792,9.945,0.018,4155.000,52.921,41.178,9.792,51.122,ON,Clear with late haze; Hybrid loop operating; Ceff=1.41x
17,08:08:00,28.780,44.520,42.520,41.520,40.120,30.270,0.701,17.498,17.658,0.512,0.731,485.200,684.600,1.411,8.959,12.900,0.560,0.798,21.292,21.468,0.751,0.753,8.959,12.908,0.189,9.770,9.976,0.018,4155.000,53.302,41.195,9.770,51.171,ON,Clear with late haze; Hybrid loop operating; Ceff=1.41x
18,08:08:30,28.800,45.080,43.060,41.100,39.690,30.270,0.706,17.465,17.684,0.515,0.735,487.900,688.800,1.412,8.986,13.000,0.562,0.803,21.256,21.495,0.752,0.753,8.994,12.998,0.189,9.754,9.984,0.018,4155.000,53.682,41.236,9.754,51.220,ON,Clear with late haze; Hybrid loop operating; Ceff=1.41x
19,08:09:00,28.820,45.590,43.570,40.730,39.320,30.280,0.711,17.434,17.706,0.516,0.739,489.900,692.100,1.413,9.005,13.084,0.564,0.808,21.222,21.520,0.752,0.752,8.996,13.085,0.189,9.716,10.003,0.018,4155.000,54.062,41.330,9.716,51.333,ON,Clear with late haze; Hybrid loop operating; Ceff=1.41x
20,08:09:30,28.840,46.070,44.050,40.410,38.990,30.280,0.714,17.406,17.725,0.518,0.742,491.400,694.700,1.414,9.013,13.149,0.566,0.811,21.191,21.541,0.751,0.753,9.016,13.152,0.189,9.708,10.017,0.018,4155.000,54.290,41.349,9.708,51.365,ON,Clear with late haze; Hybrid loop operating; Ceff=1.41x
21,08:10:00,28.860,46.500,44.480,40.120,38.700,30.290,0.716,17.380,17.742,0.519,0.744,492.300,696.400,1.415,9.013,13.198,0.567,0.813,21.163,21.560,0.751,0.753,9.020,13.200,0.189,9.695,10.029,0.018,4155.000,54.442,41.363,9.695,51.392,ON,Clear with late haze; Hybrid loop operating; Ceff=1.41x
22,08:10:30,28.890,46.890,44.870,39.850,38.440,30.290,0.717,17.357,17.758,0.519,0.745,492.800,697.600,1.416,9.007,13.234,0.567,0.814,21.137,21.577,0.752,0.753,9.008,13.230,0.189,9.672,10.034,0.018,4155.000,54.518,41.350,9.672,51.384,ON,Clear with late haze; Hybrid loop operating; Ceff=1.42x
23,08:11:00,28.910,47.240,45.230,39.610,38.200,30.300,0.718,17.336,17.772,0.519,0.746,493.100,698.500,1.417,9.000,13.265,0.567,0.816,21.114,21.592,0.752,0.753,8.997,13.258,0.189,9.654,10.043,0.018,4155.000,54.594,41.354,9.654,51.397,ON,Clear with late haze; Hybrid loop operating; Ceff=1.42x
24,08:11:30,28.930,47.560,45.560,39.400,37.990,30.300,0.720,17.317,17.785,0.519,0.748,493.500,699.600,1.417,8.995,13.297,0.568,0.817,21.093,21.606,0.751,0.753,8.988,13.303,0.189,9.636,10.061,0.018,4155.000,54.746,41.404,9.636,51.465,ON,Clear with late haze; Hybrid loop operating; Ceff=1.42x
25,08:12:00,28.960,47.850,45.860,39.200,37.810,30.310,0.721,17.299,17.796,0.520,0.749,494.300,701.100,1.418,8.998,13.337,0.568,0.819,21.074,21.619,0.752,0.753,8.995,13.329,0.189,9.629,10.059,0.018,4155.000,54.822,41.373,9.629,51.432,ON,Clear with late haze; Hybrid loop operating; Ceff=1.42x
26,08:12:30,28.980,48.120,46.140,39.030,37.650,30.310,0.724,17.283,17.806,0.521,0.752,495.600,703.500,1.419,9.012,13.391,0.570,0.822,21.056,21.630,0.751,0.753,9.004,13.390,0.189,9.613,10.071,0.018,4155.000,55.050,41.403,9.613,51.474,ON,Clear with late haze; Hybrid loop operating; Ceff=1.42x
27,08:13:00,29.010,48.380,46.410,38.880,37.510,30.320,0.728,17.267,17.815,0.523,0.756,497.600,706.700,1.420,9.037,13.460,0.572,0.826,21.039,21.639,0.751,0.753,9.031,13.468,0.189,9.602,10.083,0.018,4155.000,55.355,41.444,9.602,51.527,ON,Clear with late haze; Hybrid loop operating; Ceff=1.42x
28,08:13:30,29.030,48.630,46.670,38.760,37.390,30.330,0.733,17.252,17.822,0.526,0.760,500.100,710.800,1.421,9.073,13.544,0.575,0.831,21.022,21.647,0.751,0.753,9.075,13.545,0.189,9.601,10.082,0.018,4155.000,55.735,41.487,9.601,51.570,ON,Clear with late haze; Hybrid loop operating; Ceff=1.42x
29,08:14:00,29.060,48.890,46.930,38.670,37.300,30.330,0.739,17.236,17.827,0.529,0.765,503.100,715.500,1.422,9.118,13.640,0.578,0.836,21.005,21.653,0.751,0.754,9.118,13.638,0.189,9.589,10.085,0.018,4155.000,56.191,41.552,9.589,51.637,ON,Clear with late haze; Hybrid loop operating; Ceff=1.42x
30,08:14:30,29.080,49.140,47.200,38.600,37.230,30.340,0.745,17.221,17.831,0.532,0.771,506.400,720.700,1.423,9.167,13.742,0.582,0.842,20.988,21.657,0.750,0.754,9.162,13.748,0.189,9.572,10.093,0.018,4155.000,56.647,41.587,9.572,51.680,ON,Clear with late haze; Hybrid loop operating; Ceff=1.42x
31,08:15:00,29.110,49.410,47.460,38.550,37.190,30.350,0.752,17.205,17.834,0.536,0.776,509.700,725.800,1.424,9.216,13.843,0.585,0.848,20.971,21.660,0.751,0.754,9.222,13.839,0.189,9.573,10.089,0.018,4155.000,57.179,41.683,9.573,51.772,ON,Clear with late haze; Hybrid loop operating; Ceff=1.42x
32,08:15:30,29.140,49.680,47.730,38.530,37.170,30.350,0.757,17.189,17.835,0.539,0.781,512.700,730.600,1.425,9.260,13.935,0.589,0.854,20.953,21.661,0.750,0.753,9.265,13.929,0.189,9.561,10.087,0.018,4155.000,57.560,41.685,9.561,51.772,ON,Clear with late haze; Hybrid loop operating; Ceff=1.42x
33,08:16:00,29.170,49.960,48.010,38.530,37.160,30.360,0.762,17.172,17.835,0.541,0.786,515.300,734.700,1.426,9.295,14.014,0.592,0.859,20.935,21.662,0.750,0.753,9.290,14.018,0.189,9.539,10.095,0.018,4155.000,57.940,41.726,9.539,51.821,ON,Clear with late haze; Hybrid loop operating; Ceff=1.43x
34,08:16:30,29.190,50.250,48.280,38.550,37.180,30.370,0.767,17.156,17.834,0.543,0.789,517.200,738.000,1.427,9.319,14.076,0.594,0.863,20.917,21.661,0.750,0.753,9.316,14.071,0.189,9.530,10.088,0.018,4155.000,58.320,41.812,9.530,51.900,ON,Clear with late haze; Hybrid loop operating; Ceff=1.43x
35,08:17:00,29.220,50.530,48.550,38.580,37.200,30.380,0.770,17.139,17.833,0.545,0.792,518.600,740.500,1.428,9.333,14.121,0.595,0.865,20.899,21.659,0.751,0.754,9.341,14.124,0.189,9.530,10.092,0.018,4155.000,58.548,41.834,9.530,51.925,ON,Clear with late haze; Hybrid loop operating; Ceff=1.43x
36,08:17:30,29.250,50.810,48.820,38.620,37.230,30.390,0.772,17.123,17.831,0.545,0.794,519.500,742.200,1.429,9.337,14.152,0.596,0.867,20.881,21.657,0.750,0.754,9.332,14.158,0.189,9.504,10.093,0.018,4155.000,58.700,41.846,9.504,51.939,ON,Clear with late haze; Hybrid loop operating; Ceff=1.43x
37,08:18:00,29.280,51.070,49.070,38.660,37.260,30.390,0.773,17.108,17.829,0.546,0.795,520.000,743.400,1.430,9.336,14.174,0.596,0.869,20.864,21.654,0.751,0.753,9.341,14.174,0.189,9.504,10.088,0.018,4155.000,58.776,41.833,9.504,51.921,ON,Clear with late haze; Hybrid loop operating; Ceff=1.43x
38,08:18:30,29.310,51.320,49.310,38.700,37.290,30.400,0.775,17.093,17.826,0.546,0.796,520.500,744.600,1.431,9.335,14.194,0.597,0.870,20.848,21.652,0.750,0.754,9.333,14.189,0.189,9.487,10.083,0.018,4155.000,58.928,41.873,9.487,51.956,ON,Clear with late haze; Hybrid loop operating; Ceff=1.43x
39,08:19:00,29.340,51.540,49.530,38.740,37.320,30.410,0.776,17.080,17.824,0.547,0.798,521.100,746.000,1.432,9.338,14.219,0.597,0.872,20.834,21.650,0.751,0.753,9.343,14.224,0.189,9.486,10.088,0.018,4155.000,59.004,41.849,9.486,51.937,ON,Clear with late haze; Hybrid loop operating; Ceff=1.43x
40,08:19:30,29.370,51.750,49.730,38.770,37.350,30.420,0.779,17.068,17.822,0.548,0.800,522.200,748.000,1.432,9.349,14.256,0.599,0.874,20.821,21.648,0.750,0.753,9.353,14.258,0.189,9.477,10.085,0.018,4155.000,59.232,41.898,9.477,51.983,ON,Clear with late haze; Hybrid loop operating; Ceff=1.43x
41,08:20:00,29.400,51.930,49.910,38.800,37.380,30.430,0.782,17.057,17.821,0.549,0.803,523.900,750.900,1.433,9.371,14.308,0.600,0.877,20.809,21.646,0.751,0.754,9.364,14.310,0.189,9.457,10.083,0.018,4155.000,59.461,41.897,9.457,51.981,ON,Clear with late haze; Hybrid loop operating; Ceff=1.43x
42,08:20:30,29.430,52.090,50.070,38.820,37.410,30.440,0.787,17.048,17.819,0.552,0.807,526.100,754.600,1.434,9.405,14.378,0.603,0.882,20.798,21.644,0.750,0.753,9.410,14.380,0.189,9.464,10.083,0.018,4155.000,59.841,41.958,9.464,52.041,ON,Clear with late haze; Hybrid loop operating; Ceff=1.43x
43,08:21:00,29.460,52.230,50.220,38.840,37.430,30.450,0.793,17.039,17.818,0.555,0.812,529.000,759.200,1.435,9.450,14.463,0.606,0.887,20.789,21.643,0.750,0.753,9.457,14.468,0.189,9.458,10.083,0.018,4155.000,60.297,42.022,9.458,52.105,ON,Clear with late haze; Hybrid loop operating; Ceff=1.44x
44,08:21:30,29.490,52.360,50.350,38.860,37.450,30.460,0.799,17.031,17.817,0.558,0.817,532.200,764.300,1.436,9.502,14.560,0.610,0.893,20.780,21.642,0.750,0.753,9.503,14.556,0.189,9.448,10.077,0.018,4155.000,60.753,42.057,9.448,52.134,ON,Clear with late haze; Hybrid loop operating; Ceff=1.44x
45,08:22:00,29.520,52.470,50.470,38.870,37.470,30.470,0.806,17.024,17.816,0.561,0.823,535.500,769.600,1.437,9.557,14.660,0.614,0.899,20.773,21.641,0.749,0.754,9.550,14.663,0.189,9.436,10.081,0.018,4155.000,61.285,42.134,9.436,52.214,ON,Clear with late haze; Hybrid loop operating; Ceff=1.44x
46,08:22:30,29.560,52.580,50.590,38.890,37.490,30.480,0.812,17.017,17.815,0.565,0.828,538.800,774.800,1.438,9.610,14.757,0.617,0.905,20.765,21.639,0.750,0.754,9.615,14.751,0.189,9.442,10.073,0.018,4155.000,61.742,42.163,9.442,52.236,ON,Clear with late haze; Hybrid loop operating; Ceff=1.44x
47,08:23:00,29.590,52.690,50.710,38.900,37.520,30.490,0.818,17.011,17.814,0.568,0.833,541.700,779.400,1.439,9.657,14.844,0.620,0.911,20.758,21.638,0.750,0.753,9.662,14.839,0.189,9.438,10.074,0.018,4155.000,62.198,42.223,9.438,52.297,ON,Clear with late haze; Hybrid loop operating; Ceff=1.44x
48,08:23:30,29.620,52.800,50.830,38.930,37.550,30.500,0.823,17.004,17.812,0.570,0.837,544.000,783.300,1.440,9.694,14.917,0.623,0.915,20.750,21.636,0.750,0.754,9.692,14.909,0.189,9.427,10.070,0.018,4155.000,62.578,42.270,9.427,52.340,ON,Clear with late haze; Hybrid loop operating; Ceff=1.44x
49,08:24:00,29.650,52.920,50.950,38.960,37.590,30.510,0.827,16.997,17.810,0.572,0.841,545.700,786.300,1.441,9.719,14.971,0.625,0.919,20.743,21.634,0.750,0.753,9.722,14.978,0.189,9.427,10.079,0.018,4155.000,62.882,42.313,9.427,52.392,ON,Clear with late haze; Hybrid loop operating; Ceff=1.44x
50,08:24:30,29.680,53.040,51.080,39.000,37.630,30.520,0.829,16.989,17.807,0.573,0.843,546.900,788.400,1.442,9.734,15.010,0.626,0.921,20.734,21.631,0.750,0.753,9.735,15.011,0.189,9.418,10.074,0.018,4155.000,63.034,42.303,9.418,52.377,ON,Clear with late haze; Hybrid loop operating; Ceff=1.44x
51,08:25:00,29.710,53.180,51.220,39.050,37.680,30.540,0.831,16.981,17.805,0.574,0.844,547.500,789.900,1.443,9.740,15.035,0.627,0.923,20.725,21.628,0.750,0.753,9.747,15.027,0.189,9.420,10.066,0.018,4155.000,63.186,42.324,9.420,52.390,ON,Clear with late haze; Hybrid loop operating; Ceff=1.44x
52,08:25:30,29.740,53.330,51.360,39.110,37.730,30.550,0.833,16.972,17.801,0.574,0.846,548.000,791.000,1.444,9.741,15.052,0.627,0.924,20.716,21.624,0.750,0.753,9.742,15.060,0.189,9.406,10.073,0.018,4155.000,63.338,42.367,9.406,52.441,ON,Clear with late haze; Hybrid loop operating; Ceff=1.44x
53,08:26:00,29.770,53.480,51.510,39.170,37.800,30.560,0.834,16.963,17.797,0.574,0.847,548.400,792.200,1.445,9.743,15.070,0.628,0.925,20.706,21.620,0.749,0.754,9.737,15.074,0.189,9.394,10.068,0.018,4155.000,63.414,42.354,9.394,52.421,ON,Clear with late haze; Hybrid loop operating; Ceff=1.44x
54,08:26:30,29.800,53.650,51.670,39.250,37.860,30.570,0.836,16.954,17.793,0.575,0.848,549.100,793.700,1.445,9.748,15.095,0.628,0.927,20.695,21.615,0.750,0.753,9.749,15.088,0.189,9.393,10.058,0.018,4155.000,63.567,42.375,9.393,52.433,ON,Clear with late haze; Hybrid loop operating; Ceff=1.45x
55,08:27:00,29.830,53.820,51.830,39.330,37.940,30.580,0.839,16.944,17.789,0.576,0.851,550.300,795.900,1.446,9.762,15.133,0.630,0.930,20.684,21.610,0.749,0.753,9.760,15.138,0.189,9.384,10.064,0.018,4155.000,63.795,42.410,9.384,52.473,ON,Clear with late haze; Hybrid loop operating; Ceff=1.45x
56,08:27:30,29.870,54.000,52.000,39.410,38.010,30.600,0.843,16.933,17.784,0.578,0.854,552.100,799.000,1.447,9.787,15.186,0.632,0.933,20.673,21.605,0.749,0.753,9.787,15.188,0.189,9.380,10.057,0.018,4155.000,64.099,42.446,9.380,52.504,ON,Clear with late haze; Hybrid loop operating; Ceff=1.45x
57,08:28:00,29.900,54.180,52.160,39.500,38.090,30.610,0.848,16.923,17.779,0.580,0.858,554.400,803.000,1.448,9.821,15.256,0.634,0.938,20.662,21.600,0.750,0.753,9.815,15.254,0.189,9.367,10.051,0.018,4155.000,64.479,42.485,9.367,52.537,ON,Clear with late haze; Hybrid loop operating; Ceff=1.45x
58,08:28:30,29.930,54.350,52.320,39.590,38.170,30.620,0.854,16.913,17.774,0.583,0.863,557.300,807.600,1.449,9.865,15.339,0.637,0.943,20.651,21.595,0.750,0.753,9.860,15.339,0.189,9.361,10.049,0.018,4155.000,64.935,42.542,9.361,52.592,ON,Clear with late haze; Hybrid loop operating; Ceff=1.45x
59,08:29:00,29.950,54.510,52.470,39.670,38.240,30.640,0.860,16.904,17.769,0.586,0.868,560.400,812.700,1.450,9.914,15.431,0.641,0.949,20.641,21.589,0.749,0.753,9.906,15.423,0.189,9.352,10.041,0.018,4155.000,65.391,42.572,9.352,52.614,ON,Clear with late haze; Hybrid loop operating; Ceff=1.45x
60,08:29:30,29.980,54.660,52.620,39.740,38.310,30.650,0.867,16.896,17.765,0.590,0.874,563.600,817.800,1.451,9.964,15.523,0.645,0.955,20.631,21.585,0.749,0.753,9.969,15.527,0.189,9.358,10.045,0.018,4155.000,65.924,42.651,9.358,52.697,ON,Clear with late haze; Hybrid loop operating; Ceff=1.45x
61,08:30:00,30.010,54.790,52.740,39.810,38.380,30.660,0.873,16.888,17.761,0.593,0.879,566.600,822.600,1.452,10.010,15.611,0.648,0.961,20.623,21.580,0.749,0.753,10.015,15.612,0.189,9.352,10.042,0.018,4155.000,66.380,42.696,9.352,52.738,ON,Clear with late haze; Hybrid loop operating; Ceff=1.45x
62,08:30:30,30.040,54.900,52.860,39.870,38.440,30.670,0.878,16.881,17.758,0.595,0.883,569.100,826.800,1.453,10.050,15.686,0.651,0.965,20.616,21.577,0.749,0.753,10.044,15.680,0.189,9.338,10.034,0.018,4155.000,66.760,42.722,9.338,52.757,ON,Clear with late haze; Hybrid loop operating; Ceff=1.45x
63,08:31:00,30.070,55.000,52.960,39.920,38.490,30.690,0.882,16.875,17.755,0.597,0.887,571.000,830.100,1.454,10.079,15.746,0.653,0.969,20.609,21.573,0.749,0.753,10.074,15.749,0.189,9.335,10.038,0.018,4155.000,67.064,42.746,9.335,52.784,ON,Clear with late haze; Hybrid loop operating; Ceff=1.45x
64,08:31:30,30.100,55.070,53.040,39.950,38.530,30.700,0.885,16.871,17.752,0.599,0.889,572.300,832.500,1.455,10.098,15.788,0.654,0.972,20.604,21.571,0.749,0.753,10.106,15.782,0.189,9.343,10.030,0.018,4155.000,67.292,42.768,9.343,52.798,ON,Clear with late haze; Hybrid loop operating; Ceff=1.45x
65,08:32:00,30.120,55.140,53.110,39.980,38.560,30.720,0.887,16.867,17.751,0.599,0.891,573.000,834.100,1.456,10.108,15.816,0.655,0.974,20.600,21.569,0.749,0.753,10.103,15.816,0.189,9.329,10.033,0.018,4155.000,67.444,42.782,9.329,52.815,ON,Clear with late haze; Hybrid loop operating; Ceff=1.46x
66,08:32:30,30.150,55.190,53.170,40.000,38.590,30.730,0.889,16.863,17.749,0.600,0.892,573.400,835.100,1.457,10.111,15.834,0.655,0.975,20.596,21.567,0.749,0.753,10.118,15.832,0.189,9.336,10.031,0.018,4155.000,67.596,42.828,9.336,52.858,ON,Clear with late haze; Hybrid loop operating; Ceff=1.46x
67,08:33:00,30.180,55.230,53.230,40.020,38.620,30.740,0.890,16.860,17.748,0.600,0.893,573.500,835.900,1.457,10.112,15.847,0.655,0.976,20.593,21.566,0.750,0.753,10.116,15.849,0.189,9.333,10.032,0.018,4155.000,67.672,42.835,9.333,52.867,ON,Clear with late haze; Hybrid loop operating; Ceff=1.46x
68,08:33:30,30.200,55.280,53.290,40.040,38.650,30.760,0.891,16.857,17.746,0.600,0.894,573.800,836.800,1.458,10.115,15.864,0.656,0.977,20.589,21.564,0.749,0.753,10.114,15.865,0.189,9.326,10.031,0.018,4155.000,67.749,42.837,9.326,52.868,ON,Clear with late haze; Hybrid loop operating; Ceff=1.46x
69,08:34:00,30.230,55.330,53.350,40.070,38.680,30.770,0.893,16.854,17.745,0.601,0.895,574.500,838.300,1.459,10.124,15.890,0.657,0.979,20.585,21.562,0.749,0.753,10.129,15.882,0.189,9.329,10.024,0.018,4155.000,67.901,42.856,9.329,52.880,ON,Clear with late haze; Hybrid loop operating; Ceff=1.46x
70,08:34:30,30.250,55.400,53.420,40.100,38.710,30.790,0.896,16.850,17.743,0.602,0.898,575.700,840.600,1.460,10.142,15.930,0.658,0.981,20.581,21.560,0.749,0.753,10.144,15.933,0.189,9.323,10.029,0.018,4155.000,68.129,42.882,9.323,52.911,ON,Clear with late haze; Hybrid loop operating; Ceff=1.46x
71,08:35:00,30.280,55.480,53.500,40.140,38.760,30.800,0.900,16.845,17.740,0.604,0.901,577.400,843.700,1.461,10.170,15.987,0.660,0.985,20.576,21.557,0.749,0.753,10.174,15.984,0.189,9.323,10.024,0.018,4155.000,68.433,42.916,9.323,52.939,ON,Clear with late haze; Hybrid loop operating; Ceff=1.46x
72,08:35:30,30.300,55.570,53.590,40.190,38.810,30.810,0.905,16.839,17.737,0.606,0.905,579.800,847.700,1.462,10.207,16.059,0.662,0.989,20.570,21.554,0.750,0.753,10.204,16.052,0.189,9.312,10.019,0.018,4155.000,68.813,42.950,9.312,52.969,ON,Clear with late haze; Hybrid loop operating; Ceff=1.46x
73,08:36:00,30.320,55.690,53.700,40.260,38.870,30.830,0.911,16.833,17.733,0.609,0.910,582.600,852.300,1.463,10.251,16.141,0.666,0.995,20.562,21.550,0.749,0.753,10.251,16.137,0.189,9.310,10.018,0.018,4155.000,69.269,43.002,9.310,53.019,ON,Clear with late haze; Hybrid loop operating; Ceff=1.46x
74,08:36:30,30.350,55.820,53.820,40.330,38.940,30.840,0.917,16.825,17.729,0.612,0.915,585.500,857.100,1.464,10.297,16.229,0.669,1.000,20.554,21.545,0.749,0.753,10.297,16.222,0.189,9.305,10.014,0.018,4155.000,69.725,43.043,9.305,53.057,ON,Clear with late haze; Hybrid loop operating; Ceff=1.46x
75,08:37:00,30.370,55.960,53.950,40.410,39.010,30.850,0.923,16.817,17.724,0.615,0.920,588.500,861.900,1.465,10.342,16.315,0.672,1.006,20.545,21.540,0.749,0.753,10.342,16.306,0.189,9.299,10.010,0.018,4155.000,70.182,43.083,9.299,53.093,ON,Clear with late haze; Hybrid loop operating; Ceff=1.46x
76,08:37:30,30.390,56.100,54.090,40.500,39.090,30.870,0.929,16.809,17.720,0.618,0.925,591.000,866.300,1.466,10.381,16.391,0.675,1.011,20.536,21.535,0.749,0.753,10.388,16.391,0.189,9.300,10.011,0.018,4155.000,70.638,43.143,9.300,53.154,ON,Clear with late haze; Hybrid loop operating; Ceff=1.47x
77,08:38:00,30.410,56.250,54.230,40.580,39.170,30.880,0.934,16.800,17.715,0.620,0.929,593.100,869.900,1.467,10.411,16.454,0.677,1.015,20.527,21.529,0.749,0.753,10.416,16.457,0.189,9.292,10.010,0.018,4155.000,71.018,43.195,9.292,53.205,ON,Clear with late haze; Hybrid loop operating; Ceff=1.47x
78,08:38:30,30.430,56.390,54.360,40.670,39.240,30.890,0.937,16.792,17.710,0.621,0.932,594.600,872.600,1.467,10.431,16.499,0.679,1.018,20.518,21.524,0.749,0.753,10.428,16.506,0.189,9.279,10.008,0.018,4155.000,71.246,43.200,9.279,53.208,ON,Clear with late haze; Hybrid loop operating; Ceff=1.47x
79,08:39:00,30.450,56.520,54.480,40.740,39.310,30.910,0.939,16.784,17.706,0.622,0.934,595.500,874.400,1.468,10.440,16.529,0.680,1.020,20.510,21.520,0.749,0.753,10.440,16.537,0.189,9.276,10.007,0.018,4155.000,71.398,43.203,9.276,53.210,ON,Clear with late haze; Hybrid loop operating; Ceff=1.47x
80,08:39:30,30.470,56.640,54.590,40.810,39.370,30.920,0.941,16.778,17.702,0.622,0.935,595.800,875.500,1.469,10.441,16.545,0.680,1.021,20.502,21.516,0.749,0.753,10.436,16.551,0.189,9.268,10.003,0.018,4155.000,71.550,43.241,9.268,53.243,ON,Clear with late haze; Hybrid loop operating; Ceff=1.47x
81,08:40:00,30.490,56.730,54.680,40.860,39.420,30.930,0.942,16.772,17.699,0.622,0.935,595.900,876.100,1.470,10.439,16.554,0.680,1.022,20.497,21.512,0.749,0.753,10.432,16.549,0.189,9.263,9.994,0.018,4155.000,71.626,43.257,9.263,53.251,ON,Clear with late haze; Hybrid loop operating; Ceff=1.47x
82,08:40:30,30.510,56.800,54.750,40.900,39.460,30.950,0.942,16.768,17.697,0.622,0.936,595.900,876.700,1.471,10.436,16.562,0.680,1.023,20.492,21.510,0.749,0.753,10.430,16.564,0.189,9.261,9.997,0.018,4155.000,71.626,43.228,9.261,53.224,ON,Clear with late haze; Hybrid loop operating; Ceff=1.47x
83,08:41:00,30.520,56.850,54.810,40.920,39.490,30.960,0.944,16.765,17.695,0.623,0.937,596.200,877.600,1.472,10.438,16.578,0.680,1.024,20.488,21.508,0.749,0.753,10.445,16.580,0.189,9.269,9.996,0.018,4155.000,71.778,43.275,9.269,53.271,ON,Clear with late haze; Hybrid loop operating; Ceff=1.47x
84,08:41:30,30.540,56.890,54.850,40.940,39.510,30.970,0.946,16.763,17.694,0.623,0.939,596.900,879.200,1.473,10.449,16.606,0.681,1.026,20.486,21.506,0.749,0.753,10.443,16.615,0.189,9.257,9.999,0.018,4155.000,71.931,43.288,9.257,53.286,ON,Clear with late haze; Hybrid loop operating; Ceff=1.47x
85,08:42:00,30.560,56.910,54.880,40.950,39.530,30.990,0.949,16.761,17.693,0.625,0.941,598.200,881.700,1.474,10.470,16.652,0.683,1.029,20.484,21.506,0.748,0.752,10.476,16.649,0.189,9.266,9.991,0.018,4155.000,72.159,43.302,9.266,53.293,ON,Clear with late haze; Hybrid loop operating; Ceff=1.47x
86,08:42:30,30.570,56.920,54.910,40.960,39.540,31.000,0.953,16.760,17.692,0.627,0.945,600.100,885.000,1.475,10.503,16.714,0.685,1.032,20.483,21.505,0.749,0.753,10.509,16.719,0.189,9.265,9.995,0.018,4155.000,72.463,43.322,9.265,53.318,ON,Clear with late haze; Hybrid loop operating; Ceff=1.47x
87,08:43:00,30.590,56.940,54.930,40.960,39.560,31.010,0.959,16.759,17.692,0.629,0.949,602.600,889.200,1.476,10.544,16.792,0.688,1.037,20.482,21.504,0.748,0.753,10.541,16.790,0.189,9.256,9.990,0.018,4155.000,72.919,43.389,9.256,53.379,ON,Clear with late haze; Hybrid loop operating; Ceff=1.48x
88,08:43:30,30.600,56.950,54.960,40.970,39.570,31.020,0.965,16.758,17.691,0.632,0.954,605.400,893.800,1.477,10.592,16.879,0.691,1.043,20.480,21.504,0.748,0.753,10.591,16.877,0.189,9.256,9.991,0.018,4155.000,73.375,43.436,9.256,53.427,ON,Clear with late haze; Hybrid loop operating; Ceff=1.48x
89,08:44:00,30.620,56.980,54.990,40.980,39.590,31.030,0.971,16.756,17.690,0.635,0.959,608.300,898.700,1.477,10.642,16.970,0.694,1.048,20.478,21.502,0.749,0.753,10.640,16.965,0.189,9.255,9.988,0.018,4155.000,73.831,43.468,9.255,53.455,ON,Clear with late haze; Hybrid loop operating; Ceff=1.48x
90,08:44:30,30.630,57.020,55.040,41.010,39.620,31.050,0.977,16.753,17.688,0.638,0.964,611.100,903.300,1.478,10.688,17.056,0.697,1.054,20.475,21.501,0.749,0.753,10.688,17.051,0.189,9.254,9.988,0.018,4155.000,74.288,43.513,9.254,53.501,ON,Clear with late haze; Hybrid loop operating; Ceff=1.48x
91,08:45:00,30.650,57.080,55.100,41.040,39.660,31.060,0.983,16.750,17.686,0.640,0.969,613.400,907.400,1.479,10.727,17.130,0.700,1.059,20.471,21.498,0.749,0.752,10.720,17.138,0.189,9.247,9.993,0.018,4155.000,74.744,43.583,9.247,53.576,ON,Clear with late haze; Hybrid loop operating; Ceff=1.48x
92,08:45:30,30.660,57.150,55.170,41.080,39.700,31.070,0.987,16.745,17.684,0.642,0.972,615.300,910.700,1.480,10.756,17.189,0.702,1.062,20.467,21.496,0.749,0.753,10.750,17.189,0.189,9.244,9.986,0.018,4155.000,75.048,43.602,9.244,53.588,ON,Clear with late haze; Hybrid loop operating; Ceff=1.48x
93,08:46:00,30.670,57.240,55.260,41.130,39.750,31.080,0.990,16.740,17.681,0.644,0.974,616.500,913.100,1.481,10.773,17.230,0.703,1.065,20.461,21.493,0.749,0.753,10.781,17.221,0.189,9.252,9.979,0.018,4155.000,75.276,43.619,9.252,53.598,ON,Clear with late haze; Hybrid loop operating; Ceff=1.48x
94,08:46:30,30.690,57.340,55.350,41.190,39.800,31.090,0.992,16.734,17.678,0.644,0.976,617.200,914.600,1.482,10.780,17.255,0.704,1.067,20.455,21.489,0.749,0.753,10.777,17.254,0.189,9.238,9.981,0.018,4155.000,75.428,43.636,9.238,53.617,ON,Clear with late haze; Hybrid loop operating; Ceff=1.48x
95,08:47:00,30.700,57.440,55.450,41.250,39.860,31.100,0.993,16.728,17.674,0.644,0.977,617.400,915.500,1.483,10.779,17.268,0.704,1.068,20.448,21.485,0.749,0.753,10.773,17.267,0.189,9.232,9.980,0.018,4155.000,75.504,43.637,9.232,53.616,ON,Clear with late haze; Hybrid loop operating; Ceff=1.48x
96,08:47:30,30.710,57.560,55.560,41.320,39.920,31.110,0.994,16.722,17.671,0.644,0.978,617.500,916.200,1.484,10.775,17.276,0.704,1.069,20.441,21.481,0.749,0.752,10.769,17.282,0.189,9.227,9.980,0.018,4155.000,75.580,43.647,9.227,53.628,ON,Clear with late haze; Hybrid loop operating; Ceff=1.48x
97,08:48:00,30.720,57.670,55.660,41.380,39.970,31.120,0.995,16.715,17.667,0.644,0.978,617.600,916.900,1.485,10.773,17.286,0.704,1.069,20.434,21.477,0.749,0.753,10.764,17.278,0.189,9.222,9.971,0.018,4155.000,75.656,43.658,9.222,53.628,ON,Clear with late haze; Hybrid loop operating; Ceff=1.48x
98,08:48:30,30.730,57.780,55.760,41.440,40.030,31.130,0.997,16.709,17.664,0.645,0.980,618.100,918.200,1.486,10.776,17.306,0.705,1.071,20.427,21.473,0.748,0.753,10.777,17.311,0.189,9.225,9.975,0.018,4155.000,75.808,43.684,9.225,53.659,ON,Clear with late haze; Hybrid loop operating; Ceff=1.49x
99,08:49:00,30.750,57.880,55.850,41.500,40.080,31.140,1.000,16.704,17.660,0.646,0.982,619.100,920.200,1.486,10.789,17.341,0.706,1.073,20.421,21.470,0.748,0.753,10.791,17.342,0.189,9.222,9.971,0.018,4155.000,76.037,43.720,9.222,53.691,ON,Clear with late haze; Hybrid loop operating; Ceff=1.49x
100,08:49:30,30.760,57.960,55.930,41.550,40.120,31.150,1.004,16.699,17.658,0.648,0.985,620.700,923.200,1.487,10.813,17.393,0.708,1.077,20.416,21.467,0.748,0.752,10.821,17.393,0.189,9.224,9.968,0.018,4155.000,76.341,43.752,9.224,53.720,ON,Clear with late haze; Hybrid loop operating; Ceff=1.49x
101,08:50:00,30.770,58.040,56.000,41.590,40.160,31.160,1.009,16.694,17.655,0.650,0.989,623.000,927.100,1.488,10.849,17.463,0.710,1.081,20.411,21.464,0.749,0.753,10.851,17.461,0.189,9.216,9.965,0.018,4155.000,76.721,43.785,9.216,53.750,ON,Clear with late haze; Hybrid loop operating; Ceff=1.49x
102,08:50:30,30.780,58.090,56.060,41.620,40.200,31.160,1.015,16.691,17.653,0.653,0.994,625.700,931.700,1.489,10.893,17.547,0.713,1.086,20.407,21.462,0.749,0.753,10.899,17.547,0.189,9.217,9.965,0.018,4155.000,77.177,43.828,9.217,53.793,ON,Clear with late haze; Hybrid loop operating; Ceff=1.49x
103,08:51:00,30.790,58.140,56.110,41.650,40.220,31.170,1.022,16.688,17.652,0.656,0.999,628.700,936.700,1.490,10.943,17.640,0.717,1.092,20.404,21.460,0.748,0.753,10.947,17.634,0.189,9.213,9.961,0.018,4155.000,77.709,43.895,9.213,53.855,ON,Clear with late haze; Hybrid loop operating; Ceff=1.49x
104,08:51:30,30.800,58.170,56.140,41.660,40.250,31.180,1.028,16.686,17.650,0.659,1.005,631.700,941.700,1.491,10.994,17.733,0.720,1.098,20.402,21.459,0.748,0.753,10.996,17.738,0.189,9.210,9.966,0.018,4155.000,78.166,43.918,9.210,53.884,ON,Clear with late haze; Hybrid loop operating; Ceff=1.49x
105,08:52:00,30.810,58.190,56.170,41.680,40.260,31.190,1.035,16.685,17.649,0.662,1.010,634.500,946.400,1.492,11.041,17.821,0.723,1.104,20.400,21.458,0.749,0.752,11.045,17.825,0.189,9.211,9.966,0.018,4155.000,78.698,43.997,9.211,53.963,ON,Clear with late haze; Hybrid loop operating; Ceff=1.49x
106,08:52:30,30.830,58.200,56.200,41.680,40.280,31.190,1.040,16.684,17.649,0.664,1.014,636.800,950.500,1.493,11.081,17.896,0.726,1.108,20.399,21.457,0.748,0.753,11.078,17.896,0.189,9.205,9.962,0.018,4155.000,79.078,44.019,9.205,53.981,ON,Clear with late haze; Hybrid loop operating; Ceff=1.49x
107,08:53:00,30.840,58.210,56.220,41.690,40.290,31.200,1.044,16.683,17.648,0.666,1.017,638.500,953.600,1.494,11.110,17.955,0.728,1.112,20.398,21.457,0.748,0.753,11.111,17.948,0.189,9.207,9.958,0.018,4155.000,79.382,44.045,9.207,54.003,ON,Clear with late haze; Hybrid loop operating; Ceff=1.49x
108,08:53:30,30.850,58.210,56.240,41.690,40.310,31.210,1.047,16.682,17.648,0.667,1.020,639.700,955.900,1.494,11.129,17.997,0.729,1.115,20.397,21.456,0.748,0.752,11.127,18.001,0.189,9.203,9.964,0.018,4155.000,79.610,44.065,9.203,54.029,ON,Clear with late haze; Hybrid loop operating; Ceff=1.49x
109,08:54:00,30.860,58.230,56.260,41.700,40.320,31.210,1.049,16.681,17.647,0.668,1.021,640.300,957.400,1.495,11.139,18.024,0.730,1.116,20.396,21.455,0.748,0.753,11.143,18.018,0.189,9.208,9.957,0.018,4155.000,79.762,44.080,9.208,54.037,ON,Clear with late haze; Hybrid loop operating; Ceff=1.5x
110,08:54:30,30.870,58.250,56.290,41.710,40.340,31.220,1.051,16.679,17.646,0.668,1.022,640.600,958.400,1.496,11.143,18.042,0.730,1.117,20.394,21.455,0.748,0.753,11.142,18.034,0.189,9.202,9.956,0.018,4155.000,79.914,44.118,9.202,54.074,ON,Clear with late haze; Hybrid loop operating; Ceff=1.5x
111,08:55:00,30.880,58.280,56.330,41.730,40.360,31.230,1.052,16.677,17.645,0.668,1.023,640.800,959.300,1.497,11.145,18.057,0.730,1.118,20.392,21.453,0.749,0.753,11.140,18.051,0.189,9.198,9.956,0.018,4155.000,79.990,44.119,9.198,54.075,ON,Clear with late haze; Hybrid loop operating; Ceff=1.5x
112,08:55:30,30.900,58.330,56.380,41.750,40.390,31.230,1.054,16.674,17.644,0.669,1.025,641.200,960.400,1.498,11.149,18.077,0.731,1.120,20.389,21.451,0.748,0.752,11.155,18.085,0.189,9.205,9.963,0.018,4155.000,80.142,44.152,9.205,54.115,ON,Clear with late haze; Hybrid loop operating; Ceff=1.5x
113,08:56:00,30.910,58.400,56.440,41.790,40.420,31.240,1.056,16.670,17.641,0.669,1.026,642.000,962.200,1.499,11.160,18.107,0.732,1.122,20.385,21.449,0.748,0.752,11.152,18.100,0.189,9.191,9.953,0.018,4155.000,80.295,44.153,9.191,54.106,ON,Clear with late haze; Hybrid loop operating; Ceff=1.5x
114,08:56:30,30.920,58.480,56.520,41.840,40.470,31.240,1.059,16.666,17.639,0.671,1.029,643.400,964.800,1.500,11.180,18.153,0.733,1.125,20.380,21.446,0.748,0.752,11.183,18.151,0.189,9.196,9.954,0.018,4155.000,80.523,44.159,9.196,54.113,ON,Clear with late haze; Hybrid loop operating; Ceff=1.5x
115,08:57:00,30.930,58.570,56.600,41.890,40.520,31.250,1.064,16.660,17.636,0.673,1.033,645.400,968.400,1.501,11.210,18.216,0.735,1.129,20.374,21.443,0.749,0.752,11.212,18.218,0.189,9.192,9.954,0.018,4155.000,80.903,44.203,9.192,54.156,ON,Clear with late haze; Hybrid loop operating; Ceff=1.5x
116,08:57:30,30.950,58.680,56.700,41.960,40.570,31.250,1.070,16.654,17.632,0.675,1.038,647.900,972.800,1.501,11.250,18.295,0.738,1.134,20.367,21.439,0.748,0.753,11.241,18.302,0.189,9.180,9.954,0.018,4155.000,81.359,44.251,9.180,54.205,ON,Clear with late haze; Hybrid loop operating; Ceff=1.5x
117,08:58:00,30.960,58.790,56.800,42.020,40.630,31.260,1.077,16.648,17.628,0.679,1.043,650.900,977.800,1.502,11.296,18.385,0.742,1.140,20.360,21.435,0.748,0.752,11.304,18.386,0.189,9.189,9.949,0.018,4155.000,81.891,44.312,9.189,54.261,ON,Clear with late haze; Hybrid loop operating; Ceff=1.5x
118,08:58:30,30.980,58.910,56.910,42.090,40.700,31.260,1.084,16.641,17.624,0.682,1.049,654.000,983.100,1.503,11.345,18.479,0.745,1.146,20.353,21.430,0.748,0.752,11.349,18.488,0.189,9.182,9.950,0.018,4155.000,82.424,44.360,9.182,54.310,ON,Clear with late haze; Hybrid loop operating; Ceff=1.5x
119,08:59:00,30.990,59.020,57.010,42.160,40.760,31.270,1.091,16.635,17.620,0.685,1.054,657.100,988.300,1.504,11.393,18.571,0.748,1.152,20.346,21.426,0.749,0.752,11.395,18.571,0.189,9.175,9.943,0.018,4155.000,82.956,44.412,9.175,54.354,ON,Clear with late haze; Hybrid loop operating; Ceff=1.5x
120,08:59:30,31.010,59.120,57.110,42.230,40.820,31.270,1.098,16.629,17.617,0.688,1.059,659.800,993.000,1.505,11.435,18.654,0.752,1.157,20.339,21.422,0.748,0.753,11.441,18.656,0.189,9.174,9.941,0.018,4155.000,83.488,44.485,9.174,54.426,ON,Clear with late haze; Hybrid loop operating; Ceff=1.5x
121,09:00:00,31.020,59.210,57.200,42.280,40.870,31.270,1.103,16.624,17.613,0.690,1.063,662.000,996.800,1.506,11.468,18.722,0.754,1.162,20.333,21.418,0.748,0.752,11.471,18.723,0.189,9.168,9.938,0.018,4155.000,83.868,44.517,9.168,54.455,ON,Clear with late haze; Hybrid loop operating; Ceff=1.51x
122,09:00:30,31.040,59.290,57.270,42.330,40.910,31.280,1.107,16.619,17.611,0.691,1.066,663.600,999.800,1.507,11.492,18.774,0.756,1.165,20.329,21.415,0.748,0.753,11.484,18.773,0.189,9.156,9.935,0.018,4155.000,84.172,44.545,9.156,54.480,ON,Clear with late haze; Hybrid loop operating; Ceff=1.51x
123,09:01:00,31.050,59.340,57.330,42.360,40.950,31.280,1.110,16.616,17.609,0.692,1.068,664.600,1001.800,1.508,11.506,18.810,0.757,1.167,20.325,21.413,0.748,0.753,11.498,18.806,0.189,9.154,9.933,0.018,4155.000,84.401,44.576,9.154,54.509,ON,Clear with late haze; Hybrid loop operating; Ceff=1.51x
124,09:01:30,31.070,59.380,57.370,42.390,40.980,31.290,1.112,16.614,17.607,0.693,1.070,665.100,1003.200,1.508,11.512,18.833,0.757,1.169,20.322,21.411,0.748,0.752,11.514,18.839,0.189,9.159,9.936,0.018,4155.000,84.553,44.594,9.159,54.530,ON,Clear with late haze; Hybrid loop operating; Ceff=1.51x
125,09:02:00,31.090,59.400,57.400,42.400,41.000,31.290,1.113,16.612,17.606,0.693,1.071,665.400,1004.200,1.509,11.516,18.850,0.758,1.170,20.321,21.410,0.748,0.753,11.512,18.856,0.189,9.154,9.935,0.018,4155.000,84.629,44.590,9.154,54.525,ON,Clear with late haze; Hybrid loop operating; Ceff=1.51x
126,09:02:30,31.100,59.410,57.420,42.410,41.010,31.290,1.114,16.611,17.605,0.693,1.072,665.600,1005.200,1.510,11.520,18.868,0.758,1.171,20.320,21.410,0.748,0.753,11.511,18.873,0.189,9.151,9.934,0.018,4155.000,84.705,44.585,9.151,54.519,ON,Clear with late haze; Hybrid loop operating; Ceff=1.51x
127,09:03:00,31.120,59.420,57.430,42.410,41.020,31.300,1.116,16.611,17.605,0.694,1.073,666.200,1006.500,1.511,11.528,18.893,0.759,1.173,20.319,21.409,0.747,0.752,11.528,18.890,0.189,9.156,9.930,0.018,4155.000,84.857,44.608,9.156,54.538,ON,Clear with late haze; Hybrid loop operating; Ceff=1.51x
128,09:03:30,31.140,59.420,57.450,42.420,41.040,31.300,1.119,16.610,17.605,0.695,1.075,667.200,1008.600,1.512,11.545,18.932,0.760,1.175,20.318,21.409,0.748,0.753,11.544,18.925,0.189,9.155,9.928,0.018,4155.000,85.085,44.635,9.155,54.563,ON,Clear with late haze; Hybrid loop operating; Ceff=1.51x
129,09:04:00,31.160,59.430,57.470,42.420,41.050,31.300,1.123,16.609,17.604,0.697,1.079,668.800,1011.600,1.513,11.572,18.987,0.761,1.179,20.317,21.408,0.748,0.752,11.576,18.995,0.189,9.158,9.935,0.018,4155.000,85.389,44.661,9.158,54.596,ON,Clear with late haze; Hybrid loop operating; Ceff=1.51x
130,09:04:30,31.180,59.450,57.500,42.440,41.070,31.300,1.129,16.608,17.603,0.699,1.083,670.900,1015.500,1.514,11.609,19.059,0.764,1.183,20.316,21.407,0.748,0.753,11.609,19.064,0.189,9.155,9.933,0.018,4155.000,85.845,44.727,9.155,54.660,ON,Clear with late haze; Hybrid loop operating; Ceff=1.51x
131,09:05:00,31.200,59.490,57.540,42.470,41.100,31.310,1.135,16.605,17.601,0.702,1.088,673.600,1020.100,1.514,11.653,19.144,0.767,1.189,20.313,21.405,0.748,0.752,11.657,19.150,0.189,9.156,9.933,0.018,4155.000,86.301,44.762,9.156,54.695,ON,Clear with late haze; Hybrid loop operating; Ceff=1.51x
132,09:05:30,31.220,59.550,57.600,42.510,41.140,31.310,1.142,16.602,17.599,0.705,1.093,676.600,1025.300,1.515,11.702,19.237,0.770,1.195,20.309,21.402,0.748,0.752,11.704,19.236,0.189,9.153,9.926,0.018,4155.000,86.834,44.810,9.153,54.737,ON,Clear with late haze; Hybrid loop operating; Ceff=1.52x
133,09:06:00,31.240,59.630,57.680,42.560,41.190,31.310,1.149,16.597,17.596,0.708,1.099,679.700,1030.500,1.516,11.751,19.330,0.774,1.201,20.304,21.399,0.748,0.752,11.751,19.338,0.189,9.147,9.929,0.018,4155.000,87.366,44.857,9.147,54.786,ON,Clear with late haze; Hybrid loop operating; Ceff=1.52x
134,09:06:30,31.260,59.730,57.770,42.620,41.250,31.310,1.156,16.591,17.592,0.711,1.104,682.500,1035.400,1.517,11.795,19.417,0.777,1.206,20.298,21.395,0.748,0.753,11.796,19.422,0.189,9.145,9.925,0.018,4155.000,87.898,44.917,9.145,54.842,ON,Clear with late haze; Hybrid loop operating; Ceff=1.52x
135,09:07:00,31.290,59.840,57.880,42.700,41.320,31.320,1.162,16.585,17.588,0.713,1.108,685.000,1039.600,1.518,11.831,19.491,0.780,1.211,20.291,21.390,0.748,0.752,11.825,19.488,0.189,9.134,9.918,0.018,4155.000,88.354,44.968,9.134,54.886,ON,Clear with late haze; Hybrid loop operating; Ceff=1.52x
136,09:07:30,31.310,59.970,57.990,42.780,41.390,31.320,1.167,16.578,17.583,0.715,1.112,686.800,1043.000,1.519,11.856,19.548,0.782,1.215,20.283,21.385,0.747,0.752,11.853,19.552,0.189,9.132,9.919,0.018,4155.000,88.735,45.014,9.132,54.933,ON,Clear with late haze; Hybrid loop operating; Ceff=1.52x
137,09:08:00,31.330,60.100,58.110,42.860,41.470,31.320,1.170,16.570,17.578,0.716,1.114,688.000,1045.400,1.519,11.870,19.586,0.783,1.218,20.275,21.380,0.748,0.752,11.864,19.582,0.189,9.124,9.911,0.018,4155.000,88.963,45.026,9.124,54.937,ON,Clear with late haze; Hybrid loop operating; Ceff=1.52x
138,09:08:30,31.360,60.220,58.220,42.940,41.540,31.330,1.172,16.563,17.574,0.717,1.116,688.600,1046.900,1.520,11.874,19.609,0.784,1.219,20.267,21.375,0.747,0.753,11.876,19.613,0.189,9.125,9.912,0.018,4155.000,89.115,45.038,9.125,54.951,ON,Clear with late haze; Hybrid loop operating; Ceff=1.52x
139,09:09:00,31.380,60.350,58.330,43.020,41.610,31.330,1.173,16.556,17.569,0.717,1.117,688.800,1047.900,1.521,11.872,19.620,0.784,1.220,20.259,21.370,0.747,0.753,11.871,19.625,0.189,9.118,9.909,0.018,4155.000,89.191,45.034,9.118,54.943,ON,Clear with late haze; Hybrid loop operating; Ceff=1.52x
140,09:09:30,31.410,60.460,58.430,43.090,41.670,31.330,1.174,16.550,17.565,0.717,1.117,688.900,1048.500,1.522,11.867,19.627,0.784,1.221,20.252,21.366,0.747,0.752,11.866,19.620,0.189,9.114,9.901,0.018,4155.000,89.267,45.046,9.114,54.947,ON,Clear with late haze; Hybrid loop operating; Ceff=1.52x
141,09:10:00,31.430,60.550,58.520,43.150,41.730,31.330,1.175,16.544,17.562,0.717,1.118,689.100,1049.300,1.523,11.865,19.638,0.784,1.222,20.247,21.362,0.747,0.752,11.862,19.634,0.189,9.108,9.900,0.018,4155.000,89.343,45.050,9.108,54.951,ON,Clear with late haze; Hybrid loop operating; Ceff=1.52x
142,09:10:30,31.460,60.630,58.600,43.200,41.780,31.340,1.177,16.540,17.559,0.718,1.120,689.600,1050.700,1.524,11.870,19.659,0.784,1.224,20.242,21.359,0.748,0.752,11.876,19.666,0.189,9.112,9.903,0.018,4155.000,89.495,45.067,9.112,54.970,ON,Clear with late haze; Hybrid loop operating; Ceff=1.52x
143,09:11:00,31.480,60.680,58.660,43.240,41.820,31.340,1.180,16.536,17.557,0.719,1.122,690.600,1052.800,1.525,11.884,19.695,0.785,1.226,20.238,21.356,0.748,0.752,11.889,19.699,0.189,9.109,9.900,0.018,4155.000,89.723,45.092,9.109,54.992,ON,Clear with late haze; Hybrid loop operating; Ceff=1.52x
144,09:11:30,31.510,60.730,58.700,43.270,41.850,31.340,1.185,16.534,17.555,0.720,1.125,692.200,1055.900,1.525,11.910,19.749,0.787,1.230,20.235,21.354,0.748,0.752,11.904,19.749,0.189,9.099,9.896,0.018,4155.000,90.103,45.150,9.099,55.046,ON,Clear with late haze; Hybrid loop operating; Ceff=1.53x
145,09:12:00,31.540,60.760,58.740,43.300,41.880,31.350,1.190,16.532,17.553,0.723,1.129,694.400,1059.800,1.526,11.945,19.820,0.790,1.234,20.233,21.352,0.747,0.752,11.953,19.817,0.189,9.107,9.894,0.018,4155.000,90.483,45.173,9.107,55.067,ON,Clear with late haze; Hybrid loop operating; Ceff=1.53x
146,09:12:30,31.570,60.780,58.770,43.320,41.910,31.350,1.196,16.530,17.552,0.725,1.134,697.000,1064.300,1.527,11.989,19.904,0.793,1.239,20.231,21.351,0.747,0.752,11.984,19.904,0.189,9.097,9.895,0.018,4155.000,90.940,45.209,9.097,55.104,ON,Clear with late haze; Hybrid loop operating; Ceff=1.53x
147,09:13:00,31.590,60.800,58.800,43.340,41.940,31.360,1.203,16.529,17.550,0.728,1.139,699.800,1069.200,1.528,12.036,19.994,0.796,1.245,20.229,21.349,0.747,0.752,12.033,19.989,0.189,9.098,9.892,0.018,4155.000,91.472,45.265,9.098,55.157,ON,Clear with late haze; Hybrid loop operating; Ceff=1.53x
148,09:13:30,31.620,60.820,58.830,43.360,41.970,31.360,1.210,16.527,17.549,0.731,1.144,702.600,1074.100,1.529,12.082,20.082,0.799,1.251,20.228,21.348,0.748,0.752,12.081,20.076,0.189,9.098,9.889,0.018,4155.000,92.004,45.321,9.098,55.211,ON,Clear with late haze; Hybrid loop operating; Ceff=1.53x
149,09:14:00,31.650,60.850,58.870,43.380,42.000,31.360,1.216,16.525,17.547,0.734,1.149,705.100,1078.400,1.530,12.123,20.161,0.802,1.256,20.226,21.346,0.747,0.752,12.129,20.162,0.189,9.102,9.892,0.018,4155.000,92.460,45.364,9.102,55.256,ON,Clear with late haze; Hybrid loop operating; Ceff=1.53x
150,09:14:30,31.680,60.890,58.910,43.420,42.030,31.370,1.221,16.523,17.545,0.736,1.153,707.000,1082.000,1.530,12.155,20.225,0.804,1.260,20.223,21.343,0.748,0.752,12.161,20.229,0.189,9.101,9.892,0.018,4155.000,92.841,45.399,9.101,55.291,ON,Clear with late haze; Hybrid loop operating; Ceff=1.53x
151,09:15:00,31.710,60.940,58.970,43.450,42.080,31.370,1.225,16.520,17.543,0.737,1.156,708.400,1084.700,1.531,12.175,20.271,0.805,1.263,20.220,21.341,0.748,0.752,12.175,20.280,0.189,9.094,9.892,0.018,4155.000,93.145,45.435,9.094,55.327,ON,Clear with late haze; Hybrid loop operating; Ceff=1.53x
152,09:15:30,31.740,61.000,59.030,43.500,42.120,31.380,1.228,16.516,17.540,0.738,1.157,709.100,1086.400,1.532,12.184,20.299,0.806,1.265,20.215,21.338,0.748,0.752,12.189,20.294,0.189,9.095,9.884,0.018,4155.000,93.373,45.475,9.095,55.358,ON,Clear with late haze; Hybrid loop operating; Ceff=1.53x
153,09:16:00,31.770,61.080,59.110,43.560,42.180,31.380,1.229,16.511,17.537,0.738,1.158,709.300,1087.300,1.533,12.183,20.311,0.806,1.266,20.210,21.334,0.748,0.752,12.185,20.308,0.189,9.089,9.882,0.018,4155.000,93.449,45.474,9.089,55.356,ON,Clear with late haze; Hybrid loop operating; Ceff=1.53x
154,09:16:30,31.800,61.170,59.190,43.620,42.240,31.390,1.229,16.506,17.533,0.738,1.159,709.200,1087.700,1.534,12.177,20.314,0.806,1.266,20.204,21.330,0.748,0.752,12.181,20.321,0.189,9.088,9.885,0.018,4155.000,93.449,45.457,9.088,55.342,ON,Clear with late haze; Hybrid loop operating; Ceff=1.53x
155,09:17:00,31.820,61.270,59.290,43.690,42.300,31.390,1.230,16.500,17.529,0.737,1.159,709.000,1088.100,1.535,12.169,20.315,0.806,1.267,20.198,21.326,0.748,0.752,12.161,20.316,0.189,9.075,9.879,0.018,4155.000,93.525,45.478,9.075,55.356,ON,Clear with late haze; Hybrid loop operating; Ceff=1.53x
156,09:17:30,31.850,61.390,59.390,43.760,42.370,31.400,1.231,16.494,17.525,0.737,1.160,709.100,1088.700,1.535,12.163,20.321,0.806,1.267,20.191,21.321,0.747,0.752,12.156,20.329,0.189,9.070,9.880,0.018,4155.000,93.601,45.489,9.070,55.369,ON,Clear with late haze; Hybrid loop operating; Ceff=1.54x
157,09:18:00,31.880,61.510,59.500,43.840,42.440,31.400,1.233,16.487,17.520,0.738,1.161,709.600,1090.000,1.536,12.165,20.339,0.806,1.269,20.183,21.316,0.748,0.752,12.167,20.341,0.189,9.072,9.874,0.018,4155.000,93.753,45.509,9.072,55.383,ON,Clear with late haze; Hybrid loop operating; Ceff=1.54x
158,09:18:30,31.910,61.630,59.610,43.920,42.510,31.410,1.236,16.480,17.516,0.739,1.163,710.600,1092.200,1.537,12.177,20.374,0.808,1.271,20.176,21.311,0.747,0.752,12.179,20.371,0.189,9.068,9.868,0.018,4155.000,93.981,45.528,9.068,55.396,ON,Clear with late haze; Hybrid loop operating; Ceff=1.54x
159,09:19:00,31.940,61.740,59.720,44.000,42.580,31.420,1.240,16.473,17.511,0.741,1.166,712.300,1095.300,1.538,12.199,20.425,0.809,1.275,20.169,21.306,0.748,0.752,12.206,20.418,0.189,9.067,9.863,0.018,4155.000,94.285,45.546,9.067,55.409,ON,Clear with late haze; Hybrid loop operating; Ceff=1.54x
160,09:19:30,31.970,61.860,59.820,44.080,42.650,31.420,1.246,16.467,17.507,0.743,1.171,714.500,1099.300,1.539,12.231,20.493,0.812,1.279,20.162,21.302,0.747,0.752,12.235,20.501,0.189,9.060,9.867,0.018,4155.000,94.741,45.600,9.060,55.467,ON,Clear with late haze; Hybrid loop operating; Ceff=1.54x
161,09:20:00,32.000,61.960,59.910,44.150,42.710,31.430,1.252,16.461,17.503,0.745,1.175,717.000,1103.800,1.539,12.269,20.571,0.815,1.284,20.155,21.297,0.747,0.752,12.263,20.566,0.189,9.050,9.858,0.018,4155.000,95.198,45.632,9.050,55.491,ON,Clear with late haze; Hybrid loop operating; Ceff=1.54x
162,09:20:30,32.030,62.040,59.990,44.210,42.770,31.430,1.259,16.456,17.499,0.748,1.180,719.700,1108.500,1.540,12.310,20.653,0.818,1.290,20.150,21.293,0.747,0.752,12.309,20.649,0.189,9.049,9.856,0.018,4155.000,95.730,45.693,9.049,55.549,ON,Clear with late haze; Hybrid loop operating; Ceff=1.54x
163,09:21:00,32.060,62.120,60.070,44.260,42.830,31.440,1.265,16.452,17.496,0.751,1.185,722.200,1113.000,1.541,12.349,20.732,0.820,1.295,20.145,21.290,0.748,0.752,12.355,20.733,0.189,9.052,9.856,0.018,4155.000,96.186,45.725,9.052,55.581,ON,Clear with late haze; Hybrid loop operating; Ceff=1.54x
164,09:21:30,32.090,62.170,60.130,44.310,42.880,31.450,1.271,16.448,17.493,0.753,1.189,724.400,1116.900,1.542,12.383,20.801,0.823,1.300,20.141,21.287,0.747,0.752,12.385,20.799,0.189,9.046,9.853,0.018,4155.000,96.642,45.782,9.046,55.635,ON,Clear with late haze; Hybrid loop operating; Ceff=1.54x
165,09:22:00,32.120,62.210,60.170,44.340,42.910,31.460,1.275,16.446,17.491,0.754,1.192,726.000,1120.000,1.543,12.408,20.855,0.825,1.303,20.138,21.284,0.747,0.752,12.400,20.849,0.189,9.037,9.849,0.018,4155.000,96.947,45.799,9.037,55.648,ON,Clear with late haze; Hybrid loop operating; Ceff=1.54x
166,09:22:30,32.150,62.240,60.210,44.370,42.950,31.460,1.278,16.444,17.489,0.755,1.195,727.000,1122.100,1.543,12.423,20.892,0.826,1.306,20.136,21.282,0.747,0.752,12.415,20.899,0.189,9.036,9.855,0.018,4155.000,97.175,45.820,9.036,55.675,ON,Clear with late haze; Hybrid loop operating; Ceff=1.54x
167,09:23:00,32.180,62.260,60.240,44.390,42.980,31.470,1.280,16.443,17.488,0.756,1.196,727.400,1123.300,1.544,12.429,20.913,0.826,1.307,20.135,21.281,0.747,0.752,12.431,20.916,0.189,9.042,9.852,0.018,4155.000,97.327,45.843,9.042,55.695,ON,Clear with late haze; Hybrid loop operating; Ceff=1.54x
168,09:23:30,32.200,62.270,60.260,44.410,43.000,31.480,1.281,16.441,17.487,0.756,1.196,727.400,1123.900,1.545,12.428,20.922,0.826,1.308,20.134,21.280,0.747,0.752,12.429,20.914,0.189,9.041,9.846,0.018,4155.000,97.403,45.854,9.041,55.700,ON,Clear with late haze; Hybrid loop operating; Ceff=1.55x
169,09:24:00,32.230,62.280,60.280,44.420,43.020,31.490,1.281,16.440,17.486,0.756,1.197,727.200,1124.100,1.546,12.423,20.924,0.826,1.308,20.133,21.278,0.747,0.752,12.429,20.931,0.189,9.043,9.852,0.018,4155.000,97.403,45.846,9.043,55.698,ON,Clear with late haze; Hybrid loop operating; Ceff=1.55x
170,09:24:30,32.260,62.300,60.310,44.440,43.050,31.500,1.282,16.439,17.484,0.755,1.197,727.000,1124.500,1.547,12.419,20.929,0.826,1.308,20.131,21.277,0.747,0.752,12.411,20.928,0.189,9.033,9.847,0.018,4155.000,97.479,45.866,9.033,55.713,ON,Clear with late haze; Hybrid loop operating; Ceff=1.55x
171,09:25:00,32.290,62.330,60.340,44.460,43.080,31.510,1.283,16.437,17.483,0.756,1.198,727.200,1125.300,1.548,12.420,20.942,0.826,1.309,20.129,21.275,0.747,0.752,12.426,20.945,0.189,9.041,9.848,0.018,4155.000,97.555,45.869,9.041,55.717,ON,Clear with late haze; Hybrid loop operating; Ceff=1.55x
172,09:25:30,32.310,62.370,60.390,44.500,43.110,31.520,1.285,16.435,17.481,0.756,1.200,727.800,1126.900,1.548,12.429,20.969,0.827,1.311,20.126,21.273,0.747,0.752,12.425,20.977,0.189,9.033,9.849,0.018,4155.000,97.707,45.875,9.033,55.724,ON,Clear with late haze; Hybrid loop operating; Ceff=1.55x
173,09:26:00,32.340,62.430,60.450,44.540,43.150,31.530,1.289,16.431,17.478,0.758,1.202,729.100,1129.500,1.549,12.448,21.013,0.828,1.314,20.123,21.270,0.747,0.752,12.455,21.009,0.189,9.038,9.841,0.018,4155.000,98.011,45.912,9.038,55.753,ON,Clear with late haze; Hybrid loop operating; Ceff=1.55x
174,09:26:30,32.360,62.500,60.520,44.590,43.210,31.540,1.294,16.427,17.475,0.759,1.206,731.000,1133.000,1.550,12.476,21.073,0.830,1.318,20.118,21.267,0.747,0.752,12.468,21.075,0.189,9.024,9.842,0.018,4155.000,98.391,45.948,9.024,55.790,ON,Clear with late haze; Hybrid loop operating; Ceff=1.55x
175,09:27:00,32.390,62.590,60.600,44.660,43.270,31.550,1.300,16.422,17.471,0.762,1.210,733.400,1137.200,1.551,12.511,21.147,0.833,1.323,20.112,21.263,0.747,0.752,12.514,21.140,0.189,9.028,9.836,0.018,4155.000,98.847,45.990,9.028,55.826,ON,Clear with late haze; Hybrid loop operating; Ceff=1.55x
176,09:27:30,32.410,62.700,60.700,44.730,43.330,31.560,1.307,16.415,17.467,0.765,1.215,736.000,1142.000,1.551,12.551,21.228,0.836,1.328,20.105,21.258,0.747,0.752,12.557,21.222,0.189,9.027,9.833,0.018,4155.000,99.380,46.044,9.027,55.876,ON,Clear with late haze; Hybrid loop operating; Ceff=1.55x
177,09:28:00,32.440,62.820,60.810,44.810,43.410,31.570,1.314,16.409,17.463,0.767,1.220,738.700,1146.700,1.552,12.590,21.310,0.839,1.334,20.098,21.253,0.747,0.752,12.586,21.305,0.189,9.015,9.830,0.018,4155.000,99.912,46.101,9.015,55.931,ON,Clear with late haze; Hybrid loop operating; Ceff=1.55x
178,09:28:30,32.460,62.940,60.920,44.890,43.480,31.580,1.320,16.402,17.458,0.770,1.225,741.200,1151.200,1.553,12.626,21.386,0.841,1.339,20.090,21.248,0.747,0.752,12.630,21.386,0.189,9.016,9.829,0.018,4155.000,100.368,46.130,9.016,55.959,ON,Clear with late haze; Hybrid loop operating; Ceff=1.55x
179,09:29:00,32.490,63.060,61.030,44.980,43.550,31.590,1.326,16.395,17.453,0.772,1.229,743.300,1154.900,1.554,12.654,21.448,0.844,1.343,20.083,21.243,0.747,0.752,12.657,21.450,0.189,9.010,9.827,0.018,4155.000,100.824,46.191,9.010,56.018,ON,Clear with late haze; Hybrid loop operating; Ceff=1.55x
180,09:29:30,32.510,63.170,61.140,45.050,43.620,31.600,1.330,16.388,17.449,0.773,1.232,744.700,1157.800,1.555,12.672,21.494,0.845,1.346,20.076,21.238,0.747,0.752,12.668,21.497,0.189,9.000,9.824,0.018,4155.000,101.129,46.215,9.000,56.038,ON,Clear with late haze; Hybrid loop operating; Ceff=1.55x
181,09:30:00,32.530,63.270,61.230,45.120,43.690,31.610,1.333,16.383,17.445,0.774,1.234,745.600,1159.700,1.555,12.681,21.524,0.846,1.348,20.069,21.234,0.747,0.752,12.680,21.527,0.189,8.998,9.822,0.018,4155.000,101.357,46.243,8.998,56.064,ON,Clear with late haze; Hybrid loop operating; Ceff=1.56x
182,09:30:30,32.550,63.360,61.310,45.180,43.740,31.620,1.334,16.378,17.442,0.774,1.235,745.900,1160.800,1.556,12.682,21.539,0.846,1.350,20.064,21.230,0.747,0.752,12.677,21.541,0.189,8.992,9.818,0.018,4155.000,101.433,46.234,8.992,56.052,ON,Clear with late haze; Hybrid loop operating; Ceff=1.56x
183,09:31:00,32.570,63.420,61.370,45.220,43.780,31.630,1.335,16.374,17.439,0.774,1.235,745.900,1161.300,1.557,12.679,21.546,0.846,1.350,20.060,21.227,0.747,0.752,12.673,21.537,0.189,8.990,9.813,0.018,4155.000,101.509,46.248,8.990,56.061,ON,Clear with late haze; Hybrid loop operating; Ceff=1.56x
184,09:31:30,32.600,63.460,61.420,45.250,43.820,31.640,1.336,16.372,17.437,0.774,1.236,745.800,1161.700,1.558,12.674,21.551,0.846,1.351,20.057,21.225,0.747,0.752,12.672,21.552,0.189,8.990,9.816,0.018,4155.000,101.585,46.267,8.990,56.083,ON,Clear with late haze; Hybrid loop operating; Ceff=1.56x
185,09:32:00,32.620,63.480,61.450,45.270,43.840,31.650,1.337,16.370,17.436,0.774,1.237,745.900,1162.400,1.559,12.674,21.561,0.846,1.351,20.055,21.224,0.747,0.752,12.670,21.568,0.189,8.988,9.817,0.018,4155.000,101.661,46.274,8.988,56.091,ON,Clear with late haze; Hybrid loop operating; Ceff=1.56x
186,09:32:30,32.630,63.490,61.470,45.280,43.860,31.670,1.339,16.369,17.435,0.775,1.238,746.300,1163.700,1.559,12.681,21.584,0.847,1.353,20.054,21.223,0.747,0.752,12.686,21.585,0.189,8.994,9.814,0.018,4155.000,101.813,46.291,8.994,56.105,ON,Clear with late haze; Hybrid loop operating; Ceff=1.56x
187,09:33:00,32.650,63.490,61.480,45.290,43.870,31.680,1.342,16.369,17.435,0.776,1.240,747.300,1165.900,1.560,12.698,21.624,0.848,1.355,20.054,21.222,0.747,0.752,12.702,21.619,0.189,8.993,9.811,0.018,4155.000,102.041,46.308,8.993,56.119,ON,Clear with late haze; Hybrid loop operating; Ceff=1.56x
188,09:33:30,32.670,63.490,61.480,45.290,43.880,31.690,1.346,16.369,17.434,0.777,1.244,749.000,1169.100,1.561,12.726,21.682,0.850,1.359,20.054,21.222,0.747,0.752,12.719,21.688,0.189,8.985,9.815,0.018,4155.000,102.345,46.318,8.985,56.134,ON,Clear with late haze; Hybrid loop operating; Ceff=1.56x
189,09:34:00,32.690,63.490,61.490,45.290,43.900,31.700,1.352,16.369,17.434,0.780,1.248,751.200,1173.100,1.562,12.764,21.756,0.852,1.364,20.054,21.221,0.747,0.752,12.768,21.758,0.189,8.993,9.813,0.018,4155.000,102.801,46.366,8.993,56.180,ON,Clear with late haze; Hybrid loop operating; Ceff=1.56x
190,09:34:30,32.710,63.490,61.510,45.300,43.920,31.710,1.359,16.368,17.433,0.783,1.253,753.900,1177.900,1.562,12.808,21.843,0.855,1.369,20.053,21.220,0.747,0.752,12.816,21.844,0.189,8.995,9.812,0.018,4155.000,103.334,46.416,8.995,56.228,ON,Clear with late haze; Hybrid loop operating; Ceff=1.56x
191,09:35:00,32.720,63.520,61.540,45.320,43.940,31.720,1.367,16.366,17.432,0.785,1.258,756.700,1182.900,1.563,12.855,21.934,0.858,1.375,20.051,21.219,0.747,0.752,12.847,21.929,0.189,8.983,9.809,0.018,4155.000,103.942,46.492,8.983,56.301,ON,Clear with late haze; Hybrid loop operating; Ceff=1.56x
192,09:35:30,32.740,63.550,61.580,45.350,43.970,31.740,1.374,16.364,17.430,0.788,1.264,759.500,1187.800,1.564,12.900,22.023,0.862,1.381,20.049,21.217,0.746,0.752,12.895,22.032,0.189,8.983,9.814,0.018,4155.000,104.474,46.538,8.983,56.351,ON,Clear with late haze; Hybrid loop operating; Ceff=1.56x
193,09:36:00,32.750,63.610,61.640,45.390,44.010,31.750,1.380,16.361,17.427,0.791,1.268,762.000,1192.300,1.565,12.939,22.101,0.864,1.386,20.045,21.214,0.747,0.752,12.942,22.097,0.189,8.986,9.806,0.018,4155.000,104.930,46.564,8.986,56.370,ON,Clear with late haze; Hybrid loop operating; Ceff=1.56x
194,09:36:30,32.770,63.680,61.710,45.440,44.060,31.760,1.386,16.356,17.424,0.793,1.272,763.900,1195.900,1.565,12.968,22.164,0.866,1.390,20.040,21.211,0.747,0.752,12.970,22.163,0.189,8.984,9.806,0.018,4155.000,105.387,46.626,8.984,56.432,ON,Clear with late haze; Hybrid loop operating; Ceff=1.57x
195,09:37:00,32.780,63.770,61.800,45.500,44.120,31.770,1.390,16.351,17.421,0.794,1.275,765.300,1198.600,1.566,12.985,22.208,0.868,1.393,20.035,21.208,0.747,0.752,12.983,22.212,0.189,8.976,9.805,0.018,4155.000,105.691,46.655,8.976,56.460,ON,Clear with late haze; Hybrid loop operating; Ceff=1.57x
196,09:37:30,32.800,63.870,61.890,45.560,44.170,31.780,1.392,16.346,17.418,0.795,1.277,766.000,1200.300,1.567,12.992,22.235,0.869,1.395,20.029,21.204,0.746,0.752,12.995,22.243,0.189,8.976,9.805,0.018,4155.000,105.843,46.656,8.976,56.461,ON,Clear with late haze; Hybrid loop operating; Ceff=1.57x
197,09:38:00,32.810,63.970,61.980,45.630,44.230,31.800,1.394,16.340,17.414,0.795,1.278,766.300,1201.400,1.568,12.991,22.248,0.869,1.396,20.022,21.200,0.747,0.752,12.990,22.255,0.189,8.969,9.801,0.018,4155.000,105.995,46.680,8.969,56.482,ON,Clear with late haze; Hybrid loop operating; Ceff=1.57x
198,09:38:30,32.820,64.080,62.080,45.690,44.290,31.810,1.395,16.333,17.410,0.795,1.278,766.300,1202.000,1.568,12.985,22.254,0.869,1.397,20.015,21.195,0.747,0.752,12.985,22.250,0.189,8.965,9.794,0.018,4155.000,106.071,46.691,8.965,56.485,ON,Clear with late haze; Hybrid loop operating; Ceff=1.57x
199,09:39:00,32.840,64.180,62.180,45.760,44.350,31.820,1.395,16.328,17.406,0.795,1.279,766.400,1202.600,1.569,12.980,22.259,0.869,1.398,20.009,21.192,0.746,0.751,12.981,22.262,0.189,8.962,9.795,0.018,4155.000,106.071,46.667,8.962,56.462,ON,Clear with late haze; Hybrid loop operating; Ceff=1.57x
200,09:39:30,32.850,64.280,62.260,45.820,44.400,31.830,1.397,16.322,17.403,0.795,1.280,766.600,1203.600,1.570,12.979,22.272,0.869,1.399,20.003,21.188,0.747,0.751,12.976,22.276,0.189,8.956,9.792,0.018,4155.000,106.223,46.695,8.956,56.488,ON,Clear with late haze; Hybrid loop operating; Ceff=1.57x
201,09:40:00,32.860,64.360,62.340,45.870,44.450,31.840,1.399,16.317,17.400,0.796,1.282,767.400,1205.300,1.571,12.987,22.300,0.870,1.401,19.997,21.185,0.746,0.751,12.988,22.307,0.189,8.955,9.792,0.018,4155.000,106.375,46.696,8.955,56.489,ON,Clear with late haze; Hybrid loop operating; Ceff=1.57x
202,09:40:30,32.870,64.440,62.410,45.910,44.490,31.850,1.403,16.313,17.398,0.797,1.284,768.700,1208.000,1.571,13.005,22.345,0.871,1.404,19.993,21.182,0.747,0.751,13.001,22.339,0.189,8.949,9.784,0.018,4155.000,106.679,46.725,8.949,56.510,ON,Clear with late haze; Hybrid loop operating; Ceff=1.57x
203,09:41:00,32.880,64.490,62.460,45.940,44.520,31.860,1.409,16.310,17.396,0.799,1.288,770.700,1211.600,1.572,13.035,22.409,0.873,1.408,19.989,21.180,0.747,0.751,13.032,22.406,0.189,8.947,9.785,0.018,4155.000,107.135,46.786,8.947,56.570,ON,Clear with late haze; Hybrid loop operating; Ceff=1.57x
204,09:41:30,32.890,64.530,62.510,45.970,44.550,31.880,1.415,16.307,17.394,0.802,1.293,773.100,1216.000,1.573,13.074,22.488,0.876,1.413,19.987,21.178,0.747,0.751,13.078,22.490,0.189,8.951,9.786,0.018,4155.000,107.592,46.815,8.951,56.601,ON,Clear with late haze; Hybrid loop operating; Ceff=1.57x
205,09:42:00,32.900,64.560,62.540,45.990,44.570,31.890,1.423,16.306,17.393,0.805,1.298,775.900,1221.000,1.574,13.119,22.578,0.879,1.419,19.985,21.177,0.747,0.751,13.126,22.576,0.189,8.951,9.783,0.018,4155.000,108.200,46.887,8.951,56.670,ON,Clear with late haze; Hybrid loop operating; Ceff=1.57x
206,09:42:30,32.910,64.570,62.560,46.000,44.590,31.900,1.430,16.305,17.392,0.808,1.303,778.800,1226.100,1.574,13.166,22.670,0.883,1.425,19.984,21.176,0.746,0.751,13.174,22.662,0.189,8.950,9.779,0.018,4155.000,108.732,46.921,8.950,56.701,ON,Clear with late haze; Hybrid loop operating; Ceff=1.57x
207,09:43:00,32.920,64.580,62.580,46.010,44.610,31.910,1.437,16.304,17.391,0.810,1.309,781.400,1230.800,1.575,13.211,22.758,0.886,1.430,19.983,21.175,0.746,0.752,13.206,22.765,0.189,8.942,9.786,0.018,4155.000,109.264,46.971,8.942,56.757,ON,Clear with late haze; Hybrid loop operating; Ceff=1.58x
208,09:43:30,32.930,64.580,62.590,46.010,44.620,31.920,1.444,16.303,17.391,0.813,1.313,783.700,1235.000,1.576,13.248,22.833,0.888,1.435,19.982,21.174,0.747,0.751,13.254,22.834,0.189,8.948,9.783,0.018,4155.000,109.797,47.039,8.948,56.822,ON,Clear with late haze; Hybrid loop operating; Ceff=1.58x
209,09:44:00,32.940,64.580,62.610,46.010,44.630,31.930,1.448,16.303,17.390,0.814,1.316,785.400,1238.200,1.577,13.276,22.892,0.890,1.439,19.982,21.174,0.747,0.751,13.271,22.885,0.189,8.940,9.779,0.018,4155.000,110.101,47.048,8.940,56.827,ON,Clear with late haze; Hybrid loop operating; Ceff=1.58x
210,09:44:30,32.950,64.590,62.620,46.020,44.650,31.940,1.452,16.302,17.390,0.815,1.319,786.400,1240.400,1.577,13.293,22.933,0.891,1.441,19.981,21.173,0.747,0.752,13.286,22.937,0.189,8.939,9.784,0.018,4155.000,110.405,47.094,8.939,56.878,ON,Clear with late haze; Hybrid loop operating; Ceff=1.58x
211,09:45:00,32.960,64.600,62.650,46.030,44.660,31.950,1.454,16.301,17.389,0.816,1.320,786.900,1241.800,1.578,13.300,22.956,0.892,1.443,19.980,21.173,0.746,0.751,13.302,22.953,0.189,8.944,9.780,0.018,4155.000,110.557,47.106,8.944,56.886,ON,Clear with late haze; Hybrid loop operating; Ceff=1.58x
212,09:45:30,32.970,64.630,62.680,46.040,44.680,31.960,1.455,16.299,17.388,0.816,1.321,787.000,1242.400,1.579,13.300,22.967,0.892,1.444,19.978,21.171,0.746,0.751,13.300,22.970,0.189,8.942,9.782,0.018,4155.000,110.633,47.115,8.942,56.897,ON,Clear with late haze; Hybrid loop operating; Ceff=1.58x
213,09:46:00,32.980,64.670,62.720,46.070,44.700,31.970,1.455,16.297,17.387,0.816,1.321,786.900,1242.800,1.579,13.296,22.972,0.892,1.444,19.975,21.170,0.746,0.751,13.298,22.968,0.189,8.942,9.778,0.018,4155.000,110.633,47.100,8.942,56.878,ON,Clear with late haze; Hybrid loop operating; Ceff=1.58x
214,09:46:30,32.990,64.720,62.770,46.100,44.740,31.980,1.456,16.294,17.385,0.816,1.322,786.800,1243.400,1.580,13.292,22.979,0.892,1.445,19.972,21.168,0.746,0.751,13.296,22.983,0.189,8.941,9.780,0.018,4155.000,110.709,47.110,8.941,56.890,ON,Clear with late haze; Hybrid loop operating; Ceff=1.58x
215,09:47:00,33.000,64.790,62.840,46.140,44.770,31.990,1.458,16.290,17.383,0.816,1.323,787.100,1244.400,1.581,13.293,22.994,0.892,1.446,19.967,21.165,0.746,0.751,13.293,22.998,0.189,8.936,9.778,0.018,4155.000,110.861,47.137,8.936,56.915,ON,Clear with late haze; Hybrid loop operating; Ceff=1.58x
216,09:47:30,33.000,64.870,62.910,46.190,44.810,32.000,1.460,16.285,17.380,0.817,1.325,788.000,1246.300,1.582,13.302,23.024,0.893,1.448,19.962,21.162,0.746,0.751,13.305,23.029,0.189,8.934,9.776,0.018,4155.000,111.013,47.129,8.934,56.906,ON,Clear with late haze; Hybrid loop operating; Ceff=1.58x
217,09:48:00,33.010,64.970,63.000,46.240,44.860,32.000,1.465,16.280,17.377,0.818,1.328,789.400,1249.100,1.582,13.320,23.071,0.894,1.451,19.956,21.159,0.747,0.751,13.317,23.077,0.189,8.926,9.775,0.018,4155.000,111.393,47.185,8.926,56.960,ON,Clear with late haze; Hybrid loop operating; Ceff=1.58x
218,09:48:30,33.020,65.070,63.090,46.300,44.920,32.010,1.470,16.274,17.373,0.820,1.332,791.400,1252.800,1.583,13.348,23.134,0.896,1.455,19.950,21.155,0.747,0.752,13.345,23.141,0.189,8.922,9.773,0.018,4155.000,111.774,47.206,8.922,56.979,ON,Clear with late haze; Hybrid loop operating; Ceff=1.58x
219,09:49:00,33.030,65.170,63.180,46.370,44.970,32.020,1.477,16.268,17.370,0.823,1.336,793.800,1257.200,1.584,13.383,23.210,0.899,1.460,19.944,21.151,0.746,0.752,13.389,23.206,0.189,8.924,9.767,0.018,4155.000,112.306,47.265,8.924,57.031,ON,Clear with late haze; Hybrid loop operating; Ceff=1.58x
220,09:49:30,33.040,65.270,63.270,46.430,45.020,32.030,1.484,16.262,17.366,0.825,1.341,796.500,1262.000,1.584,13.422,23.292,0.902,1.466,19.937,21.148,0.746,0.751,13.416,23.288,0.189,8.912,9.764,0.018,4155.000,112.838,47.308,8.912,57.072,ON,Clear with late haze; Hybrid loop operating; Ceff=1.58x
221,09:50:00,33.050,65.370,63.360,46.490,45.080,32.030,1.491,16.257,17.363,0.828,1.346,799.100,1266.700,1.585,13.460,23.374,0.905,1.471,19.932,21.144,0.746,0.752,13.461,23.371,0.189,8.913,9.762,0.018,4155.000,113.370,47.355,8.913,57.117,ON,Clear with late haze; Hybrid loop operating; Ceff=1.59x
222,09:50:30,33.060,65.450,63.440,46.540,45.120,32.040,1.498,16.252,17.360,0.830,1.351,801.400,1270.900,1.586,13.495,23.447,0.907,1.476,19.926,21.141,0.747,0.751,13.489,23.453,0.189,8.906,9.764,0.018,4155.000,113.903,47.420,8.906,57.184,ON,Clear with late haze; Hybrid loop operating; Ceff=1.59x
223,09:51:00,33.070,65.520,63.500,46.580,45.170,32.050,1.503,16.248,17.358,0.832,1.354,803.200,1274.400,1.587,13.521,23.507,0.909,1.480,19.922,21.138,0.747,0.751,13.518,23.503,0.189,8.905,9.758,0.018,4155.000,114.283,47.448,8.905,57.205,ON,Clear with late haze; Hybrid loop operating; Ceff=1.59x
224,09:51:30,33.080,65.570,63.550,46.610,45.200,32.060,1.507,16.245,17.356,0.833,1.357,804.400,1276.900,1.587,13.538,23.550,0.911,1.483,19.919,21.136,0.746,0.751,13.532,23.552,0.189,8.901,9.759,0.018,4155.000,114.587,47.481,8.901,57.240,ON,Clear with late haze; Hybrid loop operating; Ceff=1.59x
225,09:52:00,33.090,65.610,63.590,46.630,45.220,32.060,1.509,16.243,17.354,0.834,1.358,805.000,1278.400,1.588,13.546,23.575,0.911,1.485,19.916,21.134,0.747,0.751,13.547,23.567,0.189,8.904,9.754,0.018,4155.000,114.739,47.488,8.904,57.242,ON,Clear with late haze; Hybrid loop operating; Ceff=1.59x
226,09:52:30,33.100,65.620,63.610,46.640,45.240,32.070,1.510,16.242,17.354,0.834,1.359,805.100,1279.100,1.589,13.546,23.586,0.911,1.485,19.915,21.134,0.747,0.752,13.546,23.584,0.189,8.902,9.756,0.018,4155.000,114.815,47.493,8.902,57.249,ON,Clear with late haze; Hybrid loop operating; Ceff=1.59x
227,09:53:00,33.110,65.620,63.620,46.650,45.250,32.070,1.510,16.242,17.353,0.834,1.359,804.800,1279.200,1.589,13.541,23.588,0.911,1.486,19.914,21.133,0.746,0.751,13.546,23.583,0.189,8.905,9.754,0.018,4155.000,114.815,47.490,8.905,57.244,ON,Clear with late haze; Hybrid loop operating; Ceff=1.59x
228,09:53:30,33.120,65.620,63.630,46.640,45.250,32.080,1.510,16.242,17.353,0.833,1.359,804.500,1279.200,1.590,13.535,23.588,0.911,1.486,19.915,21.133,0.746,0.751,13.530,23.583,0.189,8.898,9.754,0.018,4155.000,114.815,47.490,8.898,57.244,ON,Clear with late haze; Hybrid loop operating; Ceff=1.59x
229,09:54:00,33.130,65.610,63.630,46.640,45.250,32.080,1.510,16.242,17.353,0.833,1.360,804.300,1279.500,1.591,13.533,23.594,0.911,1.486,19.915,21.133,0.746,0.751,13.530,23.600,0.189,8.900,9.759,0.018,4155.000,114.815,47.478,8.900,57.238,ON,Clear with late haze; Hybrid loop operating; Ceff=1.59x
230,09:54:30,33.150,65.600,63.630,46.630,45.250,32.090,1.512,16.242,17.354,0.833,1.361,804.600,1280.400,1.591,13.537,23.611,0.911,1.487,19.915,21.134,0.746,0.751,13.530,23.619,0.189,8.897,9.760,0.018,4155.000,114.967,47.508,8.897,57.268,ON,Clear with late haze; Hybrid loop operating; Ceff=1.59x
231,09:55:00,33.160,65.600,63.640,46.630,45.260,32.090,1.515,16.242,17.353,0.834,1.363,805.400,1282.300,1.592,13.550,23.645,0.912,1.489,19.915,21.133,0.746,0.751,13.546,23.652,0.189,8.899,9.759,0.018,4155.000,115.195,47.532,8.899,57.291,ON,Clear with late haze; Hybrid loop operating; Ceff=1.59x
232,09:55:30,33.170,65.620,63.660,46.640,45.270,32.100,1.519,16.241,17.353,0.836,1.365,806.800,1285.100,1.593,13.573,23.695,0.913,1.492,19.914,21.132,0.747,0.752,13.577,23.687,0.189,8.904,9.752,0.018,4155.000,115.499,47.553,8.904,57.306,ON,Clear with late haze; Hybrid loop operating; Ceff=1.59x
233,09:56:00,33.180,65.650,63.690,46.660,45.300,32.100,1.524,16.239,17.351,0.838,1.369,808.700,1288.700,1.594,13.603,23.760,0.916,1.497,19.911,21.131,0.746,0.751,13.608,23.754,0.189,8.903,9.752,0.018,4155.000,115.880,47.577,8.903,57.329,ON,Clear with late haze; Hybrid loop operating; Ceff=1.59x
234,09:56:30,33.200,65.700,63.740,46.700,45.330,32.110,1.531,16.236,17.349,0.840,1.374,811.000,1292.900,1.594,13.639,23.835,0.918,1.501,19.908,21.129,0.746,0.752,13.638,23.838,0.189,8.898,9.755,0.018,4155.000,116.412,47.640,8.898,57.395,ON,Clear with late haze; Hybrid loop operating; Ceff=1.59x
235,09:57:00,33.210,65.770,63.810,46.740,45.370,32.110,1.538,16.232,17.347,0.843,1.378,813.500,1297.400,1.595,13.676,23.912,0.921,1.507,19.904,21.126,0.746,0.751,13.684,23.904,0.189,8.900,9.749,0.018,4155.000,116.944,47.692,8.900,57.440,ON,Clear with late haze; Hybrid loop operating; Ceff=1.59x
236,09:57:30,33.230,65.860,63.890,46.800,45.420,32.110,1.544,16.227,17.343,0.845,1.383,815.800,1301.600,1.596,13.710,23.985,0.923,1.511,19.898,21.122,0.746,0.752,13.712,23.985,0.189,8.893,9.750,0.018,4155.000,117.400,47.723,8.893,57.473,ON,Clear with late haze; Hybrid loop operating; Ceff=1.6x
237,09:58:00,33.240,65.960,63.980,46.870,45.480,32.120,1.550,16.221,17.340,0.847,1.387,817.700,1305.300,1.596,13.736,24.046,0.925,1.516,19.892,21.118,0.747,0.751,13.739,24.051,0.189,8.890,9.749,0.018,4155.000,117.857,47.773,8.890,57.522,ON,Clear with late haze; Hybrid loop operating; Ceff=1.6x
238,09:58:30,33.260,66.070,64.080,46.940,45.540,32.120,1.554,16.215,17.336,0.848,1.390,819.100,1308.100,1.597,13.753,24.090,0.927,1.519,19.885,21.114,0.746,0.751,13.750,24.097,0.189,8.882,9.747,0.018,4155.000,118.161,47.794,8.882,57.540,ON,Clear with late haze; Hybrid loop operating; Ceff=1.6x
239,09:59:00,33.270,66.180,64.180,47.010,45.610,32.120,1.557,16.208,17.332,0.849,1.391,819.900,1309.900,1.598,13.759,24.116,0.928,1.521,19.878,21.110,0.746,0.751,13.761,24.109,0.189,8.880,9.738,0.018,4155.000,118.389,47.820,8.880,57.558,ON,Clear with late haze; Hybrid loop operating; Ceff=1.6x
240,09:59:30,33.290,66.290,64.270,47.080,45.660,32.120,1.558,16.202,17.328,0.849,1.392,820.100,1310.700,1.598,13.756,24.125,0.928,1.522,19.872,21.106,0.746,0.751,13.755,24.121,0.189,8.875,9.737,0.018,4155.000,118.465,47.822,8.875,57.559,ON,Clear with late haze; Hybrid loop operating; Ceff=1.6x
241,10:00:00,33.310,66.380,64.360,47.140,45.720,32.130,1.558,16.197,17.325,0.849,1.392,819.800,1310.800,1.599,13.746,24.121,0.927,1.522,19.866,21.102,0.746,0.751,13.751,24.116,0.189,8.875,9.735,0.018,4155.000,118.465,47.818,8.875,57.553,ON,Clear with late haze; Hybrid loop operating; Ceff=1.6x
242,10:00:30,33.330,66.470,64.430,47.190,45.770,32.130,1.558,16.192,17.322,0.848,1.392,819.300,1310.600,1.600,13.732,24.112,0.927,1.521,19.861,21.099,0.746,0.751,13.731,24.112,0.189,8.867,9.734,0.018,4155.000,118.465,47.825,8.867,57.560,ON,Clear with late haze; Hybrid loop operating; Ceff=1.6x
243,10:01:00,33.340,66.530,64.490,47.230,45.800,32.130,1.558,16.189,17.319,0.848,1.392,818.900,1310.400,1.600,13.721,24.104,0.926,1.521,19.857,21.096,0.746,0.751,13.728,24.108,0.189,8.870,9.734,0.018,4155.000,118.465,47.833,8.870,57.567,ON,Clear with late haze; Hybrid loop operating; Ceff=1.6x
244,10:01:30,33.360,66.570,64.530,47.260,45.830,32.130,1.558,16.186,17.318,0.847,1.392,818.700,1310.600,1.601,13.715,24.106,0.926,1.521,19.854,21.094,0.746,0.751,13.710,24.107,0.189,8.860,9.732,0.018,4155.000,118.465,47.825,8.860,57.557,ON,Clear with late haze; Hybrid loop operating; Ceff=1.6x
245,10:02:00,33.380,66.600,64.560,47.280,45.850,32.130,1.560,16.185,17.316,0.848,1.393,819.000,1311.700,1.602,13.719,24.124,0.926,1.523,19.852,21.093,0.746,0.751,13.725,24.121,0.189,8.867,9.730,0.018,4155.000,118.617,47.847,8.867,57.576,ON,Clear with late haze; Hybrid loop operating; Ceff=1.6x
246,10:02:30,33.400,66.610,64.580,47.290,45.870,32.130,1.563,16.184,17.315,0.849,1.395,820.000,1313.700,1.602,13.734,24.160,0.927,1.525,19.851,21.092,0.746,0.751,13.740,24.154,0.189,8.866,9.728,0.018,4155.000,118.845,47.866,8.866,57.594,ON,Clear with late haze; Hybrid loop operating; Ceff=1.6x
247,10:03:00,33.420,66.610,64.590,47.300,45.880,32.140,1.567,16.183,17.315,0.850,1.398,821.500,1316.700,1.603,13.759,24.214,0.929,1.528,19.851,21.091,0.746,0.751,13.756,24.206,0.189,8.859,9.727,0.018,4155.000,119.149,47.879,8.859,57.606,ON,Clear with late haze; Hybrid loop operating; Ceff=1.6x
248,10:03:30,33.440,66.610,64.590,47.300,45.890,32.140,1.573,16.183,17.314,0.852,1.402,823.500,1320.500,1.604,13.793,24.283,0.931,1.533,19.851,21.091,0.746,0.751,13.788,24.274,0.189,8.859,9.726,0.018,4155.000,119.605,47.924,8.859,57.650,ON,Clear with late haze; Hybrid loop operating; Ceff=1.6x
249,10:04:00,33.470,66.600,64.600,47.310,45.910,32.140,1.580,16.183,17.314,0.855,1.407,825.900,1324.800,1.604,13.832,24.361,0.934,1.538,19.851,21.090,0.746,0.751,13.836,24.361,0.189,8.864,9.729,0.018,4155.000,120.138,47.981,8.864,57.710,ON,Clear with late haze; Hybrid loop operating; Ceff=1.6x
250,10:04:30,33.490,66.600,64.610,47.320,45.920,32.140,1.586,16.183,17.313,0.857,1.412,828.200,1329.200,1.605,13.872,24.439,0.937,1.543,19.851,21.089,0.746,0.751,13.869,24.446,0.189,8.860,9.731,0.018,4155.000,120.594,48.004,8.860,57.734,ON,Clear with late haze; Hybrid loop operating; Ceff=1.6x
251,10:05:00,33.510,66.610,64.630,47.330,45.940,32.140,1.593,16.182,17.312,0.859,1.416,830.400,1333.200,1.605,13.907,24.511,0.939,1.547,19.850,21.088,0.746,0.751,13.900,24.514,0.189,8.857,9.729,0.018,4155.000,121.126,48.071,8.857,57.799,ON,Clear with late haze; Hybrid loop operating; Ceff=1.61x
252,10:05:30,33.530,66.630,64.650,47.350,45.970,32.140,1.598,16.181,17.311,0.861,1.419,832.100,1336.500,1.606,13.935,24.569,0.941,1.551,19.848,21.087,0.746,0.751,13.932,24.564,0.189,8.859,9.725,0.018,4155.000,121.506,48.103,8.859,57.827,ON,Clear with late haze; Hybrid loop operating; Ceff=1.61x
253,10:06:00,33.560,66.670,64.690,47.380,46.000,32.140,1.601,16.179,17.309,0.862,1.422,833.300,1338.800,1.607,13.951,24.610,0.942,1.554,19.845,21.085,0.746,0.751,13.946,24.613,0.189,8.855,9.727,0.018,4155.000,121.734,48.110,8.855,57.837,ON,Clear with late haze; Hybrid loop operating; Ceff=1.61x
254,10:06:30,33.580,66.720,64.750,47.420,46.040,32.140,1.604,16.175,17.306,0.863,1.423,833.800,1340.200,1.607,13.957,24.631,0.943,1.555,19.842,21.082,0.746,0.751,13.959,24.626,0.189,8.858,9.722,0.018,4155.000,121.963,48.150,8.858,57.872,ON,Clear with late haze; Hybrid loop operating; Ceff=1.61x
255,10:07:00,33.600,66.790,64.810,47.470,46.090,32.140,1.604,16.172,17.304,0.863,1.424,833.800,1340.800,1.608,13.953,24.636,0.943,1.556,19.838,21.079,0.746,0.751,13.956,24.641,0.189,8.856,9.724,0.018,4155.000,121.963,48.128,8.856,57.852,ON,Clear with late haze; Hybrid loop operating; Ceff=1.61x
256,10:07:30,33.630,66.870,64.890,47.530,46.140,32.140,1.604,16.167,17.300,0.862,1.424,833.500,1340.800,1.609,13.942,24.630,0.942,1.556,19.833,21.075,0.746,0.751,13.936,24.635,0.189,8.846,9.721,0.018,4155.000,121.963,48.128,8.846,57.850,ON,Clear with late haze; Hybrid loop operating; Ceff=1.61x
257,10:08:00,33.650,66.960,64.970,47.590,46.200,32.140,1.604,16.162,17.297,0.862,1.423,833.000,1340.500,1.609,13.929,24.619,0.942,1.556,19.827,21.071,0.746,0.751,13.932,24.614,0.189,8.849,9.715,0.018,4155.000,121.963,48.139,8.849,57.854,ON,Clear with late haze; Hybrid loop operating; Ceff=1.61x
258,10:08:30,33.680,67.060,65.050,47.660,46.260,32.140,1.604,16.156,17.293,0.861,1.423,832.700,1340.600,1.610,13.917,24.613,0.941,1.556,19.821,21.067,0.746,0.751,13.910,24.608,0.189,8.839,9.712,0.018,4155.000,121.963,48.135,8.839,57.848,ON,Clear with late haze; Hybrid loop operating; Ceff=1.61x
259,10:09:00,33.700,67.160,65.140,47.730,46.310,32.140,1.605,16.151,17.289,0.861,1.424,832.800,1341.200,1.611,13.913,24.619,0.941,1.556,19.815,21.063,0.746,0.751,13.906,24.620,0.189,8.835,9.712,0.018,4155.000,122.039,48.144,8.835,57.856,ON,Clear with late haze; Hybrid loop operating; Ceff=1.61x
260,10:09:30,33.730,67.260,65.230,47.800,46.370,32.140,1.607,16.145,17.286,0.862,1.425,833.400,1342.800,1.611,13.917,24.640,0.942,1.558,19.809,21.059,0.746,0.751,13.917,24.633,0.189,8.835,9.706,0.018,4155.000,122.191,48.147,8.835,57.852,ON,Clear with late haze; Hybrid loop operating; Ceff=1.61x
261,10:10:00,33.750,67.350,65.310,47.860,46.430,32.150,1.611,16.140,17.282,0.863,1.428,834.700,1345.300,1.612,13.933,24.681,0.943,1.561,19.803,21.055,0.746,0.751,13.929,24.679,0.189,8.829,9.706,0.018,4155.000,122.495,48.177,8.829,57.883,ON,Clear with late haze; Hybrid loop operating; Ceff=1.61x
262,10:10:30,33.780,67.430,65.390,47.920,46.480,32.150,1.617,16.135,17.279,0.865,1.432,836.500,1348.800,1.612,13.959,24.739,0.945,1.565,19.798,21.051,0.746,0.751,13.957,24.744,0.189,8.828,9.706,0.018,4155.000,122.951,48.231,8.828,57.937,ON,Clear with late haze; Hybrid loop operating; Ceff=1.61x
263,10:11:00,33.800,67.500,65.450,47.970,46.530,32.150,1.623,16.131,17.276,0.867,1.436,838.800,1353.000,1.613,13.992,24.811,0.948,1.570,19.794,21.048,0.746,0.751,13.986,24.808,0.189,8.822,9.701,0.018,4155.000,123.407,48.259,8.822,57.961,ON,Clear with late haze; Hybrid loop operating; Ceff=1.61x
264,10:11:30,33.830,67.560,65.510,48.020,46.580,32.150,1.630,16.128,17.273,0.870,1.441,841.300,1357.600,1.614,14.030,24.889,0.951,1.575,19.790,21.045,0.745,0.751,14.031,24.890,0.189,8.824,9.701,0.018,4155.000,123.939,48.303,8.824,58.004,ON,Clear with late haze; Hybrid loop operating; Ceff=1.61x
265,10:12:00,33.860,67.600,65.550,48.050,46.620,32.150,1.637,16.125,17.271,0.872,1.446,843.800,1362.000,1.614,14.068,24.967,0.953,1.580,19.787,21.043,0.746,0.751,14.061,24.974,0.189,8.817,9.702,0.018,4155.000,124.472,48.354,8.817,58.056,ON,Clear with late haze; Hybrid loop operating; Ceff=1.61x
266,10:12:30,33.880,67.630,65.590,48.080,46.650,32.150,1.644,16.124,17.269,0.875,1.450,845.900,1366.000,1.615,14.102,25.037,0.956,1.585,19.785,21.041,0.746,0.751,14.109,25.040,0.189,8.825,9.699,0.018,4155.000,125.004,48.419,8.825,58.117,ON,Clear with late haze; Hybrid loop operating; Ceff=1.61x
267,10:13:00,33.910,67.640,65.610,48.100,46.680,32.150,1.649,16.122,17.267,0.876,1.453,847.600,1369.200,1.615,14.128,25.092,0.958,1.588,19.784,21.039,0.745,0.751,14.123,25.089,0.189,8.816,9.695,0.018,4155.000,125.384,48.452,8.816,58.147,ON,Clear with late haze; Hybrid loop operating; Ceff=1.62x
268,10:13:30,33.940,67.650,65.620,48.120,46.700,32.150,1.652,16.122,17.266,0.877,1.455,848.600,1371.400,1.616,14.145,25.130,0.959,1.591,19.783,21.038,0.746,0.751,14.139,25.122,0.189,8.816,9.692,0.018,4155.000,125.612,48.463,8.816,58.155,ON,Clear with late haze; Hybrid loop operating; Ceff=1.62x
269,10:14:00,33.960,67.650,65.630,48.130,46.720,32.150,1.654,16.121,17.265,0.878,1.457,849.100,1372.600,1.617,14.152,25.152,0.959,1.592,19.783,21.037,0.746,0.751,14.154,25.155,0.189,8.820,9.697,0.018,4155.000,125.764,48.479,8.820,58.175,ON,Clear with late haze; Hybrid loop operating; Ceff=1.62x
270,10:14:30,33.990,67.650,65.640,48.140,46.740,32.150,1.655,16.121,17.265,0.878,1.457,849.000,1373.100,1.617,14.152,25.159,0.959,1.593,19.783,21.036,0.746,0.751,14.154,25.155,0.189,8.821,9.693,0.018,4155.000,125.840,48.490,8.821,58.184,ON,Clear with late haze; Hybrid loop operating; Ceff=1.62x
271,10:15:00,34.010,67.650,65.660,48.150,46.750,32.160,1.655,16.121,17.264,0.878,1.457,848.700,1373.100,1.618,14.146,25.158,0.959,1.593,19.782,21.035,0.746,0.751,14.154,25.154,0.189,8.824,9.693,0.018,4155.000,125.840,48.490,8.824,58.183,ON,Clear with late haze; Hybrid loop operating; Ceff=1.62x
272,10:15:30,34.040,67.660,65.670,48.160,46.780,32.160,1.655,16.120,17.263,0.877,1.457,848.400,1373.100,1.618,14.140,25.156,0.959,1.593,19.781,21.034,0.745,0.751,14.137,25.152,0.189,8.817,9.692,0.018,4155.000,125.840,48.490,8.817,58.182,ON,Clear with late haze; Hybrid loop operating; Ceff=1.62x
273,10:16:00,34.070,67.680,65.700,48.190,46.800,32.160,1.655,16.119,17.261,0.877,1.458,848.400,1373.500,1.619,14.138,25.161,0.959,1.593,19.780,21.032,0.745,0.751,14.136,25.167,0.189,8.816,9.695,0.018,4155.000,125.840,48.476,8.816,58.171,ON,Clear with late haze; Hybrid loop operating; Ceff=1.62x
274,10:16:30,34.090,67.720,65.740,48.220,46.840,32.160,1.657,16.116,17.259,0.877,1.459,848.800,1374.700,1.620,14.142,25.178,0.959,1.594,19.777,21.030,0.746,0.751,14.134,25.181,0.189,8.810,9.692,0.018,4155.000,125.992,48.493,8.810,58.184,ON,Clear with late haze; Hybrid loop operating; Ceff=1.62x
275,10:17:00,34.120,67.770,65.790,48.260,46.880,32.160,1.660,16.113,17.257,0.878,1.461,849.800,1376.800,1.620,14.155,25.213,0.960,1.597,19.774,21.027,0.746,0.751,14.147,25.212,0.189,8.808,9.689,0.018,4155.000,126.221,48.506,8.808,58.195,ON,Clear with late haze; Hybrid loop operating; Ceff=1.62x
276,10:17:30,34.140,67.850,65.860,48.310,46.930,32.170,1.665,16.109,17.254,0.880,1.464,851.400,1379.900,1.621,14.177,25.264,0.962,1.600,19.769,21.024,0.745,0.751,14.176,25.260,0.189,8.810,9.685,0.018,4155.000,126.601,48.543,8.810,58.229,ON,Clear with late haze; Hybrid loop operating; Ceff=1.62x
277,10:18:00,34.170,67.930,65.940,48.380,46.990,32.170,1.672,16.104,17.250,0.882,1.468,853.500,1383.900,1.621,14.207,25.330,0.964,1.605,19.764,21.020,0.746,0.751,14.204,25.323,0.189,8.805,9.682,0.018,4155.000,127.133,48.606,8.805,58.288,ON,Clear with late haze; Hybrid loop operating; Ceff=1.62x
278,10:18:30,34.190,68.030,66.030,48.450,47.050,32.170,1.679,16.098,17.246,0.885,1.473,856.000,1388.400,1.622,14.242,25.406,0.967,1.610,19.757,21.016,0.745,0.751,14.247,25.403,0.189,8.806,9.681,0.018,4155.000,127.665,48.652,8.806,58.332,ON,Clear with late haze; Hybrid loop operating; Ceff=1.62x
279,10:19:00,34.220,68.140,66.130,48.520,47.120,32.170,1.686,16.092,17.242,0.887,1.478,858.600,1393.100,1.623,14.278,25.484,0.970,1.615,19.751,21.011,0.745,0.751,14.274,25.484,0.189,8.796,9.679,0.018,4155.000,128.198,48.690,8.796,58.368,ON,Clear with late haze; Hybrid loop operating; Ceff=1.62x
280,10:19:30,34.240,68.250,66.230,48.600,47.190,32.180,1.693,16.086,17.237,0.890,1.483,861.000,1397.500,1.623,14.312,25.557,0.972,1.620,19.744,21.006,0.746,0.751,14.317,25.562,0.189,8.798,9.678,0.018,4155.000,128.730,48.738,8.798,58.416,ON,Clear with late haze; Hybrid loop operating; Ceff=1.62x
281,10:20:00,34.260,68.360,66.330,48.680,47.250,32.180,1.699,16.080,17.233,0.892,1.487,863.100,1401.300,1.624,14.339,25.618,0.975,1.625,19.737,21.002,0.745,0.751,14.343,25.625,0.189,8.793,9.676,0.018,4155.000,129.186,48.778,8.793,58.453,ON,Clear with late haze; Hybrid loop operating; Ceff=1.62x
282,10:20:30,34.290,68.450,66.410,48.740,47.320,32.180,1.704,16.074,17.229,0.893,1.490,864.500,1404.200,1.624,14.357,25.664,0.976,1.628,19.731,20.997,0.746,0.751,14.354,25.671,0.189,8.785,9.673,0.018,4155.000,129.566,48.820,8.785,58.493,ON,Clear with late haze; Hybrid loop operating; Ceff=1.62x
283,10:21:00,34.310,68.530,66.490,48.800,47.370,32.190,1.707,16.070,17.226,0.894,1.491,865.400,1406.000,1.625,14.366,25.691,0.977,1.630,19.726,20.994,0.745,0.751,14.367,25.684,0.189,8.784,9.665,0.018,4155.000,129.794,48.844,8.784,58.509,ON,Clear with late haze; Hybrid loop operating; Ceff=1.62x
284,10:21:30,34.330,68.590,66.550,48.850,47.420,32.190,1.708,16.066,17.223,0.894,1.492,865.600,1407.000,1.625,14.366,25.703,0.977,1.631,19.722,20.991,0.746,0.751,14.363,25.697,0.189,8.779,9.663,0.018,4155.000,129.870,48.838,8.779,58.501,ON,Clear with late haze; Hybrid loop operating; Ceff=1.63x
285,10:22:00,34.360,68.630,66.590,48.880,47.450,32.200,1.708,16.064,17.221,0.894,1.493,865.500,1407.200,1.626,14.361,25.704,0.977,1.631,19.719,20.988,0.745,0.751,14.361,25.711,0.189,8.779,9.667,0.018,4155.000,129.870,48.831,8.779,58.498,ON,Clear with late haze; Hybrid loop operating; Ceff=1.63x
286,10:22:30,34.380,68.660,66.620,48.900,47.480,32.200,1.708,16.062,17.220,0.894,1.492,865.100,1407.200,1.627,14.353,25.700,0.977,1.631,19.718,20.987,0.745,0.751,14.359,25.692,0.189,8.782,9.660,0.018,4155.000,129.870,48.831,8.782,58.491,ON,Clear with late haze; Hybrid loop operating; Ceff=1.63x
287,10:23:00,34.400,68.660,66.640,48.910,47.500,32.210,1.708,16.061,17.219,0.893,1.493,864.900,1407.200,1.627,14.348,25.700,0.976,1.631,19.717,20.986,0.746,0.751,14.342,25.708,0.189,8.774,9.666,0.018,4155.000,129.870,48.831,8.774,58.497,ON,Clear with late haze; Hybrid loop operating; Ceff=1.63x
288,10:23:30,34.420,68.660,66.640,48.920,47.510,32.210,1.709,16.062,17.218,0.893,1.493,864.900,1407.800,1.628,14.349,25.709,0.976,1.632,19.717,20.985,0.746,0.751,14.343,25.706,0.189,8.775,9.661,0.018,4155.000,129.946,48.838,8.775,58.500,ON,Clear with late haze; Hybrid loop operating; Ceff=1.63x
289,10:24:00,34.440,68.640,66.640,48.920,47.520,32.220,1.712,16.062,17.218,0.894,1.495,865.500,1409.200,1.628,14.359,25.735,0.977,1.633,19.718,20.985,0.745,0.751,14.359,25.741,0.189,8.778,9.665,0.018,4155.000,130.174,48.876,8.778,58.540,ON,Clear with late haze; Hybrid loop operating; Ceff=1.63x
290,10:24:30,34.460,68.630,66.640,48.910,47.520,32.220,1.715,16.062,17.218,0.895,1.497,866.700,1411.600,1.629,14.379,25.778,0.978,1.636,19.718,20.985,0.746,0.751,14.375,25.775,0.189,8.776,9.661,0.018,4155.000,130.403,48.878,8.776,58.539,ON,Clear with late haze; Hybrid loop operating; Ceff=1.63x
291,10:25:00,34.480,68.620,66.650,48.920,47.530,32.230,1.721,16.062,17.218,0.897,1.501,868.400,1414.900,1.629,14.408,25.838,0.980,1.640,19.718,20.985,0.746,0.751,14.408,25.844,0.189,8.778,9.664,0.018,4155.000,130.859,48.935,8.778,58.599,ON,Clear with late haze; Hybrid loop operating; Ceff=1.63x
292,10:25:30,34.490,68.630,66.660,48.930,47.550,32.240,1.727,16.062,17.217,0.899,1.505,870.600,1419.000,1.630,14.444,25.911,0.983,1.645,19.717,20.984,0.745,0.751,14.440,25.912,0.189,8.776,9.662,0.018,4155.000,131.315,48.963,8.776,58.625,ON,Clear with late haze; Hybrid loop operating; Ceff=1.63x
293,10:26:00,34.510,68.650,66.690,48.950,47.580,32.240,1.734,16.060,17.215,0.902,1.510,873.100,1423.400,1.630,14.483,25.990,0.986,1.650,19.716,20.982,0.745,0.751,14.486,25.995,0.189,8.779,9.663,0.018,4155.000,131.847,49.010,8.779,58.672,ON,Clear with late haze; Hybrid loop operating; Ceff=1.63x
294,10:26:30,34.530,68.690,66.730,48.980,47.610,32.250,1.741,16.058,17.214,0.904,1.514,875.500,1427.900,1.631,14.521,26.067,0.988,1.655,19.713,20.980,0.746,0.751,14.516,26.062,0.189,8.773,9.657,0.018,4155.000,132.380,49.053,8.773,58.710,ON,Clear with late haze; Hybrid loop operating; Ceff=1.63x
295,10:27:00,34.550,68.750,66.790,49.020,47.650,32.260,1.748,16.055,17.211,0.906,1.519,877.700,1431.900,1.631,14.553,26.135,0.991,1.660,19.710,20.977,0.745,0.751,14.546,26.144,0.189,8.769,9.660,0.018,4155.000,132.912,49.112,8.769,58.772,ON,Clear with late haze; Hybrid loop operating; Ceff=1.63x
296,10:27:30,34.560,68.820,66.860,49.070,47.700,32.260,1.753,16.050,17.208,0.908,1.522,879.300,1435.100,1.632,14.575,26.188,0.992,1.663,19.705,20.974,0.746,0.751,14.573,26.191,0.189,8.769,9.656,0.018,4155.000,133.292,49.143,8.769,58.799,ON,Clear with late haze; Hybrid loop operating; Ceff=1.63x
297,10:28:00,34.580,68.910,66.940,49.130,47.760,32.270,1.756,16.045,17.205,0.909,1.524,880.400,1437.300,1.633,14.587,26.221,0.994,1.666,19.699,20.970,0.745,0.751,14.585,26.220,0.189,8.765,9.652,0.018,4155.000,133.520,49.152,8.765,58.804,ON,Clear with late haze; Hybrid loop operating; Ceff=1.63x
298,10:28:30,34.590,69.010,67.030,49.200,47.810,32.280,1.758,16.040,17.201,0.909,1.525,880.800,1438.400,1.633,14.588,26.236,0.994,1.667,19.693,20.966,0.745,0.751,14.580,26.232,0.189,8.758,9.649,0.018,4155.000,133.672,49.170,8.758,58.819,ON,Clear with late haze; Hybrid loop operating; Ceff=1.63x
299,10:29:00,34.610,69.110,67.120,49.260,47.870,32.280,1.759,16.034,17.197,0.909,1.525,880.700,1438.700,1.634,14.579,26.234,0.994,1.667,19.687,20.962,0.745,0.751,14.575,26.225,0.189,8.756,9.645,0.018,4155.000,133.748,49.188,8.756,58.832,ON,Clear with late haze; Hybrid loop operating; Ceff=1.63x
300,10:29:30,34.620,69.210,67.210,49.330,47.930,32.290,1.758,16.028,17.194,0.909,1.525,880.300,1438.400,1.634,14.565,26.222,0.993,1.667,19.681,20.958,0.745,0.751,14.569,26.221,0.189,8.757,9.645,0.018,4155.000,133.672,49.170,8.757,58.815,ON,Clear with late haze; Hybrid loop operating; Ceff=1.63x
301,10:30:00,34.630,69.300,67.290,49.380,47.980,32.300,1.757,16.023,17.190,0.908,1.525,879.700,1438.000,1.635,14.550,26.208,0.992,1.666,19.675,20.955,0.745,0.751,14.549,26.215,0.189,8.751,9.646,0.018,4155.000,133.596,49.156,8.751,58.801,ON,Clear with late haze; Hybrid loop operating; Ceff=1.63x
302,10:30:30,34.640,69.380,67.370,49.430,48.020,32.310,1.757,16.018,17.188,0.908,1.524,879.300,1437.800,1.635,14.539,26.200,0.992,1.666,19.670,20.952,0.745,0.751,14.544,26.195,0.189,8.752,9.639,0.018,4155.000,133.596,49.162,8.752,58.802,ON,Clear with late haze; Hybrid loop operating; Ceff=1.64x
303,10:31:00,34.660,69.450,67.430,49.480,48.060,32.320,1.758,16.015,17.185,0.908,1.525,879.400,1438.300,1.636,14.535,26.204,0.992,1.666,19.666,20.949,0.745,0.751,14.542,26.207,0.189,8.749,9.641,0.018,4155.000,133.672,49.173,8.749,58.814,ON,Clear with late haze; Hybrid loop operating; Ceff=1.64x
304,10:31:30,34.670,69.500,67.470,49.510,48.090,32.330,1.760,16.012,17.183,0.908,1.526,879.900,1439.700,1.636,14.541,26.226,0.992,1.668,19.663,20.947,0.745,0.751,14.539,26.221,0.189,8.743,9.637,0.018,4155.000,133.824,49.181,8.743,58.818,ON,Clear with late haze; Hybrid loop operating; Ceff=1.64x
305,10:32:00,34.680,69.530,67.510,49.530,48.120,32.330,1.764,16.010,17.182,0.909,1.529,881.100,1442.000,1.637,14.558,26.266,0.994,1.671,19.660,20.946,0.745,0.750,14.553,26.271,0.189,8.739,9.639,0.018,4155.000,134.128,49.215,8.739,58.854,ON,Clear with late haze; Hybrid loop operating; Ceff=1.64x
306,10:32:30,34.690,69.550,67.530,49.540,48.130,32.340,1.769,16.008,17.181,0.911,1.532,882.800,1445.300,1.637,14.584,26.323,0.996,1.674,19.659,20.945,0.745,0.751,14.583,26.321,0.189,8.740,9.636,0.018,4155.000,134.509,49.241,8.740,58.877,ON,Clear with late haze; Hybrid loop operating; Ceff=1.64x
307,10:33:00,34.700,69.550,67.550,49.550,48.140,32.350,1.775,16.008,17.181,0.913,1.536,884.900,1449.100,1.638,14.618,26.393,0.998,1.679,19.658,20.944,0.745,0.751,14.615,26.390,0.189,8.739,9.636,0.018,4155.000,134.965,49.279,8.739,58.914,ON,Clear with late haze; Hybrid loop operating; Ceff=1.64x
308,10:33:30,34.710,69.550,67.550,49.550,48.150,32.360,1.782,16.008,17.180,0.915,1.541,887.100,1453.200,1.638,14.655,26.467,1.001,1.684,19.658,20.944,0.745,0.750,14.647,26.474,0.189,8.736,9.639,0.018,4155.000,135.497,49.334,8.736,58.973,ON,Clear with late haze; Hybrid loop operating; Ceff=1.64x
309,10:34:00,34.720,69.540,67.550,49.550,48.160,32.370,1.788,16.008,17.180,0.918,1.545,889.200,1457.100,1.639,14.690,26.537,1.003,1.688,19.659,20.944,0.745,0.751,14.695,26.543,0.189,8.744,9.638,0.018,4155.000,135.953,49.367,8.744,59.005,ON,Clear with late haze; Hybrid loop operating; Ceff=1.64x
310,10:34:30,34.720,69.530,67.550,49.550,48.160,32.380,1.793,16.008,17.180,0.919,1.548,890.900,1460.400,1.639,14.719,26.597,1.005,1.692,19.659,20.943,0.745,0.751,14.711,26.595,0.189,8.737,9.635,0.018,4155.000,136.333,49.393,8.737,59.029,ON,Clear with late haze; Hybrid loop operating; Ceff=1.64x
311,10:35:00,34.730,69.520,67.560,49.550,48.170,32.390,1.797,16.008,17.180,0.921,1.551,892.100,1462.800,1.640,14.739,26.641,1.006,1.695,19.659,20.943,0.745,0.750,14.743,26.646,0.189,8.744,9.638,0.018,4155.000,136.638,49.422,8.744,59.060,ON,Clear with late haze; Hybrid loop operating; Ceff=1.64x
312,10:35:30,34.740,69.530,67.570,49.550,48.180,32.400,1.799,16.008,17.180,0.921,1.552,892.700,1464.200,1.640,14.748,26.665,1.007,1.696,19.659,20.943,0.745,0.751,14.743,26.663,0.189,8.738,9.635,0.018,4155.000,136.790,49.430,8.738,59.065,ON,Clear with late haze; Hybrid loop operating; Ceff=1.64x
313,10:36:00,34.750,69.540,67.590,49.560,48.190,32.410,1.800,16.007,17.179,0.921,1.553,892.700,1464.600,1.641,14.746,26.671,1.007,1.697,19.658,20.942,0.745,0.750,14.742,26.679,0.189,8.738,9.638,0.018,4155.000,136.866,49.444,8.738,59.082,ON,Clear with late haze; Hybrid loop operating; Ceff=1.64x
314,10:36:30,34.750,69.560,67.610,49.570,48.210,32.420,1.799,16.006,17.178,0.921,1.552,892.200,1464.200,1.641,14.736,26.662,1.006,1.696,19.656,20.941,0.745,0.751,14.742,26.660,0.189,8.742,9.634,0.018,4155.000,136.790,49.430,8.742,59.064,ON,Clear with late haze; Hybrid loop operating; Ceff=1.64x
315,10:37:00,34.760,69.600,67.650,49.590,48.230,32.430,1.798,16.003,17.177,0.920,1.551,891.400,1463.400,1.642,14.721,26.645,1.005,1.695,19.654,20.940,0.745,0.751,14.723,26.642,0.189,8.739,9.632,0.018,4155.000,136.714,49.430,8.739,59.062,ON,Clear with late haze; Hybrid loop operating; Ceff=1.64x
316,10:37:30,34.770,69.650,67.700,49.620,48.260,32.430,1.797,16.000,17.175,0.919,1.550,890.700,1462.600,1.642,14.705,26.627,1.004,1.694,19.650,20.938,0.745,0.751,14.704,26.621,0.189,8.735,9.630,0.018,4155.000,136.638,49.429,8.735,59.059,ON,Clear with late haze; Hybrid loop operating; Ceff=1.64x
317,10:38:00,34.770,69.720,67.760,49.660,48.290,32.440,1.796,15.997,17.173,0.919,1.550,890.200,1462.300,1.643,14.693,26.617,1.004,1.694,19.646,20.936,0.745,0.751,14.701,26.618,0.189,8.738,9.631,0.018,4155.000,136.562,49.412,8.738,59.043,ON,Clear with late haze; Hybrid loop operating; Ceff=1.64x
318,10:38:30,34.780,69.790,67.820,49.710,48.330,32.450,1.797,15.993,17.170,0.918,1.550,890.200,1462.700,1.643,14.689,26.620,1.004,1.694,19.642,20.933,0.745,0.751,14.682,26.614,0.189,8.726,9.627,0.018,4155.000,136.638,49.426,8.726,59.053,ON,Clear with late haze; Hybrid loop operating; Ceff=1.64x
319,10:39:00,34.780,69.880,67.900,49.750,48.370,32.460,1.799,15.988,17.168,0.919,1.552,890.800,1464.100,1.644,14.693,26.641,1.004,1.696,19.636,20.930,0.745,0.751,14.693,26.645,0.189,8.727,9.629,0.018,4155.000,136.790,49.433,8.727,59.062,ON,Clear with late haze; Hybrid loop operating; Ceff=1.64x
320,10:39:30,34.790,69.960,67.970,49.810,48.410,32.470,1.803,15.983,17.165,0.920,1.554,892.000,1466.500,1.644,14.707,26.679,1.006,1.699,19.631,20.927,0.745,0.750,14.704,26.674,0.189,8.722,9.624,0.018,4155.000,137.094,49.462,8.722,59.086,ON,Clear with late haze; Hybrid loop operating; Ceff=1.64x
321,10:40:00,34.790,70.050,68.050,49.860,48.460,32.480,1.808,15.978,17.162,0.922,1.558,893.700,1469.800,1.645,14.730,26.732,1.008,1.702,19.626,20.924,0.745,0.751,14.732,26.738,0.189,8.722,9.625,0.018,4155.000,137.474,49.488,8.722,59.113,ON,Clear with late haze; Hybrid loop operating; Ceff=1.64x
322,10:40:30,34.800,70.130,68.120,49.910,48.500,32.490,1.814,15.974,17.159,0.924,1.562,895.700,1473.500,1.645,14.758,26.795,1.010,1.707,19.621,20.921,0.745,0.750,14.760,26.802,0.189,8.719,9.624,0.018,4155.000,137.930,49.528,8.719,59.152,ON,Clear with late haze; Hybrid loop operating; Ceff=1.65x
323,10:41:00,34.800,70.200,68.180,49.950,48.540,32.500,1.821,15.970,17.157,0.926,1.565,897.800,1477.300,1.645,14.787,26.859,1.012,1.711,19.617,20.918,0.745,0.750,14.788,26.851,0.189,8.715,9.617,0.018,4155.000,138.462,49.591,8.715,59.208,ON,Clear with late haze; Hybrid loop operating; Ceff=1.65x
324,10:41:30,34.810,70.260,68.230,49.990,48.570,32.510,1.826,15.967,17.155,0.928,1.569,899.600,1480.800,1.646,14.814,26.918,1.014,1.715,19.613,20.916,0.745,0.750,14.817,26.916,0.189,8.715,9.617,0.018,4155.000,138.843,49.609,8.715,59.227,ON,Clear with late haze; Hybrid loop operating; Ceff=1.65x
325,10:42:00,34.810,70.300,68.270,50.010,48.590,32.520,1.831,15.964,17.154,0.929,1.572,901.100,1483.500,1.646,14.834,26.966,1.016,1.718,19.610,20.914,0.745,0.751,14.831,26.966,0.189,8.708,9.618,0.018,4155.000,139.223,49.655,8.708,59.272,ON,Clear with late haze; Hybrid loop operating; Ceff=1.65x
326,10:42:30,34.820,70.320,68.300,50.030,48.610,32.530,1.834,15.963,17.153,0.930,1.574,901.900,1485.300,1.647,14.847,26.996,1.016,1.720,19.609,20.913,0.745,0.751,14.846,26.999,0.189,8.709,9.618,0.018,4155.000,139.451,49.676,8.709,59.294,ON,Clear with late haze; Hybrid loop operating; Ceff=1.65x
327,10:43:00,34.820,70.330,68.310,50.030,48.620,32.530,1.835,15.962,17.152,0.930,1.575,902.100,1486.100,1.647,14.850,27.010,1.017,1.721,19.608,20.913,0.745,0.750,14.845,27.014,0.189,8.707,9.618,0.018,4155.000,139.527,49.676,8.707,59.294,ON,Clear with late haze; Hybrid loop operating; Ceff=1.65x
328,10:43:30,34.830,70.320,68.310,50.030,48.620,32.540,1.835,15.962,17.152,0.930,1.575,901.800,1486.000,1.648,14.845,27.008,1.016,1.721,19.608,20.913,0.745,0.750,14.845,27.014,0.189,8.710,9.619,0.018,4155.000,139.527,49.680,8.710,59.298,ON,Clear with late haze; Hybrid loop operating; Ceff=1.65x
329,10:44:00,34.830,70.300,68.300,50.020,48.620,32.550,1.834,15.963,17.153,0.929,1.574,901.100,1485.300,1.648,14.834,26.996,1.016,1.720,19.609,20.913,0.745,0.751,14.830,26.999,0.189,8.708,9.618,0.018,4155.000,139.451,49.676,8.708,59.294,ON,Clear with late haze; Hybrid loop operating; Ceff=1.65x
330,10:44:30,34.840,70.280,68.290,50.000,48.610,32.560,1.832,15.964,17.153,0.928,1.573,900.300,1484.300,1.649,14.822,26.980,1.015,1.719,19.611,20.914,0.745,0.750,14.815,26.982,0.189,8.706,9.618,0.018,4155.000,139.299,49.655,8.706,59.273,ON,Clear with late haze; Hybrid loop operating; Ceff=1.65x
331,10:45:00,34.840,70.250,68.270,49.980,48.600,32.570,1.831,15.966,17.154,0.928,1.572,899.600,1483.600,1.649,14.812,26.968,1.014,1.718,19.612,20.915,0.745,0.751,14.816,26.966,0.189,8.714,9.617,0.018,4155.000,139.223,49.651,8.714,59.268,ON,Clear with late haze; Hybrid loop operating; Ceff=1.65x
332,10:45:30,34.850,70.230,68.260,49.970,48.590,32.580,1.831,15.966,17.155,0.927,1.572,899.300,1483.400,1.650,14.808,26.967,1.014,1.718,19.613,20.916,0.745,0.750,14.800,26.968,0.189,8.708,9.619,0.018,4155.000,139.223,49.658,8.708,59.277,ON,Clear with late haze; Hybrid loop operating; Ceff=1.65x
333,10:46:00,34.850,70.220,68.260,49.960,48.590,32.580,1.832,15.967,17.155,0.928,1.573,899.500,1484.200,1.650,14.812,26.981,1.014,1.719,19.613,20.916,0.745,0.750,14.817,26.985,0.189,8.716,9.620,0.018,4155.000,139.299,49.658,8.716,59.278,ON,Clear with late haze; Hybrid loop operating; Ceff=1.65x
334,10:46:30,34.860,70.230,68.270,49.970,48.600,32.590,1.835,15.966,17.155,0.929,1.575,900.400,1486.000,1.650,14.826,27.013,1.015,1.721,19.613,20.916,0.745,0.750,14.832,27.019,0.189,8.716,9.620,0.018,4155.000,139.527,49.680,8.716,59.300,ON,Clear with late haze; Hybrid loop operating; Ceff=1.65x
335,10:47:00,34.870,70.260,68.290,49.980,48.610,32.600,1.839,15.965,17.154,0.930,1.578,901.800,1488.800,1.651,14.847,27.062,1.016,1.724,19.611,20.915,0.745,0.751,14.847,27.069,0.189,8.711,9.620,0.018,4155.000,139.831,49.694,8.711,59.314,ON,Clear with late haze; Hybrid loop operating; Ceff=1.65x
336,10:47:30,34.870,70.300,68.330,50.010,48.640,32.600,1.845,15.962,17.152,0.932,1.581,903.700,1492.300,1.651,14.876,27.122,1.018,1.728,19.608,20.913,0.745,0.751,14.877,27.117,0.189,8.710,9.615,0.018,4155.000,140.287,49.739,8.710,59.354,ON,Clear with late haze; Hybrid loop operating; Ceff=1.65x
337,10:48:00,34.880,70.360,68.390,50.050,48.670,32.610,1.851,15.959,17.150,0.934,1.585,905.800,1496.100,1.652,14.906,27.188,1.021,1.733,19.605,20.910,0.745,0.750,14.906,27.183,0.189,8.707,9.613,0.018,4155.000,140.744,49.774,8.707,59.388,ON,Clear with late haze; Hybrid loop operating; Ceff=1.65x
338,10:48:30,34.890,70.440,68.460,50.100,48.710,32.620,1.857,15.954,17.147,0.936,1.589,907.900,1500.000,1.652,14.935,27.252,1.023,1.737,19.600,20.907,0.745,0.750,14.933,27.247,0.189,8.703,9.611,0.018,4155.000,141.200,49.806,8.703,59.417,ON,Clear with late haze; Hybrid loop operating; Ceff=1.65x
339,10:49:00,34.890,70.530,68.530,50.160,48.760,32.620,1.863,15.950,17.144,0.938,1.593,909.700,1503.300,1.653,14.959,27.307,1.025,1.741,19.594,20.904,0.745,0.750,14.961,27.310,0.189,8.702,9.612,0.018,4155.000,141.656,49.857,8.702,59.469,ON,Clear with late haze; Hybrid loop operating; Ceff=1.65x
340,10:49:30,34.900,70.620,68.610,50.220,48.810,32.630,1.867,15.944,17.141,0.939,1.595,911.000,1505.800,1.653,14.974,27.346,1.026,1.744,19.589,20.901,0.745,0.750,14.971,27.340,0.189,8.695,9.607,0.018,4155.000,141.960,49.881,8.695,59.488,ON,Clear with late haze; Hybrid loop operating; Ceff=1.65x
341,10:50:00,34.910,70.710,68.690,50.270,48.860,32.640,1.870,15.939,17.138,0.940,1.597,911.700,1507.300,1.653,14.979,27.368,1.027,1.745,19.583,20.897,0.745,0.751,14.983,27.369,0.189,8.695,9.607,0.018,4155.000,142.188,49.912,8.695,59.519,ON,Clear with late haze; Hybrid loop operating; Ceff=1.65x
342,10:50:30,34.920,70.800,68.770,50.330,48.900,32.640,1.870,15.935,17.135,0.940,1.597,911.800,1507.900,1.654,14.975,27.372,1.027,1.746,19.578,20.894,0.745,0.750,14.979,27.365,0.189,8.692,9.602,0.018,4155.000,142.188,49.892,8.692,59.494,ON,Clear with late haze; Hybrid loop operating; Ceff=1.65x
343,10:51:00,34.930,70.870,68.830,50.370,48.940,32.650,1.870,15.931,17.132,0.939,1.597,911.400,1507.600,1.654,14.964,27.362,1.027,1.745,19.574,20.891,0.744,0.751,14.959,27.360,0.189,8.684,9.602,0.018,4155.000,142.188,49.902,8.684,59.504,ON,Clear with late haze; Hybrid loop operating; Ceff=1.65x
344,10:51:30,34.940,70.920,68.880,50.400,48.970,32.650,1.869,15.928,17.131,0.939,1.596,910.700,1506.900,1.655,14.950,27.346,1.026,1.745,19.570,20.889,0.745,0.750,14.956,27.341,0.189,8.689,9.600,0.018,4155.000,142.112,49.898,8.689,59.498,ON,Clear with late haze; Hybrid loop operating; Ceff=1.65x
345,10:52:00,34.950,70.950,68.910,50.430,48.990,32.660,1.868,15.926,17.129,0.938,1.595,910.000,1506.200,1.655,14.937,27.329,1.025,1.744,19.568,20.888,0.745,0.750,14.939,27.321,0.189,8.686,9.597,0.018,4155.000,142.036,49.895,8.686,59.492,ON,Clear with late haze; Hybrid loop operating; Ceff=1.66x
346,10:52:30,34.960,70.970,68.930,50.440,49.000,32.660,1.867,15.925,17.129,0.937,1.595,909.600,1505.800,1.655,14.928,27.321,1.024,1.743,19.567,20.887,0.745,0.750,14.922,27.321,0.189,8.680,9.600,0.018,4155.000,141.960,49.881,8.680,59.481,ON,Clear with late haze; Hybrid loop operating; Ceff=1.66x
347,10:53:00,34.970,70.970,68.930,50.440,49.010,32.660,1.868,15.925,17.129,0.937,1.595,909.600,1506.100,1.656,14.928,27.327,1.024,1.744,19.567,20.887,0.745,0.750,14.922,27.321,0.189,8.680,9.598,0.018,4155.000,142.036,49.898,8.680,59.496,ON,Clear with late haze; Hybrid loop operating; Ceff=1.66x
348,10:53:30,34.980,70.950,68.920,50.430,49.010,32.670,1.870,15.925,17.129,0.938,1.597,910.200,1507.500,1.656,14.939,27.352,1.025,1.745,19.568,20.887,0.745,0.750,14.938,27.355,0.189,8.683,9.601,0.018,4155.000,142.188,49.905,8.683,59.506,ON,Clear with late haze; Hybrid loop operating; Ceff=1.66x
349,10:54:00,34.990,70.930,68.910,50.420,49.000,32.670,1.874,15.926,17.129,0.939,1.599,911.400,1509.900,1.657,14.960,27.396,1.027,1.748,19.569,20.888,0.744,0.750,14.955,27.389,0.189,8.682,9.598,0.018,4155.000,142.492,49.932,8.682,59.530,ON,Clear with late haze; Hybrid loop operating; Ceff=1.66x
350,10:54:30,35.000,70.900,68.890,50.410,49.000,32.680,1.879,15.928,17.130,0.941,1.603,913.200,1513.100,1.657,14.990,27.457,1.029,1.752,19.570,20.888,0.744,0.750,14.988,27.459,0.189,8.684,9.602,0.018,4155.000,142.873,49.960,8.684,59.562,ON,Clear with late haze; Hybrid loop operating; Ceff=1.66x
351,10:55:00,35.010,70.880,68.880,50.400,49.000,32.680,1.885,15.929,17.130,0.943,1.607,915.300,1517.000,1.657,15.026,27.528,1.031,1.756,19.572,20.888,0.745,0.751,15.021,27.528,0.189,8.683,9.601,0.018,4155.000,143.329,49.990,8.683,59.592,ON,Clear with late haze; Hybrid loop operating; Ceff=1.66x
352,10:55:30,35.030,70.870,68.870,50.400,49.000,32.680,1.892,15.929,17.130,0.946,1.611,917.600,1521.100,1.658,15.064,27.602,1.034,1.761,19.572,20.888,0.744,0.750,15.069,27.596,0.189,8.689,9.599,0.018,4155.000,143.861,50.041,8.689,59.640,ON,Clear with late haze; Hybrid loop operating; Ceff=1.66x
353,10:56:00,35.040,70.860,68.880,50.400,49.010,32.680,1.898,15.929,17.129,0.948,1.615,919.700,1525.000,1.658,15.099,27.671,1.036,1.765,19.572,20.888,0.745,0.751,15.101,27.663,0.189,8.687,9.598,0.018,4155.000,144.317,50.071,8.687,59.669,ON,Clear with late haze; Hybrid loop operating; Ceff=1.66x
354,10:56:30,35.060,70.880,68.900,50.420,49.030,32.690,1.904,15.928,17.128,0.950,1.619,921.400,1528.200,1.659,15.126,27.727,1.038,1.769,19.571,20.887,0.745,0.750,15.132,27.730,0.189,8.689,9.601,0.018,4155.000,144.773,50.124,8.689,59.725,ON,Clear with late haze; Hybrid loop operating; Ceff=1.66x
355,10:57:00,35.070,70.910,68.930,50.440,49.060,32.690,1.908,15.926,17.127,0.951,1.621,922.600,1530.500,1.659,15.143,27.766,1.039,1.772,19.569,20.885,0.745,0.750,15.146,27.763,0.189,8.686,9.598,0.018,4155.000,145.078,50.154,8.686,59.752,ON,Clear with late haze; Hybrid loop operating; Ceff=1.66x
356,10:57:30,35.090,70.950,68.970,50.480,49.090,32.690,1.910,15.924,17.125,0.951,1.622,923.100,1531.800,1.659,15.149,27.785,1.040,1.773,19.566,20.883,0.744,0.750,15.144,27.777,0.189,8.680,9.594,0.018,4155.000,145.230,50.164,8.680,59.758,ON,Clear with late haze; Hybrid loop operating; Ceff=1.66x
357,10:58:00,35.100,71.020,69.030,50.520,49.130,32.690,1.910,15.920,17.123,0.951,1.623,923.100,1532.100,1.660,15.144,27.786,1.040,1.774,19.562,20.880,0.744,0.750,15.140,27.791,0.189,8.678,9.597,0.018,4155.000,145.230,50.154,8.678,59.751,ON,Clear with late haze; Hybrid loop operating; Ceff=1.66x
358,10:58:30,35.120,71.090,69.090,50.570,49.170,32.690,1.910,15.916,17.120,0.951,1.622,922.700,1531.700,1.660,15.132,27.773,1.039,1.773,19.558,20.877,0.745,0.750,15.136,27.769,0.189,8.679,9.592,0.018,4155.000,145.230,50.167,8.679,59.759,ON,Clear with late haze; Hybrid loop operating; Ceff=1.66x
359,10:59:00,35.140,71.170,69.170,50.620,49.220,32.690,1.908,15.912,17.117,0.950,1.621,922.100,1531.000,1.660,15.117,27.755,1.038,1.772,19.553,20.874,0.745,0.750,15.116,27.747,0.189,8.674,9.589,0.018,4155.000,145.078,50.138,8.674,59.727,ON,Clear with late haze; Hybrid loop operating; Ceff=1.66x
360,10:59:30,35.150,71.250,69.240,50.680,49.270,32.690,1.907,15.907,17.114,0.949,1.621,921.500,1530.400,1.661,15.102,27.738,1.038,1.771,19.548,20.871,0.744,0.750,15.096,27.742,0.189,8.668,9.591,0.018,4155.000,145.002,50.131,8.668,59.722,ON,Clear with late haze; Hybrid loop operating; Ceff=1.66x
361,11:00:00,35.170,71.340,69.310,50.730,49.310,32.690,1.907,15.902,17.111,0.949,1.621,921.200,1530.300,1.661,15.092,27.730,1.037,1.771,19.543,20.867,0.745,0.750,15.091,27.737,0.189,8.668,9.590,0.018,4155.000,145.002,50.134,8.668,59.724,ON,Clear with late haze; Hybrid loop operating; Ceff=1.66x
362,11:00:30,35.190,71.410,69.380,50.780,49.360,32.690,1.908,15.898,17.108,0.949,1.621,921.500,1531.100,1.662,15.091,27.738,1.037,1.772,19.538,20.864,0.745,0.750,15.087,27.732,0.189,8.663,9.583,0.018,4155.000,145.078,50.134,8.663,59.718,ON,Clear with late haze; Hybrid loop operating; Ceff=1.66x
363,11:01:00,35.210,71.480,69.440,50.830,49.400,32.690,1.911,15.894,17.105,0.950,1.623,922.400,1532.800,1.662,15.101,27.765,1.038,1.774,19.534,20.861,0.745,0.750,15.099,27.761,0.189,8.661,9.583,0.018,4155.000,145.306,50.157,8.661,59.740,ON,Clear with late haze; Hybrid loop operating; Ceff=1.66x
364,11:01:30,35.230,71.540,69.490,50.870,49.430,32.690,1.916,15.891,17.103,0.952,1.626,923.800,1535.600,1.662,15.121,27.810,1.040,1.777,19.530,20.859,0.744,0.750,15.128,27.809,0.189,8.665,9.582,0.018,4155.000,145.686,50.197,8.665,59.779,ON,Clear with late haze; Hybrid loop operating; Ceff=1.66x
365,11:02:00,35.250,71.580,69.530,50.900,49.460,32.690,1.922,15.889,17.101,0.953,1.630,925.700,1539.100,1.663,15.149,27.870,1.042,1.781,19.528,20.857,0.744,0.750,15.142,27.875,0.189,8.655,9.583,0.018,4155.000,146.142,50.240,8.655,59.822,ON,Clear with late haze; Hybrid loop operating; Ceff=1.66x
366,11:02:30,35.270,71.600,69.560,50.930,49.490,32.690,1.928,15.887,17.100,0.956,1.634,927.900,1543.100,1.663,15.183,27.938,1.044,1.786,19.526,20.855,0.745,0.750,15.188,27.941,0.189,8.660,9.581,0.018,4155.000,146.598,50.266,8.660,59.846,ON,Clear with late haze; Hybrid loop operating; Ceff=1.66x
367,11:03:00,35.280,71.620,69.570,50.940,49.510,32.690,1.935,15.886,17.099,0.958,1.638,930.100,1547.000,1.663,15.218,28.008,1.047,1.790,19.525,20.854,0.744,0.750,15.219,28.008,0.189,8.657,9.579,0.018,4155.000,147.131,50.321,8.657,59.900,ON,Clear with late haze; Hybrid loop operating; Ceff=1.66x
368,11:03:30,35.310,71.620,69.580,50.950,49.530,32.690,1.941,15.886,17.098,0.960,1.642,932.100,1550.600,1.664,15.249,28.070,1.049,1.794,19.525,20.853,0.745,0.750,15.251,28.075,0.189,8.657,9.580,0.018,4155.000,147.587,50.360,8.657,59.940,ON,Clear with late haze; Hybrid loop operating; Ceff=1.66x
369,11:04:00,35.330,71.610,69.580,50.960,49.540,32.690,1.945,15.886,17.097,0.961,1.645,933.500,1553.300,1.664,15.274,28.119,1.051,1.797,19.525,20.853,0.744,0.750,15.266,28.125,0.189,8.653,9.580,0.018,4155.000,147.891,50.376,8.653,59.956,ON,Clear with late haze; Hybrid loop operating; Ceff=1.66x
370,11:04:30,35.350,71.590,69.580,50.960,49.550,32.690,1.948,15.887,17.097,0.962,1.647,934.400,1555.100,1.664,15.288,28.150,1.052,1.799,19.526,20.852,0.744,0.750,15.283,28.159,0.189,8.654,9.581,0.018,4155.000,148.119,50.395,8.654,59.976,ON,Clear with late haze; Hybrid loop operating; Ceff=1.66x
371,11:05:00,35.370,71.570,69.570,50.960,49.550,32.680,1.949,15.887,17.097,0.963,1.647,934.600,1555.800,1.665,15.293,28.163,1.052,1.800,19.526,20.852,0.744,0.750,15.299,28.159,0.189,8.661,9.576,0.018,4155.000,148.195,50.399,8.661,59.975,ON,Clear with late haze; Hybrid loop operating; Ceff=1.66x
372,11:05:30,35.390,71.560,69.570,50.950,49.560,32.680,1.949,15.888,17.097,0.962,1.647,934.300,1555.600,1.665,15.289,28.159,1.052,1.800,19.527,20.852,0.744,0.750,15.284,28.159,0.189,8.656,9.578,0.018,4155.000,148.195,50.405,8.656,59.983,ON,Clear with late haze; Hybrid loop operating; Ceff=1.66x
373,11:06:00,35.410,71.550,69.570,50.960,49.570,32.680,1.948,15.888,17.096,0.962,1.646,933.600,1554.800,1.665,15.278,28.144,1.051,1.799,19.527,20.852,0.744,0.750,15.284,28.140,0.189,8.662,9.576,0.018,4155.000,148.119,50.405,8.662,59.981,ON,Clear with late haze; Hybrid loop operating; Ceff=1.67x
374,11:06:30,35.430,71.550,69.580,50.970,49.580,32.680,1.946,15.888,17.096,0.961,1.645,932.900,1553.800,1.666,15.265,28.124,1.050,1.798,19.527,20.851,0.745,0.750,15.268,28.123,0.189,8.660,9.576,0.018,4155.000,147.967,50.386,8.660,59.962,ON,Clear with late haze; Hybrid loop operating; Ceff=1.67x
375,11:07:00,35.450,71.570,69.600,50.980,49.600,32.680,1.945,15.887,17.095,0.960,1.644,932.300,1553.000,1.666,15.254,28.109,1.049,1.797,19.526,20.850,0.745,0.750,15.252,28.104,0.189,8.656,9.575,0.018,4155.000,147.891,50.386,8.656,59.961,ON,Clear with late haze; Hybrid loop operating; Ceff=1.67x
376,11:07:30,35.470,71.600,69.630,51.010,49.630,32.680,1.945,15.885,17.093,0.960,1.644,932.000,1553.000,1.666,15.248,28.104,1.049,1.797,19.524,20.848,0.745,0.750,15.250,28.101,0.189,8.657,9.574,0.018,4155.000,147.891,50.386,8.657,59.960,ON,Clear with late haze; Hybrid loop operating; Ceff=1.67x
377,11:08:00,35.500,71.650,69.680,51.040,49.660,32.670,1.946,15.882,17.091,0.960,1.645,932.300,1553.800,1.667,15.249,28.115,1.049,1.798,19.521,20.846,0.745,0.750,15.247,28.115,0.189,8.653,9.574,0.018,4155.000,147.967,50.386,8.653,59.959,ON,Clear with late haze; Hybrid loop operating; Ceff=1.67x
378,11:08:30,35.520,71.710,69.730,51.090,49.700,32.670,1.949,15.879,17.088,0.961,1.647,933.200,1555.600,1.667,15.260,28.142,1.050,1.800,19.517,20.843,0.745,0.750,15.260,28.144,0.189,8.652,9.572,0.018,4155.000,148.195,50.405,8.652,59.978,ON,Clear with late haze; Hybrid loop operating; Ceff=1.67x
379,11:09:00,35.540,71.790,69.800,51.140,49.750,32.670,1.954,15.874,17.085,0.962,1.650,934.700,1558.300,1.667,15.278,28.185,1.052,1.803,19.512,20.840,0.744,0.750,15.271,28.190,0.189,8.644,9.572,0.018,4155.000,148.575,50.447,8.644,60.018,ON,Clear with late haze; Hybrid loop operating; Ceff=1.67x
380,11:09:30,35.560,71.880,69.880,51.200,49.810,32.670,1.959,15.869,17.082,0.964,1.653,936.500,1561.700,1.667,15.303,28.239,1.054,1.807,19.507,20.836,0.744,0.750,15.298,28.237,0.189,8.643,9.566,0.018,4155.000,148.956,50.466,8.643,60.032,ON,Clear with late haze; Hybrid loop operating; Ceff=1.67x
381,11:10:00,35.580,71.970,69.960,51.270,49.860,32.660,1.965,15.864,17.078,0.966,1.657,938.500,1565.300,1.668,15.329,28.297,1.056,1.811,19.501,20.832,0.744,0.750,15.325,28.298,0.189,8.640,9.565,0.018,4155.000,149.412,50.504,8.640,60.069,ON,Clear with late haze; Hybrid loop operating; Ceff=1.67x
382,11:10:30,35.600,72.050,70.040,51.330,49.920,32.660,1.971,15.859,17.075,0.968,1.660,940.400,1568.700,1.668,15.354,28.352,1.058,1.815,19.496,20.828,0.744,0.750,15.352,28.345,0.189,8.637,9.560,0.018,4155.000,149.868,50.548,8.637,60.109,ON,Clear with late haze; Hybrid loop operating; Ceff=1.67x
383,11:11:00,35.630,72.130,70.110,51.390,49.970,32.660,1.976,15.855,17.072,0.970,1.663,942.000,1571.600,1.668,15.374,28.397,1.060,1.818,19.491,20.824,0.744,0.750,15.379,28.391,0.189,8.638,9.558,0.018,4155.000,150.248,50.583,8.638,60.141,ON,Clear with late haze; Hybrid loop operating; Ceff=1.67x
384,11:11:30,35.650,72.200,70.170,51.440,50.020,32.660,1.979,15.851,17.069,0.971,1.665,943.000,1573.500,1.669,15.385,28.426,1.061,1.820,19.486,20.821,0.744,0.750,15.391,28.420,0.189,8.636,9.556,0.018,4155.000,150.476,50.599,8.636,60.155,ON,Clear with late haze; Hybrid loop operating; Ceff=1.67x
385,11:12:00,35.670,72.250,70.220,51.480,50.050,32.660,1.980,15.848,17.066,0.971,1.666,943.400,1574.400,1.669,15.388,28.437,1.061,1.821,19.483,20.819,0.744,0.750,15.388,28.432,0.189,8.631,9.555,0.018,4155.000,150.552,50.595,8.631,60.150,ON,Clear with late haze; Hybrid loop operating; Ceff=1.67x
386,11:12:30,35.690,72.290,70.260,51.510,50.080,32.650,1.980,15.846,17.065,0.971,1.666,943.100,1574.300,1.669,15.381,28.432,1.061,1.821,19.481,20.817,0.744,0.750,15.386,28.430,0.189,8.632,9.555,0.018,4155.000,150.552,50.599,8.632,60.154,ON,Clear with late haze; Hybrid loop operating; Ceff=1.67x
387,11:13:00,35.710,72.300,70.270,51.520,50.100,32.650,1.979,15.845,17.064,0.970,1.665,942.400,1573.400,1.670,15.368,28.412,1.060,1.820,19.480,20.816,0.744,0.750,15.370,28.412,0.189,8.629,9.554,0.018,4155.000,150.476,50.602,8.629,60.156,ON,Clear with late haze; Hybrid loop operating; Ceff=1.67x
388,11:13:30,35.730,72.300,70.280,51.530,50.110,32.650,1.976,15.845,17.063,0.969,1.664,941.400,1572.000,1.670,15.352,28.387,1.059,1.818,19.480,20.815,0.744,0.750,15.354,28.393,0.189,8.629,9.556,0.018,4155.000,150.248,50.570,8.629,60.127,ON,Clear with late haze; Hybrid loop operating; Ceff=1.67x
389,11:14:00,35.750,72.280,70.270,51.520,50.120,32.650,1.974,15.846,17.063,0.968,1.662,940.400,1570.600,1.670,15.337,28.361,1.058,1.817,19.481,20.815,0.744,0.750,15.339,28.359,0.189,8.630,9.553,0.018,4155.000,150.096,50.564,8.630,60.117,ON,Clear with late haze; Hybrid loop operating; Ceff=1.67x
390,11:14:30,35.770,72.250,70.250,51.510,50.120,32.650,1.972,15.847,17.064,0.967,1.661,939.700,1569.600,1.670,15.326,28.344,1.057,1.815,19.482,20.816,0.744,0.750,15.324,28.343,0.189,8.628,9.554,0.018,4155.000,149.944,50.545,8.628,60.099,ON,Clear with late haze; Hybrid loop operating; Ceff=1.67x
391,11:15:00,35.790,72.220,70.240,51.500,50.110,32.650,1.972,15.848,17.064,0.967,1.661,939.400,1569.400,1.671,15.323,28.341,1.057,1.815,19.484,20.816,0.744,0.750,15.325,28.343,0.189,8.632,9.556,0.018,4155.000,149.944,50.551,8.632,60.107,ON,Clear with late haze; Hybrid loop operating; Ceff=1.67x
392,11:15:30,35.800,72.190,70.220,51.490,50.110,32.640,1.973,15.850,17.064,0.967,1.662,939.700,1570.100,1.671,15.330,28.356,1.057,1.816,19.485,20.817,0.744,0.750,15.327,28.360,0.189,8.630,9.557,0.018,4155.000,150.020,50.555,8.630,60.112,ON,Clear with late haze; Hybrid loop operating; Ceff=1.67x
393,11:16:00,35.820,72.170,70.210,51.490,50.110,32.640,1.976,15.851,17.064,0.968,1.664,940.600,1571.900,1.671,15.345,28.387,1.058,1.818,19.486,20.817,0.744,0.750,15.344,28.394,0.189,8.631,9.558,0.018,4155.000,150.248,50.573,8.631,60.131,ON,Clear with late haze; Hybrid loop operating; Ceff=1.67x
394,11:16:30,35.840,72.170,70.210,51.490,50.120,32.640,1.980,15.851,17.064,0.970,1.666,942.000,1574.400,1.671,15.368,28.433,1.060,1.821,19.486,20.816,0.744,0.750,15.375,28.429,0.189,8.636,9.554,0.018,4155.000,150.552,50.595,8.636,60.149,ON,Clear with late haze; Hybrid loop operating; Ceff=1.67x
395,11:17:00,35.860,72.180,70.230,51.500,50.140,32.640,1.986,15.850,17.063,0.971,1.670,943.700,1577.500,1.672,15.395,28.487,1.062,1.825,19.485,20.815,0.744,0.750,15.390,28.495,0.189,8.629,9.557,0.018,4155.000,151.008,50.649,8.629,60.206,ON,Clear with late haze; Hybrid loop operating; Ceff=1.67x
396,11:17:30,35.870,72.220,70.260,51.530,50.170,32.640,1.991,15.848,17.061,0.973,1.673,945.400,1580.800,1.672,15.422,28.542,1.063,1.828,19.483,20.813,0.745,0.750,15.420,28.543,0.189,8.630,9.553,0.018,4155.000,151.389,50.670,8.630,60.224,ON,Clear with late haze; Hybrid loop operating; Ceff=1.67x
397,11:18:00,35.890,72.270,70.310,51.570,50.200,32.640,1.996,15.845,17.059,0.975,1.676,947.000,1583.600,1.672,15.444,28.589,1.065,1.832,19.480,20.811,0.744,0.750,15.449,28.591,0.189,8.631,9.553,0.018,4155.000,151.769,50.708,8.631,60.260,ON,Clear with late haze; Hybrid loop operating; Ceff=1.67x
398,11:18:30,35.910,72.330,70.370,51.620,50.250,32.640,1.999,15.841,17.056,0.976,1.678,948.200,1585.800,1.672,15.457,28.622,1.066,1.834,19.475,20.808,0.745,0.750,15.461,28.620,0.189,8.627,9.549,0.018,4155.000,151.997,50.714,8.627,60.263,ON,Clear with late haze; Hybrid loop operating; Ceff=1.67x
399,11:19:00,35.920,72.410,70.440,51.670,50.300,32.640,2.001,15.837,17.053,0.976,1.679,948.700,1587.000,1.673,15.461,28.637,1.067,1.835,19.471,20.805,0.744,0.750,15.457,28.632,0.189,8.620,9.546,0.018,4155.000,152.149,50.726,8.620,60.272,ON,Clear with late haze; Hybrid loop operating; Ceff=1.67x
400,11:19:30,35.940,72.500,70.520,51.730,50.350,32.640,2.002,15.832,17.050,0.976,1.679,948.700,1587.100,1.673,15.454,28.633,1.067,1.835,19.465,20.801,0.744,0.750,15.452,28.627,0.189,8.618,9.544,0.018,4155.000,152.225,50.748,8.618,60.292,ON,Clear with late haze; Hybrid loop operating; Ceff=1.67x
401,11:20:00,35.950,72.590,70.600,51.790,50.400,32.640,2.000,15.827,17.047,0.975,1.678,948.100,1586.300,1.673,15.438,28.612,1.066,1.834,19.460,20.797,0.744,0.750,15.431,28.605,0.189,8.612,9.541,0.018,4155.000,152.073,50.723,8.612,60.264,ON,Clear with late haze; Hybrid loop operating; Ceff=1.67x
402,11:20:30,35.960,72.670,70.670,51.840,50.440,32.640,1.998,15.822,17.044,0.974,1.677,947.000,1584.800,1.673,15.416,28.579,1.065,1.833,19.455,20.794,0.744,0.750,15.411,28.583,0.189,8.610,9.543,0.018,4155.000,151.921,50.720,8.610,60.263,ON,Clear with late haze; Hybrid loop operating; Ceff=1.67x
403,11:21:00,35.980,72.740,70.730,51.890,50.480,32.640,1.995,15.818,17.041,0.973,1.675,945.900,1583.100,1.674,15.392,28.542,1.063,1.830,19.450,20.791,0.744,0.750,15.391,28.544,0.189,8.609,9.540,0.018,4155.000,151.693,50.698,8.609,60.238,ON,Clear with late haze; Hybrid loop operating; Ceff=1.67x
404,11:21:30,35.990,72.800,70.780,51.930,50.520,32.640,1.992,15.815,17.039,0.972,1.673,944.800,1581.600,1.674,15.371,28.510,1.062,1.829,19.447,20.789,0.744,0.750,15.372,28.506,0.189,8.609,9.536,0.018,4155.000,151.465,50.670,8.609,60.207,ON,Clear with late haze; Hybrid loop operating; Ceff=1.67x
405,11:22:00,36.000,72.840,70.820,51.950,50.540,32.640,1.991,15.813,17.038,0.971,1.672,944.100,1580.600,1.674,15.357,28.490,1.061,1.827,19.444,20.787,0.744,0.750,15.354,28.488,0.189,8.605,9.536,0.018,4155.000,151.389,50.677,8.605,60.213,ON,Clear with late haze; Hybrid loop operating; Ceff=1.67x
406,11:22:30,36.010,72.860,70.840,51.970,50.560,32.640,1.991,15.811,17.037,0.971,1.672,943.900,1580.500,1.674,15.352,28.486,1.061,1.827,19.443,20.786,0.744,0.750,15.352,28.486,0.189,8.606,9.536,0.018,4155.000,151.389,50.680,8.606,60.216,ON,Clear with late haze; Hybrid loop operating; Ceff=1.67x
407,11:23:00,36.020,72.870,70.850,51.980,50.570,32.640,1.992,15.811,17.036,0.971,1.673,944.400,1581.500,1.675,15.359,28.502,1.062,1.828,19.442,20.786,0.744,0.750,15.352,28.501,0.189,8.601,9.535,0.018,4155.000,151.465,50.673,8.601,60.209,ON,Clear with late haze; Hybrid loop operating; Ceff=1.67x
408,11:23:30,36.030,72.860,70.850,51.980,50.570,32.650,1.995,15.811,17.036,0.972,1.675,945.400,1583.400,1.675,15.376,28.537,1.063,1.831,19.443,20.786,0.744,0.750,15.368,28.535,0.189,8.601,9.535,0.018,4155.000,151.693,50.689,8.601,60.224,ON,Clear with late haze; Hybrid loop operating; Ceff=1.67x
409,11:24:00,36.040,72.840,70.840,51.970,50.570,32.650,2.000,15.812,17.036,0.974,1.678,946.900,1586.100,1.675,15.401,28.586,1.064,1.834,19.443,20.786,0.744,0.750,15.401,28.586,0.189,8.606,9.536,0.018,4155.000,152.073,50.729,8.606,60.265,ON,Clear with late haze; Hybrid loop operating; Ceff=1.68x
410,11:24:30,36.050,72.820,70.830,51.960,50.570,32.650,2.005,15.813,17.037,0.976,1.681,948.600,1589.200,1.675,15.430,28.643,1.066,1.837,19.445,20.786,0.744,0.750,15.433,28.639,0.189,8.608,9.535,0.018,4155.000,152.453,50.757,8.608,60.292,ON,Clear with late haze; Hybrid loop operating; Ceff=1.68x
411,11:25:00,36.060,72.790,70.810,51.950,50.560,32.650,2.010,15.814,17.037,0.978,1.684,950.300,1592.300,1.676,15.459,28.699,1.068,1.841,19.446,20.787,0.744,0.750,15.466,28.690,0.189,8.611,9.533,0.018,4155.000,152.833,50.785,8.611,60.318,ON,Clear with late haze; Hybrid loop operating; Ceff=1.68x
412,11:25:30,36.070,72.770,70.800,51.940,50.560,32.650,2.015,15.815,17.038,0.979,1.687,951.700,1594.800,1.676,15.484,28.746,1.070,1.844,19.447,20.787,0.744,0.750,15.483,28.743,0.189,8.608,9.536,0.018,4155.000,153.214,50.831,8.608,60.367,ON,Clear with late haze; Hybrid loop operating; Ceff=1.68x
413,11:26:00,36.070,72.760,70.790,51.930,50.560,32.660,2.018,15.816,17.038,0.980,1.689,952.700,1596.600,1.676,15.500,28.778,1.071,1.846,19.448,20.787,0.744,0.750,15.500,28.777,0.189,8.608,9.537,0.018,4155.000,153.442,50.849,8.608,60.386,ON,Clear with late haze; Hybrid loop operating; Ceff=1.68x
414,11:26:30,36.080,72.750,70.800,51.930,50.570,32.660,2.019,15.816,17.038,0.980,1.690,953.000,1597.400,1.676,15.505,28.791,1.071,1.847,19.448,20.787,0.744,0.750,15.500,28.794,0.189,8.605,9.537,0.018,4155.000,153.518,50.849,8.605,60.386,ON,Clear with late haze; Hybrid loop operating; Ceff=1.68x
415,11:27:00,36.080,72.760,70.810,51.940,50.580,32.660,2.018,15.815,17.037,0.980,1.690,952.700,1597.100,1.676,15.500,28.786,1.071,1.847,19.447,20.787,0.744,0.750,15.499,28.793,0.189,8.608,9.539,0.018,4155.000,153.442,50.833,8.608,60.372,ON,Clear with late haze; Hybrid loop operating; Ceff=1.68x
416,11:27:30,36.090,72.780,70.830,51.960,50.590,32.670,2.017,15.814,17.036,0.979,1.688,952.000,1596.000,1.677,15.486,28.764,1.070,1.845,19.446,20.786,0.744,0.750,15.482,28.757,0.189,8.605,9.533,0.018,4155.000,153.366,50.843,8.605,60.377,ON,Clear with late haze; Hybrid loop operating; Ceff=1.68x
417,11:28:00,36.090,72.820,70.870,51.980,50.610,32.670,2.014,15.812,17.035,0.978,1.687,950.900,1594.500,1.677,15.467,28.733,1.069,1.843,19.444,20.784,0.744,0.750,15.464,28.738,0.189,8.605,9.536,0.018,4155.000,153.138,50.815,8.605,60.351,ON,Clear with late haze; Hybrid loop operating; Ceff=1.68x
418,11:28:30,36.100,72.870,70.910,52.010,50.640,32.680,2.011,15.809,17.033,0.977,1.685,949.800,1592.800,1.677,15.445,28.700,1.068,1.841,19.440,20.782,0.744,0.750,15.445,28.701,0.189,8.604,9.534,0.018,4155.000,152.909,50.794,8.604,60.328,ON,Clear with late haze; Hybrid loop operating; Ceff=1.68x
419,11:29:00,36.100,72.930,70.960,52.050,50.670,32.680,2.009,15.806,17.031,0.976,1.684,949.000,1591.500,1.677,15.427,28.673,1.067,1.840,19.437,20.780,0.744,0.750,15.427,28.680,0.189,8.601,9.535,0.018,4155.000,152.757,50.785,8.601,60.320,ON,Clear with late haze; Hybrid loop operating; Ceff=1.68x
420,11:29:30,36.110,73.000,71.020,52.090,50.700,32.680,2.008,15.802,17.029,0.976,1.683,948.500,1591.000,1.677,15.415,28.658,1.066,1.839,19.433,20.778,0.744,0.750,15.423,28.660,0.189,8.603,9.531,0.018,4155.000,152.681,50.775,8.603,60.307,ON,Clear with late haze; Hybrid loop operating; Ceff=1.68x
421,11:30:00,36.110,73.070,71.080,52.130,50.740,32.690,2.009,15.798,17.027,0.976,1.683,948.700,1591.400,1.677,15.413,28.661,1.066,1.840,19.428,20.775,0.744,0.750,15.419,28.656,0.189,8.599,9.528,0.018,4155.000,152.757,50.788,8.599,60.316,ON,Clear with late haze; Hybrid loop operating; Ceff=1.68x
422,11:30:30,36.110,73.150,71.140,52.170,50.770,32.690,2.011,15.794,17.024,0.976,1.685,949.500,1592.900,1.678,15.420,28.683,1.067,1.841,19.424,20.773,0.744,0.750,15.415,28.685,0.189,8.590,9.528,0.018,4155.000,152.909,50.791,8.590,60.319,ON,Clear with late haze; Hybrid loop operating; Ceff=1.68x
423,11:31:00,36.110,73.220,71.200,52.220,50.800,32.700,2.015,15.790,17.022,0.978,1.687,950.800,1595.300,1.678,15.437,28.722,1.068,1.844,19.420,20.770,0.744,0.750,15.443,28.716,0.189,8.593,9.524,0.018,4155.000,153.214,50.815,8.593,60.339,ON,Clear with late haze; Hybrid loop operating; Ceff=1.68x
424,11:31:30,36.120,73.280,71.250,52.250,50.830,32.700,2.021,15.787,17.020,0.979,1.691,952.500,1598.400,1.678,15.461,28.773,1.070,1.848,19.416,20.768,0.744,0.750,15.455,28.781,0.189,8.585,9.527,0.018,4155.000,153.670,50.868,8.585,60.395,ON,Clear with late haze; Hybrid loop operating; Ceff=1.68x
425,11:32:00,36.120,73.330,71.300,52.280,50.860,32.710,2.026,15.784,17.018,0.981,1.694,954.400,1601.600,1.678,15.488,28.828,1.072,1.851,19.413,20.766,0.744,0.750,15.484,28.828,0.189,8.584,9.524,0.018,4155.000,154.050,50.892,8.584,60.415,ON,Clear with late haze; Hybrid loop operating; Ceff=1.68x
426,11:32:30,36.120,73.360,71.330,52.300,50.880,32.710,2.031,15.782,17.017,0.983,1.697,956.100,1604.700,1.678,15.514,28.881,1.074,1.855,19.411,20.765,0.744,0.750,15.514,28.878,0.189,8.585,9.522,0.018,4155.000,154.430,50.919,8.585,60.440,ON,Clear with late haze; Hybrid loop operating; Ceff=1.68x
427,11:33:00,36.120,73.380,71.350,52.320,50.890,32.720,2.035,15.781,17.017,0.984,1.700,957.500,1607.200,1.679,15.535,28.924,1.076,1.858,19.410,20.764,0.744,0.750,15.529,28.929,0.189,8.581,9.524,0.018,4155.000,154.734,50.940,8.581,60.463,ON,Clear with late haze; Hybrid loop operating; Ceff=1.68x
428,11:33:30,36.120,73.380,71.350,52.320,50.900,32.730,2.038,15.781,17.016,0.985,1.701,958.300,1608.700,1.679,15.548,28.952,1.077,1.859,19.409,20.764,0.744,0.750,15.544,28.944,0.189,8.582,9.520,0.018,4155.000,154.962,50.967,8.582,60.487,ON,Clear with late haze; Hybrid loop operating; Ceff=1.68x
429,11:34:00,36.120,73.370,71.350,52.310,50.890,32.730,2.039,15.781,17.017,0.985,1.702,958.600,1609.300,1.679,15.552,28.962,1.077,1.860,19.410,20.764,0.744,0.750,15.544,28.963,0.189,8.580,9.522,0.018,4155.000,155.038,50.973,8.580,60.495,ON,Clear with late haze; Hybrid loop operating; Ceff=1.68x
430,11:34:30,36.120,73.340,71.330,52.290,50.890,32.740,2.038,15.783,17.017,0.985,1.702,958.200,1608.900,1.679,15.548,28.956,1.077,1.860,19.411,20.765,0.744,0.750,15.546,28.963,0.189,8.584,9.525,0.018,4155.000,154.962,50.961,8.584,60.485,ON,Clear with late haze; Hybrid loop operating; Ceff=1.68x
431,11:35:00,36.120,73.310,71.310,52.270,50.870,32.740,2.036,15.784,17.018,0.984,1.700,957.400,1607.700,1.679,15.538,28.937,1.076,1.858,19.413,20.766,0.744,0.750,15.531,28.931,0.189,8.583,9.521,0.018,4155.000,154.810,50.949,8.583,60.470,ON,Clear with late haze; Hybrid loop operating; Ceff=1.68x
432,11:35:30,36.120,73.270,71.280,52.250,50.860,32.750,2.034,15.786,17.020,0.983,1.699,956.500,1606.200,1.679,15.524,28.912,1.075,1.857,19.415,20.767,0.744,0.750,15.518,28.917,0.189,8.584,9.526,0.018,4155.000,154.658,50.946,8.584,60.472,ON,Clear with late haze; Hybrid loop operating; Ceff=1.68x
433,11:36:00,36.120,73.240,71.260,52.230,50.840,32.760,2.031,15.788,17.021,0.982,1.697,955.500,1604.800,1.679,15.511,28.889,1.074,1.855,19.417,20.769,0.744,0.750,15.504,28.885,0.189,8.585,9.523,0.018,4155.000,154.430,50.915,8.585,60.439,ON,Clear with late haze; Hybrid loop operating; Ceff=1.68x
434,11:36:30,36.120,73.220,71.240,52.210,50.830,32.760,2.030,15.789,17.022,0.982,1.696,954.900,1603.900,1.680,15.502,28.875,1.073,1.854,19.418,20.770,0.744,0.750,15.505,28.869,0.189,8.591,9.524,0.018,4155.000,154.354,50.919,8.591,60.442,ON,Clear with late haze; Hybrid loop operating; Ceff=1.68x
435,11:37:00,36.120,73.210,71.240,52.200,50.820,32.770,2.030,15.789,17.022,0.982,1.696,954.800,1603.800,1.680,15.501,28.875,1.073,1.854,19.419,20.770,0.744,0.750,15.505,28.869,0.189,8.592,9.524,0.018,4155.000,154.354,50.922,8.592,60.446,ON,Clear with late haze; Hybrid loop operating; Ceff=1.68x
436,11:37:30,36.120,73.210,71.240,52.200,50.820,32.780,2.031,15.789,17.022,0.982,1.697,955.300,1604.800,1.680,15.509,28.892,1.074,1.855,19.418,20.770,0.744,0.750,15.505,28.886,0.189,8.587,9.524,0.018,4155.000,154.430,50.915,8.587,60.439,ON,Clear with late haze; Hybrid loop operating; Ceff=1.68x
437,11:38:00,36.120,73.240,71.260,52.210,50.830,32.780,2.035,15.788,17.021,0.983,1.699,956.400,1606.800,1.680,15.525,28.926,1.075,1.857,19.417,20.769,0.744,0.750,15.520,28.919,0.189,8.586,9.523,0.018,4155.000,154.734,50.952,8.586,60.475,ON,Clear with late haze; Hybrid loop operating; Ceff=1.68x
438,11:38:30,36.120,73.280,71.300,52.240,50.850,32.790,2.039,15.785,17.020,0.985,1.702,958.000,1609.600,1.680,15.548,28.974,1.076,1.860,19.414,20.768,0.744,0.750,15.548,28.968,0.189,8.587,9.522,0.018,4155.000,155.038,50.964,8.587,60.486,ON,Clear with late haze; Hybrid loop operating; Ceff=1.68x
439,11:39:00,36.120,73.340,71.350,52.270,50.880,32.800,2.045,15.782,17.018,0.987,1.706,959.800,1612.800,1.680,15.574,29.029,1.078,1.864,19.411,20.766,0.744,0.750,15.577,29.033,0.189,8.587,9.525,0.018,4155.000,155.495,51.012,8.587,60.537,ON,Clear with late haze; Hybrid loop operating; Ceff=1.68x
440,11:39:30,36.120,73.410,71.410,52.310,50.910,32.800,2.051,15.778,17.016,0.989,1.709,961.700,1616.100,1.680,15.600,29.083,1.081,1.868,19.407,20.763,0.744,0.750,15.604,29.080,0.189,8.585,9.521,0.018,4155.000,155.951,51.057,8.585,60.578,ON,Clear with late haze; Hybrid loop operating; Ceff=1.68x
441,11:40:00,36.120,73.480,71.470,52.360,50.950,32.810,2.055,15.774,17.013,0.990,1.712,963.400,1619.000,1.681,15.622,29.130,1.082,1.871,19.402,20.761,0.744,0.750,15.616,29.126,0.189,8.576,9.519,0.018,4155.000,156.255,51.065,8.576,60.584,ON,Clear with late haze; Hybrid loop operating; Ceff=1.68x
442,11:40:30,36.120,73.560,71.540,52.410,50.990,32.820,2.059,15.770,17.011,0.992,1.714,964.600,1621.200,1.681,15.636,29.164,1.084,1.874,19.397,20.758,0.744,0.750,15.644,29.157,0.189,8.581,9.516,0.018,4155.000,156.559,51.095,8.581,60.611,ON,Clear with late haze; Hybrid loop operating; Ceff=1.68x
443,11:41:00,36.120,73.640,71.600,52.450,51.030,32.820,2.061,15.766,17.008,0.992,1.716,965.200,1622.300,1.681,15.641,29.179,1.084,1.875,19.393,20.755,0.744,0.750,15.640,29.186,0.189,8.573,9.519,0.018,4155.000,156.711,51.110,8.573,60.629,ON,Clear with late haze; Hybrid loop operating; Ceff=1.68x
444,11:41:30,36.120,73.700,71.660,52.490,51.060,32.830,2.061,15.762,17.006,0.992,1.716,965.200,1622.400,1.681,15.636,29.177,1.084,1.875,19.389,20.753,0.744,0.750,15.636,29.182,0.189,8.571,9.517,0.018,4155.000,156.711,51.107,8.571,60.624,ON,Clear with late haze; Hybrid loop operating; Ceff=1.68x
445,11:42:00,36.120,73.750,71.700,52.520,51.080,32.840,2.060,15.760,17.005,0.991,1.715,964.700,1621.600,1.681,15.624,29.159,1.083,1.874,19.386,20.751,0.744,0.750,15.618,29.164,0.189,8.566,9.516,0.018,4155.000,156.635,51.107,8.566,60.623,ON,Clear with late haze; Hybrid loop operating; Ceff=1.68x
446,11:42:30,36.120,73.770,71.720,52.530,51.090,32.840,2.057,15.758,17.004,0.990,1.713,963.800,1620.200,1.681,15.607,29.132,1.082,1.872,19.384,20.751,0.744,0.750,15.600,29.128,0.189,8.564,9.512,0.018,4155.000,156.407,51.077,8.564,60.589,ON,Clear with late haze; Hybrid loop operating; Ceff=1.68x
447,11:43:00,36.120,73.780,71.730,52.530,51.090,32.850,2.055,15.757,17.004,0.989,1.711,962.700,1618.500,1.681,15.590,29.102,1.081,1.870,19.384,20.750,0.744,0.750,15.584,29.094,0.189,8.565,9.511,0.018,4155.000,156.255,51.081,8.565,60.592,ON,Clear with late haze; Hybrid loop operating; Ceff=1.68x
448,11:43:30,36.120,73.770,71.730,52.520,51.090,32.850,2.052,15.758,17.005,0.988,1.710,961.800,1617.100,1.681,15.576,29.078,1.080,1.869,19.384,20.751,0.744,0.750,15.569,29.079,0.189,8.565,9.514,0.018,4155.000,156.027,51.051,8.565,60.565,ON,Clear with late haze; Hybrid loop operating; Ceff=1.68x
449,11:44:00,36.120,73.740,71.710,52.500,51.070,32.860,2.051,15.759,17.006,0.988,1.709,961.300,1616.400,1.681,15.569,29.066,1.080,1.868,19.386,20.752,0.744,0.750,15.570,29.063,0.189,8.570,9.513,0.018,4155.000,155.951,51.048,8.570,60.561,ON,Clear with late haze; Hybrid loop operating; Ceff=1.68x
450,11:44:30,36.120,73.710,71.680,52.480,51.060,32.870,2.051,15.761,17.007,0.988,1.709,961.300,1616.500,1.682,15.572,29.071,1.080,1.868,19.388,20.753,0.744,0.750,15.572,29.065,0.189,8.571,9.513,0.018,4155.000,155.951,51.045,8.571,60.558,ON,Clear with late haze; Hybrid loop operating; Ceff=1.68x
451,11:45:00,36.130,73.660,71.640,52.450,51.030,32.870,2.053,15.764,17.008,0.989,1.711,962.000,1617.700,1.682,15.586,29.095,1.081,1.870,19.391,20.755,0.744,0.750,15.591,29.101,0.189,8.575,9.518,0.018,4155.000,156.103,51.057,8.575,60.574,ON,Clear with late haze; Hybrid loop operating; Ceff=1.68x
452,11:45:30,36.130,73.620,71.610,52.420,51.020,32.880,2.057,15.766,17.010,0.990,1.713,963.200,1619.800,1.682,15.608,29.136,1.082,1.872,19.393,20.757,0.744,0.750,15.608,29.138,0.189,8.574,9.518,0.018,4155.000,156.407,51.090,8.574,60.608,ON,Clear with late haze; Hybrid loop operating; Ceff=1.68x
453,11:46:00,36.130,73.580,71.580,52.400,51.000,32.880,2.061,15.768,17.011,0.992,1.716,964.700,1622.500,1.682,15.636,29.188,1.084,1.875,19.396,20.758,0.744,0.750,15.642,29.191,0.189,8.579,9.519,0.018,4155.000,156.711,51.104,8.579,60.623,ON,Clear with late haze; Hybrid loop operating; Ceff=1.68x
454,11:46:30,36.140,73.550,71.560,52.380,50.990,32.890,2.067,15.770,17.012,0.993,1.719,966.500,1625.600,1.682,15.666,29.244,1.086,1.879,19.397,20.759,0.744,0.750,15.660,29.244,0.189,8.573,9.518,0.018,4155.000,157.167,51.155,8.573,60.673,ON,Clear with late haze; Hybrid loop operating; Ceff=1.68x
455,11:47:00,36.140,73.540,71.550,52.370,50.990,32.890,2.071,15.770,17.012,0.995,1.722,968.200,1628.500,1.682,15.694,29.297,1.088,1.882,19.398,20.759,0.744,0.750,15.691,29.295,0.189,8.575,9.518,0.018,4155.000,157.472,51.163,8.575,60.680,ON,Clear with late haze; Hybrid loop operating; Ceff=1.68x
456,11:47:30,36.150,73.540,71.560,52.380,50.990,32.900,2.075,15.770,17.012,0.997,1.725,969.500,1630.800,1.682,15.716,29.338,1.089,1.885,19.397,20.759,0.744,0.750,15.723,29.346,0.189,8.581,9.521,0.018,4155.000,157.776,51.189,8.581,60.710,ON,Clear with late haze; Hybrid loop operating; Ceff=1.68x
457,11:48:00,36.150,73.560,71.580,52.390,51.010,32.900,2.078,15.769,17.011,0.997,1.726,970.300,1632.200,1.682,15.727,29.362,1.090,1.886,19.396,20.758,0.744,0.750,15.722,29.361,0.189,8.573,9.518,0.018,4155.000,158.004,51.219,8.573,60.737,ON,Clear with late haze; Hybrid loop operating; Ceff=1.68x
458,11:48:30,36.160,73.600,71.610,52.420,51.030,32.910,2.078,15.766,17.009,0.998,1.726,970.500,1632.600,1.682,15.727,29.366,1.090,1.887,19.394,20.756,0.744,0.750,15.734,29.358,0.189,8.578,9.514,0.018,4155.000,158.004,51.207,8.578,60.721,ON,Clear with late haze; Hybrid loop operating; Ceff=1.68x
459,11:49:00,36.160,73.650,71.660,52.450,51.060,32.910,2.077,15.764,17.008,0.997,1.726,970.100,1631.900,1.682,15.717,29.350,1.090,1.886,19.391,20.754,0.744,0.750,15.717,29.356,0.189,8.572,9.518,0.018,4155.000,157.928,51.204,8.572,60.722,ON,Clear with late haze; Hybrid loop operating; Ceff=1.68x
460,11:49:30,36.170,73.710,71.710,52.480,51.080,32.920,2.075,15.760,17.006,0.996,1.724,969.100,1630.400,1.682,15.697,29.319,1.089,1.884,19.387,20.752,0.743,0.750,15.697,29.318,0.189,8.570,9.514,0.018,4155.000,157.776,51.202,8.570,60.716,ON,Clear with late haze; Hybrid loop operating; Ceff=1.68x
461,11:50:00,36.180,73.770,71.760,52.520,51.110,32.920,2.071,15.757,17.004,0.995,1.722,967.900,1628.400,1.682,15.673,29.279,1.087,1.882,19.383,20.750,0.744,0.750,15.678,29.281,0.189,8.570,9.514,0.018,4155.000,157.472,51.166,8.570,60.680,ON,Clear with late haze; Hybrid loop operating; Ceff=1.68x
462,11:50:30,36.190,73.830,71.810,52.560,51.140,32.920,2.068,15.754,17.002,0.993,1.720,966.700,1626.400,1.682,15.649,29.238,1.086,1.879,19.380,20.748,0.744,0.750,15.644,29.243,0.189,8.562,9.513,0.018,4155.000,157.243,51.154,8.562,60.668,ON,Clear with late haze; Hybrid loop operating; Ceff=1.68x
463,11:51:00,36.190,73.890,71.860,52.590,51.170,32.930,2.065,15.750,17.000,0.992,1.718,965.700,1624.700,1.683,15.629,29.205,1.084,1.878,19.376,20.746,0.744,0.750,15.624,29.206,0.189,8.560,9.511,0.018,4155.000,157.015,51.134,8.560,60.645,ON,Clear with late haze; Hybrid loop operating; Ceff=1.68x
464,11:51:30,36.200,73.940,71.900,52.620,51.190,32.930,2.064,15.748,16.998,0.992,1.717,965.100,1623.900,1.683,15.616,29.185,1.084,1.876,19.373,20.744,0.744,0.750,15.622,29.186,0.189,8.565,9.509,0.018,4155.000,156.939,51.134,8.565,60.643,ON,Clear with late haze; Hybrid loop operating; Ceff=1.68x
465,11:52:00,36.210,73.970,71.930,52.640,51.210,32.930,2.064,15.746,16.997,0.992,1.717,965.100,1623.900,1.683,15.614,29.184,1.084,1.876,19.371,20.743,0.744,0.750,15.620,29.184,0.189,8.563,9.509,0.018,4155.000,156.939,51.134,8.563,60.643,ON,Clear with late haze; Hybrid loop operating; Ceff=1.68x
466,11:52:30,36.220,73.990,71.950,52.660,51.220,32.930,2.066,15.745,16.997,0.992,1.718,965.700,1625.000,1.683,15.623,29.202,1.084,1.878,19.370,20.742,0.744,0.750,15.619,29.201,0.189,8.558,9.508,0.018,4155.000,157.091,51.149,8.558,60.657,ON,Clear with late haze; Hybrid loop operating; Ceff=1.68x
467,11:53:00,36.230,74.000,71.950,52.660,51.230,32.940,2.069,15.744,16.996,0.993,1.720,966.800,1626.900,1.683,15.640,29.235,1.086,1.880,19.370,20.742,0.743,0.750,15.634,29.233,0.189,8.556,9.507,0.018,4155.000,157.320,51.163,8.556,60.671,ON,Clear with late haze; Hybrid loop operating; Ceff=1.68x
468,11:53:30,36.240,73.990,71.950,52.660,51.230,32.940,2.073,15.745,16.996,0.995,1.723,968.300,1629.400,1.683,15.664,29.280,1.087,1.883,19.370,20.742,0.744,0.750,15.666,29.284,0.189,8.560,9.509,0.018,4155.000,157.624,51.184,8.560,60.693,ON,Clear with late haze; Hybrid loop operating; Ceff=1.68x
469,11:54:00,36.250,73.970,71.930,52.650,51.230,32.940,2.077,15.746,16.997,0.996,1.725,969.800,1631.900,1.683,15.690,29.327,1.089,1.886,19.371,20.742,0.744,0.750,15.683,29.320,0.189,8.556,9.506,0.018,4155.000,157.928,51.204,8.556,60.710,ON,Clear with late haze; Hybrid loop operating; Ceff=1.68x
470,11:54:30,36.270,73.930,71.910,52.630,51.220,32.940,2.081,15.748,16.997,0.998,1.728,971.100,1634.200,1.683,15.713,29.369,1.091,1.888,19.373,20.743,0.743,0.750,15.717,29.371,0.189,8.563,9.509,0.018,4155.000,158.232,51.230,8.563,60.740,ON,Clear with late haze; Hybrid loop operating; Ceff=1.68x
471,11:55:00,36.280,73.890,71.880,52.620,51.210,32.940,2.084,15.750,16.998,0.999,1.729,972.000,1635.700,1.683,15.730,29.398,1.092,1.890,19.375,20.744,0.743,0.750,15.734,29.390,0.189,8.565,9.507,0.018,4155.000,158.460,51.257,8.565,60.764,ON,Clear with late haze; Hybrid loop operating; Ceff=1.68x
472,11:55:30,36.290,73.850,71.850,52.600,51.200,32.940,2.085,15.752,16.999,0.999,1.730,972.300,1636.300,1.683,15.738,29.410,1.092,1.891,19.378,20.745,0.744,0.750,15.736,29.408,0.189,8.563,9.509,0.018,4155.000,158.536,51.263,8.563,60.772,ON,Clear with late haze; Hybrid loop operating; Ceff=1.68x
473,11:56:00,36.300,73.810,71.830,52.580,51.190,32.940,2.084,15.754,17.000,0.999,1.730,972.000,1635.800,1.683,15.736,29.403,1.092,1.890,19.380,20.746,0.744,0.750,15.738,29.410,0.189,8.567,9.513,0.018,4155.000,158.460,51.254,8.567,60.767,ON,Clear with late haze; Hybrid loop operating; Ceff=1.68x
474,11:56:30,36.320,73.780,71.800,52.560,51.180,32.940,2.081,15.756,17.001,0.998,1.728,971.100,1634.300,1.683,15.724,29.379,1.091,1.889,19.382,20.747,0.744,0.750,15.724,29.378,0.189,8.567,9.511,0.018,4155.000,158.232,51.227,8.567,60.738,ON,Clear with late haze; Hybrid loop operating; Ceff=1.68x
475,11:57:00,36.330,73.750,71.780,52.550,51.170,32.940,2.078,15.757,17.001,0.997,1.726,969.800,1632.200,1.683,15.704,29.341,1.089,1.886,19.383,20.747,0.744,0.750,15.710,29.344,0.189,8.571,9.512,0.018,4155.000,158.004,51.219,8.571,60.731,ON,Clear with late haze; Hybrid loop operating; Ceff=1.68x
476,11:57:30,36.340,73.740,71.780,52.540,51.170,32.940,2.074,15.757,17.001,0.995,1.723,968.300,1629.700,1.683,15.681,29.297,1.088,1.883,19.384,20.748,0.744,0.750,15.678,29.293,0.189,8.567,9.510,0.018,4155.000,157.700,51.199,8.567,60.709,ON,Clear with late haze; Hybrid loop operating; Ceff=1.68x
477,11:58:00,36.360,73.740,71.780,52.550,51.180,32.940,2.070,15.757,17.001,0.994,1.721,967.000,1627.400,1.683,15.658,29.254,1.086,1.881,19.384,20.747,0.744,0.750,15.662,29.259,0.189,8.570,9.513,0.018,4155.000,157.396,51.172,8.570,60.685,ON,Clear with late haze; Hybrid loop operating; Ceff=1.68x
478,11:58:30,36.370,73.760,71.800,52.560,51.190,32.940,2.067,15.756,17.000,0.993,1.719,965.900,1625.600,1.683,15.640,29.221,1.085,1.878,19.382,20.746,0.744,0.750,15.646,29.223,0.189,8.570,9.512,0.018,4155.000,157.167,51.155,8.570,60.666,ON,Clear with late haze; Hybrid loop operating; Ceff=1.68x
479,11:59:00,36.390,73.800,71.820,52.590,51.210,32.940,2.065,15.754,16.999,0.992,1.718,965.400,1624.700,1.683,15.629,29.202,1.084,1.877,19.380,20.745,0.744,0.750,15.628,29.204,0.189,8.565,9.511,0.018,4155.000,157.015,51.134,8.565,60.644,ON,Clear with late haze; Hybrid loop operating; Ceff=1.68x
480,11:59:30,36.400,73.840,71.860,52.620,51.230,32.940,2.065,15.752,16.997,0.992,1.718,965.400,1624.800,1.683,15.627,29.200,1.084,1.878,19.378,20.743,0.744,0.750,15.626,29.201,0.189,8.564,9.509,0.018,4155.000,157.015,51.131,8.564,60.640,ON,Clear with late haze; Hybrid loop operating; Ceff=1.68x
481,12:00:00,36.420,73.900,71.910,52.660,51.270,32.940,2.067,15.749,16.995,0.993,1.719,966.100,1625.900,1.683,15.633,29.215,1.085,1.879,19.374,20.741,0.744,0.750,15.639,29.214,0.189,8.565,9.507,0.018,4155.000,157.167,51.145,8.565,60.652,ON,Clear with late haze; Hybrid loop operating; Ceff=1.68x
482,12:00:30,36.430,73.960,71.960,52.700,51.300,32.930,2.070,15.745,16.993,0.994,1.721,967.200,1627.800,1.683,15.647,29.244,1.086,1.881,19.371,20.738,0.744,0.750,15.651,29.245,0.189,8.562,9.506,0.018,4155.000,157.396,51.160,8.562,60.666,ON,Clear with late haze; Hybrid loop operating; Ceff=1.68x
483,12:01:00,36.450,74.020,72.020,52.740,51.340,32.930,2.074,15.742,16.991,0.995,1.723,968.500,1630.000,1.683,15.664,29.280,1.088,1.883,19.367,20.736,0.743,0.750,15.663,29.275,0.189,8.557,9.503,0.018,4155.000,157.700,51.190,8.557,60.692,ON,Clear with late haze; Hybrid loop operating; Ceff=1.68x
484,12:01:30,36.470,74.080,72.070,52.790,51.370,32.930,2.078,15.739,16.988,0.996,1.726,969.900,1632.300,1.683,15.682,29.315,1.089,1.886,19.363,20.733,0.744,0.750,15.676,29.321,0.189,8.552,9.504,0.018,4155.000,158.004,51.216,8.552,60.720,ON,Clear with late haze; Hybrid loop operating; Ceff=1.68x
485,12:02:00,36.480,74.130,72.110,52.820,51.410,32.930,2.081,15.736,16.986,0.997,1.727,970.900,1634.100,1.683,15.696,29.343,1.090,1.888,19.360,20.731,0.744,0.750,15.689,29.335,0.189,8.550,9.498,0.018,4155.000,158.232,51.233,8.550,60.732,ON,Clear with late haze; Hybrid loop operating; Ceff=1.68x
486,12:02:30,36.500,74.160,72.140,52.850,51.430,32.920,2.083,15.734,16.985,0.998,1.728,971.500,1635.100,1.683,15.703,29.357,1.091,1.889,19.358,20.729,0.744,0.750,15.703,29.350,0.189,8.552,9.497,0.018,4155.000,158.384,51.251,8.552,60.749,ON,Clear with late haze; Hybrid loop operating; Ceff=1.68x
487,12:03:00,36.510,74.180,72.160,52.870,51.450,32.920,2.083,15.733,16.983,0.998,1.728,971.500,1635.000,1.683,15.701,29.354,1.091,1.889,19.357,20.728,0.743,0.750,15.702,29.347,0.189,8.551,9.497,0.018,4155.000,158.384,51.254,8.551,60.751,ON,Clear with late haze; Hybrid loop operating; Ceff=1.68x
488,12:03:30,36.530,74.180,72.160,52.880,51.460,32.920,2.081,15.733,16.983,0.997,1.727,970.900,1634.000,1.683,15.691,29.334,1.090,1.888,19.357,20.727,0.744,0.750,15.686,29.330,0.189,8.548,9.497,0.018,4155.000,158.232,51.237,8.548,60.734,ON,Clear with late haze; Hybrid loop operating; Ceff=1.68x
489,12:04:00,36.550,74.170,72.150,52.870,51.460,32.910,2.078,15.734,16.983,0.996,1.725,969.800,1632.100,1.683,15.674,29.300,1.089,1.885,19.358,20.727,0.744,0.750,15.671,29.296,0.189,8.550,9.497,0.018,4155.000,158.004,51.222,8.550,60.719,ON,Clear with late haze; Hybrid loop operating; Ceff=1.68x
490,12:04:30,36.560,74.130,72.130,52.860,51.450,32.910,2.073,15.735,16.984,0.995,1.723,968.400,1629.600,1.683,15.653,29.257,1.087,1.883,19.359,20.728,0.744,0.750,15.656,29.263,0.189,8.554,9.501,0.018,4155.000,157.624,51.177,8.554,60.679,ON,Clear with late haze; Hybrid loop operating; Ceff=1.68x
491,12:05:00,36.580,74.090,72.090,52.840,51.440,32.910,2.069,15.738,16.985,0.993,1.720,966.900,1627.100,1.683,15.632,29.214,1.086,1.880,19.362,20.729,0.743,0.750,15.628,29.214,0.189,8.552,9.500,0.018,4155.000,157.320,51.157,8.552,60.657,ON,Clear with late haze; Hybrid loop operating; Ceff=1.68x
492,12:05:30,36.590,74.040,72.060,52.810,51.420,32.900,2.065,15.740,16.986,0.992,1.718,965.600,1624.900,1.683,15.614,29.176,1.084,1.877,19.365,20.731,0.744,0.750,15.614,29.182,0.189,8.556,9.502,0.018,4155.000,157.015,51.127,8.556,60.630,ON,Clear with late haze; Hybrid loop operating; Ceff=1.68x
493,12:06:00,36.610,73.990,72.020,52.790,51.410,32.900,2.063,15.743,16.987,0.991,1.716,964.700,1623.400,1.683,15.603,29.152,1.083,1.876,19.368,20.732,0.744,0.750,15.601,29.150,0.189,8.557,9.501,0.018,4155.000,156.863,51.125,8.557,60.626,ON,Clear with late haze; Hybrid loop operating; Ceff=1.68x
494,12:06:30,36.620,73.950,71.990,52.770,51.400,32.890,2.062,15.745,16.988,0.991,1.716,964.400,1622.800,1.683,15.601,29.145,1.083,1.875,19.370,20.733,0.744,0.750,15.603,29.151,0.189,8.560,9.505,0.018,4155.000,156.787,51.119,8.560,60.624,ON,Clear with late haze; Hybrid loop operating; Ceff=1.68x
495,12:07:00,36.640,73.920,71.970,52.750,51.390,32.890,2.063,15.746,16.989,0.991,1.716,964.700,1623.400,1.683,15.609,29.155,1.083,1.876,19.372,20.734,0.744,0.750,15.604,29.153,0.189,8.558,9.502,0.018,4155.000,156.863,51.125,8.558,60.627,ON,Clear with late haze; Hybrid loop operating; Ceff=1.68x
496,12:07:30,36.650,73.910,71.960,52.750,51.390,32.880,2.065,15.747,16.989,0.992,1.718,965.600,1624.800,1.683,15.624,29.182,1.084,1.877,19.372,20.734,0.744,0.750,15.621,29.187,0.189,8.560,9.504,0.018,4155.000,157.015,51.131,8.560,60.635,ON,Clear with late haze; Hybrid loop operating; Ceff=1.68x
497,12:08:00,36.670,73.910,71.970,52.760,51.400,32.880,2.069,15.747,16.988,0.993,1.720,966.900,1626.900,1.683,15.644,29.218,1.086,1.880,19.372,20.733,0.744,0.750,15.637,29.219,0.189,8.557,9.503,0.018,4155.000,157.320,51.163,8.557,60.666,ON,Clear with late haze; Hybrid loop operating; Ceff=1.68x
498,12:08:30,36.680,73.940,71.990,52.790,51.420,32.880,2.073,15.745,16.987,0.995,1.722,968.400,1629.300,1.683,15.666,29.258,1.087,1.882,19.370,20.731,0.744,0.750,15.666,29.252,0.189,8.560,9.499,0.018,4155.000,157.624,51.187,8.560,60.686,ON,Clear with late haze; Hybrid loop operating; Ceff=1.68x
499,12:09:00,36.700,73.990,72.030,52.820,51.450,32.870,2.077,15.743,16.985,0.996,1.725,969.700,1631.500,1.683,15.684,29.294,1.089,1.885,19.368,20.729,0.744,0.750,15.680,29.299,0.189,8.556,9.502,0.018,4155.000,157.928,51.216,8.556,60.718,ON,Clear with late haze; Hybrid loop operating; Ceff=1.68x
500,12:09:30,36.710,74.050,72.080,52.860,51.490,32.870,2.079,15.739,16.982,0.997,1.726,970.700,1633.100,1.682,15.696,29.317,1.090,1.887,19.364,20.727,0.744,0.750,15.692,29.311,0.189,8.553,9.496,0.018,4155.000,158.080,51.216,8.553,60.712,ON,Clear with late haze; Hybrid loop operating; Ceff=1.68x
501,12:10:00,36.720,74.120,72.140,52.910,51.530,32.860,2.081,15.735,16.980,0.998,1.727,971.200,1633.900,1.682,15.698,29.324,1.090,1.887,19.360,20.724,0.744,0.750,15.704,29.324,0.189,8.555,9.496,0.018,4155.000,158.232,51.240,8.555,60.736,ON,Clear with late haze; Hybrid loop operating; Ceff=1.68x
502,12:10:30,36.740,74.190,72.210,52.970,51.580,32.860,2.080,15.731,16.977,0.997,1.727,971.000,1633.500,1.682,15.691,29.313,1.090,1.887,19.355,20.721,0.744,0.750,15.684,29.319,0.189,8.546,9.497,0.018,4155.000,158.156,51.228,8.546,60.724,ON,Clear with late haze; Hybrid loop operating; Ceff=1.68x
503,12:11:00,36.750,74.260,72.270,53.020,51.620,32.850,2.078,15.727,16.974,0.997,1.725,970.300,1632.300,1.682,15.674,29.284,1.089,1.885,19.351,20.718,0.744,0.750,15.680,29.280,0.189,8.550,9.491,0.018,4155.000,158.004,51.216,8.550,60.707,ON,Clear with late haze; Hybrid loop operating; Ceff=1.68x
504,12:11:30,36.760,74.330,72.320,53.060,51.660,32.850,2.075,15.724,16.972,0.995,1.723,969.100,1630.300,1.682,15.651,29.243,1.088,1.883,19.347,20.715,0.744,0.750,15.645,29.243,0.189,8.542,9.490,0.018,4155.000,157.776,51.205,8.542,60.695,ON,Clear with late haze; Hybrid loop operating; Ceff=1.68x
505,12:12:00,36.770,74.380,72.370,53.100,51.680,32.840,2.070,15.721,16.970,0.994,1.720,967.800,1627.900,1.682,15.625,29.196,1.086,1.880,19.344,20.713,0.744,0.750,15.627,29.188,0.189,8.543,9.487,0.018,4155.000,157.396,51.157,8.543,60.644,ON,Clear with late haze; Hybrid loop operating; Ceff=1.68x
506,12:12:30,36.780,74.420,72.400,53.120,51.710,32.840,2.067,15.719,16.968,0.993,1.718,966.400,1625.600,1.682,15.601,29.152,1.085,1.878,19.341,20.711,0.743,0.750,15.609,29.151,0.189,8.546,9.488,0.018,4155.000,157.167,51.155,8.546,60.643,ON,Clear with late haze; Hybrid loop operating; Ceff=1.68x
507,12:13:00,36.800,74.440,72.420,53.140,51.720,32.830,2.063,15.718,16.968,0.991,1.716,965.400,1623.800,1.682,15.583,29.117,1.084,1.875,19.340,20.710,0.743,0.750,15.577,29.117,0.189,8.537,9.488,0.018,4155.000,156.863,51.112,8.537,60.600,ON,Clear with late haze; Hybrid loop operating; Ceff=1.68x
508,12:13:30,36.810,74.440,72.420,53.140,51.720,32.830,2.062,15.718,16.967,0.991,1.715,964.900,1622.800,1.682,15.574,29.099,1.083,1.874,19.340,20.710,0.744,0.750,15.577,29.098,0.189,8.541,9.487,0.018,4155.000,156.787,51.119,8.541,60.606,ON,Clear with late haze; Hybrid loop operating; Ceff=1.68x
509,12:14:00,36.810,74.420,72.410,53.130,51.720,32.820,2.062,15.718,16.968,0.991,1.715,964.900,1622.800,1.682,15.576,29.101,1.083,1.874,19.341,20.710,0.744,0.750,15.577,29.100,0.189,8.541,9.488,0.018,4155.000,156.787,51.119,8.541,60.607,ON,Clear with late haze; Hybrid loop operating; Ceff=1.68x
510,12:14:30,36.820,74.400,72.390,53.120,51.710,32.820,2.064,15.720,16.968,0.992,1.716,965.600,1623.900,1.682,15.589,29.121,1.084,1.876,19.342,20.711,0.744,0.750,15.594,29.117,0.189,8.545,9.487,0.018,4155.000,156.939,51.134,8.545,60.621,ON,Clear with late haze; Hybrid loop operating; Ceff=1.68x
511,12:15:00,36.830,74.360,72.360,53.100,51.700,32.810,2.067,15.721,16.969,0.993,1.718,966.800,1625.800,1.682,15.611,29.157,1.085,1.878,19.344,20.712,0.744,0.750,15.611,29.153,0.189,8.543,9.487,0.018,4155.000,157.167,51.149,8.543,60.636,ON,Clear with late haze; Hybrid loop operating; Ceff=1.68x
512,12:15:30,36.840,74.330,72.340,53.090,51.690,32.810,2.071,15.723,16.970,0.995,1.721,968.300,1628.200,1.682,15.637,29.203,1.087,1.881,19.346,20.713,0.744,0.750,15.644,29.205,0.189,8.548,9.491,0.018,4155.000,157.472,51.172,8.548,60.663,ON,Clear with late haze; Hybrid loop operating; Ceff=1.68x
513,12:16:00,36.850,74.290,72.310,53.070,51.680,32.800,2.075,15.725,16.971,0.996,1.724,969.900,1630.800,1.681,15.665,29.249,1.089,1.884,19.348,20.714,0.743,0.749,15.662,29.258,0.189,8.544,9.493,0.018,4155.000,157.776,51.189,8.544,60.682,ON,Clear with late haze; Hybrid loop operating; Ceff=1.68x
514,12:16:30,36.850,74.260,72.290,53.060,51.680,32.800,2.079,15.727,16.971,0.998,1.726,971.200,1632.900,1.681,15.688,29.289,1.090,1.886,19.350,20.714,0.744,0.750,15.696,29.292,0.189,8.551,9.491,0.018,4155.000,158.080,51.222,8.551,60.713,ON,Clear with late haze; Hybrid loop operating; Ceff=1.68x
515,12:17:00,36.860,74.240,72.280,53.050,51.680,32.790,2.081,15.727,16.971,0.998,1.727,972.100,1634.300,1.681,15.704,29.315,1.091,1.888,19.351,20.715,0.744,0.750,15.696,29.309,0.189,8.543,9.489,0.018,4155.000,158.232,51.227,8.543,60.716,ON,Clear with late haze; Hybrid loop operating; Ceff=1.68x
516,12:17:30,36.870,74.240,72.280,53.050,51.680,32.790,2.082,15.727,16.971,0.999,1.728,972.400,1634.700,1.681,15.709,29.322,1.092,1.888,19.351,20.714,0.743,0.750,15.711,29.326,0.189,8.549,9.492,0.018,4155.000,158.308,51.239,8.549,60.731,ON,Clear with late haze; Hybrid loop operating; Ceff=1.68x
517,12:18:00,36.870,74.250,72.290,53.060,51.690,32.780,2.081,15.727,16.971,0.998,1.727,972.100,1634.100,1.681,15.703,29.310,1.091,1.888,19.350,20.714,0.744,0.749,15.696,29.309,0.189,8.543,9.490,0.018,4155.000,158.232,51.233,8.543,60.723,ON,Clear with late haze; Hybrid loop operating; Ceff=1.68x
518,12:18:30,36.870,74.280,72.320,53.080,51.710,32.780,2.079,15.725,16.970,0.998,1.725,971.300,1632.600,1.681,15.688,29.281,1.090,1.886,19.349,20.713,0.744,0.750,15.694,29.273,0.189,8.549,9.487,0.018,4155.000,158.080,51.231,8.549,60.718,ON,Clear with late haze; Hybrid loop operating; Ceff=1.68x
519,12:19:00,36.880,74.320,72.350,53.100,51.730,32.780,2.075,15.723,16.968,0.996,1.723,970.100,1630.500,1.681,15.665,29.239,1.089,1.883,19.346,20.711,0.744,0.750,15.660,29.236,0.189,8.541,9.487,0.018,4155.000,157.776,51.199,8.541,60.686,ON,Clear with late haze; Hybrid loop operating; Ceff=1.68x
520,12:19:30,36.880,74.370,72.400,53.130,51.750,32.770,2.071,15.720,16.967,0.995,1.721,968.700,1628.100,1.681,15.640,29.193,1.087,1.880,19.343,20.709,0.744,0.750,15.641,29.200,0.189,8.543,9.489,0.018,4155.000,157.472,51.175,8.543,60.665,ON,Clear with late haze; Hybrid loop operating; Ceff=1.68x
521,12:20:00,36.880,74.430,72.450,53.170,51.780,32.770,2.067,15.717,16.965,0.994,1.718,967.500,1625.900,1.681,15.616,29.151,1.086,1.878,19.339,20.707,0.744,0.750,15.623,29.146,0.189,8.544,9.485,0.018,4155.000,157.167,51.145,8.544,60.630,ON,Clear with late haze; Hybrid loop operating; Ceff=1.68x
522,12:20:30,36.880,74.490,72.500,53.210,51.810,32.770,2.065,15.714,16.963,0.993,1.717,966.700,1624.400,1.680,15.598,29.119,1.085,1.876,19.336,20.705,0.743,0.750,15.604,29.125,0.189,8.540,9.487,0.018,4155.000,157.015,51.143,8.540,60.630,ON,Clear with late haze; Hybrid loop operating; Ceff=1.68x
523,12:21:00,36.890,74.560,72.550,53.240,51.840,32.760,2.064,15.710,16.961,0.992,1.716,966.400,1623.800,1.680,15.589,29.104,1.084,1.875,19.332,20.703,0.744,0.750,15.584,29.105,0.189,8.532,9.484,0.018,4155.000,156.939,51.137,8.532,60.621,ON,Clear with late haze; Hybrid loop operating; Ceff=1.68x
524,12:21:30,36.890,74.620,72.600,53.280,51.860,32.760,2.064,15.707,16.959,0.993,1.716,966.700,1624.200,1.680,15.590,29.107,1.085,1.876,19.328,20.701,0.743,0.750,15.597,29.102,0.189,8.537,9.480,0.018,4155.000,156.939,51.125,8.537,60.605,ON,Clear with late haze; Hybrid loop operating; Ceff=1.68x
525,12:22:00,36.890,74.670,72.640,53.310,51.890,32.760,2.067,15.704,16.957,0.993,1.718,967.600,1625.500,1.680,15.601,29.128,1.086,1.877,19.325,20.699,0.743,0.750,15.594,29.132,0.189,8.527,9.483,0.018,4155.000,157.167,51.158,8.527,60.641,ON,Clear with late haze; Hybrid loop operating; Ceff=1.68x
526,12:22:30,36.890,74.710,72.680,53.330,51.900,32.760,2.070,15.702,16.956,0.995,1.720,968.900,1627.600,1.680,15.619,29.162,1.087,1.880,19.323,20.698,0.744,0.749,15.623,29.164,0.189,8.532,9.481,0.018,4155.000,157.396,51.166,8.532,60.647,ON,Clear with late haze; Hybrid loop operating; Ceff=1.68x
527,12:23:00,36.890,74.740,72.700,53.350,51.920,32.750,2.074,15.700,16.955,0.996,1.722,970.400,1630.000,1.680,15.641,29.203,1.089,1.882,19.321,20.697,0.743,0.750,15.637,29.197,0.189,8.526,9.477,0.018,4155.000,157.700,51.190,8.526,60.667,ON,Clear with late haze; Hybrid loop operating; Ceff=1.68x
528,12:23:30,36.880,74.750,72.710,53.350,51.920,32.750,2.078,15.699,16.955,0.998,1.725,971.800,1632.200,1.680,15.663,29.242,1.090,1.885,19.320,20.697,0.744,0.750,15.668,29.247,0.189,8.530,9.481,0.018,4155.000,158.004,51.219,8.530,60.700,ON,Clear with late haze; Hybrid loop operating; Ceff=1.68x
529,12:24:00,36.880,74.750,72.710,53.350,51.920,32.750,2.081,15.700,16.955,0.999,1.727,972.900,1634.000,1.679,15.681,29.273,1.092,1.887,19.320,20.697,0.743,0.750,15.684,29.281,0.189,8.530,9.481,0.018,4155.000,158.232,51.237,8.530,60.718,ON,Clear with late haze; Hybrid loop operating; Ceff=1.68x
530,12:24:30,36.880,74.730,72.700,53.340,51.920,32.750,2.082,15.701,16.956,0.999,1.727,973.500,1634.800,1.679,15.692,29.290,1.092,1.888,19.321,20.697,0.744,0.750,15.685,29.283,0.189,8.525,9.477,0.018,4155.000,158.308,51.236,8.525,60.714,ON,Clear with late haze; Hybrid loop operating; Ceff=1.68x
531,12:25:00,36.880,74.700,72.680,53.320,51.900,32.750,2.082,15.702,16.957,0.999,1.727,973.500,1634.600,1.679,15.693,29.288,1.092,1.888,19.323,20.698,0.744,0.749,15.686,29.285,0.189,8.526,9.479,0.018,4155.000,158.308,51.242,8.526,60.722,ON,Clear with late haze; Hybrid loop operating; Ceff=1.68x
532,12:25:30,36.870,74.660,72.650,53.290,51.880,32.750,2.080,15.704,16.958,0.999,1.726,972.800,1633.400,1.679,15.686,29.269,1.092,1.886,19.325,20.700,0.743,0.750,15.688,29.270,0.189,8.533,9.481,0.018,4155.000,158.156,51.231,8.533,60.712,ON,Clear with late haze; Hybrid loop operating; Ceff=1.68x
533,12:26:00,36.870,74.610,72.610,53.260,51.860,32.750,2.076,15.707,16.960,0.998,1.724,971.700,1631.300,1.679,15.670,29.235,1.090,1.884,19.328,20.702,0.744,0.750,15.676,29.239,0.189,8.536,9.483,0.018,4155.000,157.852,51.198,8.536,60.682,ON,Clear with late haze; Hybrid loop operating; Ceff=1.68x
534,12:26:30,36.870,74.570,72.580,53.230,51.840,32.750,2.072,15.709,16.961,0.996,1.721,970.200,1628.700,1.679,15.650,29.192,1.089,1.881,19.331,20.703,0.743,0.750,15.646,29.190,0.189,8.533,9.483,0.018,4155.000,157.548,51.181,8.533,60.664,ON,Clear with late haze; Hybrid loop operating; Ceff=1.68x
535,12:27:00,36.860,74.530,72.550,53.200,51.810,32.740,2.067,15.711,16.963,0.995,1.718,968.700,1626.000,1.679,15.628,29.148,1.087,1.878,19.333,20.705,0.744,0.750,15.632,29.142,0.189,8.538,9.483,0.018,4155.000,157.167,51.142,8.538,60.625,ON,Clear with late haze; Hybrid loop operating; Ceff=1.68x
536,12:27:30,36.860,74.500,72.520,53.180,51.800,32.740,2.063,15.713,16.964,0.993,1.716,967.500,1623.700,1.678,15.610,29.109,1.086,1.875,19.335,20.706,0.743,0.750,15.603,29.110,0.189,8.533,9.486,0.018,4155.000,156.863,51.116,8.533,60.602,ON,Clear with late haze; Hybrid loop operating; Ceff=1.68x
537,12:28:00,36.850,74.490,72.510,53.160,51.780,32.750,2.061,15.713,16.965,0.993,1.714,966.600,1622.200,1.678,15.598,29.083,1.085,1.874,19.336,20.707,0.743,0.749,15.603,29.078,0.189,8.541,9.484,0.018,4155.000,156.711,51.113,8.541,60.597,ON,Clear with late haze; Hybrid loop operating; Ceff=1.68x
538,12:28:30,36.850,74.490,72.510,53.160,51.780,32.750,2.060,15.713,16.965,0.992,1.714,966.400,1621.600,1.678,15.593,29.073,1.085,1.873,19.335,20.708,0.743,0.750,15.587,29.078,0.189,8.534,9.488,0.018,4155.000,156.635,51.107,8.534,60.595,ON,Clear with late haze; Hybrid loop operating; Ceff=1.68x
539,12:29:00,36.840,74.510,72.520,53.170,51.780,32.750,2.060,15.712,16.965,0.993,1.714,966.700,1622.000,1.678,15.597,29.080,1.085,1.873,19.334,20.707,0.744,0.750,15.602,29.078,0.189,8.539,9.485,0.018,4155.000,156.635,51.095,8.539,60.580,ON,Clear with late haze; Hybrid loop operating; Ceff=1.68x
540,12:29:30,36.830,74.540,72.550,53.180,51.790,32.750,2.063,15.711,16.964,0.994,1.715,967.500,1623.200,1.678,15.609,29.100,1.086,1.875,19.332,20.707,0.743,0.750,15.617,29.093,0.189,8.540,9.483,0.018,4155.000,156.863,51.131,8.540,60.615,ON,Clear with late haze; Hybrid loop operating; Ceff=1.68x
541,12:30:00,36.830,74.590,72.590,53.200,51.810,32.750,2.066,15.708,16.963,0.995,1.717,968.700,1625.000,1.677,15.625,29.130,1.087,1.877,19.330,20.705,0.744,0.750,15.629,29.125,0.189,8.537,9.483,0.018,4155.000,157.091,51.149,8.537,60.632,ON,Clear with late haze; Hybrid loop operating; Ceff=1.68x
542,12:30:30,36.820,74.640,72.630,53.230,51.830,32.750,2.069,15.705,16.961,0.996,1.719,970.000,1627.000,1.677,15.641,29.162,1.088,1.879,19.326,20.704,0.744,0.750,15.642,29.156,0.189,8.532,9.482,0.018,4155.000,157.320,51.160,8.532,60.642,ON,Clear with late haze; Hybrid loop operating; Ceff=1.68x
543,12:31:00,36.820,74.700,72.680,53.270,51.850,32.750,2.072,15.702,16.960,0.997,1.721,971.100,1628.600,1.677,15.655,29.188,1.090,1.881,19.323,20.702,0.743,0.750,15.655,29.188,0.189,8.530,9.483,0.018,4155.000,157.548,51.184,8.530,60.667,ON,Clear with late haze; Hybrid loop operating; Ceff=1.68x
544,12:31:30,36.810,74.760,72.730,53.300,51.870,32.750,2.073,15.699,16.958,0.998,1.722,971.800,1629.600,1.677,15.662,29.201,1.090,1.882,19.320,20.700,0.744,0.750,15.668,29.202,0.189,8.530,9.481,0.018,4155.000,157.624,51.177,8.530,60.659,ON,Clear with late haze; Hybrid loop operating; Ceff=1.68x
545,12:32:00,36.800,74.810,72.770,53.320,51.890,32.750,2.073,15.696,16.957,0.998,1.722,971.900,1629.500,1.677,15.660,29.198,1.090,1.882,19.317,20.699,0.744,0.750,15.665,29.200,0.189,8.528,9.481,0.018,4155.000,157.624,51.181,8.528,60.662,ON,Clear with late haze; Hybrid loop operating; Ceff=1.68x
546,12:32:30,36.800,74.840,72.790,53.340,51.900,32.760,2.071,15.694,16.956,0.997,1.721,971.300,1628.500,1.677,15.649,29.177,1.090,1.881,19.315,20.698,0.743,0.749,15.647,29.181,0.189,8.523,9.481,0.018,4155.000,157.472,51.163,8.523,60.644,ON,Clear with late haze; Hybrid loop operating; Ceff=1.68x
547,12:33:00,36.790,74.860,72.810,53.340,51.900,32.760,2.068,15.694,16.956,0.996,1.719,970.200,1626.400,1.676,15.630,29.140,1.088,1.878,19.314,20.698,0.744,0.750,15.631,29.147,0.189,8.525,9.482,0.018,4155.000,157.243,51.154,8.525,60.637,ON,Clear with late haze; Hybrid loop operating; Ceff=1.68x
548,12:33:30,36.780,74.850,72.800,53.330,51.890,32.760,2.063,15.694,16.956,0.994,1.716,968.700,1623.600,1.676,15.606,29.091,1.087,1.875,19.314,20.698,0.743,0.750,15.600,29.096,0.189,8.521,9.482,0.018,4155.000,156.863,51.119,8.521,60.601,ON,Clear with late haze; Hybrid loop operating; Ceff=1.68x
549,12:34:00,36.780,74.830,72.780,53.310,51.880,32.760,2.058,15.695,16.958,0.993,1.712,966.900,1620.500,1.676,15.579,29.037,1.085,1.871,19.316,20.699,0.743,0.750,15.585,29.032,0.189,8.528,9.479,0.018,4155.000,156.483,51.092,8.528,60.572,ON,Clear with late haze; Hybrid loop operating; Ceff=1.68x
550,12:34:30,36.770,74.780,72.740,53.280,51.850,32.770,2.053,15.698,16.959,0.991,1.709,965.200,1617.400,1.676,15.555,28.987,1.083,1.868,19.318,20.701,0.743,0.750,15.557,28.983,0.189,8.528,9.481,0.018,4155.000,156.103,51.066,8.528,60.547,ON,Clear with late haze; Hybrid loop operating; Ceff=1.68x
551,12:35:00,36.760,74.730,72.690,53.240,51.810,32.770,2.049,15.701,16.962,0.990,1.707,963.900,1614.900,1.675,15.537,28.947,1.082,1.865,19.322,20.704,0.743,0.750,15.544,28.954,0.189,8.532,9.486,0.018,4155.000,155.799,51.045,8.532,60.532,ON,Clear with late haze; Hybrid loop operating; Ceff=1.68x
552,12:35:30,36.760,74.660,72.640,53.190,51.770,32.770,2.046,15.704,16.964,0.989,1.705,963.000,1613.300,1.675,15.528,28.923,1.081,1.863,19.326,20.707,0.743,0.750,15.531,28.924,0.189,8.533,9.486,0.018,4155.000,155.571,51.021,8.533,60.507,ON,Clear with late haze; Hybrid loop operating; Ceff=1.68x
553,12:36:00,36.750,74.590,72.580,53.140,51.730,32.780,2.045,15.708,16.967,0.989,1.704,962.700,1612.600,1.675,15.528,28.917,1.080,1.863,19.330,20.710,0.744,0.749,15.535,28.912,0.189,8.538,9.486,0.018,4155.000,155.495,51.018,8.538,60.504,ON,Clear with late haze; Hybrid loop operating; Ceff=1.68x
554,12:36:30,36.750,74.520,72.520,53.090,51.700,32.780,2.045,15.712,16.969,0.989,1.705,963.000,1612.900,1.675,15.538,28.928,1.081,1.863,19.334,20.713,0.743,0.750,15.539,28.932,0.189,8.538,9.491,0.018,4155.000,155.495,51.009,8.538,60.500,ON,Clear with late haze; Hybrid loop operating; Ceff=1.67x
555,12:37:00,36.740,74.460,72.470,53.050,51.660,32.780,2.047,15.715,16.972,0.990,1.706,963.800,1614.000,1.675,15.555,28.952,1.082,1.864,19.338,20.715,0.743,0.750,15.558,28.954,0.189,8.541,9.492,0.018,4155.000,155.647,51.024,8.541,60.516,ON,Clear with late haze; Hybrid loop operating; Ceff=1.67x
556,12:37:30,36.740,74.410,72.430,53.020,51.640,32.790,2.050,15.718,16.973,0.991,1.708,964.800,1615.500,1.674,15.574,28.982,1.083,1.866,19.340,20.717,0.744,0.750,15.577,28.990,0.189,8.542,9.495,0.018,4155.000,155.875,51.051,8.542,60.546,ON,Clear with late haze; Hybrid loop operating; Ceff=1.67x
557,12:38:00,36.730,74.390,72.410,53.000,51.620,32.790,2.052,15.719,16.975,0.992,1.709,965.900,1617.000,1.674,15.593,29.011,1.084,1.868,19.342,20.718,0.744,0.750,15.593,29.010,0.189,8.542,9.492,0.018,4155.000,156.027,51.054,8.542,60.546,ON,Clear with late haze; Hybrid loop operating; Ceff=1.67x
558,12:38:30,36.730,74.370,72.400,52.990,51.610,32.790,2.054,15.720,16.975,0.993,1.710,966.600,1618.100,1.674,15.606,29.031,1.085,1.869,19.343,20.719,0.744,0.750,15.610,29.027,0.189,8.545,9.492,0.018,4155.000,156.179,51.069,8.545,60.560,ON,Clear with late haze; Hybrid loop operating; Ceff=1.67x
559,12:39:00,36.720,74.380,72.400,52.990,51.610,32.800,2.054,15.720,16.975,0.993,1.710,966.900,1618.300,1.674,15.610,29.036,1.085,1.869,19.342,20.719,0.744,0.750,15.610,29.027,0.189,8.542,9.490,0.018,4155.000,156.179,51.062,8.542,60.553,ON,Clear with late haze; Hybrid loop operating; Ceff=1.67x
560,12:39:30,36.720,74.400,72.420,53.000,51.610,32.800,2.053,15.719,16.975,0.993,1.710,966.600,1617.500,1.673,15.604,29.021,1.085,1.869,19.341,20.718,0.744,0.749,15.609,29.027,0.189,8.544,9.495,0.018,4155.000,156.103,51.063,8.544,60.558,ON,Clear with late haze; Hybrid loop operating; Ceff=1.67x
561,12:40:00,36.720,74.430,72.440,53.020,51.620,32.800,2.050,15.717,16.974,0.992,1.708,965.700,1615.800,1.673,15.586,28.987,1.084,1.866,19.339,20.717,0.743,0.750,15.591,28.992,0.189,8.542,9.493,0.018,4155.000,155.875,51.042,8.542,60.535,ON,Clear with late haze; Hybrid loop operating; Ceff=1.67x
562,12:40:30,36.710,74.470,72.470,53.040,51.640,32.810,2.045,15.715,16.973,0.990,1.705,964.200,1613.100,1.673,15.560,28.937,1.082,1.863,19.337,20.716,0.744,0.750,15.558,28.939,0.189,8.537,9.492,0.018,4155.000,155.495,51.003,8.537,60.495,ON,Clear with late haze; Hybrid loop operating; Ceff=1.67x
563,12:41:00,36.710,74.510,72.500,53.060,51.650,32.810,2.040,15.713,16.972,0.988,1.701,962.400,1609.800,1.673,15.529,28.877,1.080,1.860,19.335,20.715,0.744,0.749,15.524,28.869,0.189,8.535,9.489,0.018,4155.000,155.114,50.982,8.535,60.471,ON,Clear with late haze; Hybrid loop operating; Ceff=1.67x
564,12:41:30,36.710,74.550,72.530,53.070,51.660,32.820,2.034,15.711,16.971,0.986,1.698,960.500,1606.500,1.672,15.496,28.815,1.078,1.856,19.333,20.714,0.744,0.750,15.491,28.817,0.189,8.533,9.491,0.018,4155.000,154.658,50.937,8.533,60.427,ON,Clear with late haze; Hybrid loop operating; Ceff=1.67x
565,12:42:00,36.710,74.570,72.540,53.080,51.660,32.820,2.029,15.710,16.971,0.985,1.695,958.800,1603.400,1.672,15.467,28.759,1.076,1.852,19.332,20.714,0.744,0.750,15.474,28.766,0.189,8.539,9.492,0.018,4155.000,154.278,50.910,8.539,60.402,ON,Clear with late haze; Hybrid loop operating; Ceff=1.67x
566,12:42:30,36.700,74.590,72.550,53.090,51.660,32.820,2.025,15.709,16.971,0.983,1.692,957.600,1601.000,1.672,15.446,28.716,1.075,1.849,19.331,20.714,0.743,0.750,15.442,28.715,0.189,8.532,9.490,0.018,4155.000,153.974,50.885,8.532,60.375,ON,Clear with late haze; Hybrid loop operating; Ceff=1.67x
567,12:43:00,36.700,74.590,72.550,53.080,51.650,32.830,2.023,15.709,16.971,0.983,1.691,956.800,1599.500,1.672,15.435,28.691,1.074,1.848,19.331,20.714,0.743,0.750,15.442,28.698,0.189,8.539,9.493,0.018,4155.000,153.822,50.883,8.539,60.376,ON,Clear with late haze; Hybrid loop operating; Ceff=1.67x
568,12:43:30,36.700,74.570,72.530,53.070,51.640,32.830,2.022,15.710,16.972,0.982,1.690,956.700,1599.100,1.671,15.434,28.685,1.074,1.847,19.332,20.715,0.743,0.750,15.427,28.683,0.189,8.532,9.490,0.018,4155.000,153.746,50.870,8.532,60.361,ON,Clear with late haze; Hybrid loop operating; Ceff=1.67x
569,12:44:00,36.700,74.540,72.500,53.050,51.620,32.830,2.023,15.712,16.973,0.983,1.691,957.200,1599.700,1.671,15.444,28.697,1.074,1.848,19.334,20.716,0.744,0.750,15.445,28.701,0.189,8.537,9.493,0.018,4155.000,153.822,50.877,8.537,60.370,ON,Clear with late haze; Hybrid loop operating; Ceff=1.67x
570,12:44:30,36.700,74.490,72.460,53.020,51.600,32.840,2.025,15.715,16.975,0.984,1.692,958.100,1600.900,1.671,15.461,28.722,1.075,1.849,19.337,20.718,0.744,0.750,15.464,28.722,0.189,8.540,9.493,0.018,4155.000,153.974,50.889,8.540,60.381,ON,Clear with late haze; Hybrid loop operating; Ceff=1.67x
571,12:45:00,36.700,74.430,72.410,52.980,51.570,32.840,2.027,15.718,16.977,0.985,1.694,959.100,1602.300,1.671,15.482,28.752,1.076,1.851,19.340,20.720,0.744,0.750,15.482,28.759,0.189,8.541,9.497,0.018,4155.000,154.126,50.894,8.541,60.391,ON,Clear with late haze; Hybrid loop operating; Ceff=1.67x
572,12:45:30,36.710,74.370,72.360,52.950,51.540,32.840,2.029,15.721,16.979,0.986,1.695,960.100,1603.600,1.670,15.501,28.780,1.078,1.853,19.344,20.722,0.743,0.750,15.501,28.779,0.189,8.542,9.496,0.018,4155.000,154.278,50.903,8.542,60.399,ON,Clear with late haze; Hybrid loop operating; Ceff=1.67x
573,12:46:00,36.710,74.300,72.310,52.910,51.510,32.850,2.031,15.725,16.981,0.987,1.696,960.700,1604.400,1.670,15.516,28.798,1.078,1.853,19.348,20.725,0.744,0.750,15.521,28.800,0.189,8.548,9.498,0.018,4155.000,154.430,50.928,8.548,60.426,ON,Clear with late haze; Hybrid loop operating; Ceff=1.67x
574,12:46:30,36.710,74.240,72.260,52.870,51.480,32.850,2.030,15.728,16.983,0.987,1.696,960.700,1604.300,1.670,15.521,28.799,1.079,1.853,19.352,20.727,0.743,0.750,15.524,28.803,0.189,8.550,9.499,0.018,4155.000,154.354,50.906,8.550,60.406,ON,Clear with late haze; Hybrid loop operating; Ceff=1.67x
575,12:47:00,36.710,74.180,72.210,52.830,51.450,32.850,2.029,15.732,16.984,0.986,1.695,960.200,1603.100,1.670,15.517,28.783,1.078,1.852,19.355,20.729,0.744,0.750,15.512,28.788,0.189,8.547,9.501,0.018,4155.000,154.278,50.919,8.547,60.421,ON,Clear with late haze; Hybrid loop operating; Ceff=1.67x
576,12:47:30,36.720,74.130,72.170,52.800,51.430,32.850,2.025,15.734,16.986,0.985,1.692,959.100,1601.000,1.669,15.502,28.748,1.077,1.850,19.358,20.731,0.744,0.750,15.498,28.740,0.189,8.550,9.498,0.018,4155.000,153.974,50.885,8.550,60.384,ON,Clear with late haze; Hybrid loop operating; Ceff=1.67x
577,12:48:00,36.720,74.090,72.130,52.780,51.410,32.860,2.020,15.736,16.987,0.984,1.689,957.600,1598.100,1.669,15.480,28.699,1.075,1.846,19.361,20.732,0.744,0.750,15.484,28.691,0.189,8.555,9.499,0.018,4155.000,153.594,50.852,8.555,60.351,ON,Clear with late haze; Hybrid loop operating; Ceff=1.67x
578,12:48:30,36.730,74.070,72.110,52.770,51.400,32.860,2.015,15.738,16.988,0.982,1.686,955.800,1594.800,1.669,15.453,28.642,1.073,1.843,19.362,20.733,0.744,0.750,15.455,28.642,0.189,8.555,9.502,0.018,4155.000,153.214,50.831,8.555,60.333,ON,Clear with late haze; Hybrid loop operating; Ceff=1.67x
579,12:49:00,36.730,74.060,72.110,52.760,51.390,32.860,2.009,15.738,16.988,0.980,1.683,954.000,1591.600,1.668,15.425,28.585,1.071,1.839,19.363,20.733,0.744,0.750,15.423,28.591,0.189,8.554,9.505,0.018,4155.000,152.757,50.782,8.554,60.286,ON,Clear with late haze; Hybrid loop operating; Ceff=1.67x
580,12:49:30,36.740,74.070,72.110,52.770,51.400,32.860,2.005,15.738,16.988,0.979,1.680,952.500,1588.900,1.668,15.401,28.535,1.069,1.836,19.362,20.733,0.744,0.750,15.408,28.540,0.189,8.559,9.504,0.018,4155.000,152.453,50.767,8.559,60.270,ON,Clear with late haze; Hybrid loop operating; Ceff=1.67x
581,12:50:00,36.740,74.090,72.120,52.780,51.400,32.860,2.001,15.737,16.988,0.978,1.678,951.600,1587.000,1.668,15.383,28.499,1.068,1.834,19.361,20.732,0.744,0.750,15.391,28.506,0.189,8.557,9.504,0.018,4155.000,152.149,50.726,8.557,60.230,ON,Clear with late haze; Hybrid loop operating; Ceff=1.67x
582,12:50:30,36.750,74.120,72.140,52.800,51.410,32.870,2.000,15.735,16.987,0.977,1.677,951.200,1586.000,1.667,15.375,28.481,1.068,1.832,19.359,20.731,0.744,0.750,15.373,28.487,0.189,8.551,9.504,0.018,4155.000,152.073,50.733,8.551,60.236,ON,Clear with late haze; Hybrid loop operating; Ceff=1.67x
583,12:51:00,36.760,74.160,72.170,52.820,51.430,32.870,2.000,15.733,16.985,0.977,1.677,951.400,1586.200,1.667,15.377,28.480,1.068,1.833,19.357,20.730,0.744,0.750,15.371,28.484,0.189,8.548,9.501,0.018,4155.000,152.073,50.726,8.548,60.227,ON,Clear with late haze; Hybrid loop operating; Ceff=1.67x
584,12:51:30,36.760,74.200,72.200,52.850,51.450,32.870,2.002,15.731,16.984,0.978,1.678,952.200,1587.100,1.667,15.386,28.495,1.069,1.834,19.355,20.728,0.744,0.750,15.385,28.499,0.189,8.549,9.501,0.018,4155.000,152.225,50.748,8.549,60.249,ON,Clear with late haze; Hybrid loop operating; Ceff=1.67x
585,12:52:00,36.770,74.240,72.230,52.880,51.470,32.870,2.004,15.729,16.983,0.979,1.679,953.300,1588.600,1.666,15.401,28.519,1.070,1.835,19.352,20.727,0.744,0.750,15.399,28.514,0.189,8.547,9.497,0.018,4155.000,152.377,50.751,8.547,60.248,ON,Clear with late haze; Hybrid loop operating; Ceff=1.67x
586,12:52:30,36.780,74.280,72.260,52.900,51.490,32.870,2.007,15.727,16.981,0.980,1.681,954.400,1590.200,1.666,15.418,28.545,1.071,1.837,19.351,20.726,0.744,0.750,15.412,28.545,0.189,8.544,9.498,0.018,4155.000,152.605,50.776,8.544,60.273,ON,Clear with late haze; Hybrid loop operating; Ceff=1.67x
587,12:53:00,36.790,74.300,72.280,52.920,51.500,32.870,2.009,15.726,16.980,0.981,1.682,955.400,1591.500,1.666,15.432,28.566,1.072,1.839,19.349,20.725,0.744,0.750,15.427,28.560,0.189,8.544,9.495,0.018,4155.000,152.757,50.785,8.544,60.280,ON,Clear with late haze; Hybrid loop operating; Ceff=1.67x
588,12:53:30,36.790,74.300,72.280,52.930,51.510,32.870,2.010,15.726,16.980,0.982,1.683,955.900,1592.100,1.666,15.440,28.576,1.073,1.839,19.349,20.724,0.744,0.750,15.443,28.577,0.189,8.548,9.497,0.018,4155.000,152.833,50.791,8.548,60.288,ON,Clear with late haze; Hybrid loop operating; Ceff=1.67x
589,12:54:00,36.800,74.290,72.280,52.920,51.510,32.870,2.009,15.726,16.980,0.982,1.683,955.900,1591.700,1.665,15.440,28.569,1.073,1.839,19.349,20.724,0.744,0.750,15.443,28.577,0.189,8.548,9.499,0.018,4155.000,152.757,50.778,8.548,60.278,ON,Clear with late haze; Hybrid loop operating; Ceff=1.67x
590,12:54:30,36.810,74.270,72.250,52.910,51.500,32.870,2.007,15.727,16.981,0.981,1.681,955.200,1590.300,1.665,15.431,28.545,1.072,1.837,19.351,20.725,0.744,0.750,15.428,28.545,0.189,8.546,9.497,0.018,4155.000,152.605,50.773,8.546,60.270,ON,Clear with late haze; Hybrid loop operating; Ceff=1.66x
591,12:55:00,36.820,74.230,72.220,52.890,51.490,32.870,2.003,15.730,16.982,0.980,1.679,954.000,1588.000,1.665,15.414,28.506,1.071,1.835,19.353,20.726,0.744,0.750,15.415,28.513,0.189,8.550,9.500,0.018,4155.000,152.301,50.745,8.550,60.245,ON,Clear with late haze; Hybrid loop operating; Ceff=1.66x
592,12:55:30,36.830,74.170,72.180,52.860,51.470,32.870,1.998,15.733,16.983,0.978,1.676,952.500,1585.100,1.664,15.393,28.456,1.069,1.831,19.357,20.728,0.744,0.750,15.387,28.464,0.189,8.547,9.501,0.018,4155.000,151.921,50.711,8.547,60.212,ON,Clear with late haze; Hybrid loop operating; Ceff=1.66x
593,12:56:00,36.840,74.110,72.130,52.830,51.440,32.860,1.993,15.736,16.985,0.977,1.672,950.700,1581.900,1.664,15.369,28.403,1.067,1.828,19.360,20.730,0.744,0.750,15.374,28.399,0.189,8.556,9.499,0.018,4155.000,151.541,50.686,8.556,60.185,ON,Clear with late haze; Hybrid loop operating; Ceff=1.66x
594,12:56:30,36.850,74.050,72.080,52.790,51.410,32.860,1.988,15.739,16.987,0.975,1.669,949.100,1578.900,1.664,15.348,28.353,1.066,1.824,19.364,20.732,0.744,0.750,15.346,28.351,0.189,8.555,9.501,0.018,4155.000,151.161,50.655,8.555,60.156,ON,Clear with late haze; Hybrid loop operating; Ceff=1.66x
595,12:57:00,36.860,73.990,72.030,52.760,51.390,32.860,1.984,15.742,16.989,0.974,1.667,947.900,1576.500,1.663,15.332,28.315,1.064,1.822,19.367,20.733,0.744,0.750,15.333,28.321,0.189,8.558,9.505,0.018,4155.000,150.856,50.630,8.558,60.135,ON,Clear with late haze; Hybrid loop operating; Ceff=1.66x
596,12:57:30,36.870,73.940,71.990,52.730,51.370,32.860,1.981,15.745,16.990,0.973,1.665,947.200,1575.100,1.663,15.324,28.291,1.064,1.820,19.370,20.735,0.744,0.750,15.320,28.288,0.189,8.558,9.502,0.018,4155.000,150.628,50.598,8.558,60.101,ON,Clear with late haze; Hybrid loop operating; Ceff=1.66x
597,12:58:00,36.880,73.910,71.960,52.720,51.350,32.850,1.981,15.747,16.991,0.973,1.665,947.200,1574.600,1.662,15.325,28.285,1.064,1.819,19.372,20.736,0.744,0.750,15.322,28.290,0.189,8.559,9.506,0.018,4155.000,150.628,50.614,8.559,60.121,ON,Clear with late haze; Hybrid loop operating; Ceff=1.66x
598,12:58:30,36.890,73.890,71.940,52.710,51.350,32.850,1.982,15.748,16.991,0.974,1.665,947.700,1575.100,1.662,15.334,28.294,1.064,1.820,19.373,20.736,0.744,0.750,15.339,28.290,0.189,8.564,9.503,0.018,4155.000,150.704,50.624,8.564,60.127,ON,Clear with late haze; Hybrid loop operating; Ceff=1.66x
599,12:59:00,36.900,73.900,71.950,52.720,51.350,32.850,1.984,15.748,16.991,0.975,1.666,948.600,1576.300,1.662,15.349,28.315,1.065,1.821,19.373,20.736,0.744,0.750,15.354,28.307,0.189,8.564,9.502,0.018,4155.000,150.856,50.636,8.564,60.138,ON,Clear with late haze; Hybrid loop operating; Ceff=1.66x
600,12:59:30,36.910,73.920,71.970,52.730,51.370,32.850,1.986,15.746,16.990,0.976,1.668,949.800,1577.900,1.661,15.366,28.341,1.067,1.823,19.372,20.735,0.743,0.750,15.368,28.339,0.189,8.561,9.503,0.018,4155.000,151.008,50.636,8.561,60.139,ON,Clear with late haze; Hybrid loop operating; Ceff=1.66x
601,13:00:00,36.920,73.960,72.000,52.760,51.390,32.840,1.989,15.744,16.988,0.977,1.670,950.900,1579.400,1.661,15.381,28.365,1.068,1.825,19.369,20.733,0.744,0.750,15.382,28.370,0.189,8.559,9.504,0.018,4155.000,151.237,50.664,8.559,60.168,ON,Clear with late haze; Hybrid loop operating; Ceff=1.66x
602,13:00:30,36.930,74.020,72.040,52.800,51.420,32.840,1.990,15.741,16.986,0.978,1.671,951.700,1580.400,1.661,15.391,28.378,1.069,1.826,19.366,20.731,0.743,0.750,15.395,28.384,0.189,8.559,9.503,0.018,4155.000,151.313,50.658,8.559,60.160,ON,Clear with late haze; Hybrid loop operating; Ceff=1.66x
603,13:01:00,36.940,74.080,72.090,52.850,51.460,32.830,1.991,15.738,16.984,0.978,1.671,952.000,1580.500,1.660,15.391,28.376,1.069,1.826,19.362,20.728,0.744,0.750,15.392,28.380,0.189,8.554,9.501,0.018,4155.000,151.389,50.680,8.554,60.181,ON,Clear with late haze; Hybrid loop operating; Ceff=1.66x
604,13:01:30,36.950,74.140,72.150,52.890,51.490,32.830,1.989,15.734,16.982,0.978,1.670,951.600,1579.600,1.660,15.382,28.355,1.068,1.825,19.359,20.726,0.744,0.750,15.388,28.360,0.189,8.556,9.499,0.018,4155.000,151.237,50.658,8.556,60.157,ON,Clear with late haze; Hybrid loop operating; Ceff=1.66x
605,13:02:00,36.950,74.200,72.190,52.930,51.520,32.820,1.986,15.731,16.980,0.977,1.668,950.700,1577.700,1.659,15.363,28.316,1.067,1.823,19.355,20.724,0.744,0.750,15.369,28.323,0.189,8.554,9.498,0.018,4155.000,151.008,50.642,8.554,60.141,ON,Clear with late haze; Hybrid loop operating; Ceff=1.66x
606,13:02:30,36.960,74.250,72.230,52.960,51.550,32.820,1.981,15.729,16.978,0.975,1.665,949.300,1574.900,1.659,15.336,28.263,1.066,1.819,19.352,20.722,0.743,0.750,15.336,28.268,0.189,8.548,9.497,0.018,4155.000,150.628,50.605,8.548,60.102,ON,Clear with late haze; Hybrid loop operating; Ceff=1.66x
607,13:03:00,36.970,74.280,72.260,52.980,51.560,32.810,1.976,15.727,16.977,0.973,1.661,947.500,1571.600,1.659,15.306,28.202,1.064,1.816,19.350,20.721,0.743,0.749,15.302,28.199,0.189,8.545,9.494,0.018,4155.000,150.248,50.583,8.545,60.077,ON,Clear with late haze; Hybrid loop operating; Ceff=1.66x
608,13:03:30,36.980,74.300,72.270,52.990,51.570,32.810,1.970,15.726,16.976,0.971,1.658,945.700,1568.300,1.658,15.276,28.140,1.062,1.812,19.350,20.720,0.743,0.750,15.270,28.146,0.189,8.543,9.496,0.018,4155.000,149.792,50.536,8.543,60.031,ON,Clear with late haze; Hybrid loop operating; Ceff=1.66x
609,13:04:00,36.990,74.290,72.260,52.990,51.570,32.800,1.965,15.727,16.976,0.970,1.654,944.100,1565.200,1.658,15.250,28.086,1.060,1.808,19.350,20.720,0.744,0.750,15.255,28.078,0.189,8.549,9.492,0.018,4155.000,149.412,50.507,8.549,59.999,ON,Clear with late haze; Hybrid loop operating; Ceff=1.66x
610,13:04:30,37.000,74.270,72.240,52.980,51.560,32.800,1.961,15.728,16.977,0.969,1.652,942.900,1562.900,1.657,15.233,28.045,1.058,1.805,19.351,20.721,0.744,0.750,15.240,28.046,0.189,8.552,9.495,0.018,4155.000,149.108,50.479,8.552,59.973,ON,Clear with late haze; Hybrid loop operating; Ceff=1.66x
611,13:05:00,37.000,74.230,72.210,52.960,51.540,32.790,1.959,15.730,16.978,0.968,1.650,942.300,1561.500,1.657,15.225,28.022,1.058,1.804,19.354,20.722,0.744,0.750,15.227,28.014,0.189,8.550,9.492,0.018,4155.000,148.956,50.472,8.550,59.964,ON,Clear with late haze; Hybrid loop operating; Ceff=1.66x
612,13:05:30,37.010,74.180,72.170,52.930,51.520,32.780,1.958,15.732,16.980,0.968,1.650,942.300,1561.000,1.657,15.228,28.018,1.058,1.803,19.356,20.724,0.744,0.750,15.229,28.017,0.189,8.551,9.496,0.018,4155.000,148.879,50.463,8.551,59.959,ON,Clear with late haze; Hybrid loop operating; Ceff=1.66x
613,13:06:00,37.020,74.130,72.130,52.900,51.500,32.780,1.959,15.735,16.981,0.968,1.651,942.800,1561.500,1.656,15.240,28.028,1.058,1.804,19.360,20.725,0.744,0.750,15.231,28.036,0.189,8.548,9.500,0.018,4155.000,148.956,50.472,8.548,59.972,ON,Clear with late haze; Hybrid loop operating; Ceff=1.66x
614,13:06:30,37.020,74.080,72.090,52.870,51.480,32.770,1.960,15.738,16.983,0.969,1.652,943.600,1562.400,1.656,15.257,28.049,1.059,1.805,19.363,20.727,0.744,0.750,15.250,28.056,0.189,8.551,9.501,0.018,4155.000,149.032,50.469,8.551,59.970,ON,Clear with late haze; Hybrid loop operating; Ceff=1.66x
615,13:07:00,37.030,74.030,72.050,52.840,51.460,32.760,1.962,15.741,16.984,0.970,1.653,944.500,1563.600,1.655,15.275,28.073,1.061,1.806,19.365,20.728,0.743,0.750,15.269,28.075,0.189,8.553,9.500,0.018,4155.000,149.184,50.482,8.553,59.982,ON,Clear with late haze; Hybrid loop operating; Ceff=1.66x
616,13:07:30,37.030,73.990,72.020,52.820,51.440,32.760,1.964,15.743,16.985,0.971,1.654,945.300,1564.500,1.655,15.290,28.090,1.061,1.807,19.368,20.730,0.744,0.750,15.286,28.093,0.189,8.556,9.501,0.018,4155.000,149.336,50.504,8.556,60.005,ON,Clear with late haze; Hybrid loop operating; Ceff=1.65x
617,13:08:00,37.040,73.970,72.000,52.810,51.430,32.750,1.964,15.744,16.986,0.972,1.654,945.700,1564.600,1.655,15.297,28.095,1.062,1.808,19.369,20.730,0.744,0.750,15.303,28.095,0.189,8.562,9.501,0.018,4155.000,149.336,50.501,8.562,60.002,ON,Clear with late haze; Hybrid loop operating; Ceff=1.65x
618,13:08:30,37.040,73.960,71.990,52.810,51.430,32.740,1.963,15.744,16.986,0.971,1.653,945.500,1563.900,1.654,15.294,28.081,1.062,1.807,19.370,20.730,0.743,0.750,15.287,28.078,0.189,8.555,9.499,0.018,4155.000,149.260,50.498,8.555,59.997,ON,Clear with late haze; Hybrid loop operating; Ceff=1.65x
619,13:09:00,37.040,73.970,72.000,52.810,51.440,32.730,1.960,15.744,16.986,0.971,1.651,944.600,1562.000,1.654,15.280,28.048,1.061,1.805,19.369,20.730,0.744,0.750,15.287,28.044,0.189,8.563,9.499,0.018,4155.000,149.032,50.482,8.563,59.981,ON,Clear with late haze; Hybrid loop operating; Ceff=1.65x
620,13:09:30,37.050,73.990,72.020,52.830,51.450,32.730,1.955,15.743,16.985,0.969,1.648,943.200,1559.200,1.653,15.255,27.995,1.059,1.801,19.368,20.729,0.744,0.750,15.255,27.991,0.189,8.557,9.499,0.018,4155.000,148.651,50.444,8.557,59.942,ON,Clear with late haze; Hybrid loop operating; Ceff=1.65x
621,13:10:00,37.050,74.020,72.040,52.840,51.460,32.720,1.949,15.741,16.984,0.967,1.644,941.300,1555.600,1.653,15.222,27.929,1.057,1.797,19.366,20.728,0.744,0.750,15.222,27.922,0.189,8.556,9.497,0.018,4155.000,148.195,50.405,8.556,59.902,ON,Clear with late haze; Hybrid loop operating; Ceff=1.65x
622,13:10:30,37.050,74.060,72.070,52.870,51.480,32.710,1.943,15.739,16.983,0.965,1.640,939.100,1551.700,1.652,15.185,27.856,1.054,1.793,19.364,20.727,0.744,0.750,15.188,27.852,0.189,8.557,9.497,0.018,4155.000,147.739,50.376,8.557,59.873,ON,Clear with late haze; Hybrid loop operating; Ceff=1.65x
623,13:11:00,37.050,74.110,72.110,52.890,51.490,32.700,1.936,15.737,16.981,0.963,1.636,937.000,1547.800,1.652,15.148,27.783,1.052,1.788,19.361,20.726,0.744,0.750,15.155,27.781,0.189,8.557,9.497,0.018,4155.000,147.207,50.321,8.557,59.818,ON,Clear with late haze; Hybrid loop operating; Ceff=1.65x
624,13:11:30,37.050,74.160,72.140,52.920,51.510,32.690,1.930,15.734,16.980,0.961,1.632,935.200,1544.300,1.651,15.116,27.719,1.050,1.784,19.358,20.724,0.744,0.750,15.120,27.711,0.189,8.555,9.494,0.018,4155.000,146.750,50.279,8.555,59.773,ON,Clear with late haze; Hybrid loop operating; Ceff=1.65x
625,13:12:00,37.050,74.200,72.170,52.940,51.520,32.690,1.926,15.732,16.979,0.959,1.630,933.900,1541.700,1.651,15.092,27.669,1.048,1.781,19.356,20.723,0.744,0.750,15.087,27.676,0.189,8.548,9.498,0.018,4155.000,146.446,50.259,8.548,59.757,ON,Clear with late haze; Hybrid loop operating; Ceff=1.65x
626,13:12:30,37.050,74.230,72.200,52.960,51.530,32.680,1.923,15.730,16.978,0.959,1.628,933.100,1540.000,1.650,15.078,27.637,1.048,1.779,19.354,20.722,0.743,0.750,15.085,27.640,0.189,8.554,9.496,0.018,4155.000,146.218,50.236,8.554,59.733,ON,Clear with late haze; Hybrid loop operating; Ceff=1.65x
627,13:13:00,37.050,74.260,72.210,52.970,51.540,32.670,1.922,15.729,16.978,0.958,1.627,933.000,1539.300,1.650,15.073,27.623,1.047,1.778,19.353,20.722,0.744,0.750,15.068,27.623,0.189,8.545,9.495,0.018,4155.000,146.142,50.233,8.545,59.728,ON,Clear with late haze; Hybrid loop operating; Ceff=1.65x
628,13:13:30,37.050,74.260,72.220,52.970,51.540,32.660,1.922,15.729,16.978,0.959,1.627,933.200,1539.300,1.649,15.078,27.623,1.048,1.778,19.352,20.722,0.743,0.750,15.084,27.623,0.189,8.552,9.495,0.018,4155.000,146.142,50.233,8.552,59.728,ON,Clear with late haze; Hybrid loop operating; Ceff=1.65x
629,13:14:00,37.050,74.260,72.210,52.970,51.530,32.650,1.923,15.729,16.978,0.959,1.627,933.800,1539.700,1.649,15.087,27.631,1.048,1.779,19.353,20.722,0.744,0.750,15.084,27.623,0.189,8.547,9.492,0.018,4155.000,146.218,50.246,8.547,59.739,ON,Clear with late haze; Hybrid loop operating; Ceff=1.65x
630,13:14:30,37.040,74.240,72.190,52.950,51.520,32.650,1.923,15.730,16.979,0.960,1.628,934.300,1540.000,1.648,15.097,27.639,1.049,1.779,19.354,20.723,0.744,0.750,15.101,27.642,0.189,8.552,9.497,0.018,4155.000,146.218,50.236,8.552,59.733,ON,Clear with late haze; Hybrid loop operating; Ceff=1.65x
631,13:15:00,37.040,74.200,72.160,52.930,51.500,32.640,1.923,15.732,16.980,0.960,1.628,934.600,1540.000,1.648,15.103,27.641,1.049,1.779,19.356,20.724,0.744,0.750,15.103,27.643,0.189,8.550,9.498,0.018,4155.000,146.218,50.236,8.550,59.734,ON,Clear with late haze; Hybrid loop operating; Ceff=1.65x
632,13:15:30,37.040,74.150,72.120,52.900,51.470,32.630,1.922,15.735,16.982,0.960,1.627,934.300,1539.100,1.647,15.103,27.629,1.049,1.778,19.359,20.726,0.744,0.750,15.106,27.630,0.189,8.554,9.498,0.018,4155.000,146.142,50.240,8.554,59.738,ON,Clear with late haze; Hybrid loop operating; Ceff=1.65x
633,13:16:00,37.030,74.090,72.070,52.860,51.440,32.620,1.919,15.738,16.984,0.959,1.625,933.500,1537.200,1.647,15.093,27.599,1.048,1.776,19.363,20.729,0.744,0.750,15.093,27.599,0.189,8.554,9.500,0.018,4155.000,145.914,50.223,8.554,59.723,ON,Clear with late haze; Hybrid loop operating; Ceff=1.65x
634,13:16:30,37.020,74.020,72.010,52.810,51.410,32.620,1.914,15.742,16.986,0.958,1.622,932.000,1534.300,1.646,15.074,27.551,1.047,1.773,19.367,20.731,0.743,0.750,15.081,27.551,0.189,8.561,9.501,0.018,4155.000,145.534,50.187,8.561,59.688,ON,Clear with late haze; Hybrid loop operating; Ceff=1.65x
635,13:17:00,37.020,73.950,71.950,52.770,51.370,32.610,1.907,15.746,16.989,0.956,1.618,930.000,1530.400,1.646,15.046,27.487,1.044,1.768,19.371,20.734,0.744,0.750,15.053,27.488,0.189,8.564,9.503,0.018,4155.000,145.002,50.131,8.564,59.634,ON,Clear with late haze; Hybrid loop operating; Ceff=1.65x
636,13:17:30,37.010,73.890,71.900,52.720,51.330,32.600,1.900,15.749,16.991,0.953,1.613,927.600,1526.000,1.645,15.011,27.412,1.042,1.763,19.375,20.736,0.744,0.750,15.009,27.406,0.189,8.561,9.502,0.018,4155.000,144.469,50.091,8.561,59.593,ON,Clear with late haze; Hybrid loop operating; Ceff=1.65x
637,13:18:00,37.010,73.830,71.850,52.680,51.300,32.590,1.892,15.753,16.994,0.951,1.608,925.100,1521.300,1.645,14.974,27.333,1.039,1.758,19.378,20.739,0.744,0.750,14.981,27.326,0.189,8.568,9.504,0.018,4155.000,143.861,50.034,8.568,59.538,ON,Clear with late haze; Hybrid loop operating; Ceff=1.64x
638,13:18:30,37.000,73.790,71.810,52.650,51.260,32.580,1.885,15.755,16.996,0.948,1.604,922.700,1516.900,1.644,14.939,27.257,1.036,1.753,19.381,20.741,0.744,0.750,14.936,27.262,0.189,8.565,9.509,0.018,4155.000,143.329,49.994,8.565,59.503,ON,Clear with late haze; Hybrid loop operating; Ceff=1.64x
639,13:19:00,36.990,73.760,71.780,52.620,51.240,32.580,1.879,15.757,16.997,0.946,1.600,920.700,1513.100,1.643,14.909,27.191,1.034,1.748,19.383,20.743,0.744,0.750,14.906,27.195,0.189,8.566,9.510,0.018,4155.000,142.873,49.960,8.566,59.469,ON,Clear with late haze; Hybrid loop operating; Ceff=1.64x
640,13:19:30,36.980,73.740,71.760,52.610,51.220,32.570,1.874,15.758,16.998,0.945,1.597,919.200,1510.100,1.643,14.886,27.140,1.032,1.745,19.384,20.744,0.744,0.750,14.891,27.146,0.189,8.572,9.511,0.018,4155.000,142.492,49.926,8.572,59.437,ON,Clear with late haze; Hybrid loop operating; Ceff=1.64x
641,13:20:00,36.970,73.740,71.750,52.600,51.210,32.560,1.871,15.758,16.999,0.944,1.595,918.400,1508.200,1.642,14.872,27.106,1.031,1.743,19.385,20.745,0.744,0.750,14.876,27.113,0.189,8.570,9.512,0.018,4155.000,142.264,49.909,8.570,59.420,ON,Clear with late haze; Hybrid loop operating; Ceff=1.64x
642,13:20:30,36.960,73.750,71.750,52.600,51.200,32.560,1.869,15.758,16.999,0.943,1.593,918.000,1507.100,1.642,14.867,27.087,1.031,1.742,19.384,20.745,0.744,0.750,14.860,27.079,0.189,8.565,9.507,0.018,4155.000,142.112,49.892,8.565,59.398,ON,Clear with late haze; Hybrid loop operating; Ceff=1.64x
643,13:21:00,36.950,73.770,71.770,52.610,51.200,32.550,1.868,15.757,16.999,0.944,1.593,918.100,1506.700,1.641,14.867,27.079,1.031,1.741,19.383,20.744,0.744,0.750,14.875,27.079,0.189,8.572,9.509,0.018,4155.000,142.036,49.878,8.572,59.388,ON,Clear with late haze; Hybrid loop operating; Ceff=1.64x
644,13:21:30,36.940,73.800,71.780,52.620,51.210,32.540,1.868,15.755,16.998,0.944,1.593,918.400,1506.500,1.640,14.869,27.075,1.031,1.741,19.382,20.744,0.744,0.750,14.873,27.078,0.189,8.568,9.510,0.018,4155.000,142.036,49.885,8.568,59.395,ON,Clear with late haze; Hybrid loop operating; Ceff=1.64x
645,13:22:00,36.930,73.830,71.800,52.630,51.210,32.540,1.868,15.754,16.998,0.944,1.592,918.500,1506.100,1.640,14.870,27.068,1.032,1.740,19.380,20.743,0.743,0.750,14.872,27.061,0.189,8.567,9.507,0.018,4155.000,142.036,49.898,8.567,59.405,ON,Clear with late haze; Hybrid loop operating; Ceff=1.64x
646,13:22:30,36.920,73.850,71.810,52.640,51.210,32.530,1.866,15.753,16.997,0.944,1.591,918.300,1505.200,1.639,14.865,27.051,1.031,1.739,19.379,20.743,0.744,0.750,14.871,27.042,0.189,8.568,9.506,0.018,4155.000,141.884,49.874,8.568,59.380,ON,Clear with late haze; Hybrid loop operating; Ceff=1.64x
647,13:23:00,36.910,73.860,71.820,52.640,51.200,32.520,1.863,15.753,16.998,0.943,1.590,917.500,1503.400,1.639,14.852,27.019,1.030,1.737,19.379,20.743,0.744,0.750,14.855,27.027,0.189,8.567,9.512,0.018,4155.000,141.656,49.854,8.567,59.366,ON,Clear with late haze; Hybrid loop operating; Ceff=1.64x
648,13:23:30,36.900,73.850,71.810,52.630,51.190,32.520,1.858,15.753,16.998,0.941,1.587,916.200,1500.500,1.638,14.831,26.969,1.029,1.734,19.379,20.744,0.744,0.750,14.824,26.976,0.189,8.561,9.512,0.018,4155.000,141.276,49.816,8.561,59.328,ON,Clear with late haze; Hybrid loop operating; Ceff=1.64x
649,13:24:00,36.890,73.830,71.780,52.610,51.170,32.510,1.852,15.755,17.000,0.939,1.583,914.200,1496.700,1.637,14.801,26.902,1.027,1.730,19.381,20.746,0.744,0.750,14.794,26.911,0.189,8.562,9.513,0.018,4155.000,140.820,49.781,8.562,59.295,ON,Clear with late haze; Hybrid loop operating; Ceff=1.64x
650,13:24:30,36.870,73.780,71.730,52.570,51.140,32.510,1.845,15.757,17.002,0.937,1.578,911.700,1492.100,1.637,14.764,26.823,1.024,1.724,19.384,20.748,0.744,0.750,14.764,26.829,0.189,8.568,9.514,0.018,4155.000,140.287,49.746,8.568,59.260,ON,Clear with late haze; Hybrid loop operating; Ceff=1.64x
651,13:25:00,36.860,73.720,71.670,52.520,51.090,32.500,1.836,15.761,17.004,0.934,1.572,909.000,1487.000,1.636,14.724,26.737,1.021,1.718,19.388,20.751,0.744,0.750,14.721,26.730,0.189,8.569,9.511,0.018,4155.000,139.603,49.673,8.569,59.184,ON,Clear with late haze; Hybrid loop operating; Ceff=1.64x
652,13:25:30,36.850,73.630,71.600,52.460,51.040,32.500,1.828,15.766,17.008,0.931,1.567,906.300,1481.900,1.635,14.685,26.652,1.018,1.713,19.393,20.754,0.744,0.750,14.678,26.652,0.189,8.569,9.516,0.018,4155.000,138.995,49.627,8.569,59.143,ON,Clear with late haze; Hybrid loop operating; Ceff=1.64x
653,13:26:00,36.840,73.540,71.520,52.400,50.980,32.490,1.820,15.771,17.011,0.929,1.562,903.800,1477.200,1.634,14.651,26.574,1.015,1.707,19.399,20.759,0.744,0.750,14.651,26.571,0.189,8.577,9.517,0.018,4155.000,138.386,49.567,8.577,59.084,ON,Clear with late haze; Hybrid loop operating; Ceff=1.63x
654,13:26:30,36.820,73.430,71.420,52.330,50.920,32.490,1.814,15.777,17.015,0.927,1.558,901.700,1473.200,1.634,14.625,26.511,1.013,1.703,19.405,20.763,0.744,0.750,14.625,26.509,0.189,8.582,9.521,0.018,4155.000,137.930,49.538,8.582,59.059,ON,Clear with late haze; Hybrid loop operating; Ceff=1.63x
655,13:27:00,36.810,73.330,71.330,52.260,50.860,32.480,1.809,15.783,17.019,0.926,1.555,900.300,1470.200,1.633,14.609,26.465,1.012,1.699,19.412,20.767,0.744,0.750,14.615,26.465,0.189,8.589,9.524,0.018,4155.000,137.550,49.502,8.589,59.026,ON,Clear with late haze; Hybrid loop operating; Ceff=1.63x
656,13:27:30,36.800,73.230,71.250,52.190,50.800,32.480,1.806,15.788,17.023,0.925,1.553,899.400,1468.200,1.632,14.601,26.435,1.011,1.697,19.418,20.771,0.744,0.750,14.604,26.437,0.189,8.591,9.527,0.018,4155.000,137.322,49.487,8.591,59.014,ON,Clear with late haze; Hybrid loop operating; Ceff=1.63x
657,13:28:00,36.790,73.150,71.170,52.130,50.750,32.480,1.804,15.793,17.026,0.925,1.552,899.100,1467.000,1.632,14.602,26.420,1.010,1.696,19.423,20.775,0.744,0.750,14.609,26.424,0.189,8.597,9.530,0.018,4155.000,137.170,49.473,8.597,59.003,ON,Clear with late haze; Hybrid loop operating; Ceff=1.63x
658,13:28:30,36.770,73.080,71.110,52.080,50.700,32.470,1.803,15.797,17.029,0.925,1.551,899.100,1466.300,1.631,14.606,26.413,1.010,1.695,19.427,20.778,0.744,0.750,14.612,26.412,0.189,8.599,9.531,0.018,4155.000,137.094,49.469,8.599,59.000,ON,Clear with late haze; Hybrid loop operating; Ceff=1.63x
659,13:29:00,36.760,73.030,71.060,52.040,50.670,32.470,1.802,15.800,17.031,0.925,1.550,899.100,1465.700,1.630,14.610,26.407,1.011,1.695,19.431,20.780,0.744,0.750,14.615,26.398,0.189,8.601,9.529,0.018,4155.000,137.018,49.462,8.601,58.991,ON,Clear with late haze; Hybrid loop operating; Ceff=1.63x
660,13:29:30,36.750,72.990,71.020,52.020,50.640,32.470,1.800,15.802,17.033,0.925,1.550,899.000,1464.800,1.629,14.610,26.393,1.010,1.693,19.433,20.782,0.744,0.750,14.617,26.401,0.189,8.603,9.536,0.018,4155.000,136.866,49.437,8.603,58.974,ON,Clear with late haze; Hybrid loop operating; Ceff=1.63x
661,13:30:00,36.730,72.980,71.000,52.000,50.620,32.460,1.798,15.803,17.034,0.924,1.548,898.400,1463.200,1.629,14.602,26.366,1.010,1.692,19.434,20.783,0.744,0.750,14.602,26.369,0.189,8.600,9.535,0.018,4155.000,136.714,49.436,8.600,58.971,ON,Clear with late haze; Hybrid loop operating; Ceff=1.63x
662,13:30:30,36.720,72.970,70.990,51.990,50.610,32.460,1.794,15.804,17.035,0.923,1.545,897.300,1460.700,1.628,14.584,26.321,1.009,1.689,19.434,20.784,0.744,0.750,14.587,26.319,0.189,8.601,9.533,0.018,4155.000,136.409,49.411,8.601,58.944,ON,Clear with late haze; Hybrid loop operating; Ceff=1.63x
663,13:31:00,36.710,72.980,70.990,51.990,50.600,32.460,1.788,15.803,17.035,0.921,1.541,895.500,1457.100,1.627,14.555,26.258,1.007,1.685,19.434,20.784,0.744,0.750,14.555,26.251,0.189,8.599,9.532,0.018,4155.000,135.953,49.367,8.599,58.899,ON,Clear with late haze; Hybrid loop operating; Ceff=1.63x
664,13:31:30,36.700,72.990,70.990,51.990,50.590,32.460,1.781,15.803,17.035,0.919,1.537,893.200,1452.600,1.626,14.517,26.177,1.004,1.679,19.434,20.785,0.744,0.750,14.523,26.183,0.189,8.603,9.537,0.018,4155.000,135.421,49.326,8.603,58.863,ON,Clear with late haze; Hybrid loop operating; Ceff=1.63x
665,13:32:00,36.690,72.990,70.980,51.990,50.580,32.450,1.772,15.803,17.036,0.916,1.531,890.500,1447.400,1.625,14.473,26.085,1.001,1.673,19.434,20.785,0.744,0.750,14.476,26.082,0.189,8.601,9.534,0.018,4155.000,134.737,49.253,8.601,58.788,ON,Clear with late haze; Hybrid loop operating; Ceff=1.63x
666,13:32:30,36.680,72.990,70.970,51.980,50.560,32.450,1.764,15.804,17.036,0.913,1.525,887.600,1442.000,1.625,14.426,25.989,0.998,1.667,19.434,20.786,0.744,0.750,14.429,25.980,0.189,8.601,9.533,0.018,4155.000,134.128,49.215,8.601,58.747,ON,Clear with late haze; Hybrid loop operating; Ceff=1.62x
667,13:33:00,36.660,72.980,70.950,51.960,50.540,32.450,1.755,15.805,17.038,0.910,1.520,884.800,1436.700,1.624,14.382,25.896,0.995,1.661,19.436,20.787,0.744,0.750,14.383,25.898,0.189,8.601,9.537,0.018,4155.000,133.444,49.144,8.601,58.682,ON,Clear with late haze; Hybrid loop operating; Ceff=1.62x
668,13:33:30,36.650,72.950,70.920,51.930,50.510,32.450,1.748,15.807,17.039,0.907,1.515,882.300,1432.000,1.623,14.344,25.814,0.992,1.656,19.438,20.789,0.744,0.750,14.337,25.814,0.189,8.598,9.538,0.018,4155.000,132.912,49.109,8.598,58.647,ON,Clear with late haze; Hybrid loop operating; Ceff=1.62x
669,13:34:00,36.640,72.900,70.870,51.900,50.480,32.450,1.742,15.809,17.041,0.906,1.511,880.400,1428.200,1.622,14.316,25.748,0.990,1.651,19.441,20.791,0.744,0.750,14.323,25.749,0.189,8.608,9.539,0.018,4155.000,132.456,49.070,8.608,58.610,ON,Clear with late haze; Hybrid loop operating; Ceff=1.62x
670,13:34:30,36.630,72.840,70.810,51.850,50.430,32.450,1.737,15.813,17.044,0.904,1.508,879.000,1425.300,1.621,14.298,25.701,0.988,1.648,19.445,20.794,0.744,0.750,14.295,25.702,0.189,8.605,9.541,0.018,4155.000,132.075,49.029,8.605,58.570,ON,Clear with late haze; Hybrid loop operating; Ceff=1.62x
671,13:35:00,36.620,72.760,70.740,51.800,50.380,32.450,1.734,15.818,17.047,0.904,1.506,878.300,1423.300,1.621,14.291,25.672,0.987,1.646,19.450,20.797,0.744,0.750,14.299,25.673,0.189,8.614,9.544,0.018,4155.000,131.847,49.013,8.614,58.557,ON,Clear with late haze; Hybrid loop operating; Ceff=1.62x
672,13:35:30,36.610,72.670,70.660,51.740,50.330,32.450,1.732,15.823,17.050,0.903,1.505,878.000,1422.100,1.620,14.292,25.656,0.987,1.645,19.455,20.801,0.744,0.750,14.288,25.660,0.189,8.610,9.547,0.018,4155.000,131.695,48.998,8.610,58.545,ON,Clear with late haze; Hybrid loop operating; Ceff=1.62x
673,13:36:00,36.600,72.570,70.570,51.680,50.280,32.440,1.731,15.828,17.054,0.903,1.504,877.900,1421.200,1.619,14.298,25.647,0.987,1.644,19.461,20.805,0.744,0.750,14.293,25.649,0.189,8.614,9.549,0.018,4155.000,131.619,49.001,8.614,58.550,ON,Clear with late haze; Hybrid loop operating; Ceff=1.62x
674,13:36:30,36.600,72.470,70.480,51.610,50.220,32.440,1.729,15.834,17.058,0.903,1.503,877.800,1420.300,1.618,14.302,25.637,0.987,1.643,19.468,20.809,0.744,0.750,14.298,25.638,0.189,8.618,9.551,0.018,4155.000,131.467,48.975,8.618,58.526,ON,Clear with late haze; Hybrid loop operating; Ceff=1.62x
675,13:37:00,36.590,72.370,70.390,51.550,50.160,32.440,1.727,15.840,17.061,0.903,1.502,877.400,1418.900,1.617,14.302,25.618,0.987,1.641,19.474,20.813,0.744,0.750,14.304,25.626,0.189,8.625,9.556,0.018,4155.000,131.315,48.967,8.625,58.522,ON,Clear with late haze; Hybrid loop operating; Ceff=1.62x
676,13:37:30,36.580,72.270,70.300,51.490,50.110,32.440,1.723,15.845,17.064,0.902,1.499,876.500,1416.700,1.616,14.294,25.585,0.986,1.639,19.480,20.817,0.744,0.750,14.292,25.579,0.189,8.628,9.553,0.018,4155.000,131.011,48.929,8.628,58.482,ON,Clear with late haze; Hybrid loop operating; Ceff=1.62x
677,13:38:00,36.570,72.180,70.220,51.430,50.060,32.440,1.718,15.850,17.068,0.901,1.496,875.000,1413.500,1.615,14.275,25.533,0.984,1.635,19.485,20.820,0.745,0.750,14.281,25.534,0.189,8.635,9.558,0.018,4155.000,130.631,48.898,8.635,58.455,ON,Clear with late haze; Hybrid loop operating; Ceff=1.62x
678,13:38:30,36.570,72.110,70.150,51.380,50.020,32.440,1.712,15.854,17.070,0.899,1.492,872.900,1409.300,1.615,14.246,25.463,0.982,1.630,19.490,20.823,0.744,0.750,14.253,25.468,0.189,8.639,9.562,0.018,4155.000,130.174,48.872,8.639,58.434,ON,Clear with late haze; Hybrid loop operating; Ceff=1.61x
679,13:39:00,36.560,72.050,70.100,51.340,49.980,32.440,1.704,15.858,17.073,0.896,1.486,870.300,1404.300,1.614,14.207,25.377,0.979,1.624,19.494,20.826,0.744,0.750,14.209,25.370,0.189,8.638,9.559,0.018,4155.000,129.566,48.817,8.638,58.376,ON,Clear with late haze; Hybrid loop operating; Ceff=1.61x
680,13:39:30,36.550,72.000,70.050,51.310,49.950,32.440,1.695,15.861,17.075,0.893,1.481,867.400,1398.800,1.613,14.162,25.281,0.976,1.618,19.497,20.828,0.744,0.750,14.164,25.288,0.189,8.640,9.565,0.018,4155.000,128.882,48.750,8.640,58.315,ON,Clear with late haze; Hybrid loop operating; Ceff=1.61x
681,13:40:00,36.550,71.970,70.010,51.290,49.920,32.440,1.686,15.863,17.076,0.890,1.475,864.400,1393.200,1.612,14.116,25.182,0.973,1.612,19.499,20.829,0.744,0.750,14.118,25.187,0.189,8.642,9.565,0.018,4155.000,128.198,48.686,8.642,58.251,ON,Clear with late haze; Hybrid loop operating; Ceff=1.61x
682,13:40:30,36.540,71.950,69.990,51.270,49.900,32.440,1.678,15.864,17.077,0.887,1.469,861.600,1387.900,1.611,14.071,25.089,0.969,1.606,19.501,20.831,0.745,0.750,14.071,25.086,0.189,8.641,9.563,0.018,4155.000,127.589,48.640,8.641,58.203,ON,Clear with late haze; Hybrid loop operating; Ceff=1.61x
683,13:41:00,36.540,71.940,69.970,51.260,49.880,32.440,1.671,15.865,17.078,0.885,1.464,859.200,1383.300,1.610,14.033,25.007,0.967,1.600,19.502,20.831,0.744,0.750,14.041,25.002,0.189,8.646,9.563,0.018,4155.000,127.057,48.598,8.646,58.161,ON,Clear with late haze; Hybrid loop operating; Ceff=1.61x
684,13:41:30,36.540,71.940,69.960,51.260,49.870,32.440,1.665,15.865,17.079,0.883,1.460,857.400,1379.600,1.609,14.004,24.941,0.965,1.596,19.502,20.832,0.744,0.750,14.009,24.935,0.189,8.645,9.563,0.018,4155.000,126.601,48.554,8.645,58.117,ON,Clear with late haze; Hybrid loop operating; Ceff=1.61x
685,13:42:00,36.530,71.940,69.950,51.250,49.860,32.440,1.661,15.865,17.079,0.881,1.458,856.200,1377.000,1.608,13.985,24.893,0.963,1.593,19.502,20.832,0.745,0.750,13.977,24.901,0.189,8.637,9.568,0.018,4155.000,126.297,48.528,8.637,58.096,ON,Clear with late haze; Hybrid loop operating; Ceff=1.61x
686,13:42:30,36.530,71.940,69.940,51.250,49.850,32.450,1.658,15.866,17.079,0.881,1.456,855.500,1375.100,1.607,13.975,24.861,0.963,1.591,19.503,20.833,0.744,0.750,13.978,24.867,0.189,8.645,9.568,0.018,4155.000,126.069,48.508,8.645,58.076,ON,Clear with late haze; Hybrid loop operating; Ceff=1.61x
687,13:43:00,36.530,71.930,69.920,51.250,49.840,32.450,1.656,15.866,17.080,0.881,1.454,855.200,1373.900,1.606,13.971,24.840,0.962,1.589,19.503,20.833,0.745,0.750,13.978,24.834,0.189,8.648,9.564,0.018,4155.000,125.916,48.491,8.648,58.055,ON,Clear with late haze; Hybrid loop operating; Ceff=1.61x
688,13:43:30,36.530,71.920,69.900,51.240,49.830,32.450,1.654,15.867,17.080,0.880,1.453,855.100,1372.900,1.606,13.969,24.823,0.962,1.588,19.504,20.834,0.745,0.750,13.963,24.817,0.189,8.640,9.564,0.018,4155.000,125.764,48.468,8.640,58.032,ON,Clear with late haze; Hybrid loop operating; Ceff=1.61x
689,13:44:00,36.520,71.890,69.870,51.220,49.810,32.450,1.652,15.869,17.081,0.880,1.452,854.800,1371.700,1.605,13.967,24.802,0.962,1.587,19.506,20.835,0.744,0.750,13.965,24.802,0.189,8.644,9.567,0.018,4155.000,125.612,48.452,8.644,58.019,ON,Clear with late haze; Hybrid loop operating; Ceff=1.6x
690,13:44:30,36.520,71.850,69.830,51.200,49.780,32.450,1.650,15.872,17.083,0.879,1.450,854.200,1369.900,1.604,13.959,24.772,0.961,1.585,19.509,20.837,0.745,0.750,13.951,24.770,0.189,8.642,9.567,0.018,4155.000,125.460,48.457,8.642,58.024,ON,Clear with late haze; Hybrid loop operating; Ceff=1.6x
691,13:45:00,36.520,71.790,69.770,51.160,49.750,32.450,1.645,15.875,17.085,0.878,1.447,853.000,1367.200,1.603,13.943,24.727,0.960,1.582,19.513,20.839,0.744,0.750,13.938,24.722,0.189,8.646,9.567,0.018,4155.000,125.080,48.405,8.646,57.973,ON,Clear with late haze; Hybrid loop operating; Ceff=1.6x
692,13:45:30,36.520,71.710,69.710,51.120,49.710,32.450,1.640,15.879,17.087,0.877,1.443,851.100,1363.500,1.602,13.918,24.665,0.958,1.578,19.517,20.842,0.744,0.750,13.926,24.657,0.189,8.657,9.568,0.018,4155.000,124.700,48.389,8.657,57.957,ON,Clear with late haze; Hybrid loop operating; Ceff=1.6x
693,13:46:00,36.520,71.630,69.630,51.070,49.670,32.450,1.633,15.884,17.090,0.874,1.439,848.800,1358.900,1.601,13.885,24.587,0.955,1.572,19.523,20.845,0.745,0.750,13.883,24.593,0.189,8.654,9.575,0.018,4155.000,124.168,48.346,8.654,57.921,ON,Clear with late haze; Hybrid loop operating; Ceff=1.6x
694,13:46:30,36.520,71.530,69.540,51.010,49.620,32.450,1.624,15.890,17.093,0.871,1.433,845.900,1353.600,1.600,13.844,24.497,0.952,1.566,19.529,20.848,0.745,0.750,13.840,24.494,0.189,8.657,9.574,0.018,4155.000,123.483,48.268,8.657,57.842,ON,Clear with late haze; Hybrid loop operating; Ceff=1.6x
695,13:47:00,36.530,71.430,69.450,50.950,49.560,32.450,1.616,15.895,17.097,0.868,1.427,842.900,1348.000,1.599,13.801,24.402,0.949,1.560,19.535,20.852,0.744,0.750,13.797,24.397,0.189,8.660,9.576,0.018,4155.000,122.875,48.229,8.660,57.806,ON,Clear with late haze; Hybrid loop operating; Ceff=1.6x
696,13:47:30,36.530,71.330,69.360,50.890,49.510,32.450,1.607,15.901,17.100,0.865,1.421,839.900,1342.500,1.598,13.758,24.307,0.946,1.554,19.541,20.856,0.744,0.750,13.754,24.299,0.189,8.665,9.577,0.018,4155.000,122.191,48.157,8.665,57.734,ON,Clear with late haze; Hybrid loop operating; Ceff=1.6x
697,13:48:00,36.530,71.240,69.270,50.830,49.460,32.450,1.599,15.906,17.103,0.863,1.416,837.200,1337.400,1.598,13.720,24.222,0.943,1.548,19.547,20.859,0.744,0.750,13.727,24.218,0.189,8.675,9.581,0.018,4155.000,121.582,48.100,8.675,57.681,ON,Clear with late haze; Hybrid loop operating; Ceff=1.6x
698,13:48:30,36.530,71.160,69.200,50.780,49.420,32.450,1.593,15.911,17.106,0.860,1.412,835.000,1333.200,1.597,13.689,24.150,0.940,1.543,19.552,20.862,0.745,0.750,13.683,24.154,0.189,8.671,9.586,0.018,4155.000,121.126,48.071,8.671,57.656,ON,Clear with late haze; Hybrid loop operating; Ceff=1.6x
699,13:49:00,36.530,71.090,69.140,50.750,49.380,32.440,1.588,15.915,17.108,0.859,1.408,833.400,1330.000,1.596,13.667,24.095,0.939,1.539,19.556,20.865,0.744,0.750,13.671,24.088,0.189,8.679,9.583,0.018,4155.000,120.746,48.035,8.679,57.618,ON,Clear with late haze; Hybrid loop operating; Ceff=1.6x
700,13:49:30,36.540,71.040,69.090,50.720,49.360,32.440,1.584,15.918,17.110,0.858,1.406,832.500,1327.700,1.595,13.654,24.057,0.938,1.537,19.559,20.866,0.744,0.750,13.658,24.057,0.189,8.680,9.587,0.018,4155.000,120.442,47.997,8.680,57.584,ON,Clear with late haze; Hybrid loop operating; Ceff=1.59x
701,13:50:00,36.540,71.020,69.060,50.710,49.340,32.440,1.582,15.919,17.111,0.857,1.405,832.000,1326.300,1.594,13.649,24.032,0.937,1.535,19.561,20.867,0.745,0.750,13.643,24.041,0.189,8.676,9.591,0.018,4155.000,120.290,47.987,8.676,57.578,ON,Clear with late haze; Hybrid loop operating; Ceff=1.59x
702,13:50:30,36.540,71.010,69.040,50.710,49.330,32.440,1.580,15.920,17.111,0.857,1.404,831.800,1325.300,1.593,13.647,24.015,0.937,1.534,19.562,20.868,0.745,0.750,13.643,24.024,0.189,8.678,9.591,0.018,4155.000,120.138,47.963,8.678,57.554,ON,Clear with late haze; Hybrid loop operating; Ceff=1.59x
703,13:51:00,36.540,71.020,69.040,50.710,49.330,32.440,1.579,15.920,17.111,0.857,1.403,831.700,1324.400,1.592,13.645,23.999,0.937,1.533,19.562,20.867,0.744,0.750,13.643,24.007,0.189,8.680,9.591,0.018,4155.000,120.062,47.965,8.680,57.556,ON,Clear with late haze; Hybrid loop operating; Ceff=1.59x
704,13:51:30,36.550,71.030,69.050,50.730,49.340,32.440,1.577,15.919,17.110,0.857,1.401,831.400,1323.200,1.592,13.639,23.976,0.936,1.531,19.561,20.866,0.745,0.751,13.643,23.971,0.189,8.682,9.585,0.018,4155.000,119.910,47.948,8.682,57.533,ON,Clear with late haze; Hybrid loop operating; Ceff=1.59x
705,13:52:00,36.550,71.060,69.060,50.750,49.350,32.440,1.574,15.918,17.109,0.856,1.399,830.600,1321.300,1.591,13.625,23.940,0.935,1.529,19.560,20.866,0.745,0.750,13.626,23.935,0.189,8.680,9.585,0.018,4155.000,119.681,47.925,8.680,57.510,ON,Clear with late haze; Hybrid loop operating; Ceff=1.59x
706,13:52:30,36.560,71.080,69.070,50.770,49.360,32.430,1.570,15.917,17.108,0.855,1.396,829.300,1318.500,1.590,13.603,23.888,0.934,1.526,19.559,20.865,0.745,0.750,13.609,23.883,0.189,8.683,9.584,0.018,4155.000,119.377,47.905,8.683,57.489,ON,Clear with late haze; Hybrid loop operating; Ceff=1.59x
707,13:53:00,36.560,71.090,69.070,50.780,49.360,32.430,1.564,15.917,17.108,0.853,1.392,827.400,1314.800,1.589,13.570,23.820,0.932,1.522,19.558,20.864,0.744,0.750,13.577,23.814,0.189,8.682,9.583,0.018,4155.000,118.921,47.856,8.682,57.439,ON,Clear with late haze; Hybrid loop operating; Ceff=1.59x
708,13:53:30,36.560,71.090,69.060,50.780,49.360,32.430,1.557,15.917,17.108,0.850,1.388,825.000,1310.300,1.588,13.531,23.737,0.929,1.516,19.559,20.864,0.745,0.750,13.529,23.746,0.189,8.677,9.589,0.018,4155.000,118.389,47.806,8.677,57.394,ON,Clear with late haze; Hybrid loop operating; Ceff=1.59x
709,13:54:00,36.570,71.070,69.040,50.770,49.350,32.430,1.550,15.918,17.108,0.847,1.382,822.200,1305.200,1.587,13.487,23.647,0.926,1.511,19.560,20.865,0.745,0.750,13.483,23.643,0.189,8.676,9.584,0.018,4155.000,117.857,47.777,8.676,57.361,ON,Clear with late haze; Hybrid loop operating; Ceff=1.59x
710,13:54:30,36.570,71.040,69.000,50.750,49.330,32.420,1.542,15.920,17.110,0.844,1.377,819.300,1300.000,1.587,13.442,23.555,0.923,1.505,19.563,20.866,0.744,0.750,13.436,23.560,0.189,8.677,9.589,0.018,4155.000,117.248,47.720,8.677,57.309,ON,Clear with late haze; Hybrid loop operating; Ceff=1.59x
711,13:55:00,36.570,70.980,68.950,50.720,49.300,32.420,1.534,15.924,17.111,0.842,1.372,816.600,1295.100,1.586,13.401,23.469,0.920,1.499,19.566,20.868,0.744,0.750,13.408,23.476,0.189,8.687,9.591,0.018,4155.000,116.640,47.652,8.687,57.243,ON,Clear with late haze; Hybrid loop operating; Ceff=1.59x
712,13:55:30,36.580,70.910,68.880,50.680,49.260,32.420,1.528,15.928,17.114,0.839,1.367,814.400,1290.900,1.585,13.368,23.396,0.917,1.494,19.571,20.871,0.745,0.750,13.364,23.395,0.189,8.682,9.589,0.018,4155.000,116.184,47.620,8.682,57.209,ON,Clear with late haze; Hybrid loop operating; Ceff=1.59x
713,13:56:00,36.580,70.820,68.800,50.640,49.220,32.410,1.523,15.933,17.116,0.838,1.364,812.700,1287.600,1.584,13.345,23.341,0.915,1.490,19.576,20.873,0.745,0.750,13.352,23.346,0.189,8.693,9.593,0.018,4155.000,115.804,47.586,8.693,57.179,ON,Clear with late haze; Hybrid loop operating; Ceff=1.58x
714,13:56:30,36.580,70.730,68.720,50.580,49.180,32.410,1.519,15.938,17.119,0.837,1.361,811.600,1285.300,1.584,13.334,23.304,0.914,1.488,19.582,20.877,0.745,0.750,13.340,23.299,0.189,8.697,9.591,0.018,4155.000,115.499,47.546,8.697,57.137,ON,Clear with late haze; Hybrid loop operating; Ceff=1.58x
715,13:57:00,36.590,70.640,68.640,50.530,49.130,32.410,1.517,15.943,17.122,0.836,1.360,811.200,1284.000,1.583,13.332,23.286,0.914,1.486,19.587,20.880,0.745,0.750,13.328,23.286,0.189,8.693,9.595,0.018,4155.000,115.347,47.531,8.693,57.127,ON,Clear with late haze; Hybrid loop operating; Ceff=1.58x
716,13:57:30,36.590,70.550,68.560,50.480,49.090,32.400,1.516,15.948,17.125,0.836,1.359,811.200,1283.400,1.582,13.337,23.280,0.914,1.486,19.593,20.883,0.745,0.750,13.333,23.273,0.189,8.696,9.595,0.018,4155.000,115.271,47.522,8.696,57.117,ON,Clear with late haze; Hybrid loop operating; Ceff=1.58x
717,13:58:00,36.590,70.470,68.490,50.440,49.050,32.400,1.516,15.953,17.127,0.837,1.359,811.400,1283.200,1.581,13.346,23.280,0.914,1.486,19.598,20.885,0.745,0.750,13.353,23.276,0.189,8.707,9.597,0.018,4155.000,115.271,47.530,8.707,57.127,ON,Clear with late haze; Hybrid loop operating; Ceff=1.58x
718,13:58:30,36.590,70.400,68.430,50.410,49.020,32.390,1.516,15.956,17.129,0.837,1.359,811.600,1283.000,1.581,13.353,23.279,0.915,1.485,19.602,20.887,0.744,0.751,13.355,23.278,0.189,8.707,9.600,0.018,4155.000,115.271,47.537,8.707,57.137,ON,Clear with late haze; Hybrid loop operating; Ceff=1.58x
719,13:59:00,36.600,70.350,68.380,50.380,49.000,32.390,1.515,15.959,17.130,0.837,1.358,811.500,1282.300,1.580,13.355,23.269,0.915,1.485,19.605,20.889,0.744,0.750,13.358,23.263,0.189,8.709,9.599,0.018,4155.000,115.195,47.532,8.709,57.130,ON,Clear with late haze; Hybrid loop operating; Ceff=1.58x
720,13:59:30,36.600,70.320,68.350,50.370,48.990,32.380,1.513,15.961,17.131,0.836,1.357,811.000,1280.900,1.579,13.348,23.244,0.914,1.483,19.607,20.890,0.745,0.750,13.343,23.247,0.189,8.705,9.603,0.018,4155.000,115.043,47.521,8.705,57.123,ON,Clear with late haze; Hybrid loop operating; Ceff=1.58x
721,14:00:00,36.600,70.310,68.330,50.370,48.980,32.380,1.509,15.962,17.131,0.835,1.354,809.900,1278.600,1.579,13.330,23.203,0.913,1.480,19.608,20.890,0.745,0.750,13.328,23.195,0.189,8.707,9.599,0.018,4155.000,114.739,47.480,8.707,57.079,ON,Clear with late haze; Hybrid loop operating; Ceff=1.58x
722,14:00:30,36.590,70.310,68.320,50.370,48.980,32.370,1.504,15.962,17.131,0.833,1.351,808.200,1275.400,1.578,13.303,23.145,0.911,1.477,19.608,20.890,0.745,0.750,13.296,23.144,0.189,8.705,9.601,0.018,4155.000,114.359,47.442,8.705,57.043,ON,Clear with late haze; Hybrid loop operating; Ceff=1.58x
723,14:01:00,36.580,70.320,68.330,50.380,48.980,32.370,1.498,15.962,17.131,0.831,1.347,806.100,1271.500,1.577,13.268,23.075,0.908,1.472,19.608,20.890,0.745,0.750,13.264,23.075,0.189,8.706,9.602,0.018,4155.000,113.903,47.398,8.706,57.000,ON,Clear with late haze; Hybrid loop operating; Ceff=1.58x
724,14:01:30,36.570,70.340,68.330,50.390,48.990,32.360,1.492,15.961,17.130,0.829,1.342,803.700,1267.300,1.577,13.228,22.998,0.906,1.467,19.607,20.889,0.745,0.750,13.232,22.988,0.189,8.711,9.598,0.018,4155.000,113.446,47.364,8.711,56.962,ON,Clear with late haze; Hybrid loop operating; Ceff=1.58x
725,14:02:00,36.560,70.350,68.340,50.400,48.990,32.350,1.486,15.960,17.130,0.826,1.338,801.400,1263.200,1.576,13.190,22.922,0.903,1.462,19.606,20.889,0.745,0.751,13.183,22.920,0.189,8.704,9.600,0.018,4155.000,112.990,47.327,8.704,56.927,ON,Clear with late haze; Hybrid loop operating; Ceff=1.58x
726,14:02:30,36.560,70.370,68.340,50.410,48.990,32.350,1.480,15.960,17.130,0.824,1.334,799.400,1259.500,1.576,13.156,22.855,0.901,1.458,19.606,20.888,0.745,0.750,13.151,22.851,0.189,8.704,9.600,0.018,4155.000,112.534,47.274,8.704,56.874,ON,Clear with late haze; Hybrid loop operating; Ceff=1.58x
727,14:03:00,36.550,70.380,68.340,50.420,48.990,32.340,1.476,15.960,17.130,0.823,1.331,797.800,1256.600,1.575,13.130,22.802,0.899,1.455,19.605,20.888,0.745,0.750,13.135,22.800,0.189,8.711,9.600,0.018,4155.000,112.230,47.255,8.711,56.855,ON,Clear with late haze; Hybrid loop operating; Ceff=1.58x
728,14:03:30,36.540,70.380,68.330,50.410,48.980,32.330,1.473,15.960,17.130,0.822,1.329,797.000,1254.800,1.574,13.116,22.769,0.898,1.453,19.606,20.888,0.745,0.750,13.119,22.766,0.189,8.709,9.599,0.018,4155.000,112.002,47.227,8.709,56.826,ON,Clear with late haze; Hybrid loop operating; Ceff=1.57x
729,14:04:00,36.520,70.360,68.310,50.410,48.970,32.320,1.472,15.961,17.131,0.822,1.328,796.700,1254.000,1.574,13.113,22.755,0.898,1.452,19.607,20.889,0.745,0.750,13.120,22.750,0.189,8.713,9.599,0.018,4155.000,111.926,47.225,8.713,56.824,ON,Clear with late haze; Hybrid loop operating; Ceff=1.57x
730,14:04:30,36.510,70.330,68.280,50.390,48.950,32.320,1.472,15.963,17.132,0.822,1.328,797.100,1254.100,1.573,13.121,22.759,0.898,1.452,19.609,20.890,0.745,0.750,13.122,22.751,0.189,8.710,9.599,0.018,4155.000,111.926,47.221,8.710,56.820,ON,Clear with late haze; Hybrid loop operating; Ceff=1.57x
731,14:05:00,36.500,70.290,68.240,50.360,48.920,32.310,1.473,15.965,17.133,0.823,1.329,797.800,1254.800,1.573,13.135,22.774,0.899,1.453,19.612,20.892,0.745,0.750,13.139,22.770,0.189,8.714,9.601,0.018,4155.000,112.002,47.227,8.714,56.828,ON,Clear with late haze; Hybrid loop operating; Ceff=1.57x
732,14:05:30,36.490,70.230,68.190,50.330,48.890,32.300,1.475,15.969,17.135,0.824,1.330,798.700,1255.700,1.572,13.153,22.794,0.900,1.454,19.615,20.894,0.745,0.750,13.158,22.790,0.189,8.717,9.603,0.018,4155.000,112.154,47.257,8.717,56.860,ON,Clear with late haze; Hybrid loop operating; Ceff=1.57x
733,14:06:00,36.470,70.170,68.130,50.290,48.860,32.290,1.476,15.972,17.137,0.824,1.331,799.400,1256.400,1.572,13.169,22.811,0.901,1.455,19.619,20.897,0.745,0.750,13.161,22.809,0.189,8.711,9.606,0.018,4155.000,112.230,47.263,8.711,56.868,ON,Clear with late haze; Hybrid loop operating; Ceff=1.57x
734,14:06:30,36.460,70.090,68.060,50.240,48.820,32.280,1.476,15.977,17.140,0.825,1.331,799.800,1256.600,1.571,13.180,22.819,0.902,1.455,19.624,20.900,0.745,0.750,13.181,22.813,0.189,8.720,9.606,0.018,4155.000,112.230,47.255,8.720,56.861,ON,Clear with late haze; Hybrid loop operating; Ceff=1.57x
735,14:07:00,36.450,70.010,67.990,50.190,48.780,32.270,1.475,15.981,17.143,0.825,1.331,799.600,1256.000,1.571,13.182,22.812,0.901,1.454,19.629,20.903,0.745,0.751,13.184,22.817,0.189,8.724,9.612,0.018,4155.000,112.154,47.246,8.724,56.858,ON,Clear with late haze; Hybrid loop operating; Ceff=1.57x
736,14:07:30,36.430,69.920,67.920,50.140,48.730,32.270,1.473,15.986,17.146,0.824,1.329,798.900,1254.400,1.570,13.175,22.788,0.901,1.453,19.634,20.906,0.745,0.750,13.172,22.787,0.189,8.724,9.611,0.018,4155.000,112.002,47.242,8.724,56.853,ON,Clear with late haze; Hybrid loop operating; Ceff=1.57x
737,14:08:00,36.420,69.840,67.850,50.090,48.690,32.260,1.469,15.990,17.148,0.823,1.327,797.700,1252.100,1.570,13.159,22.750,0.899,1.450,19.639,20.909,0.745,0.750,13.160,22.755,0.189,8.729,9.616,0.018,4155.000,111.698,47.200,8.729,56.816,ON,Clear with late haze; Hybrid loop operating; Ceff=1.57x
738,14:08:30,36.400,69.770,67.780,50.040,48.650,32.250,1.465,15.994,17.151,0.821,1.324,796.100,1249.200,1.569,13.137,22.702,0.898,1.447,19.644,20.912,0.745,0.750,13.131,22.708,0.189,8.727,9.618,0.018,4155.000,111.393,47.181,8.727,56.799,ON,Clear with late haze; Hybrid loop operating; Ceff=1.57x
739,14:09:00,36.380,69.710,67.730,50.000,48.610,32.240,1.460,15.998,17.153,0.820,1.320,794.300,1246.000,1.569,13.112,22.649,0.896,1.443,19.647,20.914,0.745,0.750,13.118,22.642,0.189,8.738,9.615,0.018,4155.000,111.013,47.141,8.738,56.755,ON,Clear with late haze; Hybrid loop operating; Ceff=1.57x
740,14:09:30,36.370,69.660,67.680,49.960,48.580,32.230,1.456,16.001,17.155,0.818,1.317,792.700,1243.100,1.568,13.088,22.599,0.894,1.440,19.650,20.916,0.745,0.750,13.089,22.593,0.189,8.736,9.616,0.018,4155.000,110.709,47.121,8.736,56.737,ON,Clear with late haze; Hybrid loop operating; Ceff=1.57x
741,14:10:00,36.350,69.630,67.650,49.940,48.550,32.220,1.452,16.002,17.157,0.817,1.315,791.400,1240.800,1.568,13.069,22.559,0.893,1.437,19.652,20.918,0.745,0.750,13.074,22.561,0.189,8.741,9.621,0.018,4155.000,110.405,47.079,8.741,56.699,ON,Clear with late haze; Hybrid loop operating; Ceff=1.57x
742,14:10:30,36.330,69.620,67.630,49.920,48.540,32.210,1.450,16.003,17.158,0.816,1.313,790.800,1239.400,1.567,13.059,22.535,0.892,1.435,19.653,20.919,0.745,0.751,13.058,22.528,0.189,8.737,9.617,0.018,4155.000,110.253,47.067,8.737,56.684,ON,Clear with late haze; Hybrid loop operating; Ceff=1.57x
743,14:11:00,36.310,69.620,67.630,49.920,48.530,32.200,1.449,16.004,17.158,0.816,1.313,790.700,1238.900,1.567,13.058,22.528,0.892,1.435,19.654,20.920,0.745,0.750,13.059,22.528,0.189,8.739,9.621,0.018,4155.000,110.177,47.054,8.739,56.675,ON,Clear with late haze; Hybrid loop operating; Ceff=1.57x
744,14:11:30,36.290,69.630,67.630,49.920,48.520,32.190,1.450,16.003,17.158,0.817,1.314,791.300,1239.500,1.566,13.067,22.538,0.892,1.436,19.653,20.920,0.745,0.750,13.074,22.546,0.189,8.742,9.624,0.018,4155.000,110.253,47.063,8.742,56.687,ON,Clear with late haze; Hybrid loop operating; Ceff=1.57x
745,14:12:00,36.270,69.650,67.640,49.930,48.520,32.180,1.452,16.002,17.158,0.818,1.315,792.400,1240.800,1.566,13.084,22.562,0.894,1.437,19.652,20.919,0.745,0.751,13.090,22.563,0.189,8.740,9.621,0.018,4155.000,110.405,47.079,8.740,56.700,ON,Clear with late haze; Hybrid loop operating; Ceff=1.57x
746,14:12:30,36.250,69.670,67.650,49.940,48.520,32.170,1.455,16.001,17.158,0.819,1.317,793.700,1242.600,1.566,13.105,22.594,0.895,1.439,19.651,20.919,0.745,0.751,13.105,22.597,0.189,8.736,9.622,0.018,4155.000,110.633,47.108,8.736,56.730,ON,Clear with late haze; Hybrid loop operating; Ceff=1.57x
747,14:13:00,36.230,69.700,67.670,49.940,48.520,32.160,1.458,16.000,17.158,0.820,1.319,795.100,1244.400,1.565,13.127,22.626,0.897,1.441,19.650,20.919,0.745,0.751,13.120,22.631,0.189,8.731,9.623,0.018,4155.000,110.861,47.137,8.731,56.759,ON,Clear with late haze; Hybrid loop operating; Ceff=1.57x
748,14:13:30,36.210,69.710,67.670,49.950,48.520,32.150,1.460,16.000,17.158,0.822,1.320,796.200,1245.800,1.565,13.144,22.651,0.898,1.443,19.649,20.919,0.745,0.750,13.152,22.649,0.189,8.740,9.619,0.018,4155.000,111.013,47.148,8.740,56.767,ON,Clear with late haze; Hybrid loop operating; Ceff=1.56x
749,14:14:00,36.180,69.710,67.670,49.940,48.510,32.140,1.461,16.000,17.158,0.822,1.321,796.900,1246.500,1.564,13.155,22.665,0.899,1.444,19.649,20.919,0.745,0.750,13.152,22.666,0.189,8.732,9.621,0.018,4155.000,111.089,47.154,8.732,56.775,ON,Clear with late haze; Hybrid loop operating; Ceff=1.56x
750,14:14:30,36.160,69.700,67.650,49.930,48.490,32.130,1.460,16.000,17.159,0.822,1.321,796.900,1246.300,1.564,13.158,22.663,0.899,1.443,19.650,20.920,0.745,0.751,13.152,22.667,0.189,8.732,9.623,0.018,4155.000,111.013,47.129,8.732,56.752,ON,Clear with late haze; Hybrid loop operating; Ceff=1.56x
751,14:15:00,36.140,69.660,67.620,49.900,48.470,32.120,1.459,16.002,17.161,0.822,1.320,796.400,1245.200,1.563,13.151,22.645,0.898,1.442,19.652,20.922,0.745,0.751,13.154,22.653,0.189,8.739,9.625,0.018,4155.000,110.937,47.139,8.739,56.764,ON,Clear with late haze; Hybrid loop operating; Ceff=1.56x
752,14:15:30,36.110,69.610,67.580,49.860,48.430,32.110,1.456,16.005,17.163,0.821,1.318,795.400,1243.300,1.563,13.138,22.614,0.897,1.440,19.655,20.924,0.745,0.751,13.140,22.621,0.189,8.741,9.627,0.018,4155.000,110.709,47.114,8.741,56.740,ON,Clear with late haze; Hybrid loop operating; Ceff=1.56x
753,14:16:00,36.090,69.550,67.520,49.810,48.390,32.100,1.452,16.009,17.166,0.820,1.315,794.100,1240.900,1.563,13.120,22.575,0.896,1.437,19.660,20.928,0.745,0.751,13.127,22.573,0.189,8.747,9.625,0.018,4155.000,110.405,47.075,8.747,56.700,ON,Clear with late haze; Hybrid loop operating; Ceff=1.56x
754,14:16:30,36.060,69.460,67.450,49.750,48.340,32.090,1.449,16.014,17.169,0.818,1.313,792.700,1238.400,1.562,13.102,22.535,0.894,1.434,19.665,20.931,0.745,0.751,13.099,22.543,0.189,8.743,9.631,0.018,4155.000,110.177,47.073,8.743,56.704,ON,Clear with late haze; Hybrid loop operating; Ceff=1.56x
755,14:17:00,36.040,69.370,67.370,49.690,48.280,32.080,1.445,16.019,17.173,0.817,1.310,791.500,1236.200,1.562,13.087,22.501,0.893,1.432,19.670,20.935,0.745,0.751,13.088,22.497,0.189,8.749,9.629,0.018,4155.000,109.873,47.026,8.749,56.655,ON,Clear with late haze; Hybrid loop operating; Ceff=1.56x
756,14:17:30,36.010,69.280,67.290,49.620,48.220,32.070,1.443,16.024,17.176,0.816,1.309,790.800,1234.700,1.561,13.080,22.479,0.892,1.430,19.676,20.939,0.745,0.751,13.076,22.483,0.189,8.748,9.635,0.018,4155.000,109.721,47.018,8.748,56.653,ON,Clear with late haze; Hybrid loop operating; Ceff=1.56x
757,14:18:00,35.990,69.190,67.210,49.550,48.170,32.060,1.442,16.029,17.180,0.816,1.308,790.600,1234.000,1.561,13.082,22.473,0.892,1.430,19.681,20.943,0.745,0.750,13.080,22.471,0.189,8.753,9.635,0.018,4155.000,109.645,47.012,8.753,56.647,ON,Clear with late haze; Hybrid loop operating; Ceff=1.56x
758,14:18:30,35.960,69.110,67.140,49.500,48.120,32.050,1.443,16.033,17.183,0.817,1.309,791.000,1234.400,1.561,13.093,22.485,0.893,1.430,19.686,20.947,0.745,0.751,13.099,22.493,0.189,8.762,9.641,0.018,4155.000,109.721,47.030,8.762,56.671,ON,Clear with late haze; Hybrid loop operating; Ceff=1.56x
759,14:19:00,35.940,69.050,67.080,49.450,48.070,32.040,1.444,16.037,17.186,0.818,1.310,792.000,1235.500,1.560,13.113,22.511,0.894,1.432,19.690,20.950,0.745,0.750,13.118,22.514,0.189,8.764,9.641,0.018,4155.000,109.797,47.020,8.764,56.662,ON,Clear with late haze; Hybrid loop operating; Ceff=1.56x
760,14:19:30,35.910,69.000,67.040,49.410,48.040,32.030,1.447,16.039,17.188,0.819,1.312,793.300,1237.300,1.560,13.138,22.547,0.895,1.434,19.693,20.952,0.745,0.750,13.136,22.551,0.189,8.761,9.643,0.018,4155.000,110.025,47.049,8.761,56.693,ON,Clear with late haze; Hybrid loop operating; Ceff=1.56x
761,14:20:00,35.880,68.980,67.020,49.380,48.010,32.020,1.450,16.041,17.189,0.821,1.314,794.800,1239.300,1.559,13.165,22.586,0.897,1.436,19.694,20.954,0.745,0.751,13.170,22.586,0.189,8.767,9.643,0.018,4155.000,110.253,47.071,8.767,56.714,ON,Clear with late haze; Hybrid loop operating; Ceff=1.56x
762,14:20:30,35.860,68.970,67.010,49.370,48.000,32.010,1.453,16.041,17.190,0.822,1.316,796.200,1241.100,1.559,13.188,22.620,0.899,1.438,19.695,20.955,0.745,0.751,13.186,22.622,0.189,8.762,9.644,0.018,4155.000,110.481,47.100,8.762,56.744,ON,Clear with late haze; Hybrid loop operating; Ceff=1.56x
763,14:21:00,35.830,68.980,67.010,49.360,47.990,32.000,1.455,16.041,17.191,0.823,1.317,797.200,1242.400,1.558,13.204,22.643,0.900,1.440,19.694,20.955,0.745,0.750,13.202,22.641,0.189,8.762,9.642,0.018,4155.000,110.633,47.115,8.762,56.757,ON,Clear with late haze; Hybrid loop operating; Ceff=1.56x
764,14:21:30,35.800,69.000,67.030,49.370,47.980,32.000,1.455,16.040,17.191,0.824,1.318,797.700,1242.700,1.558,13.211,22.650,0.900,1.440,19.693,20.955,0.745,0.751,13.217,22.658,0.189,8.767,9.647,0.018,4155.000,110.633,47.104,8.767,56.751,ON,Clear with late haze; Hybrid loop operating; Ceff=1.56x
765,14:22:00,35.780,69.030,67.040,49.370,47.980,31.990,1.454,16.038,17.191,0.823,1.317,797.500,1242.100,1.558,13.207,22.639,0.900,1.439,19.692,20.955,0.745,0.751,13.199,22.641,0.189,8.757,9.644,0.018,4155.000,110.557,47.094,8.757,56.739,ON,Clear with late haze; Hybrid loop operating; Ceff=1.56x
766,14:22:30,35.750,69.060,67.060,49.380,47.980,31.980,1.452,16.037,17.191,0.823,1.315,796.700,1240.600,1.557,13.192,22.610,0.899,1.437,19.690,20.955,0.745,0.751,13.198,22.606,0.189,8.765,9.641,0.018,4155.000,110.405,47.086,8.765,56.728,ON,Clear with late haze; Hybrid loop operating; Ceff=1.56x
767,14:23:00,35.720,69.080,67.080,49.380,47.970,31.970,1.448,16.036,17.191,0.821,1.313,795.500,1238.300,1.557,13.170,22.568,0.898,1.435,19.689,20.955,0.745,0.751,13.166,22.572,0.189,8.757,9.644,0.018,4155.000,110.101,47.044,8.757,56.688,ON,Clear with late haze; Hybrid loop operating; Ceff=1.56x
768,14:23:30,35.690,69.100,67.080,49.370,47.960,31.960,1.444,16.035,17.191,0.820,1.310,794.000,1235.600,1.556,13.145,22.520,0.896,1.432,19.688,20.956,0.745,0.750,13.149,22.520,0.189,8.762,9.643,0.018,4155.000,109.797,47.016,8.762,56.660,ON,Clear with late haze; Hybrid loop operating; Ceff=1.56x
769,14:24:00,35.670,69.090,67.070,49.360,47.940,31.950,1.440,16.036,17.192,0.818,1.307,792.500,1232.900,1.556,13.121,22.473,0.894,1.429,19.689,20.957,0.745,0.750,13.117,22.470,0.189,8.758,9.643,0.018,4155.000,109.493,46.989,8.758,56.632,ON,Clear with late haze; Hybrid loop operating; Ceff=1.56x
770,14:24:30,35.640,69.070,67.050,49.330,47.910,31.950,1.437,16.037,17.194,0.817,1.305,791.300,1230.600,1.555,13.102,22.434,0.893,1.426,19.690,20.959,0.745,0.751,13.102,22.438,0.189,8.761,9.647,0.018,4155.000,109.264,46.979,8.761,56.626,ON,Clear with late haze; Hybrid loop operating; Ceff=1.56x
771,14:25:00,35.610,69.040,67.010,49.290,47.880,31.940,1.435,16.039,17.196,0.816,1.303,790.500,1229.000,1.555,13.091,22.409,0.892,1.424,19.693,20.961,0.745,0.751,13.088,22.406,0.189,8.760,9.646,0.018,4155.000,109.112,46.974,8.760,56.621,ON,Clear with late haze; Hybrid loop operating; Ceff=1.55x
772,14:25:30,35.590,68.980,66.960,49.250,47.830,31.930,1.434,16.042,17.199,0.816,1.302,790.300,1228.300,1.554,13.091,22.401,0.892,1.423,19.696,20.964,0.745,0.751,13.090,22.393,0.189,8.764,9.646,0.018,4155.000,109.036,46.968,8.764,56.614,ON,Clear with late haze; Hybrid loop operating; Ceff=1.55x
773,14:26:00,35.560,68.920,66.900,49.190,47.780,31.920,1.434,16.046,17.202,0.816,1.303,790.700,1228.500,1.554,13.101,22.409,0.892,1.424,19.700,20.967,0.746,0.751,13.094,22.414,0.189,8.762,9.654,0.018,4155.000,109.036,46.961,8.762,56.614,ON,Clear with late haze; Hybrid loop operating; Ceff=1.55x
774,14:26:30,35.530,68.840,66.840,49.130,47.730,31.920,1.435,16.050,17.205,0.817,1.304,791.500,1229.500,1.553,13.119,22.432,0.893,1.425,19.705,20.971,0.746,0.751,13.113,22.435,0.189,8.766,9.655,0.018,4155.000,109.112,46.955,8.766,56.610,ON,Clear with late haze; Hybrid loop operating; Ceff=1.55x
775,14:27:00,35.510,68.760,66.760,49.070,47.680,31.910,1.437,16.055,17.209,0.819,1.305,792.600,1230.800,1.553,13.143,22.462,0.895,1.426,19.710,20.975,0.745,0.751,13.149,22.458,0.189,8.778,9.654,0.018,4155.000,109.264,46.971,8.778,56.625,ON,Clear with late haze; Hybrid loop operating; Ceff=1.55x
776,14:27:30,35.480,68.670,66.690,49.010,47.620,31.900,1.439,16.060,17.212,0.820,1.307,793.800,1232.200,1.552,13.166,22.492,0.896,1.428,19.715,20.979,0.745,0.751,13.169,22.496,0.189,8.778,9.660,0.018,4155.000,109.417,46.983,8.778,56.643,ON,Clear with late haze; Hybrid loop operating; Ceff=1.55x
777,14:28:00,35.460,68.590,66.620,48.950,47.570,31.900,1.441,16.064,17.216,0.821,1.308,794.600,1233.100,1.552,13.186,22.515,0.897,1.429,19.720,20.982,0.745,0.751,13.189,22.519,0.189,8.782,9.662,0.018,4155.000,109.569,47.014,8.782,56.676,ON,Clear with late haze; Hybrid loop operating; Ceff=1.55x
778,14:28:30,35.430,68.520,66.560,48.890,47.520,31.890,1.441,16.068,17.219,0.821,1.308,795.100,1233.400,1.551,13.197,22.525,0.898,1.430,19.724,20.986,0.745,0.751,13.192,22.522,0.189,8.779,9.662,0.018,4155.000,109.569,47.002,8.779,56.664,ON,Clear with late haze; Hybrid loop operating; Ceff=1.55x
779,14:29:00,35.410,68.460,66.510,48.850,47.480,31.890,1.440,16.071,17.221,0.821,1.307,794.900,1232.700,1.551,13.197,22.516,0.897,1.429,19.728,20.988,0.746,0.751,13.194,22.508,0.189,8.782,9.661,0.018,4155.000,109.493,46.996,8.782,56.657,ON,Clear with late haze; Hybrid loop operating; Ceff=1.55x
780,14:29:30,35.380,68.420,66.470,48.810,47.450,31.880,1.438,16.074,17.223,0.820,1.306,794.000,1230.900,1.550,13.185,22.488,0.897,1.427,19.730,20.991,0.745,0.751,13.181,22.493,0.189,8.783,9.669,0.018,4155.000,109.340,47.000,8.783,56.669,ON,Clear with late haze; Hybrid loop operating; Ceff=1.55x
781,14:30:00,35.360,68.390,66.440,48.780,47.420,31.880,1.434,16.075,17.225,0.819,1.303,792.600,1228.300,1.550,13.163,22.442,0.895,1.424,19.732,20.993,0.745,0.751,13.165,22.444,0.189,8.789,9.668,0.018,4155.000,109.036,46.968,8.789,56.636,ON,Clear with late haze; Hybrid loop operating; Ceff=1.55x
782,14:30:30,35.330,68.380,66.420,48.750,47.390,31.870,1.429,16.076,17.227,0.817,1.299,790.800,1225.000,1.549,13.134,22.385,0.893,1.420,19.733,20.995,0.745,0.751,13.134,22.378,0.189,8.788,9.665,0.018,4155.000,108.656,46.931,8.788,56.596,ON,Clear with late haze; Hybrid loop operating; Ceff=1.55x
783,14:31:00,35.310,68.370,66.420,48.740,47.370,31.870,1.423,16.077,17.228,0.815,1.296,788.800,1221.500,1.549,13.101,22.322,0.891,1.416,19.734,20.996,0.745,0.751,13.103,22.327,0.189,8.789,9.671,0.018,4155.000,108.200,46.867,8.789,56.539,ON,Clear with late haze; Hybrid loop operating; Ceff=1.55x
784,14:31:30,35.290,68.380,66.410,48.730,47.350,31.860,1.418,16.076,17.229,0.813,1.292,786.900,1218.100,1.548,13.069,22.261,0.888,1.412,19.734,20.997,0.746,0.751,13.070,22.260,0.189,8.788,9.669,0.018,4155.000,107.820,46.833,8.788,56.502,ON,Clear with late haze; Hybrid loop operating; Ceff=1.55x
785,14:32:00,35.270,68.400,66.420,48.720,47.340,31.860,1.414,16.076,17.229,0.811,1.289,785.300,1215.200,1.547,13.043,22.210,0.887,1.409,19.733,20.997,0.745,0.751,13.038,22.208,0.189,8.784,9.669,0.018,4155.000,107.516,46.813,8.784,56.482,ON,Clear with late haze; Hybrid loop operating; Ceff=1.55x
786,14:32:30,35.240,68.410,66.430,48.720,47.330,31.850,1.411,16.075,17.230,0.810,1.287,784.200,1213.100,1.547,13.025,22.172,0.885,1.406,19.732,20.998,0.746,0.751,13.021,22.175,0.189,8.785,9.672,0.018,4155.000,107.288,46.794,8.785,56.466,ON,Clear with late haze; Hybrid loop operating; Ceff=1.55x
787,14:33:00,35.220,68.430,66.430,48.720,47.320,31.850,1.409,16.075,17.230,0.810,1.286,783.800,1211.900,1.546,13.016,22.151,0.885,1.405,19.731,20.998,0.745,0.751,13.021,22.158,0.189,8.790,9.674,0.018,4155.000,107.135,46.774,8.790,56.448,ON,Clear with late haze; Hybrid loop operating; Ceff=1.55x
788,14:33:30,35.200,68.440,66.430,48.710,47.300,31.840,1.409,16.074,17.231,0.810,1.285,783.800,1211.600,1.546,13.017,22.146,0.885,1.405,19.731,20.999,0.745,0.751,13.020,22.142,0.189,8.789,9.669,0.018,4155.000,107.135,46.786,8.789,56.455,ON,Clear with late haze; Hybrid loop operating; Ceff=1.55x
789,14:34:00,35.180,68.440,66.430,48.700,47.290,31.840,1.409,16.074,17.231,0.810,1.286,784.300,1211.900,1.545,13.025,22.152,0.886,1.405,19.731,21.000,0.745,0.751,13.020,22.159,0.189,8.783,9.674,0.018,4155.000,107.135,46.774,8.783,56.448,ON,Clear with late haze; Hybrid loop operating; Ceff=1.55x
790,14:34:30,35.160,68.430,66.410,48.680,47.270,31.840,1.410,16.075,17.232,0.811,1.286,785.000,1212.400,1.544,13.037,22.163,0.886,1.406,19.732,21.001,0.746,0.751,13.037,22.160,0.189,8.787,9.671,0.018,4155.000,107.211,46.788,8.787,56.459,ON,Clear with late haze; Hybrid loop operating; Ceff=1.54x
791,14:35:00,35.140,68.410,66.390,48.660,47.240,31.830,1.411,16.077,17.234,0.812,1.287,785.500,1212.800,1.544,13.048,22.173,0.887,1.406,19.734,21.003,0.745,0.751,13.055,22.180,0.189,8.793,9.676,0.018,4155.000,107.288,46.806,8.793,56.482,ON,Clear with late haze; Hybrid loop operating; Ceff=1.54x
792,14:35:30,35.120,68.370,66.350,48.620,47.210,31.830,1.410,16.079,17.236,0.812,1.286,785.800,1212.700,1.543,13.054,22.174,0.887,1.406,19.736,21.005,0.746,0.751,13.056,22.165,0.189,8.791,9.671,0.018,4155.000,107.211,46.776,8.791,56.447,ON,Clear with late haze; Hybrid loop operating; Ceff=1.54x
793,14:36:00,35.100,68.310,66.300,48.580,47.170,31.830,1.409,16.082,17.238,0.812,1.286,785.500,1211.700,1.543,13.052,22.160,0.887,1.405,19.740,21.007,0.745,0.751,13.059,22.168,0.189,8.796,9.680,0.018,4155.000,107.135,46.782,8.796,56.462,ON,Clear with late haze; Hybrid loop operating; Ceff=1.54x
794,14:36:30,35.090,68.240,66.230,48.530,47.120,31.830,1.406,16.086,17.241,0.811,1.284,784.600,1209.800,1.542,13.041,22.130,0.886,1.403,19.744,21.011,0.745,0.751,13.046,22.137,0.189,8.797,9.682,0.018,4155.000,106.907,46.755,8.797,56.437,ON,Clear with late haze; Hybrid loop operating; Ceff=1.54x
795,14:37:00,35.070,68.160,66.160,48.470,47.070,31.820,1.402,16.090,17.245,0.809,1.280,783.000,1206.900,1.541,13.019,22.082,0.884,1.399,19.749,21.014,0.746,0.751,13.017,22.074,0.189,8.796,9.677,0.018,4155.000,106.603,46.734,8.796,56.411,ON,Clear with late haze; Hybrid loop operating; Ceff=1.54x
796,14:37:30,35.050,68.080,66.090,48.410,47.020,31.820,1.396,16.095,17.248,0.807,1.277,780.900,1203.200,1.541,12.990,22.019,0.882,1.395,19.754,21.018,0.746,0.751,12.989,22.026,0.189,8.800,9.686,0.018,4155.000,106.147,46.678,8.800,56.363,ON,Clear with late haze; Hybrid loop operating; Ceff=1.54x
797,14:38:00,35.030,67.990,66.010,48.350,46.960,31.820,1.390,16.100,17.252,0.805,1.272,778.600,1199.000,1.540,12.956,21.949,0.879,1.390,19.760,21.022,0.746,0.751,12.961,21.945,0.189,8.807,9.684,0.018,4155.000,105.691,46.640,8.807,56.324,ON,Clear with late haze; Hybrid loop operating; Ceff=1.54x
798,14:38:30,35.020,67.900,65.930,48.280,46.910,31.820,1.384,16.105,17.255,0.802,1.268,776.100,1194.700,1.539,12.920,21.876,0.877,1.386,19.765,21.026,0.745,0.751,12.916,21.879,0.189,8.806,9.690,0.018,4155.000,105.235,46.606,8.806,56.295,ON,Clear with late haze; Hybrid loop operating; Ceff=1.54x
799,14:39:00,35.000,67.830,65.860,48.230,46.860,31.810,1.378,16.109,17.258,0.800,1.264,773.900,1190.800,1.539,12.888,21.809,0.874,1.381,19.770,21.029,0.746,0.751,12.887,21.814,0.189,8.811,9.693,0.018,4155.000,104.778,46.555,8.811,56.248,ON,Clear with late haze; Hybrid loop operating; Ceff=1.54x
800,14:39:30,34.990,67.760,65.800,48.180,46.810,31.810,1.373,16.113,17.261,0.798,1.260,772.100,1187.500,1.538,12.861,21.753,0.872,1.377,19.774,21.032,0.746,0.751,12.858,21.749,0.189,8.811,9.690,0.018,4155.000,104.398,46.515,8.811,56.206,ON,Clear with late haze; Hybrid loop operating; Ceff=1.54x
801,14:40:00,34.970,67.720,65.760,48.140,46.770,31.810,1.370,16.116,17.263,0.797,1.258,770.900,1185.100,1.537,12.844,21.713,0.871,1.375,19.777,21.035,0.746,0.751,12.844,21.717,0.189,8.816,9.696,0.018,4155.000,104.170,46.508,8.816,56.204,ON,Clear with late haze; Hybrid loop operating; Ceff=1.54x
802,14:40:30,34.960,67.690,65.730,48.120,46.740,31.810,1.368,16.118,17.265,0.796,1.256,770.300,1183.600,1.537,12.836,21.688,0.870,1.373,19.779,21.036,0.746,0.751,12.830,21.685,0.189,8.813,9.694,0.018,4155.000,104.018,46.499,8.813,56.192,ON,Clear with late haze; Hybrid loop operating; Ceff=1.54x
803,14:41:00,34.940,67.680,65.710,48.100,46.720,31.810,1.367,16.118,17.266,0.796,1.255,770.200,1182.900,1.536,12.835,21.677,0.870,1.372,19.779,21.038,0.746,0.751,12.830,21.669,0.189,8.814,9.692,0.018,4155.000,103.942,46.492,8.814,56.185,ON,Clear with late haze; Hybrid loop operating; Ceff=1.54x
804,14:41:30,34.930,67.680,65.700,48.100,46.710,31.810,1.366,16.118,17.266,0.797,1.255,770.400,1182.800,1.535,12.839,21.675,0.871,1.372,19.779,21.038,0.745,0.751,12.846,21.669,0.189,8.822,9.693,0.018,4155.000,103.866,46.462,8.822,56.155,ON,Clear with late haze; Hybrid loop operating; Ceff=1.54x
805,14:42:00,34.920,67.700,65.710,48.100,46.710,31.800,1.366,16.118,17.266,0.797,1.255,770.800,1182.700,1.534,12.844,21.674,0.871,1.372,19.779,21.038,0.746,0.751,12.846,21.669,0.189,8.818,9.694,0.018,4155.000,103.866,46.466,8.818,56.160,ON,Clear with late haze; Hybrid loop operating; Ceff=1.53x
806,14:42:30,34.910,67.730,65.720,48.110,46.710,31.800,1.366,16.117,17.266,0.797,1.255,771.000,1182.400,1.534,12.846,21.668,0.871,1.372,19.778,21.038,0.746,0.751,12.845,21.669,0.189,8.815,9.696,0.018,4155.000,103.866,46.478,8.815,56.174,ON,Clear with late haze; Hybrid loop operating; Ceff=1.53x
807,14:43:00,34.890,67.750,65.740,48.120,46.710,31.800,1.365,16.115,17.266,0.797,1.254,770.700,1181.500,1.533,12.841,21.651,0.871,1.370,19.776,21.037,0.745,0.751,12.844,21.652,0.189,8.817,9.696,0.018,4155.000,103.790,46.479,8.817,56.175,ON,Clear with late haze; Hybrid loop operating; Ceff=1.53x
808,14:43:30,34.880,67.770,65.740,48.130,46.710,31.800,1.362,16.115,17.266,0.796,1.252,769.900,1179.800,1.532,12.827,21.619,0.870,1.368,19.775,21.037,0.746,0.751,12.828,21.617,0.189,8.816,9.695,0.018,4155.000,103.562,46.444,8.816,56.138,ON,Clear with late haze; Hybrid loop operating; Ceff=1.53x
809,14:44:00,34.870,67.780,65.740,48.130,46.700,31.800,1.358,16.114,17.266,0.795,1.249,768.500,1177.000,1.532,12.803,21.569,0.868,1.365,19.775,21.038,0.746,0.751,12.811,21.565,0.189,8.820,9.694,0.018,4155.000,103.258,46.418,8.820,56.112,ON,Clear with late haze; Hybrid loop operating; Ceff=1.53x
810,14:44:30,34.860,67.770,65.730,48.120,46.680,31.800,1.353,16.115,17.267,0.792,1.245,766.600,1173.400,1.531,12.771,21.504,0.866,1.361,19.776,21.038,0.746,0.751,12.763,21.497,0.189,8.809,9.693,0.018,4155.000,102.877,46.389,8.809,56.082,ON,Clear with late haze; Hybrid loop operating; Ceff=1.53x
811,14:45:00,34.850,67.740,65.700,48.090,46.660,31.800,1.346,16.117,17.268,0.790,1.241,764.100,1169.200,1.530,12.732,21.428,0.863,1.356,19.778,21.040,0.746,0.751,12.732,21.430,0.189,8.817,9.698,0.018,4155.000,102.345,46.314,8.817,56.012,ON,Clear with late haze; Hybrid loop operating; Ceff=1.53x
812,14:45:30,34.840,67.690,65.650,48.060,46.630,31.800,1.340,16.120,17.270,0.787,1.236,761.500,1164.600,1.529,12.692,21.348,0.860,1.351,19.781,21.042,0.746,0.751,12.686,21.346,0.189,8.815,9.698,0.018,4155.000,101.889,46.290,8.815,55.988,ON,Clear with late haze; Hybrid loop operating; Ceff=1.53x
813,14:46:00,34.820,67.630,65.590,48.010,46.580,31.790,1.333,16.124,17.273,0.785,1.231,759.000,1160.200,1.529,12.653,21.270,0.858,1.346,19.785,21.045,0.745,0.751,12.657,21.263,0.189,8.823,9.697,0.018,4155.000,101.357,46.223,8.823,55.920,ON,Clear with late haze; Hybrid loop operating; Ceff=1.53x
814,14:46:30,34.810,67.540,65.510,47.960,46.530,31.790,1.328,16.128,17.276,0.783,1.227,756.800,1156.200,1.528,12.621,21.203,0.855,1.341,19.790,21.049,0.746,0.751,12.628,21.198,0.189,8.829,9.700,0.018,4155.000,100.976,46.209,8.829,55.909,ON,Clear with late haze; Hybrid loop operating; Ceff=1.53x
815,14:47:00,34.800,67.450,65.430,47.890,46.480,31.790,1.323,16.133,17.280,0.781,1.224,755.100,1153.000,1.527,12.598,21.150,0.853,1.338,19.796,21.052,0.746,0.751,12.600,21.151,0.189,8.829,9.706,0.018,4155.000,100.596,46.163,8.829,55.869,ON,Clear with late haze; Hybrid loop operating; Ceff=1.53x
816,14:47:30,34.790,67.350,65.340,47.830,46.420,31.790,1.320,16.139,17.283,0.780,1.222,754.000,1150.800,1.526,12.586,21.114,0.852,1.335,19.802,21.056,0.746,0.751,12.588,21.120,0.189,8.834,9.710,0.018,4155.000,100.368,46.146,8.834,55.856,ON,Clear with late haze; Hybrid loop operating; Ceff=1.53x
817,14:48:00,34.780,67.250,65.250,47.770,46.360,31.790,1.318,16.145,17.287,0.779,1.220,753.500,1149.500,1.525,12.583,21.095,0.852,1.334,19.808,21.060,0.746,0.751,12.577,21.090,0.189,8.831,9.708,0.018,4155.000,100.216,46.128,8.831,55.836,ON,Clear with late haze; Hybrid loop operating; Ceff=1.53x
818,14:48:30,34.770,67.160,65.170,47.710,46.310,31.780,1.317,16.150,17.290,0.779,1.220,753.500,1148.900,1.525,12.588,21.089,0.852,1.333,19.814,21.064,0.746,0.751,12.581,21.094,0.189,8.834,9.714,0.018,4155.000,100.140,46.117,8.834,55.832,ON,Clear with late haze; Hybrid loop operating; Ceff=1.52x
819,14:49:00,34.760,67.080,65.100,47.660,46.270,31.780,1.317,16.154,17.293,0.780,1.220,753.800,1148.700,1.524,12.597,21.090,0.852,1.333,19.819,21.067,0.746,0.751,12.600,21.097,0.189,8.844,9.718,0.018,4155.000,100.140,46.125,8.844,55.843,ON,Clear with late haze; Hybrid loop operating; Ceff=1.52x
820,14:49:30,34.750,67.020,65.040,47.620,46.230,31.780,1.316,16.158,17.295,0.780,1.219,754.100,1148.500,1.523,12.605,21.090,0.853,1.333,19.823,21.070,0.745,0.751,12.603,21.083,0.189,8.843,9.713,0.018,4155.000,100.064,46.098,8.843,55.811,ON,Clear with late haze; Hybrid loop operating; Ceff=1.52x
821,14:50:00,34.740,66.980,65.000,47.590,46.200,31.780,1.316,16.161,17.297,0.780,1.219,754.100,1147.900,1.522,12.608,21.082,0.853,1.332,19.826,21.071,0.746,0.751,12.606,21.085,0.189,8.844,9.719,0.018,4155.000,100.064,46.122,8.844,55.841,ON,Clear with late haze; Hybrid loop operating; Ceff=1.52x
822,14:50:30,34.730,66.950,64.970,47.570,46.180,31.780,1.314,16.162,17.298,0.780,1.217,753.600,1146.600,1.521,12.602,21.060,0.852,1.331,19.828,21.073,0.746,0.751,12.606,21.052,0.189,8.851,9.714,0.018,4155.000,99.912,46.105,8.851,55.819,ON,Clear with late haze; Hybrid loop operating; Ceff=1.52x
823,14:51:00,34.720,66.940,64.950,47.560,46.170,31.770,1.311,16.163,17.299,0.779,1.215,752.600,1144.500,1.521,12.585,21.021,0.851,1.328,19.828,21.074,0.746,0.751,12.591,21.018,0.189,8.852,9.717,0.018,4155.000,99.684,46.084,8.852,55.800,ON,Clear with late haze; Hybrid loop operating; Ceff=1.52x
824,14:51:30,34.710,66.940,64.940,47.550,46.160,31.770,1.306,16.163,17.299,0.777,1.212,751.000,1141.300,1.520,12.558,20.965,0.849,1.324,19.829,21.074,0.746,0.751,12.559,20.966,0.189,8.848,9.720,0.018,4155.000,99.304,46.037,8.848,55.757,ON,Clear with late haze; Hybrid loop operating; Ceff=1.52x
825,14:52:00,34.700,66.950,64.940,47.550,46.150,31.770,1.300,16.163,17.299,0.775,1.208,748.800,1137.500,1.519,12.522,20.893,0.847,1.320,19.828,21.074,0.746,0.751,12.526,20.897,0.189,8.851,9.720,0.018,4155.000,98.847,45.978,8.851,55.698,ON,Clear with late haze; Hybrid loop operating; Ceff=1.52x
826,14:52:30,34.690,66.960,64.940,47.560,46.150,31.760,1.294,16.163,17.299,0.772,1.203,746.300,1133.000,1.518,12.480,20.813,0.844,1.315,19.828,21.074,0.746,0.751,12.478,20.811,0.189,8.846,9.718,0.018,4155.000,98.391,45.948,8.846,55.666,ON,Clear with late haze; Hybrid loop operating; Ceff=1.52x
827,14:53:00,34.670,66.970,64.940,47.560,46.140,31.760,1.288,16.162,17.299,0.769,1.198,743.700,1128.500,1.517,12.436,20.730,0.841,1.310,19.828,21.074,0.746,0.751,12.429,20.724,0.189,8.842,9.717,0.018,4155.000,97.935,45.917,8.842,55.634,ON,Clear with late haze; Hybrid loop operating; Ceff=1.52x
828,14:53:30,34.660,66.970,64.940,47.560,46.130,31.760,1.281,16.162,17.300,0.767,1.194,741.300,1124.300,1.517,12.396,20.652,0.838,1.305,19.828,21.075,0.746,0.751,12.396,20.656,0.189,8.848,9.721,0.018,4155.000,97.403,45.838,8.848,55.559,ON,Clear with late haze; Hybrid loop operating; Ceff=1.52x
829,14:54:00,34.650,66.960,64.920,47.550,46.110,31.750,1.276,16.163,17.301,0.765,1.190,739.300,1120.600,1.516,12.363,20.586,0.836,1.300,19.829,21.076,0.746,0.751,12.365,20.588,0.189,8.849,9.721,0.018,4155.000,97.023,45.810,8.849,55.531,ON,Clear with late haze; Hybrid loop operating; Ceff=1.52x
830,14:54:30,34.640,66.940,64.890,47.530,46.090,31.750,1.272,16.165,17.302,0.763,1.187,737.900,1117.800,1.515,12.341,20.537,0.834,1.297,19.830,21.077,0.746,0.751,12.334,20.537,0.189,8.844,9.721,0.018,4155.000,96.718,45.781,8.844,55.502,ON,Clear with late haze; Hybrid loop operating; Ceff=1.51x
831,14:55:00,34.630,66.910,64.860,47.500,46.060,31.740,1.270,16.167,17.303,0.763,1.185,737.100,1116.000,1.514,12.329,20.505,0.833,1.295,19.833,21.079,0.746,0.751,12.335,20.504,0.189,8.855,9.721,0.018,4155.000,96.566,45.783,8.855,55.504,ON,Clear with late haze; Hybrid loop operating; Ceff=1.51x
832,14:55:30,34.610,66.850,64.800,47.470,46.030,31.740,1.268,16.170,17.306,0.762,1.184,736.800,1115.000,1.513,12.328,20.490,0.833,1.294,19.836,21.081,0.746,0.751,12.322,20.490,0.189,8.848,9.723,0.018,4155.000,96.414,45.751,8.848,55.475,ON,Clear with late haze; Hybrid loop operating; Ceff=1.51x
833,14:56:00,34.600,66.790,64.740,47.420,45.990,31.730,1.268,16.174,17.308,0.763,1.184,737.000,1114.600,1.512,12.334,20.487,0.833,1.294,19.840,21.084,0.746,0.751,12.341,20.493,0.189,8.860,9.728,0.018,4155.000,96.414,45.768,8.860,55.496,ON,Clear with late haze; Hybrid loop operating; Ceff=1.51x
834,14:56:30,34.590,66.710,64.670,47.370,45.940,31.730,1.267,16.178,17.311,0.763,1.184,737.300,1114.500,1.512,12.344,20.488,0.834,1.293,19.845,21.087,0.746,0.751,12.344,20.496,0.189,8.858,9.730,0.018,4155.000,96.338,45.736,8.858,55.466,ON,Clear with late haze; Hybrid loop operating; Ceff=1.51x
835,14:57:00,34.570,66.620,64.590,47.320,45.890,31.720,1.267,16.183,17.314,0.763,1.183,737.500,1114.200,1.511,12.352,20.487,0.834,1.293,19.851,21.090,0.746,0.751,12.348,20.482,0.189,8.858,9.727,0.018,4155.000,96.338,45.748,8.858,55.475,ON,Clear with late haze; Hybrid loop operating; Ceff=1.51x
836,14:57:30,34.560,66.520,64.510,47.260,45.840,31.720,1.266,16.188,17.317,0.763,1.182,737.400,1113.300,1.510,12.355,20.477,0.834,1.292,19.856,21.094,0.746,0.751,12.351,20.469,0.189,8.862,9.728,0.018,4155.000,96.262,45.749,8.862,55.477,ON,Clear with late haze; Hybrid loop operating; Ceff=1.51x
837,14:58:00,34.540,66.430,64.420,47.190,45.790,31.710,1.264,16.194,17.321,0.763,1.181,736.700,1111.700,1.509,12.349,20.452,0.833,1.290,19.862,21.098,0.746,0.751,12.356,20.456,0.189,8.874,9.736,0.018,4155.000,96.110,45.742,8.874,55.478,ON,Clear with late haze; Hybrid loop operating; Ceff=1.51x
838,14:58:30,34.520,66.330,64.340,47.130,45.740,31.710,1.260,16.199,17.324,0.761,1.178,735.400,1109.200,1.508,12.333,20.410,0.832,1.288,19.868,21.101,0.746,0.751,12.327,20.408,0.189,8.869,9.735,0.018,4155.000,95.806,45.701,8.869,55.435,ON,Clear with late haze; Hybrid loop operating; Ceff=1.51x
839,14:59:00,34.510,66.250,64.260,47.080,45.690,31.700,1.255,16.204,17.327,0.759,1.175,733.600,1105.700,1.507,12.306,20.351,0.830,1.284,19.873,21.105,0.746,0.751,12.299,20.359,0.189,8.870,9.742,0.018,4155.000,95.426,45.663,8.870,55.406,ON,Clear with late haze; Hybrid loop operating; Ceff=1.51x
840,14:59:30,34.490,66.170,64.190,47.020,45.640,31.690,1.249,16.209,17.330,0.757,1.170,731.200,1101.600,1.506,12.271,20.279,0.827,1.279,19.878,21.108,0.746,0.751,12.270,20.276,0.189,8.879,9.739,0.018,4155.000,94.970,45.614,8.879,55.353,ON,Clear with late haze; Hybrid loop operating; Ceff=1.51x
841,15:00:00,34.470,66.100,64.130,46.980,45.600,31.690,1.243,16.212,17.333,0.754,1.165,728.600,1097.000,1.506,12.231,20.200,0.825,1.274,19.883,21.111,0.746,0.751,12.224,20.193,0.189,8.877,9.739,0.018,4155.000,94.513,45.585,8.877,55.325,ON,Clear with late haze; Hybrid loop operating; Ceff=1.51x
842,15:00:30,34.460,66.050,64.080,46.940,45.560,31.680,1.236,16.215,17.335,0.752,1.161,726.000,1092.500,1.505,12.191,20.120,0.822,1.268,19.886,21.114,0.746,0.752,12.194,20.126,0.189,8.887,9.747,0.018,4155.000,93.981,45.515,8.887,55.262,ON,Clear with late haze; Hybrid loop operating; Ceff=1.5x
843,15:01:00,34.440,66.010,64.040,46.910,45.530,31.670,1.230,16.218,17.337,0.749,1.156,723.700,1088.400,1.504,12.154,20.046,0.819,1.264,19.888,21.116,0.746,0.751,12.147,20.042,0.189,8.881,9.743,0.018,4155.000,93.525,45.465,8.881,55.208,ON,Clear with late haze; Hybrid loop operating; Ceff=1.5x
844,15:01:30,34.420,65.990,64.010,46.890,45.500,31.660,1.226,16.219,17.339,0.748,1.153,721.900,1085.000,1.503,12.124,19.986,0.817,1.260,19.890,21.117,0.746,0.751,12.132,19.992,0.189,8.892,9.749,0.018,4155.000,93.221,45.459,8.892,55.208,ON,Clear with late haze; Hybrid loop operating; Ceff=1.5x
845,15:02:00,34.400,65.980,63.980,46.870,45.480,31.650,1.222,16.220,17.340,0.746,1.150,720.600,1082.400,1.502,12.104,19.941,0.816,1.257,19.891,21.118,0.746,0.751,12.100,19.941,0.189,8.885,9.748,0.018,4155.000,92.917,45.420,8.885,55.167,ON,Clear with late haze; Hybrid loop operating; Ceff=1.5x
846,15:02:30,34.380,65.970,63.970,46.860,45.460,31.650,1.220,16.221,17.340,0.746,1.148,719.900,1080.800,1.501,12.093,19.912,0.815,1.255,19.892,21.119,0.746,0.751,12.101,19.906,0.189,8.894,9.745,0.018,4155.000,92.765,45.412,8.894,55.157,ON,Clear with late haze; Hybrid loop operating; Ceff=1.5x
847,15:03:00,34.360,65.970,63.960,46.860,45.450,31.640,1.218,16.221,17.341,0.745,1.147,719.700,1079.900,1.500,12.090,19.896,0.815,1.254,19.892,21.120,0.746,0.751,12.085,19.890,0.189,8.884,9.745,0.018,4155.000,92.612,45.376,8.884,55.121,ON,Clear with late haze; Hybrid loop operating; Ceff=1.5x
848,15:03:30,34.340,65.970,63.950,46.850,45.430,31.630,1.218,16.222,17.342,0.745,1.147,719.900,1079.500,1.500,12.093,19.889,0.815,1.253,19.893,21.121,0.746,0.752,12.085,19.891,0.189,8.882,9.749,0.018,4155.000,92.612,45.393,8.882,55.142,ON,Clear with late haze; Hybrid loop operating; Ceff=1.5x
849,15:04:00,34.310,65.960,63.930,46.840,45.420,31.620,1.217,16.222,17.343,0.746,1.147,720.000,1079.100,1.499,12.096,19.884,0.815,1.253,19.893,21.122,0.746,0.751,12.102,19.892,0.189,8.893,9.754,0.018,4155.000,92.536,45.372,8.893,55.126,ON,Clear with late haze; Hybrid loop operating; Ceff=1.5x
850,15:04:30,34.290,65.950,63.910,46.820,45.390,31.610,1.216,16.223,17.344,0.746,1.146,720.000,1078.500,1.498,12.097,19.873,0.815,1.252,19.895,21.123,0.746,0.751,12.102,19.876,0.189,8.894,9.751,0.018,4155.000,92.460,45.360,8.894,55.111,ON,Clear with late haze; Hybrid loop operating; Ceff=1.5x
851,15:05:00,34.270,65.910,63.880,46.790,45.370,31.600,1.214,16.225,17.345,0.745,1.144,719.500,1077.100,1.497,12.091,19.851,0.814,1.251,19.897,21.125,0.747,0.751,12.088,19.843,0.189,8.889,9.747,0.018,4155.000,92.308,45.344,8.889,55.092,ON,Clear with late haze; Hybrid loop operating; Ceff=1.5x
852,15:05:30,34.240,65.860,63.830,46.750,45.330,31.590,1.211,16.228,17.348,0.744,1.142,718.500,1074.900,1.496,12.076,19.813,0.813,1.248,19.900,21.127,0.746,0.751,12.074,19.811,0.189,8.891,9.752,0.018,4155.000,92.080,45.325,8.891,55.077,ON,Clear with late haze; Hybrid loop operating; Ceff=1.5x
853,15:06:00,34.220,65.790,63.760,46.710,45.280,31.580,1.207,16.232,17.350,0.742,1.139,716.800,1071.800,1.495,12.051,19.759,0.811,1.245,19.904,21.130,0.747,0.751,12.044,19.762,0.189,8.890,9.755,0.018,4155.000,91.776,45.306,8.890,55.061,ON,Clear with late haze; Hybrid loop operating; Ceff=1.5x
854,15:06:30,34.190,65.710,63.680,46.640,45.230,31.570,1.201,16.237,17.354,0.740,1.135,714.500,1067.800,1.494,12.018,19.690,0.809,1.240,19.910,21.134,0.746,0.751,12.015,19.697,0.189,8.898,9.760,0.018,4155.000,91.320,45.249,8.898,55.009,ON,Clear with late haze; Hybrid loop operating; Ceff=1.49x
855,15:07:00,34.170,65.600,63.590,46.570,45.160,31.560,1.195,16.243,17.358,0.737,1.130,711.900,1063.100,1.493,11.978,19.611,0.806,1.235,19.916,21.138,0.746,0.751,11.971,19.615,0.189,8.897,9.762,0.018,4155.000,90.864,45.222,8.897,54.985,ON,Clear with late haze; Hybrid loop operating; Ceff=1.49x
856,15:07:30,34.140,65.490,63.490,46.490,45.090,31.550,1.188,16.250,17.362,0.735,1.125,709.000,1058.300,1.493,11.937,19.527,0.803,1.229,19.923,21.143,0.746,0.751,11.944,19.532,0.189,8.913,9.765,0.018,4155.000,90.331,45.161,8.913,54.927,ON,Clear with late haze; Hybrid loop operating; Ceff=1.49x
857,15:08:00,34.120,65.370,63.380,46.410,45.020,31.540,1.181,16.256,17.367,0.732,1.120,706.300,1053.600,1.492,11.897,19.447,0.800,1.224,19.931,21.148,0.746,0.751,11.899,19.451,0.189,8.914,9.768,0.018,4155.000,89.799,45.096,8.914,54.864,ON,Clear with late haze; Hybrid loop operating; Ceff=1.49x
858,15:08:30,34.090,65.250,63.270,46.330,44.940,31.520,1.176,16.263,17.372,0.729,1.115,703.900,1049.400,1.491,11.863,19.377,0.797,1.219,19.938,21.154,0.747,0.751,11.856,19.370,0.189,8.912,9.766,0.018,4155.000,89.419,45.084,8.912,54.851,ON,Clear with late haze; Hybrid loop operating; Ceff=1.49x
859,15:09:00,34.060,65.140,63.170,46.250,44.870,31.510,1.171,16.270,17.376,0.728,1.112,702.100,1046.000,1.490,11.838,19.320,0.795,1.215,19.945,21.158,0.747,0.752,11.845,19.322,0.189,8.926,9.774,0.018,4155.000,89.039,45.039,8.926,54.812,ON,Clear with late haze; Hybrid loop operating; Ceff=1.49x
860,15:09:30,34.030,65.030,63.070,46.170,44.800,31.500,1.167,16.276,17.380,0.726,1.109,700.800,1043.500,1.489,11.822,19.279,0.794,1.212,19.952,21.163,0.746,0.752,11.816,19.274,0.189,8.921,9.773,0.018,4155.000,88.735,44.992,8.921,54.765,ON,Clear with late haze; Hybrid loop operating; Ceff=1.49x
861,15:10:00,34.000,64.950,62.990,46.110,44.750,31.490,1.165,16.281,17.384,0.726,1.108,700.100,1041.900,1.488,11.815,19.254,0.793,1.210,19.957,21.167,0.747,0.752,11.820,19.261,0.189,8.933,9.781,0.018,4155.000,88.583,44.984,8.933,54.766,ON,Clear with late haze; Hybrid loop operating; Ceff=1.49x
862,15:10:30,33.970,64.880,62.930,46.060,44.700,31.480,1.164,16.285,17.387,0.725,1.107,699.800,1040.800,1.487,11.814,19.239,0.793,1.209,19.962,21.170,0.746,0.752,11.807,19.247,0.189,8.927,9.785,0.018,4155.000,88.506,44.993,8.927,54.778,ON,Clear with late haze; Hybrid loop operating; Ceff=1.49x
863,15:11:00,33.950,64.830,62.880,46.020,44.650,31.470,1.163,16.287,17.389,0.725,1.106,699.800,1040.100,1.486,11.815,19.229,0.793,1.208,19.965,21.173,0.746,0.752,11.808,19.232,0.189,8.928,9.783,0.018,4155.000,88.430,44.985,8.928,54.768,ON,Clear with late haze; Hybrid loop operating; Ceff=1.49x
864,15:11:30,33.920,64.800,62.840,45.990,44.620,31.450,1.162,16.289,17.391,0.725,1.105,699.600,1039.300,1.485,11.815,19.217,0.793,1.208,19.967,21.175,0.746,0.751,11.810,19.217,0.189,8.931,9.783,0.018,4155.000,88.354,44.981,8.931,54.764,ON,Clear with late haze; Hybrid loop operating; Ceff=1.49x
865,15:12:00,33.890,64.780,62.810,45.970,44.600,31.440,1.160,16.291,17.393,0.725,1.104,699.200,1038.100,1.485,11.809,19.195,0.792,1.206,19.968,21.176,0.747,0.752,11.811,19.202,0.189,8.938,9.787,0.018,4155.000,88.202,44.955,8.938,54.742,ON,Clear with late haze; Hybrid loop operating; Ceff=1.48x
866,15:12:30,33.850,64.780,62.800,45.960,44.570,31.430,1.157,16.291,17.394,0.724,1.102,698.300,1036.100,1.484,11.794,19.160,0.791,1.204,19.969,21.178,0.747,0.751,11.795,19.168,0.189,8.937,9.789,0.018,4155.000,87.974,44.925,8.937,54.714,ON,Clear with late haze; Hybrid loop operating; Ceff=1.48x
867,15:13:00,33.820,64.770,62.780,45.940,44.550,31.420,1.153,16.292,17.395,0.722,1.098,696.700,1033.100,1.483,11.768,19.107,0.789,1.200,19.970,21.179,0.747,0.752,11.763,19.100,0.189,8.933,9.782,0.018,4155.000,87.670,44.900,8.933,54.682,ON,Clear with late haze; Hybrid loop operating; Ceff=1.48x
868,15:13:30,33.790,64.760,62.760,45.930,44.530,31.400,1.148,16.293,17.396,0.720,1.094,694.600,1029.300,1.482,11.732,19.038,0.787,1.196,19.971,21.180,0.746,0.752,11.731,19.031,0.189,8.936,9.783,0.018,4155.000,87.290,44.870,8.936,54.653,ON,Clear with late haze; Hybrid loop operating; Ceff=1.48x
869,15:14:00,33.760,64.740,62.740,45.900,44.500,31.390,1.141,16.294,17.398,0.717,1.090,691.900,1024.700,1.481,11.688,18.955,0.784,1.191,19.972,21.182,0.746,0.751,11.683,18.964,0.189,8.934,9.792,0.018,4155.000,86.758,44.797,8.934,54.589,ON,Clear with late haze; Hybrid loop operating; Ceff=1.48x
870,15:14:30,33.730,64.710,62.700,45.870,44.460,31.380,1.134,16.296,17.400,0.714,1.084,688.900,1019.700,1.480,11.640,18.864,0.781,1.185,19.975,21.184,0.746,0.751,11.635,18.862,0.189,8.936,9.787,0.018,4155.000,86.225,44.741,8.936,54.527,ON,Clear with late haze; Hybrid loop operating; Ceff=1.48x
871,15:15:00,33.700,64.660,62.640,45.830,44.420,31.360,1.127,16.299,17.402,0.711,1.079,685.800,1014.500,1.479,11.591,18.773,0.777,1.179,19.978,21.187,0.747,0.752,11.589,18.777,0.189,8.941,9.793,0.018,4155.000,85.693,44.692,8.941,54.485,ON,Clear with late haze; Hybrid loop operating; Ceff=1.48x
872,15:15:30,33.670,64.590,62.570,45.780,44.360,31.350,1.121,16.303,17.406,0.708,1.074,683.000,1009.700,1.478,11.546,18.688,0.774,1.173,19.982,21.191,0.747,0.752,11.543,18.694,0.189,8.942,9.796,0.018,4155.000,85.237,44.666,8.942,54.462,ON,Clear with late haze; Hybrid loop operating; Ceff=1.48x
873,15:16:00,33.630,64.510,62.490,45.710,44.300,31.340,1.115,16.309,17.409,0.706,1.069,680.600,1005.500,1.477,11.510,18.616,0.771,1.169,19.988,21.195,0.747,0.751,11.514,18.610,0.189,8.951,9.793,0.018,4155.000,84.781,44.612,8.951,54.405,ON,Clear with late haze; Hybrid loop operating; Ceff=1.48x
874,15:16:30,33.600,64.400,62.390,45.640,44.230,31.330,1.110,16.315,17.414,0.704,1.066,678.700,1002.200,1.477,11.484,18.560,0.769,1.165,19.995,21.200,0.747,0.751,11.486,18.563,0.189,8.954,9.800,0.018,4155.000,84.401,44.558,8.954,54.359,ON,Clear with late haze; Hybrid loop operating; Ceff=1.48x
875,15:17:00,33.570,64.290,62.280,45.550,44.150,31.310,1.107,16.321,17.418,0.703,1.063,677.500,999.800,1.476,11.469,18.521,0.768,1.162,20.002,21.205,0.747,0.752,11.474,18.515,0.189,8.960,9.798,0.018,4155.000,84.172,44.545,8.960,54.343,ON,Clear with late haze; Hybrid loop operating; Ceff=1.48x
876,15:17:30,33.540,64.160,62.170,45.470,44.070,31.300,1.105,16.328,17.423,0.702,1.062,676.800,998.100,1.475,11.464,18.497,0.767,1.160,20.010,21.210,0.747,0.752,11.462,18.503,0.189,8.961,9.809,0.018,4155.000,84.020,44.540,8.961,54.349,ON,Clear with late haze; Hybrid loop operating; Ceff=1.47x
877,15:18:00,33.500,64.040,62.060,45.380,43.990,31.290,1.103,16.335,17.428,0.702,1.061,676.500,997.000,1.474,11.465,18.483,0.767,1.159,20.017,21.215,0.747,0.752,11.467,18.491,0.189,8.969,9.813,0.018,4155.000,83.868,44.508,8.969,54.321,ON,Clear with late haze; Hybrid loop operating; Ceff=1.47x
878,15:18:30,33.470,63.920,61.940,45.300,43.920,31.280,1.102,16.342,17.433,0.702,1.060,676.300,996.100,1.473,11.467,18.472,0.767,1.158,20.025,21.221,0.747,0.752,11.472,18.479,0.189,8.975,9.816,0.018,4155.000,83.792,44.508,8.975,54.324,ON,Clear with late haze; Hybrid loop operating; Ceff=1.47x
879,15:19:00,33.440,63.800,61.840,45.220,43.840,31.260,1.100,16.349,17.438,0.701,1.058,675.900,995.000,1.472,11.467,18.457,0.767,1.157,20.032,21.226,0.746,0.752,11.461,18.449,0.189,8.971,9.811,0.018,4155.000,83.640,44.476,8.971,54.287,ON,Clear with late haze; Hybrid loop operating; Ceff=1.47x
880,15:19:30,33.410,63.700,61.740,45.140,43.780,31.250,1.098,16.355,17.442,0.701,1.057,675.200,993.300,1.471,11.460,18.431,0.766,1.155,20.039,21.230,0.747,0.752,11.465,18.436,0.189,8.984,9.820,0.018,4155.000,83.488,44.472,8.984,54.292,ON,Clear with late haze; Hybrid loop operating; Ceff=1.47x
881,15:20:00,33.380,63.610,61.660,45.080,43.720,31.240,1.095,16.360,17.445,0.699,1.054,673.900,990.800,1.470,11.442,18.389,0.764,1.152,20.044,21.234,0.747,0.752,11.436,18.387,0.189,8.978,9.819,0.018,4155.000,83.260,44.462,8.978,54.281,ON,Clear with late haze; Hybrid loop operating; Ceff=1.47x
882,15:20:30,33.340,63.540,61.590,45.030,43.660,31.230,1.090,16.364,17.449,0.697,1.051,672.000,987.400,1.469,11.414,18.330,0.762,1.148,20.049,21.238,0.747,0.752,11.406,18.339,0.189,8.980,9.827,0.018,4155.000,82.880,44.411,8.980,54.238,ON,Clear with late haze; Hybrid loop operating; Ceff=1.47x
883,15:21:00,33.310,63.480,61.530,44.980,43.620,31.210,1.084,16.368,17.451,0.695,1.046,669.500,983.100,1.468,11.375,18.255,0.760,1.143,20.053,21.241,0.746,0.752,11.376,18.254,0.189,8.990,9.824,0.018,4155.000,82.424,44.360,8.990,54.184,ON,Clear with late haze; Hybrid loop operating; Ceff=1.47x
884,15:21:30,33.280,63.430,61.480,44.940,43.570,31.200,1.078,16.371,17.454,0.692,1.041,666.600,978.200,1.467,11.328,18.168,0.756,1.138,20.056,21.243,0.747,0.752,11.329,18.170,0.189,8.992,9.828,0.018,4155.000,81.967,44.335,8.992,54.163,ON,Clear with late haze; Hybrid loop operating; Ceff=1.47x
885,15:22:00,33.250,63.400,61.430,44.910,43.530,31.190,1.071,16.373,17.456,0.689,1.035,663.500,973.100,1.467,11.277,18.075,0.753,1.132,20.059,21.246,0.747,0.752,11.281,18.067,0.189,8.996,9.823,0.018,4155.000,81.435,44.278,8.996,54.102,ON,Clear with late haze; Hybrid loop operating; Ceff=1.47x
886,15:22:30,33.220,63.370,61.400,44.880,43.500,31.180,1.064,16.375,17.458,0.686,1.030,660.500,968.000,1.466,11.227,17.983,0.749,1.126,20.061,21.248,0.747,0.752,11.233,17.982,0.189,8.999,9.829,0.018,4155.000,80.903,44.221,8.999,54.049,ON,Clear with late haze; Hybrid loop operating; Ceff=1.47x
887,15:23:00,33.190,63.350,61.360,44.860,43.470,31.170,1.058,16.376,17.460,0.683,1.025,657.700,963.400,1.465,11.182,17.900,0.746,1.120,20.062,21.250,0.747,0.752,11.185,17.897,0.189,8.998,9.829,0.018,4155.000,80.447,44.181,8.998,54.010,ON,Clear with late haze; Hybrid loop operating; Ceff=1.46x
888,15:23:30,33.160,63.330,61.330,44.830,43.430,31.150,1.052,16.378,17.461,0.681,1.021,655.500,959.600,1.464,11.146,17.831,0.744,1.116,20.064,21.252,0.747,0.752,11.153,17.828,0.189,9.003,9.830,0.018,4155.000,79.990,44.105,9.003,53.935,ON,Clear with late haze; Hybrid loop operating; Ceff=1.46x
889,15:24:00,33.130,63.300,61.290,44.800,43.400,31.140,1.048,16.380,17.463,0.679,1.018,653.900,956.600,1.463,11.120,17.778,0.742,1.113,20.066,21.254,0.747,0.752,11.122,17.777,0.189,8.999,9.833,0.018,4155.000,79.686,44.075,8.999,53.908,ON,Clear with late haze; Hybrid loop operating; Ceff=1.46x
890,15:24:30,33.100,63.270,61.250,44.770,43.360,31.130,1.046,16.383,17.465,0.678,1.016,652.900,954.600,1.462,11.105,17.743,0.741,1.110,20.069,21.256,0.747,0.752,11.108,17.744,0.189,9.001,9.835,0.018,4155.000,79.534,44.083,9.001,53.918,ON,Clear with late haze; Hybrid loop operating; Ceff=1.46x
891,15:25:00,33.070,63.220,61.190,44.740,43.320,31.120,1.044,16.386,17.468,0.677,1.015,652.400,953.200,1.461,11.099,17.721,0.740,1.109,20.072,21.259,0.747,0.752,11.093,17.730,0.189,8.997,9.842,0.018,4155.000,79.382,44.063,8.997,53.905,ON,Clear with late haze; Hybrid loop operating; Ceff=1.46x
892,15:25:30,33.040,63.160,61.130,44.690,43.270,31.110,1.043,16.389,17.470,0.677,1.014,652.200,952.300,1.460,11.099,17.707,0.740,1.108,20.076,21.262,0.747,0.752,11.095,17.715,0.189,9.001,9.842,0.018,4155.000,79.306,44.063,9.001,53.905,ON,Clear with late haze; Hybrid loop operating; Ceff=1.46x
893,15:26:00,33.010,63.080,61.050,44.640,43.220,31.100,1.041,16.394,17.473,0.677,1.013,652.000,951.500,1.459,11.099,17.695,0.740,1.107,20.081,21.265,0.747,0.752,11.099,17.700,0.189,9.007,9.843,0.018,4155.000,79.154,44.015,9.007,53.858,ON,Clear with late haze; Hybrid loop operating; Ceff=1.46x
894,15:26:30,32.980,62.990,60.970,44.580,43.160,31.090,1.040,16.399,17.477,0.677,1.011,651.600,950.300,1.458,11.097,17.678,0.740,1.105,20.087,21.269,0.747,0.752,11.102,17.669,0.189,9.015,9.838,0.018,4155.000,79.078,44.028,9.015,53.866,ON,Clear with late haze; Hybrid loop operating; Ceff=1.46x
895,15:27:00,32.960,62.890,60.870,44.510,43.090,31.080,1.037,16.405,17.481,0.676,1.010,650.800,948.400,1.457,11.087,17.648,0.739,1.103,20.093,21.273,0.747,0.752,11.090,17.656,0.189,9.016,9.850,0.018,4155.000,78.850,43.989,9.016,53.839,ON,Clear with late haze; Hybrid loop operating; Ceff=1.46x
896,15:27:30,32.930,62.780,60.770,44.430,43.030,31.070,1.034,16.411,17.485,0.674,1.007,649.300,945.800,1.457,11.068,17.604,0.737,1.100,20.101,21.278,0.747,0.752,11.061,17.607,0.189,9.013,9.850,0.018,4155.000,78.622,43.983,9.013,53.833,ON,Clear with late haze; Hybrid loop operating; Ceff=1.46x
897,15:28:00,32.900,62.660,60.660,44.350,42.950,31.060,1.029,16.418,17.490,0.672,1.003,647.300,942.200,1.456,11.040,17.543,0.735,1.096,20.108,21.283,0.747,0.752,11.033,17.542,0.189,9.018,9.851,0.018,4155.000,78.242,43.937,9.018,53.788,ON,Clear with late haze; Hybrid loop operating; Ceff=1.46x
898,15:28:30,32.880,62.540,60.550,44.270,42.880,31.050,1.023,16.425,17.494,0.670,0.999,644.700,937.900,1.455,11.002,17.468,0.732,1.091,20.116,21.288,0.747,0.752,11.005,17.477,0.189,9.032,9.859,0.018,4155.000,77.785,43.881,9.032,53.740,ON,Clear with late haze; Hybrid loop operating; Ceff=1.45x
899,15:29:00,32.850,62.420,60.440,44.190,42.810,31.040,1.017,16.432,17.499,0.667,0.993,641.800,933.100,1.454,10.958,17.385,0.729,1.086,20.123,21.293,0.747,0.752,10.960,17.377,0.189,9.036,9.853,0.018,4155.000,77.329,43.848,9.036,53.701,ON,Clear with late haze; Hybrid loop operating; Ceff=1.45x
900,15:29:30,32.820,62.300,60.330,44.120,42.740,31.030,1.010,16.438,17.503,0.664,0.988,638.900,928.200,1.453,10.913,17.298,0.726,1.080,20.130,21.298,0.747,0.752,10.915,17.293,0.189,9.039,9.857,0.018,4155.000,76.797,43.776,9.039,53.634,ON,Clear with late haze; Hybrid loop operating; Ceff=1.45x
901,15:30:00,32.800,62.200,60.230,44.050,42.670,31.020,1.004,16.444,17.507,0.661,0.983,636.000,923.500,1.452,10.869,17.216,0.722,1.075,20.137,21.302,0.748,0.752,10.869,17.209,0.189,9.043,9.860,0.018,4155.000,76.341,43.738,9.043,53.598,ON,Clear with late haze; Hybrid loop operating; Ceff=1.45x
902,15:30:30,32.780,62.120,60.150,43.990,42.610,31.010,0.999,16.449,17.511,0.659,0.979,633.600,919.400,1.451,10.832,17.144,0.720,1.070,20.142,21.306,0.747,0.752,10.840,17.143,0.189,9.052,9.866,0.018,4155.000,75.960,43.714,9.052,53.580,ON,Clear with late haze; Hybrid loop operating; Ceff=1.45x
903,15:31:00,32.750,62.050,60.080,43.940,42.560,31.010,0.994,16.454,17.514,0.657,0.976,631.800,916.100,1.450,10.804,17.087,0.718,1.066,20.147,21.309,0.747,0.752,10.810,17.094,0.189,9.053,9.873,0.018,4155.000,75.580,43.652,9.053,53.525,ON,Clear with late haze; Hybrid loop operating; Ceff=1.45x
904,15:31:30,32.730,61.990,60.020,43.900,42.520,31.000,0.991,16.457,17.516,0.655,0.973,630.600,913.800,1.449,10.786,17.046,0.716,1.064,20.151,21.312,0.748,0.752,10.779,17.043,0.189,9.044,9.868,0.018,4155.000,75.352,43.630,9.044,53.498,ON,Clear with late haze; Hybrid loop operating; Ceff=1.45x
905,15:32:00,32.710,61.960,59.980,43.880,42.490,30.990,0.989,16.459,17.518,0.655,0.972,629.900,912.300,1.448,10.777,17.020,0.716,1.062,20.153,21.314,0.747,0.752,10.781,17.027,0.189,9.055,9.875,0.018,4155.000,75.200,43.613,9.055,53.489,ON,Clear with late haze; Hybrid loop operating; Ceff=1.45x
906,15:32:30,32.680,61.940,59.940,43.860,42.460,30.980,0.988,16.461,17.519,0.655,0.971,629.700,911.400,1.447,10.775,17.004,0.715,1.061,20.155,21.315,0.748,0.752,10.782,17.011,0.189,9.059,9.875,0.018,4155.000,75.124,43.612,9.059,53.488,ON,Clear with late haze; Hybrid loop operating; Ceff=1.45x
907,15:33:00,32.660,61.930,59.920,43.850,42.440,30.970,0.987,16.462,17.520,0.655,0.970,629.700,910.800,1.446,10.775,16.994,0.715,1.060,20.156,21.316,0.748,0.752,10.783,16.994,0.189,9.060,9.872,0.018,4155.000,75.048,43.597,9.060,53.469,ON,Clear with late haze; Hybrid loop operating; Ceff=1.45x
908,15:33:30,32.640,61.920,59.900,43.840,42.430,30.970,0.986,16.463,17.521,0.654,0.969,629.600,910.000,1.445,10.774,16.981,0.715,1.059,20.157,21.317,0.748,0.752,10.767,16.978,0.189,9.048,9.871,0.018,4155.000,74.972,43.591,9.048,53.462,ON,Clear with late haze; Hybrid loop operating; Ceff=1.45x
909,15:34:00,32.620,61.910,59.880,43.830,42.410,30.960,0.985,16.464,17.521,0.654,0.968,629.200,908.900,1.445,10.768,16.960,0.715,1.058,20.158,21.318,0.747,0.752,10.767,16.960,0.189,9.054,9.873,0.018,4155.000,74.896,43.599,9.054,53.473,ON,Clear with late haze; Hybrid loop operating; Ceff=1.44x
910,15:34:30,32.600,61.890,59.850,43.820,42.390,30.950,0.982,16.465,17.522,0.653,0.966,628.200,906.900,1.444,10.753,16.925,0.714,1.056,20.159,21.319,0.747,0.752,10.752,16.926,0.189,9.056,9.875,0.018,4155.000,74.668,43.562,9.056,53.438,ON,Clear with late haze; Hybrid loop operating; Ceff=1.44x
911,15:35:00,32.580,61.860,59.820,43.800,42.360,30.950,0.978,16.467,17.524,0.652,0.963,626.700,904.100,1.443,10.728,16.875,0.712,1.052,20.161,21.320,0.747,0.752,10.736,16.876,0.189,9.064,9.876,0.018,4155.000,74.364,43.519,9.064,53.395,ON,Clear with late haze; Hybrid loop operating; Ceff=1.44x
912,15:35:30,32.560,61.810,59.770,43.760,42.330,30.940,0.974,16.470,17.526,0.649,0.959,624.600,900.500,1.442,10.694,16.809,0.710,1.048,20.165,21.322,0.747,0.752,10.689,16.807,0.189,9.055,9.875,0.018,4155.000,74.060,43.515,9.055,53.390,ON,Clear with late haze; Hybrid loop operating; Ceff=1.44x
913,15:36:00,32.540,61.750,59.700,43.720,42.280,30.940,0.968,16.474,17.528,0.647,0.955,622.000,896.200,1.441,10.653,16.731,0.707,1.043,20.169,21.325,0.747,0.752,10.659,16.739,0.189,9.067,9.883,0.018,4155.000,73.603,43.454,9.067,53.337,ON,Clear with late haze; Hybrid loop operating; Ceff=1.44x
914,15:36:30,32.520,61.660,59.620,43.670,42.230,30.930,0.962,16.479,17.532,0.644,0.950,619.100,891.500,1.440,10.608,16.648,0.704,1.038,20.175,21.329,0.747,0.752,10.612,16.655,0.189,9.070,9.885,0.018,4155.000,73.147,43.412,9.070,53.297,ON,Clear with late haze; Hybrid loop operating; Ceff=1.44x
915,15:37:00,32.510,61.560,59.520,43.600,42.170,30.920,0.956,16.485,17.535,0.641,0.945,616.300,886.800,1.439,10.564,16.565,0.700,1.032,20.181,21.333,0.748,0.752,10.567,16.571,0.189,9.072,9.887,0.018,4155.000,72.691,43.370,9.072,53.257,ON,Clear with late haze; Hybrid loop operating; Ceff=1.44x
916,15:37:30,32.490,61.440,59.410,43.530,42.100,30.920,0.950,16.491,17.540,0.638,0.940,613.700,882.500,1.438,10.525,16.489,0.697,1.027,20.188,21.338,0.748,0.752,10.521,16.488,0.189,9.071,9.885,0.018,4155.000,72.235,43.308,9.071,53.193,ON,Clear with late haze; Hybrid loop operating; Ceff=1.44x
917,15:38:00,32.470,61.320,59.300,43.450,42.030,30.910,0.945,16.499,17.544,0.636,0.936,611.600,878.900,1.437,10.494,16.427,0.695,1.023,20.196,21.342,0.748,0.752,10.493,16.421,0.189,9.078,9.886,0.018,4155.000,71.854,43.257,9.078,53.142,ON,Clear with late haze; Hybrid loop operating; Ceff=1.44x
918,15:38:30,32.450,61.190,59.180,43.370,41.960,30.910,0.942,16.506,17.549,0.635,0.933,610.000,876.100,1.436,10.474,16.380,0.693,1.020,20.204,21.347,0.748,0.752,10.481,16.373,0.189,9.091,9.888,0.018,4155.000,71.626,43.257,9.091,53.145,ON,Clear with late haze; Hybrid loop operating; Ceff=1.44x
919,15:39:00,32.440,61.070,59.070,43.290,41.890,30.900,0.939,16.513,17.553,0.634,0.931,609.100,874.200,1.435,10.463,16.349,0.693,1.018,20.212,21.352,0.747,0.752,10.469,16.342,0.189,9.094,9.891,0.018,4155.000,71.398,43.213,9.094,53.104,ON,Clear with late haze; Hybrid loop operating; Ceff=1.44x
920,15:39:30,32.420,60.960,58.970,43.220,41.830,30.900,0.938,16.519,17.557,0.633,0.930,608.700,873.000,1.434,10.461,16.332,0.692,1.017,20.219,21.356,0.748,0.752,10.457,16.328,0.189,9.089,9.896,0.018,4155.000,71.322,43.226,9.089,53.122,ON,Clear with late haze; Hybrid loop operating; Ceff=1.43x
921,15:40:00,32.400,60.860,58.880,43.160,41.780,30.900,0.937,16.525,17.560,0.633,0.930,608.600,872.300,1.433,10.464,16.323,0.692,1.016,20.225,21.360,0.748,0.752,10.460,16.331,0.189,9.094,9.906,0.018,4155.000,71.246,43.215,9.094,53.121,ON,Clear with late haze; Hybrid loop operating; Ceff=1.43x
922,15:40:30,32.390,60.780,58.800,43.120,41.730,30.890,0.936,16.529,17.563,0.633,0.929,608.600,871.800,1.432,10.468,16.315,0.692,1.015,20.230,21.363,0.748,0.752,10.463,16.316,0.189,9.096,9.902,0.018,4155.000,71.170,43.194,9.096,53.096,ON,Clear with late haze; Hybrid loop operating; Ceff=1.43x
923,15:41:00,32.370,60.720,58.740,43.080,41.700,30.890,0.935,16.533,17.565,0.633,0.928,608.400,870.900,1.432,10.467,16.302,0.692,1.014,20.234,21.365,0.748,0.752,10.465,16.300,0.189,9.101,9.903,0.018,4155.000,71.094,43.192,9.101,53.095,ON,Clear with late haze; Hybrid loop operating; Ceff=1.43x
924,15:41:30,32.360,60.680,58.700,43.060,41.670,30.880,0.933,16.535,17.567,0.632,0.927,607.800,869.500,1.431,10.458,16.277,0.691,1.013,20.237,21.367,0.748,0.752,10.450,16.285,0.189,9.097,9.909,0.018,4155.000,70.942,43.169,9.097,53.078,ON,Clear with late haze; Hybrid loop operating; Ceff=1.43x
925,15:42:00,32.340,60.660,58.670,43.040,41.650,30.880,0.930,16.537,17.568,0.631,0.924,606.600,867.200,1.430,10.439,16.235,0.690,1.010,20.238,21.368,0.748,0.752,10.435,16.233,0.189,9.102,9.904,0.018,4155.000,70.714,43.144,9.102,53.048,ON,Clear with late haze; Hybrid loop operating; Ceff=1.43x
926,15:42:30,32.330,60.640,58.640,43.030,41.630,30.880,0.926,16.538,17.568,0.629,0.921,604.800,864.000,1.429,10.409,16.177,0.688,1.006,20.240,21.369,0.747,0.753,10.402,16.180,0.189,9.100,9.908,0.018,4155.000,70.410,43.118,9.100,53.026,ON,Clear with late haze; Hybrid loop operating; Ceff=1.43x
927,15:43:00,32.310,60.630,58.620,43.020,41.620,30.870,0.921,16.539,17.569,0.627,0.917,602.400,860.000,1.428,10.368,16.103,0.685,1.002,20.241,21.370,0.748,0.752,10.370,16.111,0.189,9.108,9.912,0.018,4155.000,70.030,43.085,9.108,52.996,ON,Clear with late haze; Hybrid loop operating; Ceff=1.43x
928,15:43:30,32.300,60.620,58.600,43.020,41.600,30.870,0.915,16.540,17.570,0.624,0.912,599.600,855.500,1.427,10.321,16.018,0.682,0.996,20.241,21.371,0.748,0.753,10.321,16.024,0.189,9.107,9.910,0.018,4155.000,69.573,43.029,9.107,52.939,ON,Clear with late haze; Hybrid loop operating; Ceff=1.43x
929,15:44:00,32.280,60.610,58.580,43.010,41.580,30.860,0.909,16.541,17.571,0.621,0.907,596.600,850.700,1.426,10.270,15.929,0.679,0.991,20.243,21.371,0.747,0.752,10.272,15.937,0.189,9.110,9.912,0.018,4155.000,69.117,42.988,9.110,52.900,ON,Clear with late haze; Hybrid loop operating; Ceff=1.43x
930,15:44:30,32.270,60.580,58.550,42.990,41.560,30.860,0.903,16.543,17.572,0.618,0.902,593.700,846.000,1.425,10.222,15.843,0.675,0.985,20.245,21.373,0.748,0.753,10.224,15.850,0.189,9.111,9.913,0.018,4155.000,68.661,42.942,9.111,52.854,ON,Clear with late haze; Hybrid loop operating; Ceff=1.42x
931,15:45:00,32.250,60.550,58.500,42.970,41.530,30.860,0.897,16.545,17.573,0.615,0.897,591.100,841.800,1.424,10.180,15.766,0.672,0.981,20.247,21.375,0.748,0.752,10.175,15.763,0.189,9.108,9.908,0.018,4155.000,68.205,42.869,9.108,52.777,ON,Clear with late haze; Hybrid loop operating; Ceff=1.42x
932,15:45:30,32.240,60.490,58.450,42.930,41.500,30.850,0.893,16.548,17.575,0.613,0.894,589.100,838.400,1.423,10.147,15.704,0.670,0.977,20.251,21.377,0.748,0.752,10.144,15.712,0.189,9.111,9.916,0.018,4155.000,67.901,42.851,9.111,52.767,ON,Clear with late haze; Hybrid loop operating; Ceff=1.42x
933,15:46:00,32.220,60.420,58.380,42.890,41.450,30.850,0.889,16.553,17.578,0.612,0.891,587.700,835.800,1.422,10.126,15.658,0.669,0.974,20.255,21.380,0.747,0.752,10.130,15.662,0.189,9.120,9.915,0.018,4155.000,67.596,42.792,9.120,52.706,ON,Clear with late haze; Hybrid loop operating; Ceff=1.42x
934,15:46:30,32.200,60.340,58.290,42.840,41.400,30.850,0.887,16.558,17.581,0.611,0.889,586.800,834.000,1.421,10.114,15.628,0.668,0.971,20.261,21.383,0.747,0.753,10.117,15.630,0.189,9.122,9.916,0.018,4155.000,67.444,42.788,9.122,52.703,ON,Clear with late haze; Hybrid loop operating; Ceff=1.42x
935,15:47:00,32.190,60.240,58.200,42.770,41.350,30.840,0.886,16.563,17.585,0.610,0.888,586.400,832.800,1.420,10.111,15.610,0.667,0.970,20.267,21.387,0.748,0.752,10.103,15.615,0.189,9.116,9.921,0.018,4155.000,67.368,42.801,9.116,52.722,ON,Clear with late haze; Hybrid loop operating; Ceff=1.42x
936,15:47:30,32.170,60.130,58.100,42.710,41.290,30.840,0.885,16.569,17.588,0.610,0.887,586.200,832.000,1.419,10.113,15.599,0.667,0.969,20.274,21.391,0.748,0.753,10.107,15.601,0.189,9.123,9.921,0.018,4155.000,67.292,42.794,9.123,52.715,ON,Clear with late haze; Hybrid loop operating; Ceff=1.42x
937,15:48:00,32.160,60.010,58.000,42.640,41.230,30.830,0.883,16.576,17.592,0.610,0.886,585.900,831.100,1.418,10.114,15.586,0.667,0.968,20.281,21.395,0.748,0.753,10.111,15.587,0.189,9.131,9.923,0.018,4155.000,67.140,42.743,9.131,52.666,ON,Clear with late haze; Hybrid loop operating; Ceff=1.42x
938,15:48:30,32.140,59.900,57.890,42.570,41.170,30.830,0.882,16.583,17.596,0.610,0.885,585.400,829.800,1.417,10.109,15.566,0.666,0.967,20.288,21.399,0.748,0.752,10.116,15.572,0.189,9.143,9.929,0.018,4155.000,67.064,42.762,9.143,52.691,ON,Clear with late haze; Hybrid loop operating; Ceff=1.42x
939,15:49:00,32.120,59.780,57.790,42.500,41.110,30.830,0.879,16.589,17.600,0.609,0.883,584.400,827.800,1.417,10.097,15.532,0.665,0.965,20.296,21.404,0.748,0.752,10.103,15.541,0.189,9.147,9.933,0.018,4155.000,66.836,42.719,9.147,52.652,ON,Clear with late haze; Hybrid loop operating; Ceff=1.42x
940,15:49:30,32.110,59.670,57.690,42.430,41.050,30.820,0.876,16.595,17.604,0.607,0.880,582.700,824.900,1.416,10.073,15.482,0.663,0.961,20.302,21.408,0.748,0.753,10.073,15.492,0.189,9.147,9.936,0.018,4155.000,66.608,42.723,9.147,52.660,ON,Clear with late haze; Hybrid loop operating; Ceff=1.42x
941,15:50:00,32.090,59.570,57.600,42.370,40.990,30.820,0.871,16.601,17.607,0.605,0.876,580.400,821.100,1.415,10.038,15.416,0.661,0.957,20.309,21.412,0.748,0.752,10.044,15.424,0.189,9.156,9.939,0.018,4155.000,66.228,42.676,9.156,52.615,ON,Clear with late haze; Hybrid loop operating; Ceff=1.41x
942,15:50:30,32.070,59.480,57.510,42.320,40.940,30.810,0.865,16.606,17.610,0.602,0.871,577.600,816.600,1.414,9.993,15.334,0.658,0.952,20.314,21.415,0.748,0.752,9.997,15.338,0.189,9.157,9.938,0.018,4155.000,65.772,42.615,9.157,52.554,ON,Clear with late haze; Hybrid loop operating; Ceff=1.41x
943,15:51:00,32.050,59.410,57.440,42.270,40.900,30.810,0.859,16.611,17.613,0.599,0.866,574.500,811.700,1.413,9.942,15.244,0.654,0.946,20.319,21.418,0.748,0.752,9.950,15.253,0.189,9.164,9.942,0.018,4155.000,65.315,42.575,9.164,52.518,ON,Clear with late haze; Hybrid loop operating; Ceff=1.41x
944,15:51:30,32.040,59.350,57.380,42.230,40.850,30.810,0.852,16.614,17.615,0.595,0.860,571.300,806.600,1.412,9.890,15.152,0.651,0.940,20.323,21.421,0.748,0.752,9.885,15.149,0.189,9.155,9.937,0.018,4155.000,64.783,42.495,9.155,52.433,ON,Clear with late haze; Hybrid loop operating; Ceff=1.41x
945,15:52:00,32.020,59.300,57.330,42.200,40.820,30.800,0.846,16.617,17.617,0.592,0.855,568.300,801.800,1.411,9.840,15.064,0.647,0.935,20.326,21.423,0.748,0.752,9.837,15.063,0.189,9.159,9.940,0.018,4155.000,64.327,42.449,9.159,52.388,ON,Clear with late haze; Hybrid loop operating; Ceff=1.41x
946,15:52:30,32.000,59.270,57.290,42.170,40.790,30.800,0.841,16.619,17.619,0.589,0.851,565.700,797.600,1.410,9.797,14.987,0.644,0.930,20.329,21.425,0.748,0.752,9.789,14.994,0.189,9.155,9.946,0.018,4155.000,63.947,42.420,9.155,52.366,ON,Clear with late haze; Hybrid loop operating; Ceff=1.41x
947,15:53:00,31.980,59.240,57.250,42.160,40.760,30.790,0.837,16.621,17.620,0.587,0.847,563.700,794.200,1.409,9.763,14.924,0.642,0.926,20.331,21.426,0.748,0.752,9.757,14.924,0.189,9.158,9.943,0.018,4155.000,63.643,42.399,9.158,52.342,ON,Clear with late haze; Hybrid loop operating; Ceff=1.41x
948,15:53:30,31.960,59.220,57.220,42.140,40.740,30.790,0.833,16.623,17.621,0.586,0.844,562.200,791.700,1.408,9.739,14.878,0.640,0.923,20.333,21.427,0.748,0.752,9.741,14.872,0.189,9.168,9.939,0.018,4155.000,63.338,42.330,9.168,52.269,ON,Clear with late haze; Hybrid loop operating; Ceff=1.41x
949,15:54:00,31.940,59.190,57.190,42.120,40.720,30.780,0.831,16.625,17.623,0.585,0.842,561.300,789.900,1.407,9.725,14.845,0.639,0.921,20.334,21.429,0.748,0.752,9.726,14.839,0.189,9.168,9.939,0.018,4155.000,63.186,42.324,9.168,52.264,ON,Clear with late haze; Hybrid loop operating; Ceff=1.41x
950,15:54:30,31.920,59.170,57.150,42.110,40.690,30.780,0.830,16.626,17.624,0.584,0.841,560.800,788.600,1.406,9.717,14.823,0.639,0.919,20.336,21.430,0.748,0.753,9.710,14.822,0.189,9.161,9.944,0.018,4155.000,63.110,42.343,9.161,52.287,ON,Clear with late haze; Hybrid loop operating; Ceff=1.41x
951,15:55:00,31.890,59.140,57.110,42.080,40.670,30.770,0.828,16.629,17.625,0.584,0.840,560.400,787.500,1.405,9.711,14.804,0.638,0.918,20.339,21.432,0.748,0.752,9.711,14.805,0.189,9.169,9.947,0.018,4155.000,62.958,42.300,9.169,52.247,ON,Clear with late haze; Hybrid loop operating; Ceff=1.41x
952,15:55:30,31.870,59.090,57.060,42.050,40.630,30.760,0.827,16.631,17.627,0.583,0.839,559.900,786.300,1.404,9.704,14.782,0.638,0.916,20.342,21.434,0.748,0.753,9.696,14.789,0.189,9.163,9.952,0.018,4155.000,62.882,42.313,9.163,52.265,ON,Clear with late haze; Hybrid loop operating; Ceff=1.4x
953,15:56:00,31.850,59.030,57.000,42.010,40.590,30.760,0.824,16.635,17.630,0.583,0.837,559.000,784.500,1.403,9.691,14.751,0.637,0.914,20.346,21.436,0.748,0.753,9.698,14.756,0.189,9.179,9.952,0.018,4155.000,62.654,42.257,9.179,52.209,ON,Clear with late haze; Hybrid loop operating; Ceff=1.4x
954,15:56:30,31.830,58.950,56.920,41.960,40.550,30.750,0.821,16.640,17.632,0.581,0.834,557.500,781.900,1.402,9.670,14.706,0.635,0.911,20.351,21.439,0.748,0.753,9.668,14.705,0.189,9.175,9.951,0.018,4155.000,62.426,42.243,9.175,52.193,ON,Clear with late haze; Hybrid loop operating; Ceff=1.4x
955,15:57:00,31.800,58.850,56.830,41.900,40.490,30.750,0.817,16.645,17.636,0.579,0.830,555.500,778.500,1.402,9.638,14.645,0.633,0.908,20.357,21.443,0.748,0.752,9.637,14.638,0.189,9.179,9.949,0.018,4155.000,62.122,42.221,9.179,52.169,ON,Clear with late haze; Hybrid loop operating; Ceff=1.4x
956,15:57:30,31.780,58.740,56.730,41.830,40.420,30.740,0.811,16.652,17.640,0.576,0.826,552.800,774.200,1.401,9.596,14.569,0.630,0.903,20.364,21.448,0.748,0.752,9.592,14.571,0.189,9.180,9.958,0.018,4155.000,61.666,42.143,9.180,52.101,ON,Clear with late haze; Hybrid loop operating; Ceff=1.4x
957,15:58:00,31.750,58.610,56.610,41.750,40.350,30.730,0.805,16.659,17.645,0.573,0.821,549.700,769.400,1.400,9.547,14.482,0.626,0.897,20.372,21.453,0.749,0.753,9.546,14.487,0.189,9.188,9.962,0.018,4155.000,61.209,42.092,9.188,52.055,ON,Clear with late haze; Hybrid loop operating; Ceff=1.4x
958,15:58:30,31.730,58.480,56.490,41.670,40.280,30.720,0.799,16.666,17.649,0.570,0.815,546.400,764.200,1.399,9.495,14.389,0.623,0.891,20.380,21.458,0.748,0.753,9.500,14.384,0.189,9.199,9.959,0.018,4155.000,60.753,42.063,9.199,52.022,ON,Clear with late haze; Hybrid loop operating; Ceff=1.4x
959,15:59:00,31.700,58.340,56.370,41.580,40.200,30.720,0.793,16.674,17.654,0.566,0.810,543.100,759.100,1.398,9.443,14.298,0.619,0.885,20.389,21.463,0.748,0.753,9.437,14.300,0.189,9.194,9.967,0.018,4155.000,60.297,42.028,9.194,51.995,ON,Clear with late haze; Hybrid loop operating; Ceff=1.4x
960,15:59:30,31.670,58.210,56.250,41.500,40.120,30.710,0.787,16.682,17.659,0.563,0.805,540.100,754.400,1.397,9.397,14.215,0.616,0.880,20.397,21.469,0.748,0.752,9.392,14.215,0.189,9.201,9.970,0.018,4155.000,59.841,41.969,9.201,51.940,ON,Clear with late haze; Hybrid loop operating; Ceff=1.4x
961,16:00:00,31.650,58.090,56.130,41.420,40.050,30.700,0.782,16.689,17.664,0.561,0.801,537.600,750.400,1.396,9.358,14.144,0.613,0.875,20.405,21.474,0.748,0.753,9.363,14.149,0.189,9.215,9.976,0.018,4155.000,59.461,41.925,9.215,51.901,ON,Clear with late haze; Hybrid loop operating; Ceff=1.4x
