No.,Time,T.amb (°C),T.D.REF – normal PV (°C),T.U.REF – normal PV (°C),T.D.CPV-HNEPCM-HNF (°C),T.U.CPV-HNEPCM-HNF (°C),T.F.IN Hybrid NF (°C),T.F.DELTA Hybrid NF (°C),V.REF – normal PV (V),V.CPV-Hybrid (V),I.REF – normal PV (A),I.CPV-Hybrid (A),Direct POA irradiance – reference (W/m²),Effective irradiance – CPV hybrid (W/m²),Ceff – mirrors	P(max) REF (W),P(max) CPV Hybrid (W),Isc REF (A),Isc CPV Hybrid (A),Voc REF (V),Voc CPV Hybrid (V),FF REF,FF CPV Hybrid,P.REF normal PV (W),P.CPV-HNEPCM-HNF (W),AREA (m²),ζele.REF (%),ζele.CPV-Hybrid (%),m Hybrid NF (kg/s),Cp Hybrid NF (J/kg·K),Q.CPV-Hybrid (W),ζth.CPV-Hybrid (%),ζtotal.REF (%),ζtotal.CPV-Hybrid (%),Pump state,Simulation note

1,08:00:00,28.400,30.480,28.480,30.910,29.510,30.060,0.000,18.333,18.290,0.481,0.677,451.200,629.800,1.396,8.822,12.389,0.526,0.740,22.208,22.160,0.755,0.756,8.818,12.382,0.189,10.341,10.403,0.018,4155.000,0.000,0.000,10.341,10.403
2,08:00:30,28.430,31.840,29.830,32.870,31.460,30.080,0.000,18.253,18.173,0.484,0.682,454.600,635.000,1.397,8.840,12.394,0.529,0.745,22.119,22.032,0.755,0.755,8.834,12.394,0.189,10.282,10.327,0.018,4155.000,0.000,0.000,10.282,10.327
3,08:01:00,28.460,33.130,31.100,34.610,33.190,30.090,0.000,18.176,18.070,0.487,0.686,457.700,639.800,1.398,8.856,12.401,0.532,0.750,22.036,21.919,0.755,0.754,8.852,12.396,0.189,10.233,10.251,0.018,4155.000,0.000,0.000,10.233,10.251
4,08:01:30,28.490,34.330,32.300,36.150,34.730,30.110,0.000,18.105,17.979,0.490,0.690,460.400,644.000,1.399,8.865,12.405,0.535,0.754,21.957,21.819,0.755,0.754,8.871,12.406,0.189,10.195,10.192,0.018,4155.000,0.000,0.000,10.195,10.192
5,08:02:00,28.530,35.460,33.420,37.520,36.090,30.120,0.000,18.038,17.897,0.491,0.693,462.500,647.300,1.400,8.865,12.400,0.537,0.757,21.884,21.730,0.754,0.754,8.857,12.403,0.189,10.132,10.138,0.018,4155.000,0.000,0.000,10.132,10.138
6,08:02:30,28.560,36.500,34.460,38.720,37.290,30.140,0.000,17.976,17.826,0.493,0.695,463.900,649.800,1.401,8.855,12.386,0.538,0.759,21.816,21.651,0.754,0.754,8.862,12.389,0.189,10.108,10.088,0.018,4155.000,0.000,0.000,10.108,10.088
7,08:03:00,28.590,37.470,35.430,39.780,38.350,30.150,0.000,17.919,17.763,0.493,0.696,464.900,651.500,1.402,8.838,12.365,0.539,0.761,21.753,21.582,0.754,0.753,8.834,12.363,0.189,10.054,10.040,0.018,4155.000,0.000,0.000,10.054,10.040
8,08:03:30,28.620,38.360,36.320,40.710,39.280,30.160,0.000,17.865,17.707,0.494,0.697,465.500,652.800,1.402,8.817,12.341,0.539,0.762,21.695,21.521,0.754,0.753,8.825,12.342,0.189,10.031,10.003,0.018,4155.000,0.000,0.000,10.031,10.003
9,08:04:00,28.650,39.180,37.150,41.530,40.100,30.180,0.000,17.816,17.659,0.494,0.698,466.000,653.900,1.403,8.796,12.321,0.540,0.763,21.641,21.468,0.753,0.752,8.801,12.326,0.189,9.993,9.974,0.018,4155.000,0.000,0.000,9.993,9.974
10,08:04:30,28.680,39.950,37.920,42.240,40.830,30.190,0.000,17.771,17.616,0.494,0.699,466.600,655.300,1.404,8.781,12.310,0.540,0.764,21.591,21.421,0.753,0.752,8.779,12.314,0.189,9.955,9.942,0.018,4155.000,0.000,0.000,9.955,9.942
11,08:05:00,28.710,40.660,38.640,42.870,41.460,30.210,0.000,17.728,17.578,0.495,0.701,467.700,657.300,1.405,8.776,12.314,0.541,0.766,21.544,21.380,0.753,0.752,8.775,12.322,0.189,9.927,9.919,0.018,4155.000,0.000,0.000,9.927,9.919
12,08:05:30,28.740,41.320,39.320,43.430,42.030,30.220,0.000,17.688,17.544,0.496,0.703,469.300,660.000,1.406,8.782,12.336,0.543,0.768,21.500,21.343,0.752,0.753,8.773,12.333,0.189,9.891,9.887,0.018,4155.000,0.000,0.000,9.891,9.887
13,08:06:00,28.770,41.960,39.960,43.940,42.540,30.230,0.000,17.650,17.514,0.499,0.707,471.600,663.600,1.407,8.800,12.377,0.545,0.772,21.459,21.310,0.752,0.752,8.807,12.382,0.189,9.881,9.873,0.018,4155.000,0.000,0.000,9.881,9.873
14,08:06:30,28.800,42.560,40.580,44.400,43.010,30.250,0.000,17.614,17.487,0.501,0.711,474.300,667.900,1.408,8.830,12.434,0.548,0.777,21.419,21.280,0.752,0.752,8.825,12.433,0.189,9.844,9.849,0.018,4155.000,0.000,0.000,9.844,9.849
15,08:07:00,28.830,43.150,41.170,43.580,42.190,30.260,0.687,17.579,17.536,0.504,0.717,477.500,672.800,1.409,8.867,12.568,0.551,0.783,21.380,21.333,0.753,0.752,8.860,12.573,0.189,9.817,9.888,0.018,4155.000,52.237,41.080,9.817,50.968
16,08:07:30,28.850,43.720,41.740,42.870,41.480,30.270,0.693,17.545,17.578,0.508,0.723,480.800,677.900,1.410,8.907,12.701,0.555,0.790,21.343,21.379,0.752,0.752,8.913,12.709,0.189,9.808,9.919,0.018,4155.000,52.693,41.127,9.808,51.046
17,08:08:00,28.880,44.280,42.300,42.260,40.880,30.290,0.699,17.511,17.614,0.511,0.728,484.000,682.900,1.411,8.945,12.827,0.558,0.796,21.306,21.419,0.752,0.752,8.948,12.823,0.189,9.782,9.935,0.018,4155.000,53.150,41.179,9.782,51.114
18,08:08:30,28.910,44.830,42.850,41.740,40.360,30.300,0.705,17.479,17.645,0.514,0.733,486.800,687.300,1.412,8.976,12.938,0.561,0.801,21.271,21.453,0.752,0.753,8.984,12.934,0.189,9.765,9.957,0.018,4155.000,53.606,41.267,9.765,51.224
19,08:09:00,28.940,45.370,43.380,41.310,39.910,30.310,0.709,17.447,17.671,0.516,0.737,489.100,691.000,1.413,8.998,13.031,0.564,0.806,21.236,21.481,0.751,0.753,9.003,13.024,0.189,9.739,9.972,0.018,4155.000,53.910,41.279,9.739,51.251
20,08:09:30,28.960,45.890,43.890,40.940,39.540,30.330,0.713,17.416,17.693,0.517,0.741,490.800,693.800,1.414,9.009,13.104,0.565,0.809,21.202,21.506,0.752,0.753,9.004,13.111,0.189,9.707,9.998,0.018,4155.000,54.214,41.344,9.707,51.343
21,08:10:00,28.990,46.390,44.380,40.620,39.210,30.340,0.715,17.387,17.712,0.518,0.743,491.800,695.800,1.415,9.009,13.158,0.566,0.812,21.170,21.527,0.752,0.753,9.006,13.160,0.189,9.690,10.007,0.018,4155.000,54.366,41.341,9.690,51.348
22,08:10:30,29.010,46.870,44.850,40.360,38.940,30.350,0.716,17.358,17.728,0.519,0.744,492.400,697.000,1.416,9.001,13.197,0.567,0.814,21.139,21.544,0.751,0.753,9.009,13.190,0.189,9.680,10.012,0.018,4155.000,54.442,41.328,9.680,51.340
23,08:11:00,29.040,47.320,45.290,40.130,38.700,30.360,0.718,17.332,17.742,0.519,0.746,492.700,698.000,1.417,8.990,13.227,0.567,0.815,21.110,21.560,0.751,0.753,8.995,13.236,0.189,9.660,10.033,0.018,4155.000,54.594,41.384,9.660,51.417
24,08:11:30,29.060,47.740,45.700,39.930,38.490,30.370,0.719,17.307,17.754,0.519,0.747,493.000,698.900,1.417,8.981,13.256,0.567,0.816,21.083,21.573,0.751,0.753,8.982,13.262,0.189,9.640,10.040,0.018,4155.000,54.670,41.388,9.640,51.428
25,08:12:00,29.090,48.120,46.070,39.750,38.310,30.380,0.720,17.285,17.765,0.519,0.748,493.600,700.200,1.418,8.977,13.290,0.568,0.818,21.058,21.585,0.751,0.753,8.971,13.288,0.189,9.616,10.041,0.018,4155.000,54.746,41.369,9.616,51.410
26,08:12:30,29.110,48.470,46.420,39.590,38.150,30.400,0.723,17.264,17.775,0.520,0.750,494.700,702.100,1.419,8.983,13.336,0.569,0.820,21.035,21.595,0.751,0.753,8.977,13.331,0.189,9.602,10.046,0.018,4155.000,54.974,41.429,9.602,51.475
27,08:13:00,29.130,48.790,46.740,39.440,38.010,30.410,0.726,17.245,17.783,0.522,0.753,496.300,704.900,1.420,9.000,13.398,0.570,0.823,21.015,21.604,0.751,0.754,9.002,13.391,0.189,9.597,10.051,0.018,4155.000,55.202,41.435,9.597,51.486
28,08:13:30,29.160,49.070,47.020,39.310,37.880,30.420,0.730,17.228,17.791,0.524,0.757,498.600,708.600,1.421,9.030,13.474,0.573,0.828,20.996,21.613,0.751,0.753,9.027,13.468,0.189,9.580,10.056,0.018,4155.000,55.507,41.446,9.580,51.502
29,08:14:00,29.180,49.330,47.290,39.190,37.760,30.430,0.736,17.213,17.798,0.527,0.762,501.300,712.900,1.422,9.069,13.563,0.576,0.833,20.979,21.620,0.751,0.753,9.071,13.562,0.189,9.574,10.066,0.018,4155.000,55.963,41.535,9.574,51.600
30,08:14:30,29.200,49.560,47.530,39.090,37.660,30.440,0.742,17.199,17.804,0.530,0.767,504.300,717.700,1.423,9.115,13.660,0.579,0.839,20.964,21.627,0.751,0.753,9.115,13.656,0.189,9.564,10.067,0.018,4155.000,56.419,41.593,9.564,51.660
31,08:15:00,29.220,49.770,47.760,38.990,37.580,30.450,0.748,17.186,17.809,0.533,0.772,507.400,722.600,1.424,9.161,13.757,0.583,0.844,20.949,21.633,0.750,0.753,9.160,13.749,0.189,9.552,10.067,0.018,4155.000,56.875,41.645,9.552,51.712
32,08:15:30,29.240,49.980,47.970,38.910,37.500,30.460,0.753,17.173,17.814,0.536,0.777,510.300,727.100,1.425,9.205,13.848,0.586,0.850,20.936,21.638,0.750,0.753,9.205,13.841,0.189,9.544,10.072,0.018,4155.000,57.255,41.664,9.544,51.736
33,08:16:00,29.260,50.170,48.180,38.840,37.440,30.460,0.758,17.161,17.818,0.538,0.782,512.700,731.000,1.426,9.241,13.927,0.588,0.854,20.923,21.642,0.751,0.754,9.233,13.934,0.189,9.528,10.085,0.018,4155.000,57.636,41.717,9.528,51.802
34,08:16:30,29.280,50.360,48.380,38.790,37.400,30.470,0.762,17.149,17.821,0.540,0.785,514.500,734.100,1.427,9.266,13.989,0.590,0.858,20.910,21.646,0.751,0.753,9.260,13.989,0.189,9.523,10.083,0.018,4155.000,57.940,41.760,9.523,51.843
35,08:17:00,29.300,50.560,48.580,38.750,37.360,30.480,0.764,17.138,17.823,0.541,0.787,515.700,736.300,1.428,9.280,14.033,0.592,0.860,20.897,21.648,0.750,0.754,9.272,14.027,0.189,9.513,10.079,0.018,4155.000,58.092,41.744,9.513,51.824
36,08:17:30,29.310,50.750,48.780,38.720,37.340,30.490,0.766,17.126,17.824,0.542,0.789,516.400,737.800,1.429,9.283,14.061,0.592,0.862,20.884,21.650,0.751,0.753,9.282,14.063,0.189,9.511,10.085,0.018,4155.000,58.244,41.769,9.511,51.854
37,08:18:00,29.330,50.950,48.980,38.710,37.330,30.500,0.767,17.114,17.825,0.542,0.790,516.600,738.600,1.430,9.280,14.078,0.593,0.863,20.871,21.650,0.750,0.753,9.276,14.082,0.189,9.500,10.088,0.018,4155.000,58.320,41.778,9.500,51.865
38,08:18:30,29.350,51.160,49.180,38.720,37.330,30.510,0.768,17.102,17.825,0.542,0.790,516.800,739.300,1.431,9.274,14.090,0.593,0.864,20.858,21.650,0.750,0.753,9.269,14.082,0.189,9.490,10.078,0.018,4155.000,58.396,41.793,9.490,51.871
39,08:19:00,29.370,51.370,49.380,38.730,37.340,30.510,0.769,17.090,17.824,0.542,0.791,517.000,740.100,1.432,9.270,14.105,0.593,0.865,20.844,21.649,0.750,0.753,9.263,14.099,0.189,9.480,10.079,0.018,4155.000,58.472,41.802,9.480,51.881
40,08:19:30,29.380,51.580,49.590,38.760,37.360,30.520,0.771,17.077,17.823,0.543,0.793,517.600,741.400,1.432,9.272,14.129,0.593,0.866,20.831,21.648,0.751,0.754,9.273,14.134,0.189,9.479,10.086,0.018,4155.000,58.624,41.837,9.479,51.924
41,08:20:00,29.400,51.790,49.790,38.790,37.390,30.530,0.773,17.065,17.821,0.544,0.795,518.700,743.500,1.433,9.284,14.168,0.595,0.869,20.817,21.646,0.750,0.753,9.283,14.168,0.189,9.470,10.082,0.018,4155.000,58.776,41.827,9.470,51.909
42,08:20:30,29.410,52.000,49.990,38.830,37.430,30.530,0.777,17.053,17.819,0.546,0.798,520.500,746.500,1.434,9.307,14.223,0.597,0.872,20.804,21.643,0.749,0.754,9.311,14.220,0.189,9.465,10.078,0.018,4155.000,59.080,41.875,9.465,51.953
43,08:21:00,29.430,52.210,50.180,38.880,37.460,30.540,0.782,17.041,17.816,0.548,0.802,522.800,750.400,1.435,9.341,14.293,0.599,0.877,20.791,21.641,0.750,0.753,9.338,14.288,0.189,9.451,10.075,0.018,4155.000,59.461,41.925,9.451,52.000
44,08:21:30,29.440,52.400,50.370,38.920,37.500,30.550,0.787,17.030,17.814,0.551,0.807,525.600,754.800,1.436,9.383,14.376,0.602,0.882,20.779,21.638,0.750,0.753,9.384,14.376,0.189,9.446,10.077,0.018,4155.000,59.841,41.947,9.446,52.024
45,08:22:00,29.450,52.570,50.540,38.960,37.530,30.550,0.793,17.019,17.812,0.554,0.812,528.600,759.600,1.437,9.429,14.465,0.605,0.888,20.767,21.636,0.750,0.753,9.429,14.463,0.189,9.437,10.074,0.018,4155.000,60.297,42.000,9.437,52.074
46,08:22:30,29.470,52.730,50.690,39.000,37.570,30.560,0.799,17.010,17.810,0.557,0.817,531.500,764.300,1.438,9.475,14.553,0.609,0.893,20.757,21.633,0.750,0.753,9.475,14.551,0.189,9.432,10.073,0.018,4155.000,60.753,42.057,9.432,52.131
47,08:23:00,29.480,52.870,50.830,39.020,37.590,30.570,0.804,17.002,17.808,0.560,0.822,534.200,768.700,1.439,9.517,14.634,0.612,0.898,20.748,21.632,0.750,0.753,9.521,14.638,0.189,9.430,10.076,0.018,4155.000,61.133,42.078,9.430,52.154
48,08:23:30,29.490,52.990,50.950,39.040,37.620,30.570,0.809,16.995,17.807,0.562,0.826,536.300,772.300,1.440,9.550,14.701,0.614,0.902,20.740,21.630,0.750,0.754,9.551,14.709,0.189,9.423,10.077,0.018,4155.000,61.514,42.143,9.423,52.220
49,08:24:00,29.510,53.080,51.060,39.050,37.630,30.580,0.812,16.989,17.806,0.564,0.829,537.900,775.000,1.441,9.574,14.753,0.616,0.905,20.734,21.629,0.750,0.754,9.582,14.761,0.189,9.425,10.078,0.018,4155.000,61.742,42.152,9.425,52.229
50,08:24:30,29.520,53.160,51.150,39.050,37.640,30.580,0.815,16.984,17.806,0.565,0.831,538.900,776.900,1.442,9.588,14.788,0.617,0.908,20.728,21.629,0.750,0.753,9.596,14.797,0.189,9.421,10.077,0.018,4155.000,61.970,42.204,9.421,52.281
51,08:25:00,29.530,53.230,51.220,39.050,37.650,30.590,0.816,16.980,17.806,0.565,0.832,539.300,778.100,1.443,9.593,14.811,0.617,0.909,20.724,21.629,0.750,0.753,9.594,14.815,0.189,9.412,10.074,0.018,4155.000,62.046,42.191,9.412,52.264
52,08:25:30,29.540,53.280,51.290,39.040,37.650,30.590,0.817,16.976,17.806,0.565,0.833,539.500,778.900,1.444,9.594,14.826,0.618,0.910,20.720,21.629,0.749,0.753,9.591,14.832,0.189,9.407,10.076,0.018,4155.000,62.122,42.199,9.407,52.274
53,08:26:00,29.560,53.330,51.350,39.030,37.650,30.600,0.818,16.973,17.806,0.565,0.833,539.700,779.600,1.445,9.595,14.840,0.618,0.911,20.716,21.629,0.749,0.753,9.590,14.832,0.189,9.401,10.066,0.018,4155.000,62.198,42.213,9.401,52.279
54,08:26:30,29.570,53.380,51.410,39.030,37.650,30.600,0.820,16.969,17.806,0.566,0.835,540.100,780.700,1.445,9.599,14.860,0.618,0.912,20.712,21.630,0.750,0.753,9.604,14.868,0.189,9.409,10.076,0.018,4155.000,62.350,42.256,9.409,52.333
55,08:27:00,29.580,53.440,51.480,39.030,37.660,30.600,0.822,16.966,17.806,0.567,0.836,540.900,782.400,1.446,9.612,14.893,0.619,0.914,20.708,21.629,0.750,0.753,9.620,14.886,0.189,9.410,10.067,0.018,4155.000,62.502,42.267,9.410,52.334
56,08:27:30,29.590,53.510,51.550,39.040,37.680,30.610,0.825,16.961,17.805,0.568,0.839,542.400,785.000,1.447,9.634,14.941,0.621,0.917,20.703,21.628,0.749,0.753,9.634,14.938,0.189,9.398,10.069,0.018,4155.000,62.730,42.281,9.398,52.350
57,08:28:00,29.600,53.600,51.640,39.070,37.700,30.610,0.829,16.956,17.803,0.570,0.843,544.400,788.500,1.448,9.667,15.006,0.623,0.921,20.698,21.627,0.750,0.753,9.665,15.008,0.189,9.393,10.071,0.018,4155.000,63.034,42.297,9.393,52.368
58,08:28:30,29.620,53.700,51.740,39.110,37.740,30.620,0.835,16.950,17.801,0.573,0.847,547.100,792.800,1.449,9.709,15.086,0.626,0.926,20.691,21.624,0.750,0.753,9.712,15.077,0.189,9.393,10.062,0.018,4155.000,63.490,42.372,9.393,52.435
59,08:29:00,29.630,53.820,51.860,39.150,37.780,30.620,0.841,16.943,17.798,0.576,0.853,550.000,797.600,1.450,9.757,15.175,0.629,0.932,20.683,21.621,0.750,0.753,9.759,15.182,0.189,9.388,10.071,0.018,4155.000,63.947,42.420,9.388,52.491
60,08:29:30,29.640,53.960,51.990,39.210,37.840,30.620,0.847,16.935,17.795,0.579,0.858,553.200,802.600,1.451,9.807,15.267,0.633,0.938,20.675,21.618,0.749,0.753,9.805,15.268,0.189,9.378,10.065,0.018,4155.000,64.403,42.457,9.378,52.522
61,08:30:00,29.650,54.100,52.120,39.280,37.900,30.630,0.853,16.927,17.791,0.582,0.863,556.100,807.500,1.452,9.854,15.355,0.636,0.943,20.666,21.613,0.750,0.753,9.852,15.354,0.189,9.373,10.060,0.018,4155.000,64.859,42.498,9.373,52.558
62,08:30:30,29.660,54.250,52.260,39.350,37.960,30.630,0.859,16.918,17.787,0.585,0.868,558.800,811.800,1.453,9.894,15.433,0.639,0.948,20.657,21.609,0.750,0.753,9.897,15.439,0.189,9.371,10.063,0.018,4155.000,65.315,42.570,9.371,52.633
63,08:31:00,29.680,54.390,52.390,39.420,38.020,30.640,0.863,16.910,17.783,0.587,0.871,560.800,815.300,1.454,9.925,15.495,0.641,0.952,20.647,21.605,0.750,0.753,9.926,15.489,0.189,9.365,10.052,0.018,4155.000,65.619,42.585,9.365,52.637
64,08:31:30,29.690,54.530,52.520,39.490,38.080,30.640,0.867,16.902,17.780,0.588,0.874,562.300,818.000,1.455,9.945,15.542,0.643,0.955,20.639,21.601,0.749,0.753,9.938,15.540,0.189,9.352,10.051,0.018,4155.000,65.924,42.641,9.352,52.692
65,08:32:00,29.700,54.650,52.640,39.550,38.130,30.640,0.869,16.895,17.776,0.589,0.876,563.200,819.800,1.456,9.955,15.573,0.644,0.957,20.631,21.597,0.749,0.753,9.951,15.572,0.189,9.349,10.050,0.018,4155.000,66.076,42.645,9.349,52.695
66,08:32:30,29.710,54.760,52.740,39.590,38.180,30.650,0.871,16.889,17.773,0.590,0.877,563.700,821.000,1.457,9.960,15.593,0.644,0.959,20.624,21.594,0.750,0.753,9.965,15.587,0.189,9.353,10.045,0.018,4155.000,66.228,42.681,9.353,52.726
67,08:33:00,29.730,54.850,52.830,39.630,38.220,30.650,0.872,16.884,17.771,0.590,0.878,564.000,822.000,1.457,9.961,15.609,0.645,0.960,20.618,21.591,0.749,0.753,9.962,15.603,0.189,9.345,10.043,0.018,4155.000,66.304,42.678,9.345,52.721
68,08:33:30,29.740,54.910,52.890,39.660,38.240,30.650,0.873,16.880,17.770,0.590,0.879,564.400,823.000,1.458,9.965,15.627,0.645,0.961,20.614,21.590,0.749,0.753,9.959,15.620,0.189,9.336,10.042,0.018,4155.000,66.380,42.675,9.336,52.717
69,08:34:00,29.760,54.960,52.950,39.670,38.260,30.660,0.875,16.877,17.769,0.591,0.881,565.100,824.600,1.459,9.975,15.655,0.646,0.963,20.611,21.589,0.749,0.753,9.974,15.654,0.189,9.339,10.045,0.018,4155.000,66.532,42.690,9.339,52.735
70,08:34:30,29.770,54.990,52.990,39.680,38.280,30.660,0.878,16.875,17.768,0.592,0.884,566.300,826.900,1.460,9.995,15.698,0.647,0.966,20.608,21.588,0.750,0.753,9.990,15.707,0.189,9.334,10.050,0.018,4155.000,66.760,42.717,9.334,52.767
71,08:35:00,29.790,55.010,53.020,39.680,38.290,30.670,0.882,16.873,17.768,0.594,0.887,568.100,830.100,1.461,10.026,15.759,0.649,0.969,20.607,21.587,0.750,0.753,10.023,15.760,0.189,9.335,10.045,0.018,4155.000,67.064,42.746,9.335,52.792
72,08:35:30,29.800,55.030,53.050,39.690,38.300,30.670,0.887,16.871,17.767,0.597,0.891,570.500,834.100,1.462,10.068,15.836,0.652,0.974,20.605,21.587,0.749,0.753,10.072,15.830,0.189,9.341,10.042,0.018,4155.000,67.444,42.782,9.341,52.824
73,08:36:00,29.820,55.060,53.080,39.690,38.310,30.680,0.894,16.870,17.767,0.600,0.896,573.500,838.900,1.463,10.118,15.926,0.656,0.980,20.603,21.586,0.749,0.753,10.122,15.919,0.189,9.338,10.040,0.018,4155.000,67.977,42.873,9.338,52.914
74,08:36:30,29.830,55.080,53.120,39.700,38.330,30.680,0.900,16.868,17.766,0.603,0.902,576.700,844.200,1.464,10.173,16.024,0.659,0.986,20.601,21.585,0.749,0.753,10.171,16.025,0.189,9.332,10.044,0.018,4155.000,68.433,42.890,9.332,52.934
75,08:37:00,29.850,55.130,53.170,39.720,38.360,30.680,0.907,16.865,17.764,0.606,0.908,579.900,849.400,1.465,10.228,16.122,0.663,0.992,20.598,21.584,0.749,0.753,10.220,16.130,0.189,9.325,10.047,0.018,4155.000,68.965,42.959,9.325,53.006
76,08:37:30,29.870,55.190,53.240,39.750,38.390,30.690,0.913,16.861,17.763,0.610,0.913,582.900,854.300,1.466,10.278,16.213,0.666,0.998,20.594,21.582,0.749,0.753,10.285,16.218,0.189,9.336,10.044,0.018,4155.000,69.421,42.995,9.336,53.039
77,08:38:00,29.880,55.260,53.310,39.790,38.430,30.690,0.919,16.857,17.760,0.612,0.917,585.400,858.500,1.467,10.319,16.291,0.669,1.002,20.589,21.579,0.749,0.753,10.316,16.286,0.189,9.324,10.037,0.018,4155.000,69.878,43.066,9.324,53.103
78,08:38:30,29.900,55.350,53.400,39.850,38.480,30.700,0.923,16.851,17.757,0.614,0.921,587.300,861.900,1.467,10.349,16.351,0.671,1.006,20.583,21.576,0.749,0.753,10.347,16.354,0.189,9.321,10.039,0.018,4155.000,70.182,43.083,9.321,53.122
79,08:39:00,29.920,55.460,53.510,39.910,38.540,30.700,0.926,16.845,17.753,0.615,0.923,588.700,864.400,1.468,10.368,16.394,0.673,1.009,20.576,21.572,0.749,0.753,10.360,16.386,0.189,9.311,10.030,0.018,4155.000,70.410,43.098,9.311,53.128
80,08:39:30,29.940,55.580,53.620,39.970,38.600,30.710,0.929,16.838,17.750,0.616,0.925,589.500,866.100,1.469,10.376,16.422,0.673,1.011,20.569,21.568,0.750,0.753,10.372,16.419,0.189,9.309,10.030,0.018,4155.000,70.638,43.153,9.309,53.183
81,08:40:00,29.960,55.710,53.730,40.050,38.670,30.720,0.930,16.831,17.745,0.617,0.926,589.900,867.300,1.470,10.379,16.440,0.674,1.013,20.561,21.563,0.749,0.753,10.385,16.432,0.189,9.314,10.024,0.018,4155.000,70.714,43.139,9.314,53.164
82,08:40:30,29.980,55.840,53.850,40.120,38.730,30.720,0.932,16.823,17.741,0.617,0.928,590.300,868.300,1.471,10.379,16.455,0.674,1.014,20.552,21.559,0.749,0.753,10.380,16.464,0.189,9.304,10.032,0.018,4155.000,70.866,43.182,9.304,53.215
83,08:41:00,30.000,55.970,53.970,40.200,38.800,30.730,0.933,16.816,17.737,0.617,0.929,590.800,869.600,1.472,10.382,16.475,0.675,1.015,20.544,21.554,0.749,0.753,10.375,16.478,0.189,9.292,10.026,0.018,4155.000,70.942,43.164,9.292,53.190
84,08:41:30,30.020,56.090,54.080,40.270,38.860,30.730,0.936,16.809,17.733,0.618,0.931,591.700,871.500,1.473,10.393,16.506,0.676,1.017,20.537,21.550,0.749,0.753,10.388,16.509,0.189,9.289,10.023,0.018,4155.000,71.170,43.208,9.289,53.232
85,08:42:00,30.040,56.210,54.190,40.330,38.920,30.740,0.939,16.803,17.729,0.620,0.934,593.100,874.200,1.474,10.413,16.552,0.677,1.020,20.530,21.546,0.749,0.753,10.418,16.559,0.189,9.294,10.022,0.018,4155.000,71.398,43.213,9.294,53.235
86,08:42:30,30.060,56.310,54.280,40.390,38.970,30.750,0.944,16.797,17.726,0.622,0.937,595.200,877.800,1.475,10.445,16.617,0.680,1.024,20.523,21.542,0.748,0.753,10.448,16.609,0.189,9.287,10.011,0.018,4155.000,71.778,43.265,9.287,53.276
87,08:43:00,30.090,56.390,54.370,40.450,39.020,30.750,0.950,16.792,17.723,0.625,0.942,597.800,882.200,1.476,10.488,16.697,0.683,1.030,20.518,21.539,0.748,0.753,10.495,16.695,0.189,9.289,10.013,0.018,4155.000,72.235,43.323,9.289,53.336
88,08:43:30,30.110,56.470,54.440,40.490,39.070,30.760,0.956,16.787,17.720,0.628,0.947,600.900,887.200,1.477,10.537,16.788,0.686,1.035,20.513,21.536,0.749,0.753,10.542,16.781,0.189,9.283,10.008,0.018,4155.000,72.691,43.351,9.283,53.358
89,08:44:00,30.130,56.530,54.500,40.530,39.110,30.770,0.963,16.784,17.718,0.631,0.953,604.100,892.500,1.477,10.590,16.885,0.690,1.042,20.509,21.533,0.748,0.753,10.591,16.885,0.189,9.276,10.010,0.018,4155.000,73.223,43.409,9.276,53.419
90,08:44:30,30.160,56.570,54.560,40.560,39.150,30.770,0.970,16.781,17.716,0.634,0.958,607.200,897.600,1.478,10.642,16.980,0.693,1.047,20.506,21.531,0.749,0.753,10.639,16.972,0.189,9.271,10.004,0.018,4155.000,73.755,43.476,9.271,53.480
91,08:45:00,30.180,56.610,54.600,40.580,39.180,30.780,0.976,16.778,17.714,0.637,0.963,609.900,902.200,1.479,10.688,17.065,0.696,1.053,20.503,21.529,0.749,0.753,10.688,17.059,0.189,9.272,10.004,0.018,4155.000,74.212,43.522,9.272,53.526
92,08:45:30,30.210,56.640,54.650,40.610,39.210,30.790,0.981,16.776,17.713,0.639,0.967,612.100,906.000,1.480,10.725,17.135,0.699,1.057,20.500,21.527,0.748,0.753,10.720,17.128,0.189,9.266,10.003,0.018,4155.000,74.592,43.561,9.266,53.564
93,08:46:00,30.230,56.680,54.690,40.630,39.240,30.800,0.985,16.774,17.711,0.641,0.970,613.700,908.900,1.481,10.751,17.188,0.701,1.061,20.498,21.526,0.748,0.753,10.752,17.180,0.189,9.270,10.001,0.018,4155.000,74.896,43.599,9.270,53.600
94,08:46:30,30.260,56.710,54.730,40.650,39.270,30.810,0.987,16.772,17.710,0.642,0.973,614.700,910.900,1.482,10.767,17.224,0.702,1.063,20.496,21.524,0.748,0.753,10.768,17.232,0.189,9.268,10.009,0.018,4155.000,75.048,43.592,9.268,53.601
95,08:47:00,30.290,56.750,54.780,40.680,39.300,30.820,0.989,16.769,17.708,0.642,0.974,615.200,912.200,1.483,10.773,17.247,0.702,1.064,20.493,21.522,0.749,0.753,10.766,17.248,0.189,9.259,10.004,0.018,4155.000,75.200,43.618,9.259,53.622
96,08:47:30,30.310,56.800,54.830,40.710,39.340,30.820,0.990,16.766,17.706,0.643,0.975,615.400,913.100,1.484,10.775,17.261,0.702,1.065,20.489,21.520,0.749,0.753,10.781,17.263,0.189,9.269,10.003,0.018,4155.000,75.276,43.619,9.269,53.622
97,08:48:00,30.340,56.860,54.900,40.750,39.380,30.830,0.991,16.762,17.703,0.643,0.976,615.600,914.000,1.485,10.776,17.275,0.703,1.066,20.485,21.517,0.748,0.753,10.778,17.278,0.189,9.264,10.002,0.018,4155.000,75.352,43.620,9.264,53.622
98,08:48:30,30.370,56.940,54.980,40.810,39.430,30.840,0.993,16.757,17.700,0.643,0.977,616.100,915.200,1.486,10.780,17.295,0.703,1.068,20.480,21.514,0.749,0.753,10.775,17.293,0.189,9.253,9.997,0.018,4155.000,75.504,43.651,9.253,53.648
99,08:49:00,30.400,57.040,55.070,40.870,39.490,30.850,0.996,16.752,17.697,0.644,0.979,617.000,917.200,1.486,10.792,17.327,0.704,1.070,20.474,21.510,0.749,0.753,10.788,17.325,0.189,9.251,9.994,0.018,4155.000,75.732,43.687,9.251,53.682
100,08:49:30,30.430,57.150,55.170,40.940,39.550,30.860,0.999,16.745,17.693,0.646,0.982,618.500,920.000,1.487,10.813,17.375,0.706,1.073,20.467,21.505,0.748,0.753,10.817,17.375,0.189,9.254,9.992,0.018,4155.000,75.960,43.686,9.254,53.678
101,08:50:00,30.450,57.270,55.280,41.010,39.620,30.870,1.004,16.739,17.688,0.648,0.986,620.600,923.600,1.488,10.844,17.439,0.708,1.077,20.459,21.501,0.749,0.753,10.847,17.440,0.189,9.248,9.991,0.018,4155.000,76.341,43.733,9.248,53.724
102,08:50:30,30.480,57.400,55.400,41.100,39.700,30.880,1.010,16.731,17.684,0.651,0.991,623.200,928.100,1.489,10.884,17.516,0.711,1.083,20.451,21.495,0.749,0.752,10.892,17.525,0.189,9.247,9.991,0.018,4155.000,76.797,43.781,9.247,53.772
103,08:51:00,30.510,57.540,55.520,41.190,39.770,30.890,1.017,16.723,17.679,0.653,0.996,626.100,932.900,1.490,10.928,17.602,0.714,1.088,20.443,21.490,0.749,0.753,10.920,17.608,0.189,9.228,9.987,0.018,4155.000,77.329,43.858,9.228,53.844
104,08:51:30,30.540,57.670,55.650,41.270,39.850,30.900,1.023,16.716,17.674,0.656,1.001,629.100,937.900,1.491,10.974,17.690,0.717,1.094,20.434,21.484,0.749,0.753,10.966,17.692,0.189,9.223,9.980,0.018,4155.000,77.785,43.881,9.223,53.862
105,08:52:00,30.570,57.800,55.760,41.360,39.930,30.920,1.030,16.708,17.669,0.659,1.006,631.900,942.600,1.492,11.016,17.772,0.721,1.099,20.426,21.479,0.748,0.753,11.011,17.775,0.189,9.219,9.977,0.018,4155.000,78.318,43.961,9.219,53.939
106,08:52:30,30.600,57.920,55.870,41.440,40.000,30.930,1.035,16.702,17.664,0.662,1.010,634.200,946.600,1.493,11.051,17.843,0.723,1.104,20.419,21.474,0.749,0.753,11.057,17.841,0.189,9.224,9.972,0.018,4155.000,78.698,43.988,9.224,53.960
107,08:53:00,30.630,58.020,55.970,41.500,40.070,30.940,1.039,16.696,17.660,0.663,1.013,636.000,949.800,1.494,11.076,17.898,0.725,1.108,20.412,21.470,0.748,0.752,11.069,17.890,0.189,9.209,9.966,0.018,4155.000,79.002,44.009,9.209,53.975
108,08:53:30,30.660,58.100,56.050,41.560,40.120,30.950,1.042,16.691,17.657,0.665,1.016,637.100,952.000,1.494,11.092,17.935,0.726,1.110,20.407,21.466,0.749,0.753,11.100,17.940,0.189,9.218,9.970,0.018,4155.000,79.230,44.034,9.218,54.005
109,08:54:00,30.690,58.160,56.120,41.600,40.170,30.960,1.044,16.687,17.654,0.665,1.017,637.600,953.400,1.495,11.098,17.958,0.727,1.112,20.403,21.463,0.748,0.752,11.097,17.954,0.189,9.209,9.964,0.018,4155.000,79.382,44.054,9.209,54.018
110,08:54:30,30.720,58.210,56.170,41.640,40.210,30.970,1.045,16.684,17.652,0.665,1.018,637.700,954.200,1.496,11.098,17.970,0.727,1.113,20.400,21.461,0.748,0.752,11.095,17.970,0.189,9.205,9.964,0.018,4155.000,79.458,44.059,9.205,54.023
111,08:55:00,30.760,58.240,56.210,41.660,40.240,30.990,1.046,16.682,17.651,0.665,1.019,637.700,954.700,1.497,11.096,17.977,0.727,1.113,20.397,21.459,0.748,0.753,11.094,17.986,0.189,9.204,9.968,0.018,4155.000,79.534,44.078,9.204,54.046
112,08:55:30,30.790,58.260,56.240,41.680,40.270,31.000,1.047,16.681,17.649,0.665,1.019,637.800,955.300,1.498,11.096,17.988,0.727,1.114,20.396,21.458,0.748,0.753,11.093,17.984,0.189,9.202,9.961,0.018,4155.000,79.610,44.093,9.202,54.054
113,08:56:00,30.820,58.270,56.260,41.700,40.290,31.010,1.048,16.679,17.648,0.666,1.020,638.200,956.500,1.499,11.102,18.009,0.727,1.115,20.395,21.457,0.749,0.753,11.108,18.001,0.189,9.209,9.957,0.018,4155.000,79.686,44.079,9.209,54.037
114,08:56:30,30.850,58.290,56.290,41.710,40.310,31.020,1.051,16.678,17.647,0.667,1.022,639.100,958.500,1.500,11.117,18.044,0.728,1.117,20.393,21.455,0.749,0.753,11.124,18.035,0.189,9.210,9.956,0.018,4155.000,79.914,44.113,9.210,54.069
115,08:57:00,30.880,58.310,56.320,41.730,40.340,31.040,1.055,16.676,17.646,0.668,1.026,640.700,961.300,1.501,11.142,18.096,0.730,1.121,20.391,21.454,0.749,0.752,11.140,18.105,0.189,9.199,9.965,0.018,4155.000,80.219,44.152,9.199,54.117
116,08:57:30,30.910,58.350,56.370,41.760,40.380,31.050,1.060,16.674,17.644,0.670,1.029,642.800,965.100,1.501,11.177,18.164,0.733,1.125,20.389,21.451,0.748,0.753,11.172,18.156,0.189,9.196,9.954,0.018,4155.000,80.599,44.187,9.196,54.140
117,08:58:00,30.940,58.400,56.420,41.800,40.420,31.060,1.066,16.671,17.641,0.673,1.034,645.300,969.500,1.502,11.218,18.243,0.735,1.130,20.385,21.449,0.749,0.753,11.220,18.241,0.189,9.199,9.955,0.018,4155.000,81.055,44.235,9.199,54.190
118,08:58:30,30.970,58.480,56.500,41.860,40.470,31.070,1.072,16.666,17.638,0.676,1.039,648.100,974.200,1.503,11.263,18.329,0.739,1.136,20.380,21.445,0.748,0.752,11.266,18.326,0.189,9.198,9.953,0.018,4155.000,81.511,44.270,9.198,54.223
119,08:59:00,31.000,58.570,56.590,41.920,40.530,31.090,1.079,16.661,17.634,0.679,1.044,650.900,978.900,1.504,11.306,18.412,0.742,1.141,20.374,21.441,0.748,0.753,11.313,18.410,0.189,9.196,9.951,0.018,4155.000,82.043,44.345,9.196,54.296
120,08:59:30,31.030,58.680,56.690,42.000,40.600,31.100,1.084,16.655,17.630,0.681,1.049,653.300,983.200,1.505,11.344,18.487,0.744,1.146,20.367,21.436,0.749,0.753,11.342,18.494,0.189,9.186,9.952,0.018,4155.000,82.424,44.356,9.186,54.308
121,09:00:00,31.050,58.800,56.800,42.080,40.680,31.110,1.089,16.648,17.625,0.683,1.052,655.300,986.700,1.506,11.372,18.547,0.747,1.150,20.360,21.431,0.748,0.753,11.371,18.542,0.189,9.181,9.943,0.018,4155.000,82.804,44.402,9.181,54.345
122,09:00:30,31.080,58.930,56.920,42.160,40.760,31.130,1.093,16.640,17.620,0.684,1.055,656.700,989.300,1.507,11.389,18.591,0.748,1.153,20.352,21.426,0.748,0.753,11.382,18.589,0.189,9.170,9.942,0.018,4155.000,83.108,44.448,9.170,54.390
123,09:01:00,31.110,59.060,57.040,42.250,40.840,31.140,1.095,16.633,17.615,0.685,1.057,657.400,991.100,1.508,11.396,18.616,0.749,1.155,20.343,21.421,0.748,0.752,11.394,18.619,0.189,9.170,9.940,0.018,4155.000,83.260,44.448,9.170,54.388
124,09:01:30,31.140,59.190,57.160,42.330,40.910,31.150,1.096,16.626,17.611,0.685,1.058,657.700,992.000,1.508,11.394,18.628,0.749,1.156,20.336,21.415,0.748,0.752,11.389,18.632,0.189,9.162,9.938,0.018,4155.000,83.336,44.449,9.162,54.387
125,09:02:00,31.170,59.300,57.260,42.410,40.980,31.170,1.097,16.619,17.606,0.685,1.058,657.600,992.500,1.509,11.388,18.632,0.749,1.157,20.328,21.411,0.748,0.752,11.384,18.627,0.189,9.160,9.930,0.018,4155.000,83.412,44.467,9.160,54.397
126,09:02:30,31.190,59.400,57.360,42.480,41.040,31.180,1.098,16.613,17.603,0.685,1.059,657.500,992.900,1.510,11.381,18.635,0.749,1.157,20.322,21.406,0.748,0.752,11.380,18.642,0.189,9.158,9.934,0.018,4155.000,83.488,44.489,9.158,54.423
127,09:03:00,31.220,59.480,57.440,42.530,41.090,31.190,1.099,16.608,17.599,0.685,1.059,657.600,993.700,1.511,11.379,18.644,0.749,1.158,20.317,21.403,0.748,0.752,11.376,18.637,0.189,9.153,9.924,0.018,4155.000,83.564,44.494,9.153,54.418
128,09:03:30,31.250,59.550,57.500,42.580,41.140,31.200,1.101,16.605,17.597,0.686,1.061,658.200,995.000,1.512,11.385,18.667,0.749,1.159,20.313,21.400,0.748,0.753,11.391,18.670,0.189,9.157,9.928,0.018,4155.000,83.716,44.517,9.157,54.445
129,09:04:00,31.270,59.590,57.550,42.610,41.180,31.220,1.104,16.602,17.595,0.687,1.063,659.300,997.300,1.513,11.402,18.707,0.751,1.162,20.309,21.398,0.748,0.752,11.406,18.703,0.189,9.153,9.923,0.018,4155.000,83.944,44.535,9.153,54.458
130,09:04:30,31.300,59.630,57.590,42.630,41.210,31.230,1.108,16.600,17.593,0.689,1.067,661.100,1000.500,1.514,11.431,18.765,0.753,1.166,20.307,21.396,0.748,0.752,11.437,18.772,0.189,9.154,9.927,0.018,4155.000,84.248,44.554,9.154,54.481
131,09:05:00,31.320,59.650,57.620,42.650,41.230,31.240,1.114,16.598,17.592,0.691,1.071,663.400,1004.600,1.514,11.470,18.839,0.755,1.170,20.306,21.394,0.748,0.753,11.469,18.841,0.189,9.147,9.923,0.018,4155.000,84.705,44.612,9.147,54.535
132,09:05:30,31.350,59.660,57.640,42.670,41.260,31.260,1.120,16.597,17.590,0.694,1.076,666.100,1009.200,1.515,11.515,18.925,0.758,1.176,20.304,21.393,0.748,0.752,11.518,18.927,0.189,9.149,9.923,0.018,4155.000,85.161,44.648,9.149,54.571
133,09:06:00,31.370,59.670,57.660,42.680,41.280,31.270,1.127,16.596,17.589,0.697,1.081,668.900,1014.100,1.516,11.563,19.014,0.761,1.181,20.303,21.392,0.748,0.753,11.567,19.014,0.189,9.150,9.920,0.018,4155.000,85.693,44.710,9.150,54.630
134,09:06:30,31.400,59.680,57.690,42.700,41.300,31.280,1.133,16.595,17.588,0.700,1.086,671.600,1018.800,1.517,11.609,19.101,0.765,1.187,20.302,21.391,0.747,0.752,11.617,19.101,0.189,9.152,9.920,0.018,4155.000,86.149,44.741,9.152,54.660
135,09:07:00,31.420,59.710,57.720,42.720,41.330,31.290,1.139,16.593,17.587,0.702,1.090,673.900,1022.900,1.518,11.648,19.176,0.767,1.192,20.300,21.389,0.748,0.752,11.648,19.170,0.189,9.145,9.916,0.018,4155.000,86.606,44.797,9.145,54.713
136,09:07:30,31.440,59.740,57.760,42.750,41.360,31.300,1.143,16.591,17.585,0.704,1.094,675.700,1026.200,1.519,11.677,19.236,0.769,1.196,20.298,21.387,0.748,0.752,11.680,19.238,0.189,9.146,9.919,0.018,4155.000,86.910,44.810,9.146,54.729
137,09:08:00,31.460,59.780,57.810,42.780,41.400,31.320,1.147,16.588,17.583,0.705,1.096,677.000,1028.600,1.519,11.696,19.278,0.771,1.198,20.295,21.385,0.747,0.752,11.695,19.271,0.189,9.140,9.913,0.018,4155.000,87.214,44.862,9.140,54.775
138,09:08:30,31.480,59.840,57.880,42.820,41.450,31.330,1.149,16.585,17.580,0.706,1.098,677.600,1030.200,1.520,11.703,19.303,0.771,1.200,20.291,21.382,0.748,0.752,11.709,19.303,0.189,9.143,9.914,0.018,4155.000,87.366,44.870,9.143,54.784
139,09:09:00,31.500,59.920,57.950,42.870,41.500,31.340,1.150,16.580,17.577,0.706,1.099,677.800,1031.100,1.521,11.703,19.316,0.771,1.201,20.286,21.379,0.748,0.752,11.705,19.317,0.189,9.137,9.912,0.018,4155.000,87.442,44.870,9.137,54.783
140,09:09:30,31.520,60.010,58.030,42.930,41.550,31.350,1.151,16.575,17.574,0.706,1.100,677.800,1031.600,1.522,11.699,19.323,0.771,1.202,20.280,21.375,0.748,0.752,11.702,19.331,0.189,9.135,9.915,0.018,4155.000,87.518,44.887,9.135,54.802
141,09:10:00,31.540,60.100,58.120,42.990,41.610,31.360,1.152,16.570,17.570,0.706,1.100,677.900,1032.300,1.523,11.695,19.331,0.771,1.202,20.274,21.371,0.748,0.753,11.698,19.327,0.189,9.131,9.906,0.018,4155.000,87.594,44.896,9.131,54.802
142,09:10:30,31.560,60.210,58.220,43.060,41.670,31.370,1.153,16.564,17.567,0.706,1.101,678.300,1033.500,1.524,11.696,19.347,0.772,1.204,20.267,21.367,0.748,0.752,11.694,19.341,0.189,9.122,9.902,0.018,4155.000,87.670,44.883,9.122,54.784
143,09:11:00,31.580,60.320,58.320,43.130,41.730,31.380,1.156,16.557,17.563,0.707,1.103,679.100,1035.400,1.525,11.706,19.378,0.773,1.206,20.261,21.363,0.747,0.752,11.706,19.372,0.189,9.120,9.899,0.018,4155.000,87.898,44.917,9.120,54.816
144,09:11:30,31.600,60.430,58.420,43.200,41.790,31.390,1.160,16.551,17.559,0.709,1.106,680.700,1038.300,1.525,11.727,19.426,0.774,1.209,20.254,21.359,0.748,0.752,11.735,19.420,0.189,9.121,9.896,0.018,4155.000,88.202,44.946,9.121,54.843
145,09:12:00,31.610,60.530,58.510,43.260,41.850,31.400,1.165,16.545,17.555,0.711,1.110,682.800,1042.100,1.526,11.758,19.492,0.777,1.213,20.247,21.355,0.747,0.752,11.763,19.486,0.189,9.116,9.894,0.018,4155.000,88.583,44.976,9.116,54.869
146,09:12:30,31.630,60.630,58.600,43.320,41.900,31.410,1.172,16.540,17.552,0.713,1.115,685.400,1046.700,1.527,11.798,19.573,0.780,1.219,20.241,21.351,0.747,0.752,11.793,19.570,0.189,9.104,9.893,0.018,4155.000,89.115,45.047,9.104,54.940
147,09:13:00,31.650,60.710,58.680,43.380,41.960,31.420,1.179,16.535,17.548,0.716,1.120,688.300,1051.700,1.528,11.844,19.663,0.783,1.225,20.236,21.347,0.748,0.752,11.839,19.654,0.189,9.101,9.888,0.018,4155.000,89.647,45.101,9.101,54.988
148,09:13:30,31.660,60.780,58.750,43.420,42.000,31.430,1.186,16.531,17.546,0.719,1.126,691.300,1056.800,1.529,11.891,19.754,0.786,1.230,20.231,21.344,0.748,0.752,11.886,19.757,0.189,9.097,9.891,0.018,4155.000,90.179,45.149,9.097,55.041
149,09:14:00,31.680,60.840,58.810,43.460,42.040,31.440,1.193,16.527,17.543,0.722,1.131,694.000,1061.500,1.530,11.935,19.840,0.789,1.236,20.228,21.342,0.748,0.752,11.932,19.841,0.189,9.097,9.890,0.018,4155.000,90.712,45.215,9.097,55.105
150,09:14:30,31.690,60.870,58.850,43.490,42.070,31.450,1.198,16.525,17.542,0.724,1.135,696.300,1065.600,1.530,11.972,19.914,0.792,1.241,20.225,21.340,0.747,0.752,11.964,19.910,0.189,9.091,9.886,0.018,4155.000,91.092,45.230,9.091,55.116
151,09:15:00,31.710,60.900,58.890,43.510,42.100,31.460,1.203,16.523,17.540,0.726,1.139,698.000,1068.800,1.531,12.000,19.972,0.794,1.244,20.223,21.338,0.747,0.752,11.996,19.978,0.189,9.093,9.890,0.018,4155.000,91.472,45.282,9.093,55.172
152,09:15:30,31.720,60.910,58.910,43.520,42.120,31.470,1.206,16.522,17.539,0.727,1.141,699.100,1071.100,1.532,12.018,20.013,0.795,1.247,20.222,21.337,0.748,0.752,12.011,20.012,0.189,9.091,9.886,0.018,4155.000,91.700,45.298,9.091,55.183
153,09:16:00,31.730,60.920,58.930,43.530,42.130,31.480,1.208,16.521,17.539,0.728,1.143,699.700,1072.600,1.533,12.027,20.039,0.796,1.249,20.221,21.337,0.747,0.752,12.027,20.047,0.189,9.095,9.889,0.018,4155.000,91.852,45.310,9.095,55.198
154,09:16:30,31.750,60.920,58.950,43.530,42.150,31.490,1.209,16.521,17.538,0.728,1.144,699.900,1073.500,1.534,12.031,20.056,0.796,1.250,20.220,21.336,0.747,0.752,12.027,20.063,0.189,9.092,9.889,0.018,4155.000,91.928,45.309,9.092,55.198
155,09:17:00,31.760,60.930,58.960,43.530,42.160,31.490,1.210,16.520,17.538,0.728,1.144,700.000,1074.200,1.535,12.032,20.069,0.796,1.251,20.220,21.336,0.748,0.752,12.027,20.063,0.189,9.090,9.882,0.018,4155.000,92.004,45.317,9.090,55.199
156,09:17:30,31.770,60.950,58.990,43.540,42.170,31.500,1.212,16.519,17.537,0.729,1.145,700.300,1075.200,1.535,12.036,20.087,0.796,1.252,20.218,21.335,0.748,0.752,12.042,20.080,0.189,9.098,9.881,0.018,4155.000,92.156,45.350,9.098,55.231
157,09:18:00,31.780,60.970,59.020,43.560,42.190,31.510,1.214,16.517,17.536,0.729,1.147,701.000,1076.800,1.536,12.045,20.115,0.797,1.254,20.217,21.334,0.748,0.752,12.041,20.114,0.189,9.088,9.883,0.018,4155.000,92.308,45.357,9.088,55.240
158,09:18:30,31.790,61.010,59.060,43.580,42.220,31.510,1.217,16.514,17.534,0.730,1.150,702.200,1079.200,1.537,12.064,20.158,0.798,1.256,20.214,21.332,0.748,0.752,12.055,20.164,0.189,9.083,9.886,0.018,4155.000,92.536,45.368,9.083,55.254
159,09:19:00,31.810,61.070,59.120,43.620,42.260,31.520,1.222,16.511,17.532,0.732,1.153,704.000,1082.600,1.538,12.092,20.218,0.800,1.260,20.210,21.330,0.748,0.752,12.086,20.214,0.189,9.083,9.879,0.018,4155.000,92.917,45.411,9.083,55.291
160,09:19:30,31.820,61.150,59.200,43.670,42.300,31.530,1.228,16.506,17.530,0.735,1.158,706.400,1086.900,1.539,12.129,20.294,0.803,1.265,20.205,21.327,0.748,0.752,12.132,20.300,0.189,9.087,9.882,0.018,4155.000,93.373,45.454,9.087,55.336
161,09:20:00,31.830,61.250,59.290,43.730,42.350,31.530,1.235,16.501,17.526,0.738,1.163,709.200,1091.800,1.539,12.172,20.381,0.806,1.271,20.199,21.323,0.748,0.752,12.178,20.383,0.189,9.085,9.878,0.018,4155.000,93.905,45.508,9.085,55.385
162,09:20:30,31.840,61.360,59.390,43.790,42.410,31.540,1.243,16.495,17.522,0.741,1.168,712.200,1097.000,1.540,12.218,20.472,0.810,1.277,20.192,21.319,0.747,0.752,12.223,20.466,0.189,9.080,9.871,0.018,4155.000,94.513,45.585,9.080,55.456
163,09:21:00,31.850,61.470,59.490,43.860,42.480,31.540,1.250,16.488,17.518,0.744,1.174,715.100,1102.100,1.541,12.262,20.561,0.813,1.283,20.185,21.314,0.747,0.752,12.267,20.566,0.189,9.076,9.873,0.018,4155.000,95.046,45.630,9.076,55.503
164,09:21:30,31.860,61.590,59.600,43.940,42.540,31.550,1.256,16.481,17.514,0.746,1.179,717.700,1106.700,1.542,12.300,20.641,0.816,1.288,20.177,21.310,0.747,0.752,12.295,20.649,0.189,9.064,9.872,0.018,4155.000,95.502,45.658,9.064,55.530
165,09:22:00,31.870,61.710,59.710,44.010,42.610,31.550,1.262,16.475,17.510,0.748,1.182,719.800,1110.400,1.543,12.329,20.706,0.818,1.292,20.170,21.305,0.747,0.752,12.323,20.697,0.189,9.058,9.862,0.018,4155.000,95.958,45.724,9.058,55.586
166,09:22:30,31.880,61.820,59.800,44.070,42.660,31.560,1.266,16.469,17.507,0.750,1.185,721.300,1113.300,1.543,12.349,20.753,0.819,1.296,20.163,21.301,0.748,0.752,12.352,20.746,0.189,9.060,9.860,0.018,4155.000,96.262,45.749,9.060,55.609
167,09:23:00,31.890,61.910,59.890,44.130,42.720,31.560,1.268,16.463,17.504,0.751,1.187,722.100,1115.200,1.544,12.358,20.784,0.820,1.298,20.158,21.298,0.748,0.752,12.364,20.777,0.189,9.059,9.858,0.018,4155.000,96.414,45.743,9.059,55.601
168,09:23:30,31.900,61.980,59.960,44.170,42.760,31.570,1.270,16.459,17.501,0.751,1.189,722.500,1116.300,1.545,12.361,20.801,0.821,1.299,20.153,21.295,0.747,0.752,12.361,20.809,0.189,9.052,9.863,0.018,4155.000,96.566,45.770,9.052,55.633
169,09:24:00,31.910,62.030,60.010,44.200,42.790,31.570,1.271,16.456,17.499,0.751,1.189,722.600,1117.000,1.546,12.359,20.812,0.821,1.300,20.149,21.293,0.747,0.752,12.358,20.806,0.189,9.049,9.856,0.018,4155.000,96.642,45.778,9.049,55.633
170,09:24:30,31.920,62.070,60.050,44.220,42.810,31.580,1.272,16.454,17.498,0.751,1.190,722.600,1117.700,1.547,12.358,20.823,0.821,1.301,20.147,21.292,0.747,0.752,12.357,20.823,0.189,9.048,9.857,0.018,4155.000,96.718,45.785,9.048,55.642
171,09:25:00,31.930,62.080,60.080,44.230,42.820,31.580,1.274,16.453,17.497,0.751,1.191,722.900,1118.700,1.548,12.362,20.841,0.821,1.302,20.146,21.291,0.747,0.752,12.356,20.839,0.189,9.044,9.856,0.018,4155.000,96.871,45.816,9.044,55.672
172,09:25:30,31.940,62.090,60.090,44.230,42.830,31.580,1.276,16.452,17.497,0.752,1.193,723.700,1120.500,1.548,12.374,20.873,0.822,1.304,20.145,21.291,0.747,0.752,12.372,20.874,0.189,9.045,9.857,0.018,4155.000,97.023,45.814,9.045,55.671
173,09:26:00,31.950,62.090,60.100,44.230,42.840,31.590,1.280,16.452,17.497,0.754,1.196,725.000,1123.100,1.549,12.397,20.922,0.824,1.307,20.145,21.291,0.747,0.752,12.405,20.926,0.189,9.053,9.859,0.018,4155.000,97.327,45.851,9.053,55.710
174,09:26:30,31.960,62.090,60.110,44.230,42.850,31.590,1.285,16.451,17.497,0.756,1.200,726.900,1126.700,1.550,12.429,20.988,0.826,1.311,20.145,21.290,0.747,0.752,12.437,20.996,0.189,9.053,9.860,0.018,4155.000,97.707,45.883,9.053,55.743
175,09:27:00,31.970,62.090,60.120,44.230,42.860,31.590,1.291,16.451,17.496,0.758,1.204,729.400,1131.000,1.551,12.470,21.068,0.828,1.316,20.144,21.290,0.748,0.752,12.470,21.065,0.189,9.046,9.855,0.018,4155.000,98.163,45.922,9.046,55.777
176,09:27:30,31.980,62.110,60.150,44.240,42.870,31.590,1.298,16.450,17.495,0.761,1.209,732.100,1135.900,1.551,12.516,21.157,0.832,1.322,20.143,21.289,0.747,0.752,12.518,21.151,0.189,9.047,9.852,0.018,4155.000,98.695,45.972,9.047,55.824
177,09:28:00,31.990,62.140,60.180,44.260,42.900,31.600,1.305,16.448,17.494,0.764,1.215,734.900,1140.800,1.552,12.563,21.248,0.835,1.327,20.140,21.288,0.747,0.752,12.566,21.255,0.189,9.047,9.858,0.018,4155.000,99.228,46.022,9.047,55.880
178,09:28:30,32.010,62.190,60.240,44.290,42.930,31.600,1.312,16.445,17.492,0.767,1.220,737.600,1145.500,1.553,12.605,21.332,0.838,1.333,20.137,21.286,0.747,0.752,12.613,21.340,0.189,9.048,9.857,0.018,4155.000,99.760,46.079,9.048,55.936
179,09:29:00,32.020,62.260,60.300,44.340,42.970,31.600,1.318,16.441,17.490,0.769,1.224,739.800,1149.500,1.554,12.639,21.403,0.840,1.337,20.133,21.283,0.747,0.752,12.643,21.408,0.189,9.042,9.854,0.018,4155.000,100.216,46.128,9.042,55.982
180,09:29:30,32.030,62.340,60.380,44.390,43.020,31.600,1.322,16.436,17.487,0.770,1.227,741.400,1152.700,1.555,12.662,21.457,0.842,1.341,20.127,21.280,0.747,0.752,12.656,21.457,0.189,9.032,9.849,0.018,4155.000,100.520,46.140,9.032,55.989
181,09:30:00,32.040,62.440,60.470,44.450,43.070,31.610,1.326,16.430,17.483,0.771,1.229,742.400,1154.800,1.555,12.674,21.492,0.843,1.343,20.121,21.276,0.747,0.752,12.668,21.487,0.189,9.028,9.845,0.018,4155.000,100.824,46.195,9.028,56.040
182,09:30:30,32.060,62.550,60.570,44.520,43.130,31.610,1.327,16.424,17.480,0.772,1.231,742.900,1156.000,1.556,12.675,21.509,0.843,1.345,20.115,21.272,0.747,0.752,12.679,21.518,0.189,9.030,9.849,0.018,4155.000,100.900,46.182,9.030,56.031
183,09:31:00,32.070,62.660,60.670,44.580,43.190,31.610,1.328,16.418,17.476,0.772,1.231,742.900,1156.600,1.557,12.669,21.514,0.843,1.345,20.108,21.268,0.747,0.752,12.675,21.513,0.189,9.027,9.841,0.018,4155.000,100.976,46.193,9.027,56.034
184,09:31:30,32.080,62.770,60.770,44.650,43.250,31.610,1.329,16.411,17.472,0.771,1.231,742.700,1156.900,1.558,12.660,21.514,0.843,1.346,20.101,21.263,0.747,0.752,12.653,21.508,0.189,9.014,9.837,0.018,4155.000,101.053,46.216,9.014,56.052
185,09:32:00,32.100,62.880,60.870,44.720,43.310,31.610,1.329,16.405,17.468,0.771,1.232,742.600,1157.300,1.559,12.652,21.516,0.843,1.346,20.094,21.260,0.747,0.752,12.648,21.521,0.189,9.012,9.839,0.018,4155.000,101.053,46.200,9.012,56.039
186,09:32:30,32.110,62.980,60.950,44.770,43.360,31.610,1.331,16.400,17.465,0.771,1.233,742.800,1158.200,1.559,12.651,21.528,0.843,1.347,20.088,21.256,0.747,0.752,12.644,21.534,0.189,9.007,9.838,0.018,4155.000,101.205,46.233,9.007,56.071
187,09:33:00,32.130,63.060,61.030,44.830,43.400,31.620,1.333,16.395,17.462,0.772,1.234,743.500,1159.900,1.560,12.658,21.555,0.844,1.349,20.083,21.253,0.747,0.752,12.657,21.548,0.189,9.007,9.829,0.018,4155.000,101.357,46.235,9.007,56.064
188,09:33:30,32.140,63.130,61.090,44.870,43.440,31.620,1.337,16.391,17.460,0.773,1.237,744.800,1162.600,1.561,12.677,21.600,0.845,1.352,20.078,21.250,0.747,0.752,12.670,21.598,0.189,9.001,9.829,0.018,4155.000,101.661,46.266,9.001,56.095
189,09:34:00,32.160,63.180,61.150,44.900,43.480,31.620,1.342,16.388,17.458,0.775,1.241,746.700,1166.100,1.562,12.706,21.663,0.847,1.356,20.075,21.248,0.747,0.752,12.701,21.665,0.189,9.000,9.830,0.018,4155.000,102.041,46.300,9.000,56.130
190,09:34:30,32.180,63.220,61.190,44.930,43.500,31.620,1.348,16.386,17.456,0.778,1.245,749.100,1170.300,1.562,12.744,21.739,0.850,1.361,20.072,21.246,0.747,0.752,12.748,21.733,0.189,9.004,9.826,0.018,4155.000,102.497,46.340,9.004,56.165
191,09:35:00,32.190,63.250,61.220,44.950,43.530,31.620,1.355,16.384,17.455,0.780,1.250,751.700,1175.000,1.563,12.786,21.823,0.853,1.366,20.070,21.245,0.747,0.752,12.780,21.819,0.189,8.995,9.825,0.018,4155.000,103.029,46.394,8.995,56.219
192,09:35:30,32.210,63.260,61.240,44.960,43.550,31.630,1.362,16.383,17.454,0.783,1.255,754.200,1179.500,1.564,12.828,21.906,0.856,1.372,20.069,21.244,0.747,0.752,12.828,21.905,0.189,8.999,9.826,0.018,4155.000,103.562,46.456,8.999,56.282
193,09:36:00,32.230,63.270,61.260,44.970,43.570,31.630,1.368,16.382,17.453,0.785,1.259,756.500,1183.700,1.565,12.866,21.982,0.858,1.376,20.068,21.243,0.747,0.752,12.860,21.973,0.189,8.994,9.822,0.018,4155.000,104.018,46.495,8.994,56.317
194,09:36:30,32.250,63.280,61.280,44.980,43.580,31.630,1.373,16.381,17.452,0.787,1.263,758.300,1187.000,1.565,12.896,22.043,0.860,1.380,20.067,21.242,0.747,0.752,12.892,22.042,0.189,8.995,9.825,0.018,4155.000,104.398,46.535,8.995,56.360
195,09:37:00,32.270,63.290,61.300,44.990,43.600,31.630,1.376,16.380,17.451,0.788,1.266,759.500,1189.500,1.566,12.915,22.087,0.862,1.383,20.066,21.241,0.747,0.752,12.907,22.093,0.189,8.992,9.827,0.018,4155.000,104.626,46.539,8.992,56.366
196,09:37:30,32.290,63.310,61.320,45.010,43.620,31.630,1.378,16.379,17.450,0.789,1.267,760.000,1190.900,1.567,12.924,22.112,0.862,1.385,20.065,21.240,0.747,0.752,12.923,22.109,0.189,8.997,9.823,0.018,4155.000,104.778,46.552,8.997,56.374
197,09:38:00,32.310,63.330,61.350,45.030,43.650,31.640,1.379,16.377,17.449,0.789,1.268,760.100,1191.600,1.568,12.923,22.122,0.862,1.386,20.063,21.238,0.747,0.752,12.921,22.125,0.189,8.995,9.824,0.018,4155.000,104.854,46.558,8.995,56.382
198,09:38:30,32.330,63.370,61.390,45.060,43.670,31.640,1.379,16.375,17.447,0.789,1.268,759.800,1191.700,1.568,12.916,22.122,0.862,1.386,20.061,21.236,0.747,0.752,12.920,22.123,0.189,8.997,9.822,0.018,4155.000,104.854,46.554,8.997,56.376
199,09:39:00,32.350,63.420,61.450,45.090,43.710,31.640,1.379,16.372,17.445,0.788,1.268,759.400,1191.700,1.569,12.907,22.119,0.862,1.386,20.058,21.234,0.747,0.752,12.901,22.120,0.189,8.989,9.821,0.018,4155.000,104.854,46.554,8.989,56.375
200,09:39:30,32.370,63.490,61.510,45.130,43.750,31.640,1.380,16.368,17.443,0.788,1.268,759.300,1192.000,1.570,12.900,22.121,0.861,1.386,20.053,21.231,0.747,0.752,12.898,22.118,0.189,8.988,9.818,0.018,4155.000,104.930,46.576,8.988,56.394
201,09:40:00,32.390,63.570,61.580,45.190,43.800,31.650,1.381,16.364,17.440,0.788,1.269,759.500,1193.000,1.571,12.900,22.134,0.862,1.387,20.048,21.228,0.746,0.752,12.895,22.131,0.189,8.983,9.815,0.018,4155.000,105.006,46.571,8.983,56.386
202,09:40:30,32.420,63.660,61.660,45.250,43.850,31.650,1.384,16.358,17.436,0.789,1.271,760.300,1194.800,1.571,12.908,22.163,0.862,1.389,20.043,21.224,0.747,0.752,12.906,22.161,0.189,8.982,9.814,0.018,4155.000,105.235,46.602,8.982,56.415
203,09:41:00,32.440,63.760,61.760,45.320,43.910,31.650,1.388,16.353,17.433,0.791,1.274,761.800,1197.600,1.572,12.927,22.209,0.864,1.392,20.036,21.220,0.747,0.752,12.935,22.210,0.189,8.984,9.812,0.018,4155.000,105.539,46.627,8.984,56.439
204,09:41:30,32.460,63.870,61.850,45.390,43.970,31.660,1.394,16.347,17.429,0.793,1.278,763.800,1201.300,1.573,12.955,22.271,0.866,1.397,20.030,21.216,0.747,0.751,12.963,22.274,0.189,8.980,9.810,0.018,4155.000,105.995,46.684,8.980,56.495
205,09:42:00,32.490,63.980,61.950,45.460,44.040,31.660,1.400,16.340,17.425,0.795,1.282,766.100,1205.600,1.574,12.989,22.345,0.869,1.401,20.023,21.211,0.746,0.752,12.990,22.339,0.189,8.972,9.804,0.018,4155.000,106.451,46.718,8.972,56.522
206,09:42:30,32.510,64.080,62.040,45.530,44.100,31.660,1.407,16.335,17.421,0.797,1.287,768.700,1210.200,1.574,13.026,22.423,0.872,1.407,20.016,21.207,0.746,0.751,13.019,22.421,0.189,8.961,9.802,0.018,4155.000,106.983,46.773,8.961,56.576
207,09:43:00,32.540,64.180,62.130,45.600,44.160,31.670,1.413,16.329,17.417,0.800,1.292,771.100,1214.600,1.575,13.062,22.498,0.874,1.412,20.011,21.203,0.747,0.751,13.063,22.503,0.189,8.963,9.803,0.018,4155.000,107.440,46.803,8.963,56.605
208,09:43:30,32.560,64.260,62.210,45.660,44.220,31.670,1.419,16.324,17.413,0.802,1.296,773.200,1218.400,1.576,13.092,22.563,0.876,1.416,20.005,21.199,0.747,0.752,13.092,22.567,0.189,8.959,9.800,0.018,4155.000,107.896,46.855,8.959,56.655
209,09:44:00,32.590,64.320,62.270,45.700,44.270,31.680,1.423,16.321,17.410,0.804,1.299,774.700,1221.400,1.577,13.114,22.613,0.878,1.419,20.001,21.196,0.747,0.752,13.122,22.616,0.189,8.962,9.797,0.018,4155.000,108.200,46.871,8.962,56.668
210,09:44:30,32.610,64.370,62.320,45.740,44.310,31.680,1.426,16.318,17.408,0.804,1.301,775.600,1223.400,1.577,13.127,22.647,0.879,1.422,19.998,21.193,0.747,0.751,13.120,22.648,0.189,8.950,9.795,0.018,4155.000,108.428,46.893,8.950,56.688
211,09:45:00,32.640,64.400,62.360,45.770,44.340,31.690,1.428,16.316,17.406,0.805,1.302,776.000,1224.500,1.578,13.130,22.665,0.880,1.423,19.996,21.192,0.746,0.752,13.134,22.663,0.189,8.955,9.792,0.018,4155.000,108.580,46.917,8.955,56.709
212,09:45:30,32.670,64.410,62.380,45.790,44.360,31.690,1.429,16.315,17.405,0.805,1.303,775.900,1224.900,1.579,13.128,22.670,0.879,1.424,19.995,21.190,0.747,0.751,13.134,22.679,0.189,8.956,9.796,0.018,4155.000,108.656,46.934,8.956,56.731
213,09:46:00,32.690,64.410,62.390,45.800,44.380,31.700,1.429,16.314,17.404,0.804,1.303,775.500,1225.000,1.579,13.122,22.670,0.879,1.424,19.994,21.189,0.747,0.751,13.116,22.677,0.189,8.949,9.795,0.018,4155.000,108.656,46.931,8.949,56.725
214,09:46:30,32.720,64.410,62.400,45.800,44.390,31.700,1.429,16.314,17.404,0.804,1.303,775.300,1225.100,1.580,13.117,22.672,0.879,1.424,19.994,21.189,0.746,0.751,13.116,22.677,0.189,8.951,9.794,0.018,4155.000,108.656,46.927,8.951,56.721
215,09:47:00,32.750,64.400,62.400,45.810,44.400,31.710,1.430,16.314,17.403,0.804,1.303,775.300,1225.700,1.581,13.118,22.682,0.879,1.424,19.994,21.188,0.746,0.752,13.116,22.676,0.189,8.951,9.789,0.018,4155.000,108.732,46.937,8.951,56.725
216,09:47:30,32.780,64.400,62.410,45.810,44.420,31.720,1.432,16.314,17.403,0.805,1.305,775.800,1227.100,1.582,13.126,22.706,0.879,1.426,19.994,21.187,0.747,0.752,13.133,22.711,0.189,8.957,9.792,0.018,4155.000,108.884,46.949,8.957,56.741
217,09:48:00,32.800,64.410,62.430,45.830,44.440,31.720,1.435,16.313,17.401,0.806,1.307,776.900,1229.400,1.582,13.144,22.748,0.881,1.429,19.993,21.186,0.746,0.751,13.148,22.743,0.189,8.955,9.788,0.018,4155.000,109.112,46.959,8.955,56.747
218,09:48:30,32.830,64.440,62.460,45.860,44.470,31.730,1.440,16.311,17.400,0.808,1.311,778.700,1232.700,1.583,13.172,22.807,0.883,1.433,19.991,21.184,0.746,0.751,13.179,22.811,0.189,8.955,9.791,0.018,4155.000,109.493,46.996,8.955,56.788
219,09:49:00,32.860,64.490,62.510,45.890,44.510,31.740,1.446,16.309,17.398,0.810,1.315,781.000,1236.900,1.584,13.208,22.879,0.885,1.437,19.988,21.182,0.747,0.752,13.210,22.878,0.189,8.950,9.787,0.018,4155.000,109.949,47.032,8.950,56.819
220,09:49:30,32.890,64.550,62.570,45.940,44.560,31.740,1.453,16.305,17.395,0.812,1.320,783.500,1241.500,1.584,13.247,22.960,0.888,1.443,19.984,21.179,0.746,0.751,13.240,22.961,0.189,8.941,9.786,0.018,4155.000,110.481,47.085,8.941,56.870
221,09:50:00,32.920,64.630,62.650,46.010,44.620,31.750,1.460,16.300,17.391,0.815,1.325,786.200,1246.200,1.585,13.287,23.042,0.891,1.448,19.979,21.175,0.746,0.751,13.285,23.043,0.189,8.940,9.783,0.018,4155.000,111.013,47.133,8.940,56.916
222,09:50:30,32.940,64.730,62.740,46.080,44.680,31.760,1.467,16.294,17.387,0.818,1.330,788.600,1250.600,1.586,13.322,23.116,0.894,1.453,19.972,21.170,0.746,0.751,13.328,23.125,0.189,8.943,9.784,0.018,4155.000,111.546,47.192,8.943,56.976
223,09:51:00,32.970,64.840,62.840,46.160,44.760,31.760,1.473,16.288,17.382,0.820,1.333,790.600,1254.300,1.587,13.349,23.178,0.896,1.457,19.966,21.165,0.746,0.752,13.356,23.170,0.189,8.938,9.774,0.018,4155.000,112.002,47.246,8.938,57.020
224,09:51:30,33.000,64.960,62.950,46.240,44.830,31.770,1.477,16.282,17.378,0.821,1.336,792.000,1257.200,1.587,13.367,23.222,0.897,1.460,19.958,21.160,0.747,0.752,13.368,23.217,0.189,8.930,9.771,0.018,4155.000,112.306,47.265,8.930,57.036
225,09:52:00,33.030,65.070,63.050,46.320,44.900,31.780,1.480,16.275,17.373,0.822,1.338,792.800,1259.000,1.588,13.374,23.249,0.898,1.463,19.951,21.155,0.746,0.751,13.378,23.245,0.189,8.928,9.769,0.018,4155.000,112.534,47.293,8.928,57.062
226,09:52:30,33.050,65.180,63.150,46.390,44.970,31.790,1.481,16.269,17.369,0.822,1.339,793.100,1260.000,1.589,13.372,23.261,0.898,1.464,19.945,21.151,0.747,0.751,13.373,23.257,0.189,8.922,9.766,0.018,4155.000,112.610,47.287,8.922,57.053
227,09:53:00,33.080,65.270,63.230,46.460,45.030,31.800,1.482,16.264,17.365,0.822,1.340,793.000,1260.500,1.589,13.366,23.262,0.898,1.464,19.939,21.146,0.746,0.751,13.369,23.269,0.189,8.920,9.767,0.018,4155.000,112.686,47.300,8.920,57.068
228,09:53:30,33.110,65.350,63.310,46.510,45.080,31.810,1.482,16.259,17.362,0.822,1.340,792.800,1260.700,1.590,13.358,23.262,0.898,1.464,19.934,21.143,0.746,0.752,13.365,23.265,0.189,8.919,9.764,0.018,4155.000,112.686,47.293,8.919,57.057
229,09:54:00,33.140,65.410,63.370,46.560,45.130,31.820,1.483,16.256,17.359,0.821,1.340,792.800,1261.200,1.591,13.353,23.266,0.898,1.465,19.930,21.140,0.746,0.751,13.346,23.261,0.189,8.907,9.759,0.018,4155.000,112.762,47.306,8.907,57.065
230,09:54:30,33.160,65.450,63.410,46.590,45.160,31.820,1.484,16.253,17.357,0.822,1.341,793.100,1262.200,1.591,13.356,23.282,0.898,1.466,19.927,21.138,0.746,0.751,13.360,23.276,0.189,8.913,9.757,0.018,4155.000,112.838,47.301,8.913,57.057
231,09:55:00,33.190,65.470,63.440,46.610,45.190,31.830,1.487,16.252,17.356,0.823,1.343,794.000,1264.200,1.592,13.369,23.315,0.899,1.468,19.926,21.136,0.746,0.751,13.375,23.309,0.189,8.913,9.755,0.018,4155.000,113.066,47.321,8.913,57.077
232,09:55:30,33.220,65.480,63.460,46.630,45.210,31.840,1.492,16.251,17.355,0.824,1.346,795.500,1267.100,1.593,13.394,23.368,0.901,1.472,19.925,21.135,0.746,0.751,13.391,23.360,0.189,8.906,9.754,0.018,4155.000,113.446,47.372,8.906,57.126
233,09:56:00,33.240,65.480,63.470,46.640,45.230,31.850,1.498,16.250,17.354,0.826,1.351,797.600,1271.000,1.594,13.428,23.438,0.903,1.476,19.924,21.134,0.746,0.751,13.423,23.445,0.189,8.904,9.760,0.018,4155.000,113.903,47.416,8.904,57.176
234,09:56:30,33.270,65.480,63.480,46.650,45.250,31.860,1.505,16.250,17.353,0.829,1.355,800.100,1275.500,1.594,13.471,23.520,0.906,1.481,19.924,21.133,0.746,0.751,13.471,23.513,0.189,8.908,9.754,0.018,4155.000,114.435,47.470,8.908,57.223
235,09:57:00,33.290,65.480,63.490,46.660,45.270,31.870,1.512,16.250,17.352,0.832,1.361,802.800,1280.400,1.595,13.516,23.609,0.909,1.487,19.923,21.132,0.746,0.751,13.520,23.616,0.189,8.911,9.759,0.018,4155.000,114.967,47.508,8.911,57.267
236,09:57:30,33.320,65.490,63.510,46.680,45.290,31.880,1.519,16.249,17.351,0.835,1.366,805.500,1285.300,1.596,13.560,23.696,0.912,1.493,19.922,21.131,0.746,0.751,13.568,23.701,0.189,8.912,9.757,0.018,4155.000,115.499,47.546,8.912,57.303
237,09:58:00,33.340,65.510,63.540,46.700,45.320,31.890,1.526,16.247,17.349,0.837,1.370,807.900,1289.600,1.596,13.599,23.773,0.915,1.498,19.921,21.129,0.746,0.751,13.599,23.768,0.189,8.906,9.752,0.018,4155.000,116.032,47.606,8.906,57.357
238,09:58:30,33.360,65.550,63.580,46.730,45.360,31.900,1.531,16.245,17.347,0.839,1.374,809.800,1293.100,1.597,13.628,23.834,0.917,1.502,19.918,21.127,0.746,0.751,13.630,23.835,0.189,8.905,9.753,0.018,4155.000,116.412,47.633,8.905,57.385
239,09:59:00,33.390,65.590,63.630,46.770,45.400,31.910,1.535,16.242,17.345,0.840,1.377,811.000,1295.600,1.598,13.646,23.877,0.918,1.504,19.915,21.124,0.746,0.752,13.643,23.884,0.189,8.901,9.754,0.018,4155.000,116.716,47.665,8.901,57.419
240,09:59:30,33.410,65.660,63.700,46.820,45.450,31.930,1.537,16.238,17.342,0.841,1.378,811.700,1297.200,1.598,13.652,23.901,0.919,1.506,19.911,21.121,0.746,0.751,13.656,23.897,0.189,8.902,9.747,0.018,4155.000,116.868,47.668,8.902,57.415
241,10:00:00,33.430,65.740,63.770,46.880,45.500,31.940,1.539,16.234,17.339,0.841,1.379,811.800,1298.000,1.599,13.650,23.910,0.919,1.507,19.906,21.117,0.746,0.751,13.653,23.910,0.189,8.898,9.747,0.018,4155.000,117.020,47.701,8.898,57.447
242,10:00:30,33.450,65.830,63.860,46.940,45.560,31.950,1.539,16.228,17.335,0.841,1.379,811.700,1298.400,1.600,13.643,23.910,0.919,1.507,19.900,21.114,0.746,0.751,13.648,23.905,0.189,8.896,9.741,0.018,4155.000,117.020,47.686,8.896,57.427
243,10:01:00,33.470,65.930,63.950,47.000,45.620,31.960,1.540,16.223,17.332,0.840,1.380,811.500,1298.600,1.600,13.634,23.909,0.918,1.508,19.894,21.109,0.747,0.751,13.627,23.918,0.189,8.885,9.745,0.018,4155.000,117.096,47.710,8.885,57.455
244,10:01:30,33.490,66.030,64.040,47.070,45.680,31.970,1.541,16.217,17.328,0.840,1.380,811.600,1299.300,1.601,13.629,23.914,0.918,1.508,19.887,21.105,0.747,0.751,13.622,23.913,0.189,8.881,9.738,0.018,4155.000,117.172,47.715,8.881,57.453
245,10:02:00,33.510,66.140,64.140,47.140,45.740,31.980,1.543,16.211,17.324,0.841,1.381,812.100,1300.600,1.602,13.631,23.933,0.919,1.510,19.881,21.101,0.746,0.751,13.633,23.924,0.189,8.882,9.733,0.018,4155.000,117.324,47.729,8.882,57.462
246,10:02:30,33.530,66.240,64.230,47.210,45.800,31.990,1.546,16.205,17.320,0.842,1.384,813.200,1302.900,1.602,13.643,23.968,0.920,1.512,19.875,21.097,0.746,0.751,13.645,23.971,0.189,8.878,9.734,0.018,4155.000,117.552,47.737,8.878,57.472
247,10:03:00,33.550,66.330,64.310,47.270,45.860,32.000,1.551,16.200,17.317,0.844,1.387,814.900,1306.100,1.603,13.666,24.022,0.922,1.516,19.869,21.093,0.746,0.751,13.673,24.019,0.189,8.878,9.730,0.018,4155.000,117.933,47.774,8.878,57.504
248,10:03:30,33.570,66.410,64.390,47.320,45.910,32.010,1.557,16.195,17.313,0.846,1.391,817.100,1310.200,1.604,13.698,24.091,0.924,1.521,19.864,21.090,0.746,0.751,13.701,24.082,0.189,8.872,9.725,0.018,4155.000,118.389,47.809,8.872,57.534
249,10:04:00,33.590,66.480,64.450,47.370,45.950,32.020,1.564,16.191,17.311,0.848,1.396,819.600,1314.800,1.604,13.737,24.172,0.927,1.526,19.860,21.087,0.746,0.751,13.730,24.166,0.189,8.864,9.725,0.018,4155.000,118.921,47.856,8.864,57.581
250,10:04:30,33.610,66.530,64.510,47.410,45.990,32.030,1.572,16.188,17.308,0.851,1.401,822.300,1319.600,1.605,13.778,24.255,0.930,1.532,19.856,21.084,0.746,0.751,13.776,24.249,0.189,8.864,9.723,0.018,4155.000,119.529,47.926,8.864,57.648
251,10:05:00,33.620,66.570,64.550,47.440,46.030,32.040,1.579,16.186,17.307,0.854,1.406,824.800,1324.100,1.605,13.817,24.335,0.933,1.537,19.854,21.082,0.746,0.751,13.823,24.334,0.189,8.867,9.724,0.018,4155.000,120.062,47.976,8.867,57.699
252,10:05:30,33.640,66.590,64.580,47.460,46.050,32.050,1.585,16.184,17.305,0.856,1.410,826.800,1328.000,1.606,13.850,24.403,0.935,1.541,19.852,21.080,0.746,0.751,13.854,24.400,0.189,8.865,9.721,0.018,4155.000,120.518,48.017,8.865,57.738
253,10:06:00,33.650,66.600,64.600,47.470,46.070,32.070,1.589,16.183,17.304,0.857,1.413,828.300,1330.900,1.607,13.874,24.455,0.937,1.545,19.851,21.079,0.746,0.751,13.869,24.451,0.189,8.859,9.720,0.018,4155.000,120.822,48.033,8.859,57.753
254,10:06:30,33.670,66.610,64.620,47.480,46.090,32.080,1.592,16.183,17.303,0.858,1.415,829.200,1332.800,1.607,13.887,24.489,0.938,1.547,19.850,21.078,0.746,0.751,13.885,24.484,0.189,8.860,9.720,0.018,4155.000,121.050,48.055,8.860,57.775
255,10:07:00,33.680,66.610,64.630,47.490,46.100,32.090,1.594,16.182,17.303,0.858,1.416,829.500,1333.800,1.608,13.892,24.506,0.938,1.548,19.849,21.078,0.746,0.751,13.884,24.501,0.189,8.856,9.719,0.018,4155.000,121.202,48.079,8.856,57.799
256,10:07:30,33.700,66.610,64.650,47.490,46.120,32.100,1.594,16.182,17.302,0.858,1.417,829.300,1334.100,1.609,13.889,24.510,0.938,1.548,19.849,21.077,0.746,0.751,13.884,24.517,0.189,8.858,9.723,0.018,4155.000,121.202,48.068,8.858,57.792
257,10:08:00,33.710,66.620,64.660,47.500,46.130,32.110,1.594,16.181,17.302,0.858,1.417,829.000,1334.000,1.609,13.882,24.508,0.938,1.548,19.848,21.077,0.746,0.751,13.883,24.517,0.189,8.861,9.724,0.018,4155.000,121.202,48.072,8.861,57.796
258,10:08:30,33.720,66.640,64.680,47.510,46.150,32.120,1.594,16.180,17.301,0.858,1.417,828.700,1334.100,1.610,13.876,24.508,0.937,1.548,19.847,21.076,0.746,0.751,13.882,24.516,0.189,8.864,9.723,0.018,4155.000,121.202,48.068,8.864,57.791
259,10:09:00,33.730,66.670,64.720,47.530,46.170,32.130,1.595,16.178,17.300,0.858,1.417,828.700,1334.600,1.611,13.874,24.515,0.937,1.549,19.845,21.074,0.746,0.751,13.881,24.514,0.189,8.862,9.719,0.018,4155.000,121.278,48.081,8.862,57.799
260,10:09:30,33.740,66.710,64.760,47.560,46.200,32.140,1.597,16.175,17.298,0.858,1.418,829.200,1335.900,1.611,13.879,24.537,0.938,1.550,19.842,21.072,0.746,0.751,13.878,24.529,0.189,8.855,9.715,0.018,4155.000,121.430,48.094,8.855,57.809
261,10:10:00,33.760,66.780,64.820,47.600,46.230,32.150,1.600,16.172,17.296,0.859,1.421,830.300,1338.200,1.612,13.894,24.575,0.939,1.553,19.838,21.070,0.746,0.751,13.892,24.578,0.189,8.852,9.718,0.018,4155.000,121.658,48.102,8.852,57.819
262,10:10:30,33.770,66.860,64.900,47.650,46.280,32.150,1.605,16.167,17.293,0.861,1.424,832.000,1341.500,1.612,13.917,24.629,0.941,1.557,19.833,21.067,0.746,0.751,13.920,24.625,0.189,8.852,9.712,0.018,4155.000,122.039,48.133,8.852,57.846
263,10:11:00,33.780,66.950,64.980,47.710,46.330,32.160,1.612,16.162,17.289,0.863,1.428,834.100,1345.400,1.613,13.947,24.696,0.943,1.561,19.827,21.063,0.746,0.751,13.948,24.689,0.189,8.848,9.709,0.018,4155.000,122.571,48.203,8.848,57.912
264,10:11:30,33.790,67.050,65.070,47.770,46.390,32.170,1.618,16.156,17.286,0.865,1.433,836.500,1349.800,1.614,13.980,24.770,0.946,1.566,19.821,21.059,0.746,0.751,13.975,24.771,0.189,8.839,9.710,0.018,4155.000,123.027,48.225,8.839,57.934
265,10:12:00,33.790,67.160,65.170,47.840,46.450,32.180,1.625,16.150,17.282,0.868,1.437,838.900,1354.100,1.614,14.013,24.842,0.948,1.571,19.814,21.055,0.746,0.751,14.018,24.834,0.189,8.841,9.704,0.018,4155.000,123.559,48.280,8.841,57.983
266,10:12:30,33.800,67.270,65.270,47.910,46.500,32.190,1.631,16.144,17.278,0.870,1.442,841.000,1358.000,1.615,14.042,24.907,0.951,1.575,19.807,21.051,0.745,0.751,14.045,24.915,0.189,8.836,9.707,0.018,4155.000,124.016,48.319,8.836,58.026
267,10:13:00,33.810,67.370,65.360,47.970,46.560,32.200,1.636,16.138,17.275,0.871,1.445,842.600,1361.100,1.615,14.062,24.958,0.952,1.579,19.801,21.047,0.746,0.751,14.056,24.962,0.189,8.826,9.704,0.018,4155.000,124.396,48.356,8.826,58.060
268,10:13:30,33.820,67.460,65.440,48.020,46.610,32.210,1.639,16.133,17.272,0.872,1.447,843.600,1363.300,1.616,14.074,24.992,0.953,1.581,19.796,21.044,0.746,0.751,14.068,24.993,0.189,8.823,9.700,0.018,4155.000,124.624,48.367,8.823,58.067
269,10:14:00,33.830,67.530,65.500,48.070,46.650,32.210,1.641,16.129,17.269,0.873,1.448,844.000,1364.400,1.617,14.076,25.008,0.954,1.583,19.791,21.041,0.746,0.751,14.081,25.006,0.189,8.827,9.697,0.018,4155.000,124.776,48.387,8.827,58.084
270,10:14:30,33.840,67.580,65.550,48.100,46.680,32.220,1.641,16.126,17.267,0.872,1.448,843.800,1364.600,1.617,14.070,25.010,0.954,1.583,19.788,21.039,0.745,0.751,14.062,25.003,0.189,8.817,9.694,0.018,4155.000,124.776,48.380,8.817,58.074
271,10:15:00,33.840,67.610,65.580,48.110,46.700,32.230,1.641,16.124,17.266,0.872,1.448,843.300,1364.300,1.618,14.060,25.002,0.953,1.583,19.786,21.038,0.746,0.751,14.060,25.001,0.189,8.822,9.696,0.018,4155.000,124.776,48.390,8.822,58.086
272,10:15:30,33.850,67.620,65.600,48.120,46.710,32.240,1.640,16.123,17.266,0.871,1.448,842.700,1363.900,1.618,14.049,24.993,0.952,1.582,19.785,21.037,0.746,0.751,14.043,25.001,0.189,8.817,9.699,0.018,4155.000,124.700,48.375,8.817,58.074
273,10:16:00,33.860,67.620,65.610,48.120,46.710,32.240,1.640,16.123,17.266,0.871,1.447,842.300,1363.700,1.619,14.041,24.989,0.952,1.582,19.785,21.037,0.745,0.751,14.043,24.984,0.189,8.821,9.693,0.018,4155.000,124.700,48.382,8.821,58.076
274,10:16:30,33.860,67.600,65.600,48.110,46.710,32.250,1.641,16.124,17.266,0.871,1.448,842.300,1364.100,1.620,14.041,24.998,0.952,1.582,19.785,21.038,0.745,0.751,14.044,25.001,0.189,8.822,9.697,0.018,4155.000,124.776,48.397,8.822,58.095
275,10:17:00,33.870,67.590,65.600,48.100,46.710,32.260,1.643,16.125,17.267,0.871,1.449,842.800,1365.500,1.620,14.051,25.023,0.952,1.584,19.786,21.038,0.746,0.751,14.045,25.020,0.189,8.817,9.695,0.018,4155.000,124.928,48.407,8.817,58.101
276,10:17:30,33.880,67.570,65.590,48.090,46.700,32.260,1.646,16.125,17.267,0.873,1.452,843.900,1367.800,1.621,14.070,25.066,0.954,1.587,19.787,21.039,0.745,0.751,14.077,25.072,0.189,8.826,9.698,0.018,4155.000,125.156,48.414,8.826,58.112
277,10:18:00,33.880,67.560,65.590,48.080,46.710,32.270,1.651,16.125,17.267,0.874,1.455,845.600,1371.000,1.621,14.099,25.125,0.956,1.590,19.787,21.039,0.745,0.751,14.093,25.123,0.189,8.818,9.696,0.018,4155.000,125.536,48.447,8.818,58.143
278,10:18:30,33.890,67.570,65.610,48.090,46.720,32.270,1.657,16.125,17.267,0.876,1.459,847.700,1374.900,1.622,14.132,25.195,0.958,1.595,19.786,21.038,0.746,0.751,14.126,25.193,0.189,8.817,9.695,0.018,4155.000,125.992,48.485,8.817,58.180
279,10:19:00,33.900,67.600,65.640,48.100,46.730,32.280,1.664,16.123,17.266,0.879,1.464,849.900,1379.000,1.623,14.168,25.269,0.960,1.600,19.785,21.037,0.746,0.751,14.172,25.277,0.189,8.823,9.699,0.018,4155.000,126.525,48.546,8.823,58.244
280,10:19:30,33.900,67.640,65.680,48.130,46.760,32.280,1.670,16.120,17.264,0.881,1.468,852.000,1382.900,1.623,14.201,25.339,0.963,1.604,19.782,21.035,0.745,0.751,14.202,25.344,0.189,8.819,9.696,0.018,4155.000,126.981,48.583,8.819,58.280
281,10:20:00,33.910,67.700,65.730,48.170,46.800,32.290,1.675,16.117,17.262,0.883,1.471,853.800,1386.300,1.624,14.227,25.397,0.965,1.608,19.778,21.033,0.745,0.751,14.231,25.392,0.189,8.819,9.691,0.018,4155.000,127.361,48.609,8.819,58.300
282,10:20:30,33.920,67.780,65.800,48.220,46.840,32.290,1.679,16.113,17.259,0.884,1.474,855.100,1388.900,1.624,14.243,25.438,0.966,1.611,19.773,21.030,0.746,0.751,14.244,25.440,0.189,8.814,9.691,0.018,4155.000,127.665,48.634,8.814,58.325
283,10:21:00,33.930,67.870,65.880,48.270,46.890,32.290,1.682,16.108,17.256,0.885,1.475,855.700,1390.400,1.625,14.248,25.461,0.967,1.613,19.768,21.027,0.745,0.751,14.256,25.453,0.189,8.815,9.686,0.018,4155.000,127.893,48.668,8.815,58.354
284,10:21:30,33.930,67.960,65.970,48.330,46.940,32.300,1.683,16.102,17.253,0.885,1.476,855.800,1391.000,1.625,14.243,25.465,0.967,1.613,19.762,21.023,0.745,0.751,14.250,25.465,0.189,8.810,9.686,0.018,4155.000,127.969,48.676,8.810,58.363
285,10:22:00,33.940,68.060,66.050,48.390,46.990,32.300,1.682,16.097,17.250,0.884,1.476,855.400,1390.800,1.626,14.230,25.456,0.966,1.613,19.756,21.020,0.746,0.751,14.230,25.461,0.189,8.802,9.686,0.018,4155.000,127.893,48.654,8.802,58.340
286,10:22:30,33.950,68.150,66.130,48.440,47.030,32.300,1.682,16.092,17.247,0.883,1.475,854.700,1390.200,1.627,14.214,25.440,0.965,1.612,19.750,21.016,0.746,0.751,14.209,25.439,0.189,8.796,9.682,0.018,4155.000,127.893,48.675,8.796,58.357
287,10:23:00,33.950,68.230,66.210,48.490,47.070,32.310,1.681,16.087,17.244,0.883,1.474,854.100,1389.700,1.627,14.198,25.425,0.965,1.611,19.745,21.013,0.745,0.751,14.205,25.418,0.189,8.800,9.677,0.018,4155.000,127.817,48.664,8.800,58.341
288,10:23:30,33.960,68.300,66.270,48.540,47.110,32.310,1.681,16.083,17.242,0.882,1.474,853.800,1389.600,1.628,14.188,25.420,0.964,1.611,19.741,21.011,0.746,0.751,14.185,25.415,0.189,8.791,9.677,0.018,4155.000,127.817,48.667,8.791,58.344
289,10:24:00,33.970,68.360,66.320,48.570,47.140,32.310,1.682,16.080,17.240,0.882,1.475,853.900,1390.300,1.628,14.187,25.429,0.964,1.612,19.737,21.009,0.746,0.751,14.183,25.429,0.189,8.788,9.677,0.018,4155.000,127.893,48.672,8.788,58.349
290,10:24:30,33.980,68.400,66.350,48.590,47.160,32.310,1.684,16.078,17.239,0.883,1.477,854.600,1392.000,1.629,14.197,25.457,0.965,1.614,19.735,21.007,0.745,0.751,14.197,25.462,0.189,8.790,9.678,0.018,4155.000,128.045,48.670,8.790,58.348
291,10:25:00,33.990,68.420,66.380,48.610,47.170,32.320,1.689,16.077,17.238,0.884,1.480,856.000,1394.700,1.629,14.218,25.505,0.967,1.617,19.734,21.006,0.745,0.751,14.212,25.512,0.189,8.785,9.678,0.018,4155.000,128.426,48.720,8.785,58.399
292,10:25:30,34.000,68.430,66.390,48.610,47.180,32.320,1.694,16.076,17.237,0.886,1.483,857.900,1398.200,1.630,14.248,25.568,0.969,1.621,19.733,21.006,0.745,0.751,14.243,25.562,0.189,8.784,9.673,0.018,4155.000,128.806,48.742,8.784,58.415
293,10:26:00,34.010,68.420,66.390,48.610,47.190,32.320,1.701,16.076,17.237,0.889,1.488,860.100,1402.200,1.630,14.285,25.642,0.971,1.626,19.733,21.006,0.746,0.751,14.292,25.649,0.189,8.792,9.678,0.018,4155.000,129.338,48.804,8.792,58.482
294,10:26:30,34.020,68.410,66.390,48.610,47.190,32.320,1.707,16.076,17.237,0.891,1.492,862.300,1406.400,1.631,14.323,25.718,0.974,1.631,19.733,21.006,0.745,0.751,14.324,25.718,0.189,8.789,9.675,0.018,4155.000,129.794,48.830,8.789,58.505
295,10:27:00,34.030,68.400,66.390,48.610,47.200,32.320,1.713,16.077,17.237,0.893,1.496,864.400,1410.200,1.631,14.358,25.789,0.976,1.635,19.734,21.006,0.745,0.751,14.357,25.787,0.189,8.788,9.675,0.018,4155.000,130.251,48.869,8.788,58.544
296,10:27:30,34.040,68.390,66.390,48.600,47.200,32.320,1.718,16.077,17.237,0.895,1.499,866.100,1413.400,1.632,14.386,25.847,0.978,1.639,19.734,21.006,0.745,0.751,14.389,25.838,0.189,8.790,9.672,0.018,4155.000,130.631,48.901,8.790,58.574
297,10:28:00,34.050,68.380,66.390,48.600,47.210,32.320,1.722,16.077,17.237,0.896,1.502,867.200,1415.700,1.633,14.404,25.887,0.979,1.641,19.734,21.005,0.746,0.751,14.405,25.890,0.189,8.789,9.676,0.018,4155.000,130.935,48.935,8.789,58.611
298,10:28:30,34.060,68.380,66.400,48.610,47.220,32.320,1.724,16.077,17.236,0.896,1.503,867.700,1416.900,1.633,14.412,25.909,0.980,1.643,19.734,21.005,0.745,0.751,14.405,25.906,0.189,8.784,9.674,0.018,4155.000,131.087,48.951,8.784,58.624
299,10:29:00,34.080,68.400,66.420,48.620,47.240,32.320,1.724,16.076,17.235,0.896,1.504,867.600,1417.300,1.634,14.410,25.915,0.980,1.643,19.733,21.004,0.745,0.751,14.404,25.921,0.189,8.784,9.677,0.018,4155.000,131.087,48.937,8.784,58.614
300,10:29:30,34.090,68.430,66.450,48.640,47.260,32.320,1.724,16.074,17.234,0.896,1.503,867.200,1417.100,1.634,14.401,25.908,0.979,1.643,19.731,21.003,0.746,0.751,14.402,25.903,0.189,8.787,9.671,0.018,4155.000,131.087,48.944,8.787,58.615
301,10:30:00,34.100,68.470,66.490,48.670,47.280,32.320,1.723,16.072,17.232,0.895,1.503,866.600,1416.600,1.635,14.389,25.897,0.978,1.642,19.728,21.001,0.746,0.751,14.384,25.900,0.189,8.782,9.674,0.018,4155.000,131.011,48.933,8.782,58.606
302,10:30:30,34.120,68.530,66.540,48.710,47.320,32.320,1.723,16.068,17.230,0.895,1.502,866.200,1416.400,1.635,14.378,25.888,0.978,1.642,19.725,20.998,0.745,0.751,14.381,25.879,0.189,8.784,9.667,0.018,4155.000,131.011,48.940,8.784,58.607
303,10:31:00,34.130,68.600,66.600,48.750,47.360,32.320,1.723,16.064,17.228,0.895,1.503,866.200,1416.700,1.636,14.373,25.890,0.978,1.642,19.720,20.996,0.745,0.751,14.377,25.894,0.189,8.782,9.671,0.018,4155.000,131.011,48.929,8.782,58.600
304,10:31:30,34.140,68.680,66.670,48.800,47.400,32.320,1.725,16.060,17.225,0.895,1.504,866.600,1418.000,1.636,14.376,25.907,0.978,1.644,19.716,20.993,0.746,0.751,14.374,25.906,0.189,8.776,9.666,0.018,4155.000,131.163,48.941,8.776,58.608
305,10:32:00,34.160,68.760,66.750,48.860,47.450,32.320,1.729,16.055,17.222,0.896,1.506,867.800,1420.200,1.637,14.389,25.943,0.979,1.646,19.710,20.989,0.746,0.751,14.385,25.936,0.189,8.771,9.663,0.018,4155.000,131.467,48.979,8.771,58.641
306,10:32:30,34.180,68.850,66.820,48.920,47.500,32.320,1.734,16.050,17.219,0.898,1.510,869.500,1423.500,1.637,14.412,25.996,0.981,1.650,19.705,20.986,0.746,0.751,14.413,26.001,0.189,8.770,9.664,0.018,4155.000,131.847,49.006,8.770,58.670
307,10:33:00,34.190,68.930,66.900,48.970,47.550,32.320,1.741,16.046,17.216,0.900,1.514,871.600,1427.500,1.638,14.442,26.063,0.984,1.655,19.700,20.982,0.745,0.751,14.441,26.065,0.189,8.767,9.661,0.018,4155.000,132.380,49.066,8.767,58.727
308,10:33:30,34.210,69.010,66.970,49.030,47.590,32.320,1.747,16.041,17.213,0.902,1.518,874.000,1431.800,1.638,14.477,26.137,0.986,1.660,19.695,20.979,0.745,0.751,14.469,26.129,0.189,8.759,9.656,0.018,4155.000,132.836,49.087,8.759,58.743
309,10:34:00,34.230,69.080,67.030,49.070,47.640,32.320,1.754,16.038,17.210,0.905,1.523,876.400,1436.100,1.639,14.511,26.210,0.989,1.664,19.691,20.976,0.745,0.751,14.514,26.211,0.189,8.763,9.657,0.018,4155.000,133.368,49.137,8.763,58.793
310,10:34:30,34.250,69.130,67.080,49.110,47.680,32.320,1.760,16.034,17.208,0.907,1.527,878.400,1439.900,1.639,14.542,26.276,0.991,1.669,19.687,20.973,0.745,0.751,14.543,26.277,0.189,8.760,9.656,0.018,4155.000,133.824,49.175,8.760,58.830
311,10:35:00,34.260,69.160,67.120,49.140,47.710,32.320,1.765,16.032,17.206,0.909,1.530,880.000,1443.000,1.640,14.566,26.327,0.993,1.672,19.685,20.972,0.745,0.751,14.573,26.325,0.189,8.762,9.653,0.018,4155.000,134.204,49.208,8.762,58.861
312,10:35:30,34.280,69.180,67.140,49.160,47.730,32.320,1.769,16.031,17.204,0.910,1.532,881.000,1445.000,1.640,14.581,26.362,0.994,1.675,19.684,20.970,0.745,0.751,14.588,26.357,0.189,8.761,9.651,0.018,4155.000,134.509,49.252,8.761,58.902
313,10:36:00,34.300,69.190,67.150,49.170,47.750,32.320,1.770,16.031,17.204,0.910,1.533,881.400,1446.000,1.641,14.586,26.380,0.994,1.676,19.683,20.969,0.746,0.751,14.588,26.374,0.189,8.757,9.650,0.018,4155.000,134.585,49.245,8.757,58.896
314,10:36:30,34.320,69.180,67.150,49.170,47.760,32.320,1.771,16.031,17.203,0.910,1.534,881.200,1446.300,1.641,14.585,26.384,0.994,1.676,19.684,20.969,0.745,0.751,14.588,26.389,0.189,8.759,9.654,0.018,4155.000,134.661,49.263,8.759,58.917
315,10:37:00,34.340,69.160,67.150,49.170,47.760,32.320,1.770,16.032,17.203,0.909,1.533,880.800,1446.000,1.642,14.579,26.379,0.994,1.676,19.684,20.969,0.745,0.751,14.573,26.372,0.189,8.754,9.650,0.018,4155.000,134.585,49.245,8.754,58.895
316,10:37:30,34.360,69.140,67.140,49.170,47.760,32.320,1.770,16.032,17.203,0.909,1.533,880.400,1445.700,1.642,14.572,26.373,0.993,1.675,19.685,20.969,0.745,0.751,14.573,26.372,0.189,8.758,9.652,0.018,4155.000,134.585,49.256,8.758,58.907
317,10:38:00,34.380,69.120,67.130,49.160,47.770,32.320,1.770,16.033,17.203,0.909,1.533,880.100,1445.800,1.643,14.569,26.374,0.993,1.675,19.686,20.969,0.745,0.751,14.574,26.372,0.189,8.762,9.651,0.018,4155.000,134.585,49.252,8.762,58.903
318,10:38:30,34.400,69.110,67.130,49.160,47.770,32.320,1.771,16.034,17.203,0.909,1.534,880.300,1446.500,1.643,14.573,26.387,0.993,1.676,19.686,20.969,0.745,0.751,14.575,26.389,0.189,8.760,9.653,0.018,4155.000,134.661,49.256,8.760,58.909
319,10:39:00,34.430,69.110,67.140,49.170,47.790,32.320,1.774,16.033,17.202,0.910,1.536,881.100,1448.200,1.644,14.585,26.417,0.994,1.678,19.686,20.968,0.745,0.751,14.590,26.422,0.189,8.761,9.653,0.018,4155.000,134.889,49.282,8.761,58.935
320,10:39:30,34.450,69.140,67.160,49.190,47.810,32.320,1.778,16.032,17.201,0.911,1.539,882.500,1450.900,1.644,14.607,26.464,0.996,1.681,19.685,20.967,0.745,0.751,14.605,26.472,0.189,8.756,9.654,0.018,4155.000,135.193,49.301,8.756,58.955
321,10:40:00,34.470,69.180,67.200,49.220,47.840,32.320,1.784,16.029,17.199,0.913,1.542,884.500,1454.500,1.645,14.636,26.526,0.998,1.686,19.682,20.964,0.745,0.750,14.634,26.521,0.189,8.754,9.647,0.018,4155.000,135.649,49.345,8.754,58.992
322,10:40:30,34.490,69.240,67.260,49.270,47.890,32.320,1.791,16.026,17.197,0.915,1.547,886.700,1458.700,1.645,14.670,26.597,1.000,1.690,19.678,20.961,0.746,0.751,14.664,26.604,0.189,8.750,9.650,0.018,4155.000,136.181,49.396,8.750,59.046
323,10:41:00,34.520,69.310,67.330,49.330,47.940,32.320,1.798,16.022,17.193,0.918,1.551,889.100,1463.100,1.645,14.704,26.670,1.003,1.695,19.673,20.958,0.745,0.751,14.708,26.666,0.189,8.753,9.643,0.018,4155.000,136.714,49.440,8.753,59.083
324,10:41:30,34.540,69.400,67.410,49.390,48.000,32.320,1.804,16.016,17.190,0.920,1.555,891.400,1467.200,1.646,14.736,26.739,1.006,1.700,19.668,20.954,0.745,0.751,14.735,26.730,0.189,8.746,9.640,0.018,4155.000,137.170,49.466,8.746,59.106
325,10:42:00,34.560,69.500,67.500,49.460,48.060,32.320,1.810,16.011,17.186,0.922,1.559,893.300,1470.700,1.646,14.760,26.794,1.008,1.704,19.662,20.950,0.745,0.751,14.762,26.793,0.189,8.744,9.639,0.018,4155.000,137.626,49.512,8.744,59.152
326,10:42:30,34.590,69.600,67.590,49.530,48.120,32.320,1.814,16.005,17.182,0.923,1.562,894.600,1473.200,1.647,14.775,26.833,1.009,1.707,19.655,20.945,0.745,0.751,14.773,26.838,0.189,8.737,9.639,0.018,4155.000,137.930,49.538,8.737,59.177
327,10:43:00,34.610,69.700,67.680,49.600,48.190,32.320,1.816,16.000,17.178,0.924,1.563,895.200,1474.700,1.647,14.780,26.853,1.010,1.708,19.649,20.941,0.745,0.751,14.784,26.849,0.189,8.738,9.633,0.018,4155.000,138.082,49.542,8.738,59.175
328,10:43:30,34.630,69.790,67.760,49.660,48.240,32.320,1.817,15.995,17.174,0.924,1.564,895.300,1475.300,1.648,14.776,26.857,1.010,1.709,19.644,20.937,0.745,0.751,14.779,26.860,0.189,8.734,9.633,0.018,4155.000,138.158,49.549,8.734,59.182
329,10:44:00,34.660,69.860,67.820,49.710,48.290,32.320,1.817,15.991,17.171,0.923,1.564,895.000,1475.100,1.648,14.765,26.848,1.009,1.709,19.639,20.934,0.745,0.750,14.760,26.855,0.189,8.726,9.633,0.018,4155.000,138.158,49.556,8.726,59.188
330,10:44:30,34.680,69.910,67.880,49.750,48.330,32.320,1.816,15.987,17.169,0.923,1.563,894.400,1474.600,1.649,14.752,26.834,1.008,1.708,19.636,20.931,0.745,0.751,14.756,26.835,0.189,8.729,9.629,0.018,4155.000,138.082,49.545,8.729,59.174
331,10:45:00,34.700,69.940,67.910,49.780,48.360,32.320,1.816,15.985,17.167,0.922,1.562,893.900,1474.100,1.649,14.741,26.822,1.008,1.708,19.634,20.929,0.745,0.750,14.738,26.815,0.189,8.724,9.625,0.018,4155.000,138.082,49.562,8.724,59.187
332,10:45:30,34.730,69.960,67.930,49.800,48.380,32.330,1.816,15.984,17.166,0.922,1.562,893.700,1474.200,1.650,14.736,26.820,1.008,1.708,19.633,20.928,0.745,0.750,14.737,26.813,0.189,8.725,9.623,0.018,4155.000,138.082,49.559,8.725,59.182
333,10:46:00,34.750,69.960,67.940,49.810,48.390,32.330,1.817,15.984,17.166,0.922,1.563,893.900,1475.000,1.650,14.740,26.834,1.008,1.708,19.632,20.927,0.745,0.751,14.737,26.830,0.189,8.723,9.624,0.018,4155.000,138.158,49.559,8.723,59.183
334,10:46:30,34.780,69.950,67.940,49.810,48.400,32.330,1.820,15.984,17.165,0.923,1.565,894.800,1476.800,1.650,14.755,26.866,1.009,1.711,19.633,20.927,0.745,0.750,14.753,26.863,0.189,8.724,9.624,0.018,4155.000,138.386,49.580,8.724,59.205
335,10:47:00,34.800,69.930,67.930,49.810,48.410,32.330,1.824,15.985,17.165,0.925,1.568,896.200,1479.600,1.651,14.779,26.916,1.010,1.714,19.633,20.927,0.745,0.750,14.786,26.915,0.189,8.729,9.625,0.018,4155.000,138.691,49.595,8.729,59.220
336,10:47:30,34.820,69.920,67.930,49.810,48.420,32.340,1.830,15.986,17.165,0.927,1.572,898.200,1483.100,1.651,14.812,26.980,1.013,1.718,19.634,20.927,0.745,0.750,14.819,26.983,0.189,8.729,9.626,0.018,4155.000,139.147,49.641,8.729,59.267
337,10:48:00,34.850,69.910,67.930,49.810,48.430,32.340,1.836,15.986,17.164,0.929,1.576,900.300,1487.100,1.652,14.848,27.051,1.015,1.722,19.634,20.926,0.745,0.751,14.851,27.050,0.189,8.728,9.624,0.018,4155.000,139.603,49.670,8.728,59.294
338,10:48:30,34.870,69.900,67.940,49.820,48.450,32.340,1.843,15.986,17.163,0.931,1.580,902.500,1491.000,1.652,14.883,27.122,1.018,1.727,19.634,20.925,0.745,0.751,14.883,27.118,0.189,8.725,9.623,0.018,4155.000,140.135,49.729,8.725,59.352
339,10:49:00,34.890,69.920,67.960,49.840,48.470,32.340,1.849,15.985,17.162,0.933,1.584,904.400,1494.600,1.653,14.914,27.184,1.020,1.731,19.633,20.924,0.745,0.751,14.914,27.185,0.189,8.725,9.624,0.018,4155.000,140.591,49.771,8.725,59.394
340,10:49:30,34.910,69.950,67.990,49.870,48.500,32.350,1.853,15.983,17.160,0.934,1.587,905.800,1497.300,1.653,14.935,27.230,1.021,1.734,19.631,20.922,0.745,0.751,14.928,27.233,0.189,8.720,9.623,0.018,4155.000,140.896,49.788,8.720,59.412
341,10:50:00,34.940,70.000,68.040,49.910,48.540,32.350,1.856,15.980,17.158,0.935,1.589,906.700,1499.100,1.653,14.945,27.258,1.022,1.736,19.628,20.919,0.745,0.751,14.941,27.264,0.189,8.719,9.623,0.018,4155.000,141.124,49.809,8.719,59.432
342,10:50:30,34.960,70.060,68.100,49.950,48.590,32.360,1.857,15.976,17.155,0.935,1.589,906.900,1499.800,1.654,14.944,27.265,1.022,1.737,19.624,20.916,0.745,0.750,14.938,27.259,0.189,8.715,9.617,0.018,4155.000,141.200,49.813,8.715,59.429
343,10:51:00,34.980,70.130,68.170,50.010,48.640,32.360,1.857,15.972,17.152,0.935,1.589,906.500,1499.600,1.654,14.933,27.255,1.022,1.737,19.619,20.913,0.745,0.750,14.934,27.255,0.189,8.716,9.616,0.018,4155.000,141.200,49.819,8.716,59.435
344,10:51:30,35.000,70.220,68.250,50.070,48.690,32.370,1.856,15.967,17.149,0.934,1.588,905.800,1498.800,1.655,14.916,27.234,1.021,1.736,19.614,20.909,0.745,0.750,14.913,27.233,0.189,8.711,9.614,0.018,4155.000,141.124,49.819,8.711,59.433
345,10:52:00,35.020,70.310,68.330,50.130,48.740,32.370,1.854,15.962,17.146,0.933,1.587,905.000,1497.800,1.655,14.896,27.209,1.020,1.734,19.608,20.906,0.745,0.751,14.893,27.211,0.189,8.707,9.612,0.018,4155.000,140.972,49.798,8.707,59.411
346,10:52:30,35.040,70.400,68.410,50.190,48.800,32.380,1.853,15.957,17.142,0.932,1.586,904.300,1497.000,1.655,14.879,27.188,1.019,1.733,19.602,20.902,0.745,0.751,14.872,27.187,0.189,8.701,9.609,0.018,4155.000,140.896,49.798,8.701,59.407
347,10:53:00,35.060,70.490,68.490,50.250,48.850,32.380,1.852,15.952,17.139,0.932,1.586,904.000,1496.800,1.656,14.868,27.179,1.019,1.733,19.597,20.898,0.745,0.750,14.867,27.182,0.189,8.702,9.609,0.018,4155.000,140.820,49.778,8.702,59.387
348,10:53:30,35.080,70.570,68.560,50.300,48.900,32.390,1.854,15.947,17.136,0.932,1.587,904.200,1497.600,1.656,14.867,27.187,1.019,1.734,19.592,20.895,0.745,0.750,14.863,27.195,0.189,8.697,9.608,0.018,4155.000,140.972,49.805,8.697,59.413
349,10:54:00,35.100,70.640,68.620,50.350,48.940,32.390,1.856,15.944,17.133,0.933,1.588,905.100,1499.300,1.657,14.876,27.213,1.020,1.736,19.588,20.892,0.745,0.750,14.876,27.207,0.189,8.696,9.601,0.018,4155.000,141.124,49.802,8.696,59.404
350,10:54:30,35.120,70.700,68.680,50.390,48.980,32.400,1.861,15.940,17.131,0.934,1.591,906.500,1502.000,1.657,14.895,27.257,1.021,1.739,19.584,20.889,0.745,0.750,14.888,27.255,0.189,8.690,9.601,0.018,4155.000,141.504,49.847,8.690,59.448
351,10:55:00,35.140,70.740,68.720,50.420,49.010,32.400,1.866,15.938,17.129,0.936,1.595,908.200,1505.300,1.657,14.921,27.313,1.023,1.743,19.582,20.887,0.745,0.750,14.918,27.321,0.189,8.691,9.603,0.018,4155.000,141.884,49.871,8.691,59.474
352,10:55:30,35.150,70.760,68.750,50.450,49.030,32.410,1.872,15.936,17.127,0.938,1.598,910.200,1508.900,1.658,14.951,27.375,1.025,1.747,19.580,20.886,0.745,0.750,14.948,27.369,0.189,8.689,9.597,0.018,4155.000,142.340,49.912,8.689,59.509
353,10:56:00,35.170,70.780,68.760,50.460,49.050,32.420,1.878,15.935,17.126,0.940,1.602,912.100,1512.300,1.658,14.981,27.435,1.027,1.751,19.579,20.885,0.745,0.750,14.979,27.436,0.189,8.689,9.599,0.018,4155.000,142.797,49.959,8.689,59.558
354,10:56:30,35.190,70.780,68.770,50.470,49.070,32.420,1.882,15.935,17.126,0.942,1.605,913.600,1515.200,1.659,15.005,27.486,1.029,1.754,19.578,20.884,0.745,0.750,15.011,27.487,0.189,8.693,9.598,0.018,4155.000,143.101,49.970,8.693,59.568
355,10:57:00,35.200,70.770,68.780,50.470,49.080,32.430,1.886,15.935,17.125,0.943,1.607,914.600,1517.200,1.659,15.022,27.521,1.030,1.756,19.579,20.883,0.745,0.750,15.027,27.520,0.189,8.693,9.597,0.018,4155.000,143.405,50.010,8.693,59.607
356,10:57:30,35.220,70.760,68.780,50.470,49.090,32.440,1.887,15.935,17.125,0.943,1.608,914.900,1518.100,1.659,15.028,27.538,1.031,1.757,19.579,20.883,0.744,0.751,15.027,27.537,0.189,8.690,9.597,0.018,4155.000,143.481,50.007,8.690,59.605
357,10:58:00,35.230,70.750,68.780,50.470,49.090,32.450,1.887,15.936,17.125,0.943,1.608,914.700,1518.100,1.660,15.025,27.536,1.030,1.757,19.579,20.883,0.745,0.750,15.028,27.537,0.189,8.693,9.597,0.018,4155.000,143.481,50.007,8.693,59.605
358,10:58:30,35.250,70.740,68.780,50.470,49.100,32.450,1.886,15.936,17.125,0.942,1.607,914.000,1517.200,1.660,15.013,27.520,1.030,1.756,19.580,20.883,0.744,0.750,15.012,27.520,0.189,8.690,9.597,0.018,4155.000,143.405,50.010,8.690,59.607
359,10:59:00,35.260,70.740,68.790,50.480,49.110,32.460,1.884,15.936,17.124,0.941,1.606,913.000,1515.900,1.660,14.997,27.496,1.029,1.755,19.579,20.882,0.744,0.750,14.996,27.501,0.189,8.690,9.599,0.018,4155.000,143.253,50.000,8.690,59.599
360,10:59:30,35.270,70.750,68.800,50.490,49.120,32.470,1.881,15.935,17.124,0.940,1.604,912.000,1514.600,1.661,14.980,27.471,1.027,1.753,19.578,20.881,0.745,0.750,14.979,27.467,0.189,8.690,9.595,0.018,4155.000,143.025,49.963,8.690,59.558
361,11:00:00,35.280,70.780,68.830,50.510,49.140,32.480,1.880,15.933,17.122,0.939,1.603,911.300,1513.700,1.661,14.966,27.453,1.027,1.752,19.577,20.880,0.744,0.750,14.961,27.447,0.189,8.686,9.594,0.018,4155.000,142.949,49.966,8.686,59.560
362,11:00:30,35.300,70.820,68.870,50.530,49.170,32.480,1.880,15.931,17.121,0.939,1.603,911.000,1513.600,1.661,14.959,27.447,1.026,1.752,19.574,20.878,0.745,0.750,14.959,27.445,0.189,8.688,9.594,0.018,4155.000,142.949,49.970,8.688,59.564
363,11:01:00,35.310,70.880,68.920,50.570,49.200,32.490,1.881,15.927,17.119,0.939,1.604,911.400,1514.500,1.662,14.960,27.459,1.027,1.753,19.570,20.876,0.744,0.750,14.955,27.459,0.189,8.682,9.593,0.018,4155.000,143.025,49.967,8.682,59.560
364,11:01:30,35.320,70.950,68.990,50.620,49.240,32.500,1.884,15.923,17.116,0.940,1.606,912.300,1516.300,1.662,14.971,27.488,1.028,1.755,19.566,20.873,0.744,0.750,14.968,27.488,0.189,8.681,9.592,0.018,4155.000,143.253,49.987,8.681,59.579
365,11:02:00,35.330,71.040,69.060,50.670,49.290,32.510,1.889,15.919,17.113,0.942,1.609,913.800,1519.100,1.662,14.989,27.531,1.029,1.758,19.561,20.870,0.745,0.750,14.996,27.535,0.189,8.683,9.590,0.018,4155.000,143.633,50.027,8.683,59.618
366,11:02:30,35.340,71.130,69.140,50.730,49.340,32.520,1.894,15.914,17.110,0.943,1.612,915.500,1522.300,1.663,15.012,27.584,1.031,1.762,19.555,20.867,0.745,0.750,15.007,27.581,0.189,8.673,9.586,0.018,4155.000,144.013,50.054,8.673,59.640
367,11:03:00,35.340,71.220,69.220,50.790,49.390,32.520,1.900,15.909,17.107,0.945,1.616,917.400,1525.700,1.663,15.037,27.639,1.033,1.766,19.550,20.863,0.745,0.750,15.034,27.645,0.189,8.671,9.587,0.018,4155.000,144.469,50.101,8.671,59.688
368,11:03:30,35.350,71.310,69.290,50.850,49.430,32.530,1.905,15.904,17.104,0.947,1.619,919.100,1528.800,1.663,15.058,27.689,1.035,1.769,19.544,20.860,0.744,0.750,15.061,27.691,0.189,8.670,9.584,0.018,4155.000,144.850,50.131,8.670,59.714
369,11:04:00,35.360,71.380,69.360,50.900,49.480,32.540,1.909,15.899,17.101,0.948,1.621,920.300,1531.200,1.664,15.074,27.727,1.036,1.772,19.539,20.857,0.745,0.750,15.072,27.721,0.189,8.665,9.579,0.018,4155.000,145.154,50.157,8.665,59.736
370,11:04:30,35.370,71.450,69.420,50.940,49.510,32.550,1.911,15.896,17.099,0.949,1.623,921.000,1532.700,1.664,15.081,27.748,1.037,1.774,19.536,20.854,0.744,0.750,15.085,27.752,0.189,8.666,9.580,0.018,4155.000,145.306,50.161,8.666,59.741
371,11:05:00,35.370,71.490,69.460,50.960,49.540,32.560,1.912,15.893,17.097,0.949,1.623,921.100,1533.100,1.664,15.080,27.753,1.037,1.774,19.533,20.852,0.744,0.750,15.082,27.748,0.189,8.664,9.576,0.018,4155.000,145.382,50.174,8.664,59.750
372,11:05:30,35.380,71.510,69.490,50.980,49.560,32.570,1.911,15.892,17.096,0.948,1.623,920.700,1532.600,1.665,15.070,27.741,1.036,1.773,19.531,20.851,0.745,0.750,15.066,27.747,0.189,8.658,9.579,0.018,4155.000,145.306,50.164,8.658,59.743
373,11:06:00,35.390,71.520,69.500,50.990,49.570,32.570,1.909,15.891,17.096,0.947,1.621,919.800,1531.400,1.665,15.055,27.720,1.035,1.772,19.531,20.851,0.745,0.750,15.049,27.713,0.189,8.657,9.575,0.018,4155.000,145.154,50.151,8.657,59.726
374,11:06:30,35.390,71.510,69.490,50.980,49.570,32.580,1.907,15.892,17.096,0.946,1.620,918.800,1530.000,1.665,15.039,27.694,1.034,1.770,19.531,20.851,0.745,0.750,15.034,27.696,0.189,8.657,9.578,0.018,4155.000,145.002,50.144,8.657,59.722
375,11:07:00,35.400,71.490,69.480,50.960,49.560,32.590,1.905,15.893,17.096,0.945,1.619,917.900,1528.800,1.666,15.025,27.673,1.033,1.769,19.532,20.852,0.745,0.750,15.019,27.678,0.189,8.657,9.579,0.018,4155.000,144.850,50.131,8.657,59.710
376,11:07:30,35.400,71.460,69.460,50.950,49.550,32.600,1.904,15.894,17.097,0.945,1.618,917.300,1528.100,1.666,15.018,27.663,1.033,1.768,19.534,20.853,0.744,0.750,15.020,27.663,0.189,8.663,9.578,0.018,4155.000,144.773,50.127,8.663,59.706
377,11:08:00,35.400,71.420,69.430,50.930,49.530,32.610,1.904,15.896,17.098,0.945,1.618,917.300,1528.300,1.666,15.019,27.668,1.033,1.769,19.536,20.854,0.744,0.750,15.022,27.665,0.189,8.665,9.578,0.018,4155.000,144.773,50.121,8.665,59.698
378,11:08:30,35.410,71.400,69.420,50.910,49.520,32.610,1.906,15.897,17.099,0.945,1.620,917.800,1529.500,1.666,15.031,27.692,1.033,1.770,19.537,20.855,0.745,0.750,15.023,27.700,0.189,8.660,9.582,0.018,4155.000,144.926,50.134,8.660,59.717
379,11:09:00,35.410,71.380,69.410,50.900,49.520,32.620,1.910,15.898,17.099,0.947,1.622,919.000,1531.700,1.667,15.051,27.733,1.035,1.773,19.538,20.855,0.744,0.750,15.055,27.735,0.189,8.668,9.580,0.018,4155.000,145.230,50.167,8.668,59.748
380,11:09:30,35.410,71.380,69.410,50.900,49.520,32.630,1.914,15.898,17.099,0.948,1.625,920.700,1534.700,1.667,15.077,27.786,1.036,1.776,19.538,20.855,0.745,0.750,15.071,27.786,0.189,8.661,9.579,0.018,4155.000,145.534,50.174,8.661,59.753
381,11:10:00,35.420,71.400,69.430,50.910,49.540,32.640,1.920,15.897,17.099,0.950,1.629,922.500,1538.100,1.667,15.106,27.846,1.039,1.780,19.536,20.854,0.744,0.750,15.102,27.854,0.189,8.662,9.582,0.018,4155.000,145.990,50.220,8.662,59.802
382,11:10:30,35.420,71.440,69.470,50.940,49.560,32.640,1.925,15.894,17.097,0.952,1.632,924.400,1541.400,1.667,15.134,27.903,1.041,1.784,19.534,20.853,0.744,0.750,15.131,27.902,0.189,8.661,9.578,0.018,4155.000,146.370,50.243,8.661,59.821
383,11:11:00,35.420,71.500,69.520,50.970,49.590,32.650,1.930,15.891,17.095,0.954,1.635,925.900,1544.200,1.668,15.156,27.951,1.042,1.787,19.531,20.850,0.745,0.750,15.160,27.950,0.189,8.663,9.577,0.018,4155.000,146.750,50.282,8.663,59.859
384,11:11:30,35.420,71.570,69.580,51.020,49.630,32.660,1.934,15.887,17.093,0.955,1.637,927.000,1546.300,1.668,15.169,27.983,1.043,1.789,19.526,20.848,0.745,0.750,15.172,27.981,0.189,8.660,9.574,0.018,4155.000,147.055,50.318,8.660,59.892
385,11:12:00,35.430,71.650,69.650,51.060,49.670,32.660,1.935,15.883,17.090,0.955,1.638,927.500,1547.300,1.668,15.171,27.996,1.044,1.790,19.521,20.845,0.744,0.750,15.168,27.993,0.189,8.653,9.572,0.018,4155.000,147.131,50.311,8.653,59.884
386,11:12:30,35.430,71.730,69.720,51.110,49.710,32.670,1.935,15.878,17.088,0.955,1.638,927.400,1547.300,1.668,15.164,27.990,1.044,1.790,19.516,20.842,0.744,0.750,15.163,27.990,0.189,8.651,9.571,0.018,4155.000,147.131,50.311,8.651,59.883
387,11:13:00,35.430,71.810,69.790,51.160,49.750,32.680,1.934,15.874,17.085,0.954,1.637,926.700,1546.400,1.669,15.148,27.969,1.043,1.789,19.512,20.839,0.744,0.750,15.144,27.968,0.189,8.646,9.569,0.018,4155.000,147.055,50.315,8.646,59.884
388,11:13:30,35.430,71.880,69.850,51.200,49.780,32.680,1.932,15.870,17.083,0.953,1.636,925.800,1545.000,1.669,15.127,27.940,1.042,1.787,19.507,20.837,0.744,0.750,15.124,27.948,0.189,8.644,9.571,0.018,4155.000,146.903,50.308,8.644,59.879
389,11:14:00,35.430,71.940,69.900,51.240,49.810,32.690,1.929,15.867,17.081,0.952,1.634,924.800,1543.500,1.669,15.107,27.909,1.041,1.786,19.503,20.835,0.744,0.750,15.105,27.910,0.189,8.642,9.567,0.018,4155.000,146.674,50.279,8.642,59.846
390,11:14:30,35.430,71.990,69.940,51.260,49.830,32.690,1.927,15.864,17.080,0.951,1.633,923.900,1542.300,1.669,15.090,27.885,1.040,1.784,19.501,20.833,0.744,0.750,15.087,27.892,0.189,8.640,9.568,0.018,4155.000,146.522,50.266,8.640,59.834
391,11:15:00,35.440,72.020,69.970,51.280,49.840,32.700,1.926,15.863,17.079,0.951,1.632,923.500,1541.800,1.670,15.082,27.874,1.039,1.784,19.499,20.832,0.744,0.750,15.086,27.873,0.189,8.643,9.565,0.018,4155.000,146.446,50.256,8.643,59.821
392,11:15:30,35.440,72.020,69.980,51.280,49.840,32.700,1.927,15.862,17.079,0.951,1.633,923.700,1542.300,1.670,15.084,27.882,1.039,1.784,19.499,20.832,0.745,0.750,15.085,27.890,0.189,8.641,9.568,0.018,4155.000,146.522,50.266,8.641,59.834
393,11:16:00,35.440,72.020,69.970,51.270,49.840,32.710,1.929,15.862,17.079,0.952,1.634,924.500,1543.700,1.670,15.097,27.909,1.040,1.786,19.499,20.832,0.744,0.750,15.101,27.907,0.189,8.642,9.565,0.018,4155.000,146.674,50.272,8.642,59.838
394,11:16:30,35.440,72.000,69.960,51.260,49.830,32.710,1.933,15.863,17.079,0.953,1.637,925.800,1546.100,1.670,15.119,27.952,1.042,1.789,19.500,20.833,0.744,0.750,15.117,27.958,0.189,8.640,9.568,0.018,4155.000,146.979,50.298,8.640,59.866
395,11:17:00,35.450,71.970,69.940,51.240,49.820,32.720,1.938,15.865,17.080,0.955,1.640,927.400,1549.000,1.670,15.148,28.007,1.044,1.792,19.502,20.834,0.744,0.750,15.151,28.011,0.189,8.644,9.568,0.018,4155.000,147.359,50.334,8.644,59.902
396,11:17:30,35.450,71.930,69.910,51.220,49.810,32.720,1.943,15.867,17.081,0.957,1.643,929.200,1552.100,1.670,15.179,28.066,1.046,1.796,19.503,20.835,0.744,0.750,15.185,28.064,0.189,8.646,9.567,0.018,4155.000,147.739,50.363,8.646,59.930
397,11:18:00,35.450,71.900,69.890,51.200,49.800,32.720,1.948,15.868,17.082,0.958,1.646,930.900,1555.000,1.671,15.208,28.120,1.047,1.799,19.505,20.836,0.745,0.750,15.202,28.117,0.189,8.640,9.567,0.018,4155.000,148.119,50.399,8.640,59.966
398,11:18:30,35.450,71.870,69.870,51.190,49.790,32.730,1.952,15.870,17.083,0.960,1.649,932.100,1557.300,1.671,15.231,28.162,1.049,1.802,19.507,20.837,0.744,0.750,15.235,28.170,0.189,8.648,9.571,0.018,4155.000,148.423,50.428,8.648,59.998
399,11:19:00,35.460,71.850,69.860,51.170,49.780,32.730,1.954,15.871,17.083,0.960,1.650,932.800,1558.500,1.671,15.243,28.186,1.050,1.803,19.508,20.837,0.744,0.750,15.236,28.187,0.189,8.642,9.569,0.018,4155.000,148.575,50.440,8.642,60.010
400,11:19:30,35.460,71.840,69.860,51.170,49.780,32.730,1.954,15.871,17.084,0.961,1.650,932.900,1558.800,1.671,15.244,28.190,1.050,1.803,19.508,20.838,0.744,0.750,15.252,28.189,0.189,8.650,9.568,0.018,4155.000,148.575,50.431,8.650,59.999
401,11:20:00,35.470,71.840,69.860,51.170,49.790,32.730,1.953,15.871,17.083,0.960,1.649,932.300,1557.900,1.671,15.235,28.175,1.049,1.802,19.508,20.837,0.744,0.750,15.236,28.170,0.189,8.647,9.567,0.018,4155.000,148.499,50.434,8.647,60.001
402,11:20:30,35.470,71.860,69.880,51.180,49.800,32.740,1.950,15.870,17.083,0.959,1.648,931.300,1556.300,1.671,15.217,28.145,1.048,1.801,19.507,20.837,0.744,0.750,15.219,28.153,0.189,8.647,9.571,0.018,4155.000,148.271,50.408,8.647,59.979
403,11:21:00,35.470,71.900,69.910,51.200,49.810,32.740,1.947,15.868,17.082,0.958,1.645,930.000,1554.300,1.671,15.194,28.106,1.047,1.798,19.505,20.836,0.744,0.750,15.202,28.100,0.189,8.649,9.566,0.018,4155.000,148.043,50.395,8.649,59.961
404,11:21:30,35.480,71.940,69.950,51.230,49.830,32.740,1.944,15.865,17.081,0.956,1.643,928.800,1552.300,1.671,15.171,28.067,1.045,1.796,19.502,20.834,0.744,0.750,15.167,28.064,0.189,8.640,9.566,0.018,4155.000,147.815,50.383,8.640,59.948
405,11:22:00,35.480,71.990,69.990,51.260,49.860,32.740,1.941,15.863,17.079,0.955,1.642,927.800,1550.800,1.671,15.152,28.036,1.044,1.794,19.499,20.832,0.744,0.750,15.149,28.044,0.189,8.639,9.568,0.018,4155.000,147.587,50.354,8.639,59.921
406,11:22:30,35.490,72.050,70.040,51.290,49.880,32.740,1.940,15.859,17.077,0.955,1.641,927.300,1550.000,1.672,15.139,28.018,1.043,1.793,19.495,20.831,0.745,0.750,15.145,28.023,0.189,8.642,9.566,0.018,4155.000,147.511,50.354,8.642,59.919
407,11:23:00,35.500,72.110,70.090,51.320,49.910,32.740,1.940,15.856,17.075,0.955,1.641,927.400,1550.100,1.672,15.136,28.017,1.043,1.793,19.492,20.828,0.745,0.750,15.142,28.020,0.189,8.639,9.564,0.018,4155.000,147.511,50.350,8.639,59.915
408,11:23:30,35.500,72.170,70.140,51.360,49.940,32.740,1.942,15.853,17.073,0.955,1.642,928.000,1551.200,1.672,15.143,28.033,1.044,1.794,19.488,20.826,0.744,0.750,15.140,28.034,0.189,8.632,9.562,0.018,4155.000,147.663,50.366,8.632,59.929
409,11:24:00,35.510,72.220,70.180,51.390,49.960,32.740,1.945,15.850,17.072,0.956,1.644,929.100,1553.100,1.672,15.157,28.063,1.045,1.797,19.485,20.825,0.744,0.750,15.153,28.066,0.189,8.629,9.561,0.018,4155.000,147.891,50.383,8.629,59.944
410,11:24:30,35.520,72.260,70.220,51.420,49.980,32.740,1.949,15.848,17.070,0.958,1.646,930.400,1555.400,1.672,15.176,28.101,1.047,1.799,19.483,20.823,0.744,0.750,15.182,28.097,0.189,8.634,9.558,0.018,4155.000,148.195,50.412,8.634,59.969
411,11:25:00,35.530,72.290,70.240,51.430,50.000,32.740,1.952,15.846,17.069,0.959,1.649,931.800,1557.600,1.672,15.196,28.140,1.048,1.802,19.481,20.822,0.744,0.750,15.196,28.147,0.189,8.629,9.561,0.018,4155.000,148.423,50.418,8.629,59.979
412,11:25:30,35.540,72.300,70.250,51.440,50.010,32.740,1.955,15.846,17.069,0.960,1.650,932.800,1559.400,1.672,15.213,28.172,1.049,1.804,19.480,20.821,0.744,0.750,15.212,28.164,0.189,8.629,9.556,0.018,4155.000,148.651,50.437,8.629,59.993
413,11:26:00,35.550,72.290,70.250,51.440,50.010,32.740,1.957,15.846,17.069,0.961,1.652,933.400,1560.400,1.672,15.223,28.190,1.050,1.805,19.481,20.821,0.744,0.750,15.228,28.198,0.189,8.632,9.561,0.018,4155.000,148.803,50.456,8.632,60.018
414,11:26:30,35.560,72.270,70.240,51.430,50.010,32.740,1.957,15.847,17.069,0.961,1.651,933.400,1560.400,1.672,15.224,28.190,1.050,1.805,19.482,20.822,0.744,0.750,15.229,28.181,0.189,8.633,9.556,0.018,4155.000,148.803,50.456,8.633,60.012
415,11:27:00,35.570,72.240,70.210,51.410,50.000,32.740,1.955,15.849,17.070,0.960,1.650,932.700,1559.200,1.672,15.215,28.170,1.049,1.804,19.484,20.823,0.744,0.750,15.215,28.166,0.189,8.631,9.558,0.018,4155.000,148.651,50.444,8.631,60.001
416,11:27:30,35.580,72.190,70.180,51.390,49.980,32.740,1.952,15.851,17.071,0.959,1.648,931.500,1557.100,1.672,15.197,28.134,1.048,1.801,19.486,20.824,0.744,0.750,15.201,28.133,0.189,8.634,9.560,0.018,4155.000,148.423,50.434,8.634,59.994
417,11:28:00,35.590,72.140,70.140,51.360,49.960,32.740,1.947,15.854,17.073,0.957,1.645,929.800,1554.300,1.672,15.174,28.087,1.046,1.798,19.489,20.826,0.744,0.750,15.172,28.085,0.189,8.634,9.560,0.018,4155.000,148.043,50.395,8.634,59.956
418,11:28:30,35.600,72.090,70.100,51.330,49.940,32.730,1.942,15.856,17.074,0.955,1.642,928.000,1551.200,1.672,15.147,28.034,1.044,1.794,19.492,20.827,0.744,0.750,15.142,28.036,0.189,8.634,9.563,0.018,4155.000,147.663,50.366,8.634,59.929
419,11:29:00,35.610,72.040,70.060,51.300,49.920,32.730,1.937,15.859,17.076,0.954,1.639,926.300,1548.300,1.672,15.122,27.984,1.042,1.791,19.495,20.829,0.744,0.750,15.129,27.988,0.189,8.642,9.564,0.018,4155.000,147.283,50.331,8.642,59.895
420,11:29:30,35.620,72.010,70.030,51.280,49.900,32.730,1.933,15.861,17.077,0.952,1.636,924.900,1545.900,1.671,15.102,27.944,1.041,1.788,19.497,20.830,0.744,0.750,15.100,27.938,0.189,8.638,9.562,0.018,4155.000,146.979,50.305,8.638,59.867
421,11:30:00,35.640,71.980,70.020,51.270,49.890,32.730,1.931,15.862,17.077,0.951,1.635,924.100,1544.400,1.671,15.090,27.918,1.040,1.787,19.498,20.831,0.744,0.750,15.085,27.921,0.189,8.637,9.566,0.018,4155.000,146.826,50.302,8.637,59.867
422,11:30:30,35.650,71.980,70.010,51.270,49.890,32.720,1.930,15.862,17.077,0.951,1.634,923.800,1543.900,1.671,15.086,27.909,1.039,1.786,19.499,20.831,0.745,0.750,15.085,27.904,0.189,8.640,9.563,0.018,4155.000,146.750,50.292,8.640,59.855
423,11:31:00,35.670,71.990,70.020,51.280,49.900,32.720,1.930,15.862,17.077,0.951,1.635,924.100,1544.300,1.671,15.089,27.914,1.040,1.786,19.498,20.830,0.744,0.750,15.085,27.921,0.189,8.637,9.566,0.018,4155.000,146.750,50.279,8.637,59.845
424,11:31:30,35.680,72.020,70.050,51.300,49.920,32.720,1.932,15.860,17.076,0.952,1.636,924.700,1545.300,1.671,15.098,27.929,1.040,1.788,19.496,20.829,0.745,0.750,15.099,27.936,0.189,8.639,9.565,0.018,4155.000,146.903,50.298,8.639,59.864
425,11:32:00,35.690,72.070,70.090,51.330,49.950,32.710,1.934,15.857,17.074,0.953,1.637,925.500,1546.500,1.671,15.108,27.948,1.041,1.789,19.493,20.827,0.745,0.750,15.112,27.950,0.189,8.639,9.563,0.018,4155.000,147.055,50.311,8.639,59.874
426,11:32:30,35.710,72.120,70.130,51.370,49.980,32.710,1.936,15.854,17.072,0.953,1.638,926.200,1547.600,1.671,15.116,27.964,1.042,1.790,19.490,20.825,0.744,0.750,15.109,27.964,0.189,8.631,9.560,0.018,4155.000,147.207,50.328,8.631,59.888
427,11:33:00,35.730,72.180,70.180,51.410,50.010,32.710,1.937,15.851,17.069,0.954,1.638,926.600,1548.100,1.671,15.118,27.968,1.042,1.791,19.487,20.822,0.745,0.750,15.122,27.959,0.189,8.635,9.556,0.018,4155.000,147.283,50.337,8.635,59.893
428,11:33:30,35.740,72.240,70.230,51.460,50.050,32.700,1.936,15.848,17.067,0.954,1.638,926.400,1547.700,1.671,15.111,27.956,1.042,1.790,19.483,20.820,0.744,0.750,15.119,27.956,0.189,8.635,9.557,0.018,4155.000,147.207,50.324,8.635,59.881
429,11:34:00,35.760,72.290,70.270,51.490,50.080,32.700,1.933,15.845,17.065,0.953,1.636,925.600,1546.200,1.670,15.095,27.925,1.041,1.788,19.480,20.818,0.744,0.750,15.100,27.918,0.189,8.632,9.553,0.018,4155.000,146.979,50.295,8.632,59.849
430,11:34:30,35.780,72.330,70.300,51.520,50.100,32.690,1.929,15.843,17.064,0.951,1.634,924.200,1543.600,1.670,15.069,27.876,1.039,1.785,19.478,20.816,0.745,0.750,15.067,27.883,0.189,8.626,9.557,0.018,4155.000,146.674,50.276,8.626,59.833
431,11:35:00,35.790,72.350,70.320,51.540,50.120,32.690,1.924,15.842,17.063,0.949,1.630,922.200,1540.200,1.670,15.036,27.813,1.037,1.781,19.477,20.815,0.744,0.750,15.034,27.813,0.189,8.626,9.554,0.018,4155.000,146.294,50.256,8.626,59.810
432,11:35:30,35.810,72.350,70.320,51.540,50.120,32.690,1.917,15.842,17.063,0.947,1.626,920.000,1536.300,1.670,15.000,27.742,1.035,1.777,19.477,20.815,0.744,0.750,15.002,27.744,0.189,8.628,9.555,0.018,4155.000,145.762,50.200,8.628,59.755
433,11:36:00,35.830,72.330,70.300,51.530,50.110,32.680,1.911,15.843,17.063,0.944,1.622,917.700,1532.400,1.670,14.964,27.672,1.032,1.772,19.478,20.815,0.744,0.750,14.956,27.676,0.189,8.623,9.556,0.018,4155.000,145.306,50.171,8.623,59.726
434,11:36:30,35.850,72.290,70.270,51.510,50.100,32.680,1.905,15.845,17.064,0.942,1.618,915.700,1528.800,1.670,14.933,27.609,1.030,1.768,19.480,20.816,0.744,0.750,14.926,27.610,0.189,8.624,9.555,0.018,4155.000,144.850,50.131,8.624,59.686
435,11:37:00,35.860,72.240,70.230,51.490,50.080,32.670,1.900,15.848,17.065,0.941,1.615,914.100,1526.000,1.669,14.910,27.561,1.028,1.765,19.483,20.818,0.744,0.750,14.913,27.560,0.189,8.632,9.556,0.018,4155.000,144.469,50.091,8.632,59.647
436,11:37:30,35.880,72.180,70.180,51.460,50.060,32.670,1.897,15.851,17.067,0.940,1.613,913.100,1524.100,1.669,14.898,27.530,1.027,1.763,19.487,20.819,0.744,0.750,14.900,27.529,0.189,8.634,9.557,0.018,4155.000,144.241,50.074,8.634,59.631
437,11:38:00,35.900,72.110,70.130,51.420,50.030,32.670,1.896,15.855,17.069,0.939,1.612,912.700,1523.300,1.669,14.895,27.518,1.027,1.762,19.491,20.821,0.744,0.750,14.888,27.515,0.189,8.631,9.557,0.018,4155.000,144.165,50.074,8.631,59.631
438,11:38:30,35.920,72.050,70.080,51.390,50.010,32.660,1.896,15.858,17.070,0.940,1.612,912.800,1523.300,1.669,14.901,27.521,1.027,1.762,19.494,20.823,0.744,0.750,14.907,27.517,0.189,8.640,9.558,0.018,4155.000,144.165,50.074,8.640,59.632
439,11:39:00,35.940,72.000,70.040,51.370,50.000,32.660,1.897,15.861,17.071,0.940,1.613,913.200,1523.800,1.669,14.911,27.533,1.027,1.763,19.497,20.824,0.745,0.750,14.909,27.536,0.189,8.638,9.561,0.018,4155.000,144.241,50.084,8.638,59.645
440,11:39:30,35.950,71.960,70.010,51.360,49.990,32.650,1.898,15.863,17.072,0.941,1.614,913.700,1524.500,1.668,14.922,27.548,1.028,1.764,19.499,20.825,0.744,0.750,14.927,27.554,0.189,8.644,9.563,0.018,4155.000,144.317,50.087,8.644,59.651
441,11:40:00,35.970,71.940,69.990,51.350,49.990,32.650,1.898,15.864,17.072,0.941,1.614,914.100,1525.000,1.668,14.930,27.556,1.029,1.764,19.501,20.825,0.744,0.750,14.928,27.554,0.189,8.641,9.560,0.018,4155.000,144.317,50.071,8.641,59.631
442,11:40:30,35.990,71.940,69.990,51.360,50.000,32.650,1.898,15.864,17.072,0.941,1.614,914.100,1524.800,1.668,14.930,27.551,1.029,1.764,19.501,20.825,0.744,0.750,14.928,27.554,0.189,8.641,9.561,0.018,4155.000,144.317,50.078,8.641,59.639
443,11:41:00,36.010,71.950,70.000,51.370,50.010,32.640,1.896,15.864,17.071,0.940,1.613,913.500,1523.600,1.668,14.919,27.529,1.028,1.762,19.500,20.824,0.744,0.750,14.912,27.536,0.189,8.637,9.562,0.018,4155.000,144.165,50.064,8.637,59.627
444,11:41:30,36.030,71.980,70.020,51.400,50.030,32.640,1.893,15.862,17.069,0.939,1.610,912.300,1521.500,1.668,14.898,27.487,1.026,1.760,19.498,20.822,0.745,0.750,14.894,27.481,0.189,8.638,9.557,0.018,4155.000,143.937,50.054,8.638,59.611
445,11:42:00,36.050,72.020,70.060,51.430,50.060,32.640,1.888,15.860,17.068,0.937,1.607,910.600,1518.400,1.667,14.867,27.428,1.025,1.756,19.496,20.820,0.744,0.750,14.861,27.428,0.189,8.635,9.558,0.018,4155.000,143.557,50.024,8.635,59.581
446,11:42:30,36.070,72.070,70.090,51.470,50.090,32.630,1.882,15.857,17.066,0.935,1.603,908.500,1514.700,1.667,14.830,27.357,1.022,1.752,19.493,20.818,0.744,0.750,14.826,27.357,0.189,8.635,9.556,0.018,4155.000,143.101,49.987,8.635,59.543
447,11:43:00,36.080,72.120,70.130,51.510,50.120,32.630,1.875,15.855,17.064,0.933,1.599,906.200,1510.700,1.667,14.789,27.281,1.019,1.747,19.490,20.816,0.745,0.750,14.793,27.285,0.189,8.637,9.556,0.018,4155.000,142.568,49.933,8.637,59.489
448,11:43:30,36.100,72.170,70.170,51.540,50.140,32.630,1.869,15.852,17.062,0.931,1.595,904.000,1506.900,1.667,14.751,27.209,1.017,1.743,19.487,20.814,0.744,0.750,14.758,27.214,0.189,8.638,9.555,0.018,4155.000,142.112,49.898,8.638,59.454
449,11:44:00,36.120,72.210,70.200,51.570,50.170,32.630,1.864,15.850,17.060,0.929,1.591,902.200,1503.800,1.667,14.719,27.149,1.015,1.739,19.485,20.812,0.744,0.750,14.725,27.142,0.189,8.635,9.550,0.018,4155.000,141.732,49.867,8.635,59.417
450,11:44:30,36.140,72.240,70.220,51.600,50.190,32.620,1.860,15.848,17.059,0.927,1.589,901.000,1501.500,1.667,14.697,27.106,1.013,1.737,19.483,20.811,0.745,0.750,14.691,27.107,0.189,8.627,9.552,0.018,4155.000,141.428,49.837,8.627,59.388
451,11:45:00,36.150,72.260,70.240,51.610,50.200,32.620,1.858,15.847,17.058,0.927,1.588,900.400,1500.300,1.666,14.686,27.083,1.013,1.735,19.482,20.810,0.744,0.750,14.690,27.088,0.189,8.632,9.553,0.018,4155.000,141.276,49.823,8.632,59.376
452,11:45:30,36.170,72.260,70.240,51.620,50.210,32.620,1.858,15.847,17.057,0.927,1.588,900.400,1500.200,1.666,14.686,27.079,1.013,1.735,19.482,20.809,0.744,0.750,14.690,27.087,0.189,8.632,9.553,0.018,4155.000,141.276,49.826,8.632,59.379
453,11:46:00,36.190,72.250,70.230,51.630,50.210,32.620,1.859,15.848,17.057,0.927,1.588,900.900,1500.900,1.666,14.695,27.092,1.013,1.736,19.483,20.809,0.745,0.750,14.691,27.087,0.189,8.628,9.549,0.018,4155.000,141.352,49.830,8.628,59.378
454,11:46:30,36.200,72.220,70.210,51.620,50.210,32.620,1.861,15.849,17.058,0.928,1.590,901.700,1502.100,1.666,14.710,27.114,1.014,1.737,19.484,20.809,0.745,0.750,14.708,27.122,0.189,8.630,9.554,0.018,4155.000,141.504,49.843,8.630,59.397
455,11:47:00,36.220,72.190,70.180,51.610,50.200,32.610,1.863,15.851,17.058,0.929,1.591,902.600,1503.400,1.666,14.726,27.138,1.015,1.739,19.487,20.810,0.745,0.750,14.726,27.139,0.189,8.632,9.551,0.018,4155.000,141.656,49.854,8.632,59.405
456,11:47:30,36.230,72.140,70.140,51.590,50.190,32.610,1.865,15.854,17.059,0.930,1.592,903.200,1504.300,1.666,14.739,27.156,1.016,1.740,19.489,20.811,0.744,0.750,14.744,27.158,0.189,8.637,9.552,0.018,4155.000,141.808,49.878,8.637,59.430
457,11:48:00,36.250,72.090,70.110,51.570,50.180,32.610,1.865,15.856,17.060,0.930,1.592,903.400,1504.500,1.665,14.745,27.162,1.016,1.740,19.492,20.812,0.745,0.750,14.746,27.160,0.189,8.636,9.551,0.018,4155.000,141.808,49.871,8.636,59.422
458,11:48:30,36.260,72.050,70.070,51.550,50.170,32.610,1.864,15.859,17.061,0.930,1.591,903.000,1503.800,1.665,14.742,27.151,1.016,1.739,19.495,20.813,0.744,0.750,14.749,27.144,0.189,8.642,9.550,0.018,4155.000,141.732,49.867,8.642,59.418
459,11:49:00,36.270,72.000,70.030,51.540,50.160,32.610,1.861,15.861,17.062,0.929,1.590,902.100,1502.200,1.665,14.730,27.123,1.015,1.737,19.497,20.813,0.744,0.750,14.735,27.129,0.189,8.642,9.555,0.018,4155.000,141.504,49.840,8.642,59.395
460,11:49:30,36.290,71.970,70.010,51.520,50.150,32.610,1.857,15.863,17.062,0.927,1.587,900.700,1499.800,1.665,14.710,27.081,1.013,1.735,19.499,20.814,0.745,0.750,14.705,27.077,0.189,8.638,9.552,0.018,4155.000,141.200,49.813,8.638,59.365
461,11:50:00,36.300,71.950,69.990,51.520,50.150,32.610,1.853,15.864,17.062,0.926,1.584,899.100,1496.900,1.665,14.684,27.030,1.012,1.731,19.501,20.814,0.744,0.750,14.690,27.026,0.189,8.645,9.553,0.018,4155.000,140.896,49.802,8.645,59.354
462,11:50:30,36.310,71.940,69.980,51.520,50.150,32.610,1.848,15.865,17.062,0.924,1.581,897.400,1494.100,1.665,14.657,26.978,1.010,1.728,19.501,20.814,0.744,0.750,14.659,26.975,0.189,8.643,9.553,0.018,4155.000,140.515,49.760,8.643,59.313
463,11:51:00,36.320,71.940,69.980,51.530,50.160,32.610,1.844,15.864,17.062,0.922,1.579,896.000,1491.600,1.665,14.634,26.933,1.008,1.725,19.501,20.814,0.744,0.750,14.627,26.941,0.189,8.637,9.556,0.018,4155.000,140.211,49.736,8.637,59.292
464,11:51:30,36.330,71.970,70.000,51.550,50.170,32.610,1.841,15.863,17.061,0.921,1.577,895.000,1490.000,1.665,14.617,26.901,1.007,1.723,19.500,20.813,0.744,0.750,14.610,26.905,0.189,8.637,9.554,0.018,4155.000,139.983,49.708,8.637,59.262
465,11:52:00,36.340,72.000,70.030,51.580,50.200,32.610,1.840,15.861,17.059,0.921,1.576,894.700,1489.400,1.665,14.609,26.887,1.007,1.723,19.497,20.811,0.744,0.750,14.608,26.885,0.189,8.639,9.551,0.018,4155.000,139.907,49.701,8.639,59.252
466,11:52:30,36.350,72.050,70.070,51.610,50.220,32.620,1.841,15.858,17.057,0.921,1.577,895.000,1489.900,1.665,14.611,26.893,1.007,1.723,19.494,20.809,0.744,0.750,14.605,26.899,0.189,8.634,9.552,0.018,4155.000,139.983,49.712,8.634,59.264
467,11:53:00,36.360,72.110,70.120,51.650,50.260,32.620,1.844,15.855,17.055,0.922,1.578,896.000,1491.400,1.665,14.623,26.917,1.008,1.725,19.491,20.806,0.744,0.750,14.618,26.913,0.189,8.632,9.548,0.018,4155.000,140.211,49.742,8.632,59.290
468,11:53:30,36.370,72.170,70.170,51.700,50.290,32.620,1.847,15.852,17.053,0.924,1.581,897.300,1493.800,1.665,14.642,26.954,1.009,1.727,19.487,20.804,0.745,0.750,14.647,26.961,0.189,8.637,9.549,0.018,4155.000,140.439,49.743,8.637,59.293
469,11:54:00,36.380,72.240,70.220,51.740,50.330,32.620,1.852,15.849,17.050,0.925,1.583,898.900,1496.400,1.665,14.664,26.997,1.011,1.730,19.484,20.801,0.744,0.750,14.660,26.990,0.189,8.629,9.543,0.018,4155.000,140.820,49.791,8.629,59.335
470,11:54:30,36.390,72.290,70.260,51.780,50.360,32.620,1.856,15.846,17.048,0.927,1.586,900.500,1499.000,1.665,14.686,27.039,1.013,1.733,19.480,20.799,0.744,0.750,14.689,27.038,0.189,8.631,9.544,0.018,4155.000,141.124,49.812,8.631,59.356
471,11:55:00,36.390,72.330,70.300,51.820,50.390,32.630,1.859,15.843,17.046,0.928,1.588,901.700,1501.100,1.665,14.703,27.073,1.014,1.736,19.478,20.797,0.744,0.750,14.702,27.069,0.189,8.627,9.541,0.018,4155.000,141.352,49.823,8.627,59.364
472,11:55:30,36.400,72.360,70.320,51.840,50.420,32.630,1.861,15.842,17.045,0.929,1.590,902.500,1502.400,1.665,14.714,27.094,1.015,1.737,19.476,20.795,0.744,0.750,14.717,27.102,0.189,8.628,9.544,0.018,4155.000,141.504,49.833,8.628,59.378
473,11:56:00,36.400,72.370,70.340,51.860,50.430,32.630,1.862,15.841,17.044,0.929,1.590,902.700,1502.800,1.665,14.716,27.099,1.015,1.738,19.475,20.794,0.744,0.750,14.716,27.100,0.189,8.626,9.541,0.018,4155.000,141.580,49.847,8.626,59.388
474,11:56:30,36.410,72.370,70.330,51.860,50.430,32.640,1.861,15.841,17.044,0.929,1.589,902.400,1502.300,1.665,14.711,27.090,1.015,1.737,19.476,20.794,0.744,0.750,14.716,27.083,0.189,8.629,9.538,0.018,4155.000,141.504,49.837,8.629,59.375
475,11:57:00,36.410,72.350,70.320,51.850,50.430,32.640,1.859,15.842,17.044,0.928,1.588,901.600,1501.200,1.665,14.701,27.070,1.014,1.736,19.477,20.794,0.744,0.750,14.701,27.066,0.189,8.627,9.539,0.018,4155.000,141.352,49.820,8.627,59.359
476,11:57:30,36.420,72.310,70.290,51.830,50.420,32.640,1.857,15.844,17.045,0.927,1.587,900.700,1499.700,1.665,14.688,27.046,1.013,1.734,19.479,20.795,0.744,0.750,14.687,27.050,0.189,8.628,9.544,0.018,4155.000,141.200,49.816,8.628,59.359
477,11:58:00,36.420,72.270,70.260,51.810,50.400,32.650,1.855,15.847,17.046,0.926,1.585,899.900,1498.400,1.665,14.677,27.024,1.012,1.733,19.481,20.796,0.744,0.750,14.674,27.018,0.189,8.628,9.540,0.018,4155.000,141.048,49.805,8.628,59.346
478,11:58:30,36.420,72.220,70.220,51.790,50.390,32.650,1.854,15.849,17.047,0.926,1.585,899.400,1497.600,1.665,14.672,27.013,1.012,1.732,19.484,20.798,0.744,0.750,14.676,27.019,0.189,8.634,9.546,0.018,4155.000,140.972,49.805,8.634,59.351
479,11:59:00,36.430,72.180,70.190,51.760,50.370,32.660,1.854,15.851,17.049,0.926,1.585,899.400,1497.800,1.665,14.675,27.018,1.012,1.732,19.487,20.799,0.744,0.750,14.678,27.023,0.189,8.635,9.546,0.018,4155.000,140.972,49.798,8.635,59.344
480,11:59:30,36.430,72.140,70.160,51.750,50.360,32.660,1.856,15.853,17.049,0.926,1.586,900.100,1499.000,1.665,14.687,27.042,1.013,1.733,19.489,20.800,0.744,0.750,14.680,27.040,0.189,8.629,9.544,0.018,4155.000,141.124,49.812,8.629,59.356
481,12:00:00,36.430,72.120,70.140,51.740,50.350,32.670,1.860,15.854,17.050,0.928,1.589,901.400,1501.300,1.666,14.710,27.084,1.014,1.736,19.490,20.801,0.744,0.750,14.713,27.092,0.189,8.636,9.548,0.018,4155.000,141.428,49.843,8.636,59.391
482,12:00:30,36.430,72.120,70.150,51.740,50.360,32.670,1.865,15.854,17.050,0.930,1.592,903.200,1504.500,1.666,14.740,27.142,1.016,1.740,19.490,20.800,0.744,0.750,14.744,27.144,0.189,8.637,9.546,0.018,4155.000,141.808,49.871,8.637,59.417
483,12:01:00,36.430,72.140,70.160,51.750,50.370,32.680,1.871,15.853,17.049,0.932,1.596,905.400,1508.300,1.666,14.775,27.209,1.019,1.744,19.489,20.799,0.744,0.750,14.775,27.210,0.189,8.634,9.545,0.018,4155.000,142.264,49.905,8.634,59.450
484,12:01:30,36.430,72.180,70.200,51.780,50.390,32.680,1.878,15.851,17.047,0.934,1.600,907.700,1512.300,1.666,14.809,27.277,1.021,1.749,19.486,20.798,0.744,0.750,14.805,27.275,0.189,8.630,9.543,0.018,4155.000,142.797,49.959,8.630,59.502
485,12:02:00,36.430,72.230,70.240,51.820,50.430,32.690,1.884,15.848,17.045,0.936,1.604,909.800,1515.900,1.666,14.840,27.339,1.023,1.753,19.483,20.796,0.745,0.750,14.834,27.340,0.189,8.627,9.543,0.018,4155.000,143.253,50.000,8.627,59.543
486,12:02:30,36.430,72.300,70.300,51.860,50.460,32.690,1.888,15.844,17.043,0.938,1.607,911.500,1518.900,1.666,14.863,27.388,1.025,1.756,19.479,20.793,0.744,0.750,14.862,27.388,0.189,8.627,9.540,0.018,4155.000,143.557,50.007,8.627,59.548
487,12:03:00,36.430,72.380,70.370,51.910,50.500,32.700,1.892,15.840,17.040,0.939,1.609,912.600,1521.000,1.667,14.876,27.420,1.026,1.759,19.474,20.790,0.745,0.750,14.874,27.417,0.189,8.623,9.538,0.018,4155.000,143.861,50.044,8.623,59.582
488,12:03:30,36.420,72.460,70.430,51.960,50.550,32.700,1.894,15.836,17.037,0.940,1.610,913.100,1522.100,1.667,14.880,27.434,1.027,1.760,19.469,20.787,0.744,0.750,14.886,27.430,0.189,8.626,9.535,0.018,4155.000,144.013,50.061,8.626,59.596
489,12:04:00,36.420,72.530,70.500,52.010,50.580,32.710,1.894,15.832,17.035,0.940,1.610,913.100,1522.300,1.667,14.875,27.433,1.027,1.760,19.465,20.784,0.744,0.750,14.882,27.426,0.189,8.623,9.532,0.018,4155.000,144.013,50.054,8.623,59.587
490,12:04:30,36.420,72.590,70.550,52.040,50.610,32.710,1.893,15.828,17.033,0.939,1.610,912.800,1521.900,1.667,14.865,27.422,1.026,1.759,19.461,20.782,0.744,0.750,14.862,27.423,0.189,8.615,9.534,0.018,4155.000,143.937,50.041,8.615,59.575
491,12:05:00,36.420,72.640,70.590,52.070,50.640,32.720,1.892,15.825,17.031,0.939,1.609,912.300,1521.300,1.668,14.854,27.409,1.026,1.759,19.458,20.780,0.744,0.750,14.860,27.403,0.189,8.618,9.531,0.018,4155.000,143.861,50.034,8.618,59.565
492,12:05:30,36.410,72.670,70.620,52.090,50.650,32.730,1.892,15.824,17.030,0.938,1.609,912.000,1521.000,1.668,14.847,27.401,1.025,1.758,19.456,20.779,0.744,0.750,14.843,27.401,0.189,8.611,9.532,0.018,4155.000,143.861,50.044,8.611,59.576
493,12:06:00,36.410,72.680,70.630,52.100,50.660,32.730,1.892,15.823,17.030,0.938,1.609,912.000,1521.300,1.668,14.847,27.406,1.025,1.759,19.456,20.779,0.744,0.750,14.842,27.401,0.189,8.611,9.530,0.018,4155.000,143.861,50.034,8.611,59.564
494,12:06:30,36.410,72.680,70.630,52.090,50.660,32.740,1.895,15.823,17.030,0.939,1.611,912.700,1522.600,1.668,14.857,27.429,1.026,1.760,19.456,20.779,0.744,0.750,14.858,27.435,0.189,8.613,9.534,0.018,4155.000,144.089,50.071,8.613,59.604
495,12:07:00,36.400,72.660,70.620,52.080,50.650,32.740,1.898,15.824,17.031,0.940,1.613,913.900,1524.900,1.669,14.878,27.471,1.028,1.763,19.457,20.780,0.744,0.750,14.875,27.471,0.189,8.612,9.532,0.018,4155.000,144.317,50.074,8.612,59.606
496,12:07:30,36.400,72.630,70.600,52.060,50.640,32.750,1.904,15.826,17.032,0.942,1.616,915.700,1528.100,1.669,14.910,27.531,1.030,1.767,19.458,20.781,0.744,0.750,14.908,27.524,0.189,8.614,9.530,0.018,4155.000,144.773,50.127,8.614,59.657
497,12:08:00,36.390,72.590,70.570,52.040,50.620,32.760,1.910,15.827,17.033,0.944,1.621,917.900,1532.100,1.669,14.948,27.605,1.032,1.771,19.460,20.782,0.744,0.750,14.941,27.610,0.189,8.612,9.535,0.018,4155.000,145.230,50.154,8.612,59.689
498,12:08:30,36.390,72.560,70.550,52.020,50.610,32.760,1.917,15.829,17.034,0.947,1.625,920.400,1536.400,1.669,14.990,27.685,1.035,1.776,19.462,20.783,0.744,0.750,14.990,27.680,0.189,8.617,9.532,0.018,4155.000,145.762,50.197,8.617,59.729
499,12:09:00,36.390,72.530,70.530,52.000,50.600,32.770,1.924,15.831,17.035,0.950,1.630,922.800,1540.700,1.670,15.031,27.764,1.038,1.781,19.464,20.784,0.744,0.750,15.039,27.767,0.189,8.623,9.536,0.018,4155.000,146.294,50.240,8.623,59.775
500,12:09:30,36.380,72.500,70.510,51.990,50.590,32.770,1.931,15.832,17.035,0.952,1.634,924.900,1544.400,1.670,15.067,27.832,1.040,1.786,19.465,20.785,0.744,0.750,15.072,27.835,0.189,8.622,9.536,0.018,4155.000,146.826,50.302,8.622,59.838
501,12:10:00,36.380,72.490,70.510,51.980,50.590,32.780,1.935,15.832,17.035,0.953,1.637,926.500,1547.300,1.670,15.093,27.884,1.042,1.789,19.466,20.785,0.744,0.750,15.088,27.886,0.189,8.616,9.536,0.018,4155.000,147.131,50.311,8.616,59.847
502,12:10:30,36.380,72.500,70.520,51.980,50.600,32.780,1.938,15.832,17.035,0.954,1.639,927.400,1549.100,1.670,15.108,27.917,1.043,1.791,19.465,20.785,0.744,0.750,15.104,27.920,0.189,8.617,9.536,0.018,4155.000,147.359,50.331,8.617,59.867
503,12:11:00,36.370,72.520,70.540,51.990,50.610,32.790,1.940,15.831,17.035,0.955,1.640,927.800,1550.000,1.671,15.113,27.931,1.043,1.792,19.464,20.784,0.744,0.750,15.119,27.937,0.189,8.622,9.537,0.018,4155.000,147.511,50.354,8.622,59.890
504,12:11:30,36.370,72.550,70.570,52.010,50.620,32.790,1.940,15.829,17.034,0.954,1.640,927.600,1549.900,1.671,15.108,27.928,1.043,1.792,19.462,20.783,0.744,0.750,15.101,27.936,0.189,8.613,9.537,0.018,4155.000,147.511,50.357,8.613,59.893
505,12:12:00,36.360,72.600,70.610,52.030,50.650,32.800,1.939,15.826,17.032,0.954,1.639,927.200,1549.400,1.671,15.097,27.916,1.043,1.791,19.459,20.781,0.744,0.750,15.098,27.915,0.189,8.616,9.533,0.018,4155.000,147.435,50.347,8.616,59.880
506,12:12:30,36.360,72.660,70.660,52.070,50.670,32.800,1.938,15.823,17.031,0.953,1.638,926.700,1548.800,1.671,15.085,27.902,1.042,1.791,19.455,20.779,0.744,0.750,15.079,27.897,0.189,8.610,9.530,0.018,4155.000,147.359,50.341,8.610,59.871
507,12:13:00,36.360,72.720,70.720,52.100,50.700,32.810,1.937,15.819,17.029,0.953,1.638,926.400,1548.600,1.672,15.076,27.894,1.042,1.790,19.452,20.777,0.744,0.750,15.076,27.894,0.189,8.610,9.530,0.018,4155.000,147.283,50.321,8.610,59.851
508,12:13:30,36.360,72.790,70.770,52.140,50.730,32.810,1.938,15.816,17.027,0.953,1.638,926.500,1549.000,1.672,15.074,27.898,1.042,1.791,19.448,20.775,0.744,0.750,15.073,27.890,0.189,8.608,9.527,0.018,4155.000,147.359,50.334,8.608,59.861
509,12:14:00,36.350,72.850,70.830,52.170,50.750,32.820,1.940,15.812,17.025,0.954,1.640,927.200,1550.400,1.672,15.081,27.920,1.042,1.792,19.444,20.773,0.744,0.750,15.085,27.921,0.189,8.608,9.529,0.018,4155.000,147.511,50.341,8.608,59.869
510,12:14:30,36.350,72.910,70.880,52.200,50.780,32.820,1.944,15.809,17.023,0.955,1.642,928.500,1552.800,1.672,15.099,27.959,1.044,1.795,19.440,20.771,0.744,0.750,15.098,27.952,0.189,8.603,9.524,0.018,4155.000,147.815,50.366,8.603,59.891
511,12:15:00,36.350,72.960,70.920,52.230,50.800,32.820,1.950,15.806,17.022,0.957,1.646,930.400,1556.100,1.673,15.125,28.015,1.046,1.799,19.437,20.770,0.744,0.750,15.126,28.018,0.189,8.602,9.527,0.018,4155.000,148.271,50.415,8.602,59.941
512,12:15:30,36.350,73.000,70.960,52.250,50.820,32.830,1.956,15.804,17.021,0.959,1.650,932.500,1559.900,1.673,15.157,28.081,1.048,1.803,19.435,20.769,0.744,0.750,15.156,28.085,0.189,8.600,9.526,0.018,4155.000,148.727,50.447,8.600,59.973
513,12:16:00,36.350,73.020,70.980,52.260,50.830,32.830,1.963,15.803,17.020,0.961,1.654,934.800,1563.800,1.673,15.192,28.150,1.051,1.808,19.433,20.768,0.744,0.750,15.187,28.151,0.189,8.596,9.525,0.018,4155.000,149.260,50.501,8.596,60.026
514,12:16:30,36.350,73.030,70.990,52.270,50.840,32.840,1.969,15.802,17.020,0.963,1.658,936.800,1567.500,1.673,15.225,28.216,1.053,1.812,19.433,20.767,0.744,0.750,15.217,28.219,0.189,8.595,9.525,0.018,4155.000,149.716,50.536,8.595,60.061
515,12:17:00,36.350,73.020,70.990,52.260,50.840,32.840,1.974,15.802,17.020,0.965,1.661,938.500,1570.400,1.673,15.252,28.269,1.055,1.815,19.433,20.768,0.744,0.750,15.249,28.270,0.189,8.597,9.525,0.018,4155.000,150.096,50.570,8.597,60.095
516,12:17:30,36.350,73.000,70.980,52.250,50.830,32.840,1.977,15.803,17.020,0.966,1.663,939.600,1572.400,1.674,15.271,28.306,1.056,1.818,19.434,20.768,0.744,0.750,15.266,28.304,0.189,8.596,9.524,0.018,4155.000,150.324,50.583,8.596,60.107
517,12:18:00,36.350,72.970,70.960,52.230,50.820,32.840,1.979,15.805,17.021,0.967,1.664,940.000,1573.300,1.674,15.280,28.324,1.057,1.819,19.436,20.769,0.744,0.750,15.283,28.323,0.189,8.603,9.525,0.018,4155.000,150.476,50.605,8.603,60.130
518,12:18:30,36.350,72.930,70.940,52.210,50.810,32.840,1.978,15.806,17.022,0.967,1.664,939.800,1573.200,1.674,15.279,28.325,1.056,1.819,19.438,20.770,0.744,0.750,15.284,28.325,0.189,8.605,9.526,0.018,4155.000,150.400,50.583,8.605,60.109
519,12:19:00,36.350,72.900,70.910,52.180,50.790,32.850,1.977,15.808,17.024,0.966,1.663,939.300,1572.400,1.674,15.272,28.313,1.056,1.818,19.440,20.772,0.744,0.750,15.271,28.311,0.189,8.602,9.526,0.018,4155.000,150.324,50.583,8.602,60.109
520,12:19:30,36.350,72.860,70.890,52.160,50.780,32.850,1.975,15.810,17.025,0.965,1.662,938.400,1571.200,1.674,15.261,28.293,1.055,1.816,19.442,20.773,0.744,0.750,15.257,28.296,0.189,8.602,9.529,0.018,4155.000,150.172,50.570,8.602,60.099
521,12:20:00,36.350,72.830,70.870,52.140,50.760,32.850,1.973,15.811,17.026,0.965,1.661,937.700,1570.100,1.674,15.251,28.275,1.054,1.815,19.443,20.774,0.744,0.750,15.258,28.280,0.189,8.609,9.530,0.018,4155.000,150.020,50.555,8.609,60.085
522,12:20:30,36.350,72.820,70.860,52.130,50.760,32.850,1.972,15.812,17.026,0.964,1.660,937.200,1569.500,1.675,15.244,28.265,1.054,1.814,19.444,20.775,0.744,0.750,15.243,28.263,0.189,8.605,9.528,0.018,4155.000,149.944,50.548,8.605,60.076
523,12:21:00,36.360,72.820,70.870,52.120,50.760,32.850,1.972,15.812,17.026,0.964,1.660,937.300,1569.600,1.675,15.244,28.268,1.054,1.815,19.443,20.775,0.744,0.750,15.243,28.263,0.189,8.604,9.527,0.018,4155.000,149.944,50.545,8.604,60.072
524,12:21:30,36.360,72.840,70.880,52.130,50.770,32.850,1.974,15.811,17.026,0.965,1.661,937.900,1570.800,1.675,15.253,28.288,1.054,1.816,19.442,20.774,0.744,0.750,15.258,28.280,0.189,8.607,9.526,0.018,4155.000,150.096,50.558,8.607,60.083
525,12:22:00,36.370,72.880,70.920,52.160,50.780,32.850,1.978,15.809,17.025,0.966,1.664,939.100,1572.900,1.675,15.270,28.324,1.056,1.818,19.440,20.773,0.744,0.750,15.271,28.330,0.189,8.604,9.530,0.018,4155.000,150.400,50.592,8.604,60.122
526,12:22:30,36.370,72.930,70.960,52.190,50.810,32.850,1.983,15.806,17.023,0.968,1.667,940.800,1575.800,1.675,15.294,28.372,1.057,1.822,19.437,20.771,0.744,0.750,15.300,28.377,0.189,8.605,9.528,0.018,4155.000,150.780,50.627,8.605,60.155
527,12:23:00,36.380,73.000,71.020,52.230,50.840,32.850,1.988,15.802,17.021,0.970,1.670,942.700,1579.100,1.675,15.320,28.427,1.060,1.825,19.432,20.769,0.744,0.750,15.328,28.425,0.189,8.603,9.524,0.018,4155.000,151.161,50.649,8.603,60.173
528,12:23:30,36.380,73.080,71.090,52.270,50.880,32.850,1.994,15.798,17.018,0.971,1.674,944.600,1582.400,1.675,15.346,28.481,1.062,1.829,19.428,20.766,0.744,0.750,15.340,28.488,0.189,8.592,9.525,0.018,4155.000,151.617,50.695,8.592,60.221
529,12:24:00,36.390,73.150,71.150,52.320,50.920,32.850,1.998,15.794,17.016,0.973,1.676,946.200,1585.200,1.675,15.367,28.526,1.063,1.832,19.423,20.763,0.744,0.750,15.368,28.519,0.189,8.593,9.519,0.018,4155.000,151.921,50.707,8.593,60.226
530,12:24:30,36.400,73.220,71.210,52.360,50.960,32.850,2.002,15.790,17.013,0.974,1.679,947.400,1587.200,1.675,15.381,28.557,1.065,1.834,19.419,20.760,0.744,0.750,15.379,28.565,0.189,8.589,9.522,0.018,4155.000,152.225,50.745,8.589,60.267
531,12:25:00,36.400,73.280,71.270,52.400,50.990,32.840,2.003,15.786,17.011,0.975,1.679,947.900,1588.100,1.675,15.386,28.570,1.065,1.835,19.415,20.758,0.744,0.750,15.391,28.561,0.189,8.591,9.516,0.018,4155.000,152.301,50.742,8.591,60.257
532,12:25:30,36.410,73.330,71.310,52.430,51.010,32.840,2.003,15.783,17.010,0.975,1.679,947.900,1588.000,1.675,15.381,28.565,1.065,1.835,19.412,20.756,0.744,0.750,15.388,28.560,0.189,8.590,9.516,0.018,4155.000,152.301,50.745,8.590,60.260
533,12:26:00,36.420,73.360,71.340,52.450,51.030,32.840,2.002,15.782,17.009,0.974,1.678,947.200,1587.000,1.675,15.369,28.545,1.064,1.834,19.410,20.755,0.744,0.750,15.372,28.541,0.189,8.587,9.516,0.018,4155.000,152.225,50.751,8.587,60.267
534,12:26:30,36.430,73.370,71.350,52.450,51.040,32.840,1.999,15.781,17.008,0.973,1.677,946.300,1585.400,1.675,15.353,28.515,1.063,1.832,19.410,20.755,0.744,0.750,15.355,28.522,0.189,8.585,9.519,0.018,4155.000,151.997,50.726,8.585,60.245
535,12:27:00,36.440,73.360,71.350,52.450,51.040,32.840,1.996,15.782,17.008,0.972,1.675,945.200,1583.600,1.675,15.336,28.483,1.062,1.830,19.410,20.755,0.744,0.750,15.340,28.488,0.189,8.587,9.518,0.018,4155.000,151.769,50.708,8.587,60.226
536,12:27:30,36.440,73.340,71.330,52.430,51.030,32.830,1.993,15.783,17.009,0.971,1.673,944.300,1582.100,1.675,15.323,28.457,1.061,1.828,19.412,20.756,0.744,0.750,15.325,28.456,0.189,8.587,9.517,0.018,4155.000,151.541,50.680,8.587,60.196
537,12:28:00,36.450,73.300,71.300,52.410,51.010,32.830,1.992,15.785,17.010,0.970,1.672,943.800,1581.200,1.675,15.316,28.444,1.060,1.828,19.414,20.757,0.744,0.750,15.311,28.441,0.189,8.584,9.517,0.018,4155.000,151.465,50.683,8.584,60.200
538,12:28:30,36.460,73.260,71.270,52.380,50.990,32.830,1.992,15.787,17.012,0.970,1.672,943.800,1581.300,1.675,15.320,28.447,1.061,1.828,19.416,20.759,0.744,0.750,15.313,28.444,0.189,8.585,9.517,0.018,4155.000,151.465,50.680,8.585,60.197
539,12:29:00,36.480,73.220,71.240,52.360,50.980,32.820,1.994,15.789,17.013,0.971,1.673,944.400,1582.300,1.675,15.333,28.469,1.061,1.829,19.418,20.760,0.744,0.750,15.331,28.463,0.189,8.589,9.518,0.018,4155.000,151.617,50.699,8.589,60.216
540,12:29:30,36.490,73.180,71.220,52.340,50.970,32.820,1.997,15.791,17.014,0.972,1.675,945.600,1584.300,1.675,15.354,28.506,1.063,1.831,19.420,20.761,0.744,0.750,15.349,28.498,0.189,8.588,9.517,0.018,4155.000,151.845,50.711,8.588,60.228
541,12:30:00,36.500,73.160,71.200,52.330,50.960,32.810,2.001,15.792,17.014,0.974,1.678,947.200,1586.900,1.675,15.381,28.554,1.064,1.834,19.421,20.761,0.744,0.750,15.381,28.549,0.189,8.592,9.519,0.018,4155.000,152.149,50.729,8.592,60.248
542,12:30:30,36.510,73.150,71.200,52.330,50.960,32.810,2.006,15.792,17.014,0.976,1.681,949.000,1589.800,1.675,15.410,28.605,1.066,1.837,19.422,20.761,0.744,0.750,15.413,28.601,0.189,8.593,9.519,0.018,4155.000,152.529,50.763,8.593,60.282
543,12:31:00,36.520,73.170,71.220,52.340,50.980,32.800,2.011,15.791,17.013,0.977,1.684,950.600,1592.500,1.675,15.435,28.652,1.068,1.841,19.421,20.761,0.744,0.750,15.428,28.650,0.189,8.587,9.519,0.018,4155.000,152.909,50.803,8.587,60.322
544,12:31:30,36.530,73.200,71.250,52.360,51.000,32.800,2.014,15.789,17.012,0.979,1.686,951.900,1594.500,1.675,15.454,28.687,1.070,1.843,19.419,20.759,0.744,0.750,15.457,28.682,0.189,8.592,9.518,0.018,4155.000,153.138,50.815,8.592,60.333
545,12:32:00,36.540,73.250,71.290,52.390,51.030,32.790,2.016,15.786,17.010,0.979,1.687,952.700,1595.700,1.675,15.463,28.704,1.070,1.844,19.416,20.757,0.744,0.750,15.454,28.696,0.189,8.583,9.515,0.018,4155.000,153.290,50.828,8.583,60.343
546,12:32:30,36.560,73.310,71.350,52.440,51.060,32.790,2.016,15.783,17.008,0.980,1.688,952.800,1595.900,1.675,15.461,28.702,1.071,1.844,19.412,20.755,0.744,0.750,15.467,28.710,0.189,8.589,9.518,0.018,4155.000,153.290,50.821,8.589,60.340
547,12:33:00,36.570,73.380,71.410,52.480,51.100,32.780,2.015,15.779,17.005,0.979,1.687,952.300,1595.000,1.675,15.448,28.681,1.070,1.843,19.407,20.752,0.744,0.750,15.448,28.687,0.189,8.583,9.516,0.018,4155.000,153.214,50.825,8.583,60.341
548,12:33:30,36.580,73.460,71.480,52.530,51.140,32.780,2.012,15.775,17.003,0.978,1.685,951.400,1593.300,1.675,15.427,28.645,1.069,1.841,19.403,20.749,0.744,0.750,15.428,28.650,0.189,8.580,9.514,0.018,4155.000,152.985,50.803,8.580,60.317
549,12:34:00,36.590,73.540,71.540,52.580,51.180,32.770,2.008,15.770,17.000,0.977,1.682,950.200,1591.200,1.675,15.403,28.601,1.067,1.839,19.398,20.746,0.744,0.750,15.407,28.594,0.189,8.579,9.508,0.018,4155.000,152.681,50.769,8.579,60.277
550,12:34:30,36.610,73.610,71.600,52.620,51.220,32.770,2.005,15.767,16.998,0.975,1.680,949.000,1589.000,1.675,15.378,28.558,1.066,1.836,19.394,20.743,0.744,0.750,15.373,28.557,0.189,8.571,9.509,0.018,4155.000,152.453,50.763,8.571,60.272
551,12:35:00,36.620,73.670,71.650,52.660,51.250,32.760,2.002,15.763,16.996,0.974,1.678,948.000,1587.300,1.674,15.359,28.523,1.065,1.834,19.390,20.741,0.744,0.750,15.353,28.519,0.189,8.569,9.506,0.018,4155.000,152.225,50.742,8.569,60.248
552,12:35:30,36.630,73.710,71.690,52.690,51.270,32.750,2.001,15.761,16.994,0.974,1.677,947.500,1586.400,1.674,15.348,28.503,1.064,1.833,19.387,20.740,0.744,0.750,15.351,28.499,0.189,8.572,9.505,0.018,4155.000,152.149,50.745,8.572,60.250
553,12:36:00,36.640,73.750,71.720,52.710,51.290,32.750,2.001,15.759,16.993,0.974,1.677,947.700,1586.500,1.674,15.348,28.502,1.064,1.833,19.385,20.738,0.744,0.750,15.349,28.497,0.189,8.569,9.504,0.018,4155.000,152.149,50.742,8.569,60.246
554,12:36:30,36.660,73.760,71.740,52.720,51.300,32.740,2.002,15.758,16.992,0.975,1.678,948.400,1587.500,1.674,15.358,28.519,1.065,1.834,19.384,20.738,0.744,0.750,15.364,28.513,0.189,8.571,9.503,0.018,4155.000,152.225,50.735,8.571,60.238
555,12:37:00,36.670,73.760,71.740,52.720,51.310,32.740,2.005,15.758,16.992,0.976,1.680,949.600,1589.400,1.674,15.377,28.552,1.067,1.836,19.384,20.737,0.743,0.750,15.380,28.547,0.189,8.569,9.503,0.018,4155.000,152.453,50.751,8.569,60.254
556,12:37:30,36.680,73.750,71.730,52.720,51.310,32.730,2.009,15.758,16.992,0.977,1.683,951.100,1591.800,1.674,15.403,28.595,1.068,1.839,19.385,20.737,0.744,0.750,15.396,28.598,0.189,8.565,9.506,0.018,4155.000,152.757,50.775,8.565,60.281
557,12:38:00,36.690,73.730,71.720,52.710,51.300,32.720,2.014,15.759,16.993,0.979,1.685,952.700,1594.200,1.673,15.429,28.640,1.070,1.842,19.386,20.738,0.744,0.750,15.428,28.633,0.189,8.568,9.503,0.018,4155.000,153.138,50.825,8.568,60.328
558,12:38:30,36.700,73.700,71.710,52.700,51.300,32.720,2.017,15.761,16.993,0.980,1.688,954.000,1596.300,1.673,15.453,28.679,1.072,1.844,19.387,20.738,0.744,0.750,15.446,28.684,0.189,8.566,9.507,0.018,4155.000,153.366,50.834,8.566,60.341
559,12:39:00,36.710,73.680,71.690,52.690,51.300,32.710,2.019,15.762,16.993,0.981,1.689,954.900,1597.700,1.673,15.469,28.704,1.073,1.846,19.389,20.739,0.744,0.750,15.463,28.701,0.189,8.568,9.505,0.018,4155.000,153.518,50.840,8.568,60.344
560,12:39:30,36.730,73.650,71.670,52.680,51.290,32.710,2.020,15.763,16.994,0.982,1.690,955.300,1598.100,1.673,15.476,28.712,1.073,1.846,19.390,20.739,0.744,0.750,15.479,28.720,0.189,8.573,9.509,0.018,4155.000,153.594,50.852,8.573,60.361
561,12:40:00,36.740,73.640,71.670,52.670,51.290,32.700,2.019,15.764,16.994,0.982,1.689,955.000,1597.400,1.673,15.472,28.700,1.073,1.846,19.391,20.740,0.744,0.750,15.480,28.703,0.189,8.577,9.507,0.018,4155.000,153.518,50.849,8.577,60.356
562,12:40:30,36.750,73.630,71.660,52.670,51.290,32.690,2.016,15.764,16.994,0.981,1.687,954.100,1595.700,1.672,15.458,28.670,1.072,1.844,19.391,20.740,0.744,0.750,15.464,28.669,0.189,8.576,9.506,0.018,4155.000,153.290,50.828,8.576,60.334
563,12:41:00,36.760,73.640,71.670,52.670,51.300,32.690,2.012,15.764,16.994,0.979,1.685,952.800,1593.400,1.672,15.437,28.628,1.070,1.841,19.391,20.739,0.744,0.750,15.433,28.635,0.189,8.570,9.508,0.018,4155.000,152.985,50.800,8.570,60.308
564,12:41:30,36.770,73.660,71.690,52.690,51.310,32.680,2.008,15.762,16.993,0.978,1.682,951.400,1590.800,1.672,15.412,28.579,1.069,1.838,19.389,20.738,0.744,0.750,15.415,28.582,0.189,8.573,9.506,0.018,4155.000,152.681,50.782,8.573,60.288
565,12:42:00,36.780,73.690,71.720,52.710,51.330,32.680,2.004,15.760,16.992,0.976,1.679,950.000,1588.300,1.672,15.388,28.533,1.067,1.835,19.387,20.737,0.744,0.750,15.382,28.530,0.189,8.567,9.504,0.018,4155.000,152.377,50.760,8.567,60.264
566,12:42:30,36.790,73.740,71.760,52.740,51.350,32.670,2.001,15.758,16.990,0.975,1.677,949.000,1586.400,1.672,15.369,28.496,1.066,1.833,19.384,20.735,0.744,0.750,15.364,28.492,0.189,8.566,9.503,0.018,4155.000,152.149,50.745,8.566,60.248
567,12:43:00,36.790,73.800,71.810,52.770,51.380,32.660,1.999,15.755,16.988,0.975,1.676,948.600,1585.400,1.671,15.357,28.473,1.065,1.832,19.381,20.733,0.744,0.750,15.361,28.472,0.189,8.568,9.502,0.018,4155.000,151.997,50.726,8.568,60.228
568,12:43:30,36.800,73.870,71.870,52.810,51.410,32.660,1.999,15.751,16.986,0.975,1.676,948.700,1585.300,1.671,15.354,28.468,1.065,1.832,19.377,20.731,0.744,0.750,15.357,28.469,0.189,8.565,9.501,0.018,4155.000,151.997,50.730,8.565,60.231
569,12:44:00,36.810,73.940,71.930,52.850,51.450,32.650,2.000,15.747,16.984,0.975,1.677,949.300,1586.200,1.671,15.360,28.479,1.066,1.833,19.372,20.729,0.744,0.750,15.353,28.482,0.189,8.557,9.501,0.018,4155.000,152.073,50.726,8.557,60.227
570,12:44:30,36.820,74.010,71.980,52.900,51.480,32.650,2.003,15.743,16.982,0.977,1.678,950.400,1587.800,1.671,15.373,28.503,1.067,1.834,19.368,20.726,0.744,0.750,15.381,28.496,0.189,8.563,9.496,0.018,4155.000,152.301,50.751,8.563,60.247
571,12:45:00,36.820,74.070,72.040,52.940,51.510,32.640,2.006,15.740,16.980,0.978,1.680,951.700,1589.800,1.670,15.390,28.534,1.069,1.837,19.364,20.724,0.743,0.750,15.394,28.526,0.189,8.558,9.494,0.018,4155.000,152.529,50.763,8.558,60.257
572,12:45:30,36.830,74.120,72.080,52.970,51.540,32.640,2.009,15.737,16.978,0.979,1.682,953.000,1591.600,1.670,15.407,28.563,1.070,1.839,19.361,20.722,0.744,0.750,15.407,28.557,0.189,8.554,9.493,0.018,4155.000,152.757,50.782,8.554,60.275
573,12:46:00,36.840,74.160,72.120,52.990,51.560,32.630,2.011,15.735,16.976,0.980,1.684,953.900,1592.900,1.670,15.419,28.584,1.071,1.840,19.359,20.720,0.744,0.750,15.420,28.588,0.189,8.553,9.496,0.018,4155.000,152.909,50.791,8.553,60.286
574,12:46:30,36.840,74.180,72.140,53.010,51.570,32.630,2.012,15.733,16.976,0.980,1.684,954.400,1593.400,1.670,15.424,28.590,1.071,1.841,19.357,20.719,0.744,0.750,15.418,28.588,0.189,8.548,9.493,0.018,4155.000,152.985,50.800,8.548,60.293
575,12:47:00,36.840,74.190,72.140,53.010,51.580,32.620,2.011,15.733,16.975,0.980,1.684,954.200,1592.800,1.669,15.421,28.579,1.071,1.840,19.357,20.719,0.744,0.750,15.418,28.586,0.189,8.549,9.496,0.018,4155.000,152.909,50.794,8.549,60.290
576,12:47:30,36.850,74.170,72.140,53.000,51.570,32.620,2.008,15.734,16.976,0.979,1.682,953.300,1591.200,1.669,15.408,28.551,1.070,1.838,19.358,20.719,0.744,0.750,15.404,28.554,0.189,8.549,9.495,0.018,4155.000,152.681,50.769,8.549,60.264
577,12:48:00,36.850,74.140,72.110,52.980,51.560,32.610,2.004,15.735,16.977,0.978,1.679,952.000,1588.700,1.669,15.388,28.508,1.069,1.835,19.360,20.721,0.744,0.750,15.389,28.504,0.189,8.553,9.493,0.018,4155.000,152.377,50.748,8.553,60.241
578,12:48:30,36.850,74.100,72.080,52.960,51.540,32.610,1.999,15.738,16.978,0.976,1.676,950.300,1585.600,1.669,15.364,28.456,1.067,1.832,19.362,20.722,0.744,0.750,15.360,28.455,0.189,8.552,9.495,0.018,4155.000,151.997,50.720,8.552,60.215
579,12:49:00,36.860,74.050,72.040,52.920,51.520,32.610,1.994,15.740,16.980,0.975,1.673,948.600,1582.400,1.668,15.339,28.402,1.065,1.828,19.365,20.724,0.744,0.750,15.347,28.408,0.189,8.560,9.499,0.018,4155.000,151.617,50.695,8.560,60.194
580,12:49:30,36.860,74.000,72.000,52.890,51.490,32.600,1.989,15.743,16.982,0.973,1.670,947.000,1579.600,1.668,15.318,28.355,1.063,1.825,19.368,20.726,0.744,0.750,15.318,28.360,0.189,8.558,9.499,0.018,4155.000,151.237,50.658,8.558,60.157
581,12:50:00,36.860,73.960,71.970,52.860,51.460,32.600,1.985,15.745,16.983,0.972,1.668,945.900,1577.400,1.668,15.302,28.320,1.062,1.822,19.370,20.728,0.744,0.750,15.304,28.328,0.189,8.561,9.502,0.018,4155.000,150.932,50.627,8.561,60.128
582,12:50:30,36.860,73.920,71.940,52.830,51.440,32.600,1.983,15.747,16.985,0.971,1.666,945.300,1576.200,1.667,15.296,28.301,1.062,1.821,19.373,20.729,0.743,0.750,15.290,28.297,0.189,8.558,9.499,0.018,4155.000,150.780,50.614,8.558,60.113
583,12:51:00,36.860,73.900,71.920,52.820,51.430,32.590,1.983,15.748,16.986,0.971,1.666,945.400,1576.000,1.667,15.298,28.298,1.062,1.821,19.374,20.730,0.744,0.750,15.291,28.299,0.189,8.558,9.501,0.018,4155.000,150.780,50.621,8.558,60.121
584,12:51:30,36.860,73.900,71.920,52.810,51.430,32.590,1.984,15.749,16.986,0.972,1.667,945.900,1576.600,1.667,15.307,28.310,1.062,1.822,19.374,20.731,0.744,0.749,15.308,28.316,0.189,8.563,9.503,0.018,4155.000,150.856,50.627,8.563,60.129
585,12:52:00,36.860,73.910,71.930,52.820,51.430,32.590,1.986,15.748,16.986,0.973,1.668,946.800,1577.900,1.666,15.320,28.332,1.063,1.823,19.373,20.730,0.744,0.750,15.323,28.333,0.189,8.563,9.500,0.018,4155.000,151.008,50.636,8.563,60.137
586,12:52:30,36.850,73.950,71.960,52.830,51.440,32.590,1.988,15.746,16.985,0.974,1.669,947.800,1579.200,1.666,15.335,28.355,1.064,1.825,19.371,20.729,0.744,0.750,15.337,28.348,0.189,8.562,9.498,0.018,4155.000,151.161,50.645,8.562,60.143
587,12:53:00,36.850,73.990,71.990,52.860,51.460,32.590,1.990,15.743,16.983,0.975,1.671,948.700,1580.400,1.666,15.346,28.373,1.065,1.826,19.369,20.728,0.744,0.750,15.349,28.379,0.189,8.561,9.501,0.018,4155.000,151.313,50.658,8.561,60.159
588,12:53:30,36.850,74.050,72.040,52.890,51.480,32.580,1.991,15.741,16.982,0.975,1.671,949.200,1580.900,1.666,15.349,28.378,1.066,1.826,19.365,20.726,0.744,0.750,15.347,28.377,0.189,8.555,9.497,0.018,4155.000,151.389,50.667,8.555,60.165
589,12:54:00,36.840,74.100,72.090,52.920,51.510,32.580,1.990,15.737,16.980,0.975,1.671,949.100,1580.400,1.665,15.344,28.367,1.066,1.826,19.362,20.724,0.743,0.750,15.344,28.374,0.189,8.554,9.499,0.018,4155.000,151.313,50.658,8.554,60.157
590,12:54:30,36.840,74.160,72.130,52.950,51.530,32.580,1.988,15.734,16.979,0.974,1.669,948.400,1578.900,1.665,15.329,28.336,1.065,1.824,19.359,20.723,0.744,0.750,15.325,28.338,0.189,8.550,9.496,0.018,4155.000,151.161,50.655,8.550,60.151
591,12:55:00,36.830,74.200,72.170,52.970,51.540,32.580,1.984,15.732,16.978,0.973,1.666,947.000,1576.400,1.665,15.304,28.289,1.063,1.821,19.356,20.721,0.744,0.750,15.307,28.285,0.189,8.552,9.494,0.018,4155.000,150.856,50.633,8.552,60.127
592,12:55:30,36.830,74.230,72.190,52.990,51.550,32.580,1.978,15.730,16.977,0.971,1.663,945.300,1573.200,1.664,15.274,28.230,1.061,1.817,19.354,20.721,0.744,0.750,15.274,28.233,0.189,8.549,9.495,0.018,4155.000,150.400,50.583,8.549,60.078
593,12:56:00,36.820,74.250,72.200,52.990,51.550,32.580,1.972,15.730,16.977,0.969,1.659,943.300,1569.600,1.664,15.241,28.165,1.059,1.813,19.353,20.721,0.744,0.750,15.242,28.165,0.189,8.550,9.494,0.018,4155.000,149.944,50.545,8.550,60.039
594,12:56:30,36.820,74.240,72.190,52.980,51.540,32.580,1.966,15.730,16.978,0.967,1.655,941.400,1566.000,1.664,15.211,28.103,1.057,1.809,19.354,20.722,0.744,0.750,15.211,28.099,0.189,8.549,9.494,0.018,4155.000,149.488,50.507,8.549,60.001
595,12:57:00,36.810,74.210,72.160,52.950,51.520,32.580,1.961,15.732,16.979,0.965,1.652,939.700,1563.000,1.663,15.186,28.052,1.055,1.806,19.356,20.723,0.744,0.750,15.181,28.049,0.189,8.548,9.495,0.018,4155.000,149.108,50.475,8.548,59.970
596,12:57:30,36.800,74.170,72.130,52.920,51.490,32.580,1.958,15.734,16.981,0.964,1.650,938.600,1560.800,1.663,15.171,28.016,1.054,1.803,19.358,20.725,0.744,0.750,15.168,28.019,0.189,8.550,9.498,0.018,4155.000,148.879,50.469,8.550,59.967
597,12:58:00,36.790,74.110,72.070,52.870,51.450,32.580,1.956,15.738,16.983,0.964,1.649,938.100,1559.600,1.663,15.167,27.999,1.053,1.802,19.362,20.728,0.744,0.750,15.171,28.005,0.189,8.557,9.501,0.018,4155.000,148.727,50.456,8.557,59.957
598,12:58:30,36.790,74.040,72.020,52.830,51.410,32.580,1.955,15.741,16.986,0.964,1.648,938.100,1559.400,1.662,15.172,28.001,1.053,1.802,19.366,20.731,0.744,0.750,15.174,27.993,0.189,8.559,9.498,0.018,4155.000,148.651,50.437,8.559,59.935
599,12:59:00,36.780,73.970,71.960,52.780,51.370,32.580,1.956,15.745,16.989,0.964,1.649,938.700,1560.000,1.662,15.186,28.017,1.054,1.802,19.371,20.733,0.744,0.750,15.178,28.015,0.189,8.555,9.502,0.018,4155.000,148.727,50.443,8.555,59.945
600,12:59:30,36.770,73.900,71.900,52.730,51.330,32.580,1.958,15.749,16.991,0.965,1.650,939.500,1561.000,1.661,15.204,28.040,1.055,1.804,19.375,20.736,0.744,0.750,15.198,28.035,0.189,8.559,9.503,0.018,4155.000,148.879,50.463,8.559,59.965
601,13:00:00,36.760,73.830,71.840,52.690,51.290,32.580,1.960,15.753,16.994,0.966,1.651,940.400,1562.100,1.661,15.222,28.064,1.056,1.805,19.379,20.739,0.744,0.750,15.217,28.057,0.189,8.562,9.503,0.018,4155.000,149.032,50.479,8.562,59.982
602,13:00:30,36.750,73.780,71.800,52.650,51.260,32.590,1.961,15.756,16.996,0.967,1.652,941.000,1562.700,1.661,15.235,28.081,1.057,1.806,19.382,20.741,0.744,0.750,15.236,28.077,0.189,8.567,9.506,0.018,4155.000,149.108,50.485,8.567,59.991
603,13:01:00,36.740,73.740,71.770,52.620,51.240,32.590,1.961,15.758,16.997,0.967,1.652,941.100,1562.600,1.660,15.240,28.082,1.057,1.806,19.384,20.743,0.744,0.750,15.238,28.079,0.189,8.567,9.508,0.018,4155.000,149.108,50.488,8.567,59.996
604,13:01:30,36.730,73.720,71.750,52.600,51.220,32.590,1.959,15.759,16.998,0.967,1.651,940.700,1561.600,1.660,15.235,28.066,1.057,1.804,19.385,20.744,0.744,0.750,15.239,28.064,0.189,8.571,9.509,0.018,4155.000,148.956,50.469,8.571,59.978
605,13:02:00,36.720,73.710,71.740,52.590,51.210,32.590,1.956,15.759,16.999,0.966,1.649,939.600,1559.500,1.660,15.219,28.029,1.055,1.802,19.386,20.745,0.744,0.750,15.223,28.031,0.189,8.572,9.510,0.018,4155.000,148.727,50.460,8.572,59.970
606,13:02:30,36.710,73.720,71.740,52.590,51.210,32.590,1.951,15.759,16.999,0.964,1.646,938.100,1556.600,1.659,15.193,27.977,1.054,1.799,19.386,20.745,0.744,0.750,15.192,27.980,0.189,8.568,9.511,0.018,4155.000,148.347,50.424,8.568,59.935
607,13:03:00,36.700,73.730,71.750,52.590,51.200,32.590,1.945,15.758,16.999,0.962,1.642,936.200,1553.000,1.659,15.161,27.913,1.051,1.795,19.385,20.745,0.744,0.750,15.159,27.912,0.189,8.567,9.510,0.018,4155.000,147.891,50.386,8.567,59.895
608,13:03:30,36.690,73.760,71.770,52.600,51.200,32.600,1.939,15.757,16.999,0.960,1.638,934.100,1549.300,1.659,15.127,27.846,1.049,1.790,19.384,20.745,0.744,0.750,15.127,27.844,0.189,8.568,9.509,0.018,4155.000,147.435,50.350,8.568,59.859
609,13:04:00,36.680,73.780,71.780,52.610,51.200,32.600,1.933,15.756,16.999,0.958,1.635,932.300,1545.900,1.658,15.095,27.784,1.047,1.786,19.382,20.744,0.744,0.750,15.094,27.793,0.189,8.566,9.513,0.018,4155.000,146.979,50.305,8.566,59.818
610,13:04:30,36.670,73.810,71.800,52.610,51.200,32.600,1.928,15.755,16.998,0.957,1.632,930.800,1543.100,1.658,15.070,27.734,1.045,1.783,19.381,20.744,0.744,0.750,15.078,27.741,0.189,8.571,9.512,0.018,4155.000,146.598,50.266,8.571,59.778
611,13:05:00,36.660,73.830,71.810,52.620,51.200,32.600,1.925,15.754,16.998,0.956,1.630,929.900,1541.300,1.657,15.055,27.701,1.044,1.781,19.380,20.744,0.744,0.750,15.061,27.707,0.189,8.569,9.511,0.018,4155.000,146.370,50.246,8.569,59.757
612,13:05:30,36.650,73.840,71.810,52.610,51.190,32.610,1.924,15.753,16.999,0.955,1.629,929.700,1540.500,1.657,15.050,27.687,1.044,1.780,19.379,20.744,0.744,0.750,15.044,27.691,0.189,8.562,9.511,0.018,4155.000,146.294,50.246,8.562,59.757
613,13:06:00,36.640,73.840,71.810,52.610,51.180,32.610,1.924,15.754,16.999,0.956,1.629,930.000,1540.600,1.657,15.055,27.691,1.044,1.780,19.380,20.745,0.744,0.750,15.061,27.691,0.189,8.568,9.510,0.018,4155.000,146.294,50.243,8.568,59.753
614,13:06:30,36.630,73.820,71.790,52.590,51.170,32.610,1.926,15.755,17.000,0.956,1.630,930.700,1541.500,1.656,15.068,27.708,1.045,1.781,19.381,20.746,0.744,0.750,15.062,27.710,0.189,8.563,9.511,0.018,4155.000,146.446,50.266,8.563,59.777
615,13:07:00,36.620,73.790,71.760,52.570,51.150,32.610,1.928,15.756,17.001,0.957,1.631,931.600,1542.600,1.656,15.085,27.732,1.046,1.783,19.383,20.748,0.744,0.750,15.078,27.729,0.189,8.564,9.511,0.018,4155.000,146.598,50.282,8.564,59.793
616,13:07:30,36.610,73.750,71.720,52.540,51.120,32.620,1.929,15.759,17.003,0.958,1.632,932.500,1543.700,1.655,15.102,27.754,1.047,1.784,19.385,20.750,0.744,0.750,15.097,27.749,0.189,8.566,9.511,0.018,4155.000,146.674,50.272,8.566,59.783
617,13:08:00,36.600,73.690,71.670,52.500,51.090,32.620,1.930,15.762,17.005,0.959,1.633,933.000,1544.200,1.655,15.115,27.768,1.048,1.785,19.389,20.752,0.744,0.750,15.116,27.769,0.189,8.572,9.515,0.018,4155.000,146.750,50.282,8.572,59.797
618,13:08:30,36.590,73.620,71.620,52.450,51.050,32.620,1.930,15.766,17.008,0.959,1.633,933.100,1543.900,1.655,15.120,27.767,1.048,1.784,19.393,20.755,0.744,0.750,15.120,27.774,0.189,8.573,9.518,0.018,4155.000,146.750,50.292,8.573,59.810
619,13:09:00,36.590,73.550,71.550,52.400,51.010,32.620,1.927,15.770,17.010,0.959,1.631,932.500,1542.600,1.654,15.116,27.749,1.048,1.783,19.397,20.757,0.744,0.750,15.123,27.743,0.189,8.581,9.516,0.018,4155.000,146.522,50.256,8.581,59.772
620,13:09:30,36.580,73.470,71.490,52.350,50.970,32.630,1.924,15.774,17.013,0.957,1.629,931.300,1540.300,1.654,15.102,27.713,1.046,1.780,19.402,20.761,0.744,0.750,15.096,27.714,0.189,8.576,9.520,0.018,4155.000,146.294,50.253,8.576,59.773
621,13:10:00,36.570,73.400,71.430,52.300,50.920,32.630,1.919,15.778,17.016,0.956,1.626,929.700,1537.200,1.653,15.081,27.663,1.045,1.777,19.406,20.764,0.744,0.750,15.084,27.668,0.189,8.584,9.523,0.018,4155.000,145.914,50.223,8.584,59.747
622,13:10:30,36.560,73.330,71.370,52.250,50.880,32.630,1.913,15.782,17.019,0.954,1.622,927.900,1533.700,1.653,15.055,27.606,1.043,1.773,19.411,20.766,0.744,0.750,15.056,27.605,0.189,8.585,9.523,0.018,4155.000,145.458,50.180,8.585,59.704
623,13:11:00,36.550,73.270,71.320,52.210,50.850,32.630,1.907,15.785,17.021,0.952,1.618,926.000,1530.300,1.653,15.028,27.548,1.041,1.769,19.414,20.769,0.744,0.750,15.027,27.540,0.189,8.586,9.522,0.018,4155.000,145.002,50.134,8.586,59.656
624,13:11:30,36.550,73.230,71.280,52.180,50.820,32.630,1.902,15.787,17.023,0.950,1.615,924.400,1527.200,1.652,15.005,27.497,1.039,1.765,19.417,20.771,0.744,0.750,14.998,27.492,0.189,8.584,9.525,0.018,4155.000,144.621,50.104,8.584,59.629
625,13:12:00,36.540,73.200,71.250,52.160,50.800,32.640,1.898,15.789,17.024,0.949,1.613,923.300,1525.000,1.652,14.989,27.459,1.038,1.763,19.418,20.772,0.744,0.750,14.984,27.460,0.189,8.587,9.527,0.018,4155.000,144.317,50.071,8.587,59.598
626,13:12:30,36.530,73.200,71.240,52.150,50.780,32.640,1.896,15.790,17.025,0.949,1.612,922.700,1523.700,1.651,14.981,27.438,1.037,1.761,19.419,20.773,0.744,0.750,14.985,27.444,0.189,8.593,9.530,0.018,4155.000,144.165,50.061,8.593,59.591
627,13:13:00,36.530,73.200,71.240,52.150,50.780,32.640,1.896,15.789,17.025,0.949,1.611,922.800,1523.500,1.651,14.982,27.434,1.037,1.761,19.419,20.773,0.744,0.750,14.984,27.427,0.189,8.591,9.525,0.018,4155.000,144.165,50.068,8.591,59.593
628,13:13:30,36.520,73.230,71.260,52.160,50.780,32.640,1.897,15.788,17.024,0.950,1.612,923.500,1524.100,1.650,14.991,27.444,1.038,1.762,19.417,20.773,0.744,0.750,14.999,27.443,0.189,8.593,9.527,0.018,4155.000,144.241,50.074,8.593,59.601
629,13:14:00,36.520,73.260,71.280,52.180,50.790,32.640,1.899,15.787,17.024,0.950,1.613,924.400,1525.300,1.650,15.005,27.464,1.039,1.763,19.416,20.772,0.744,0.750,14.998,27.460,0.189,8.584,9.525,0.018,4155.000,144.393,50.088,8.584,59.613
630,13:14:30,36.510,73.300,71.300,52.200,50.800,32.640,1.901,15.785,17.023,0.952,1.615,925.500,1526.600,1.650,15.019,27.486,1.040,1.765,19.414,20.771,0.744,0.750,15.027,27.492,0.189,8.591,9.528,0.018,4155.000,144.545,50.098,8.591,59.626
631,13:15:00,36.510,73.330,71.330,52.220,50.810,32.650,1.903,15.783,17.022,0.952,1.616,926.300,1527.600,1.649,15.031,27.502,1.041,1.766,19.412,20.770,0.744,0.750,15.025,27.508,0.189,8.582,9.528,0.018,4155.000,144.697,50.118,8.582,59.645
632,13:15:30,36.500,73.360,71.350,52.230,50.820,32.650,1.903,15.781,17.021,0.953,1.616,926.800,1528.000,1.649,15.037,27.507,1.041,1.766,19.410,20.769,0.744,0.750,15.039,27.506,0.189,8.586,9.524,0.018,4155.000,144.697,50.104,8.586,59.629
633,13:16:00,36.500,73.380,71.360,52.240,50.830,32.650,1.902,15.781,17.021,0.953,1.615,926.700,1527.400,1.648,15.034,27.496,1.041,1.765,19.409,20.769,0.744,0.750,15.039,27.489,0.189,8.587,9.522,0.018,4155.000,144.621,50.098,8.587,59.620
634,13:16:30,36.500,73.380,71.360,52.240,50.830,32.650,1.900,15.781,17.021,0.952,1.614,926.000,1525.800,1.648,15.022,27.467,1.040,1.764,19.409,20.769,0.744,0.750,15.024,27.472,0.189,8.584,9.526,0.018,4155.000,144.469,50.098,8.584,59.624
635,13:17:00,36.500,73.360,71.340,52.230,50.810,32.650,1.896,15.781,17.021,0.951,1.611,924.700,1523.200,1.647,15.003,27.423,1.039,1.761,19.410,20.770,0.744,0.750,15.008,27.421,0.189,8.587,9.525,0.018,4155.000,144.165,50.077,8.587,59.602
636,13:17:30,36.500,73.330,71.310,52.200,50.790,32.650,1.890,15.783,17.023,0.949,1.608,923.000,1520.000,1.647,14.978,27.368,1.037,1.757,19.412,20.771,0.744,0.750,14.978,27.373,0.189,8.586,9.528,0.018,4155.000,143.709,50.024,8.586,59.552
637,13:18:00,36.490,73.280,71.270,52.170,50.760,32.650,1.885,15.786,17.025,0.947,1.604,921.100,1516.600,1.646,14.951,27.310,1.035,1.753,19.416,20.773,0.744,0.750,14.949,27.308,0.189,8.587,9.527,0.018,4155.000,143.329,50.004,8.587,59.531
638,13:18:30,36.490,73.210,71.210,52.130,50.730,32.650,1.879,15.790,17.027,0.945,1.601,919.400,1513.300,1.646,14.927,27.255,1.033,1.749,19.419,20.776,0.744,0.750,14.922,27.260,0.189,8.587,9.531,0.018,4155.000,142.873,49.953,8.587,59.484
639,13:19:00,36.490,73.140,71.150,52.080,50.690,32.650,1.875,15.794,17.030,0.944,1.598,918.000,1510.500,1.645,14.909,27.210,1.032,1.746,19.424,20.778,0.744,0.750,14.910,27.214,0.189,8.593,9.533,0.018,4155.000,142.568,49.939,8.593,59.472
640,13:19:30,36.490,73.060,71.080,52.030,50.650,32.640,1.872,15.798,17.032,0.943,1.596,917.100,1508.600,1.645,14.900,27.181,1.031,1.744,19.429,20.781,0.744,0.750,14.898,27.183,0.189,8.595,9.534,0.018,4155.000,142.340,49.922,8.595,59.456
641,13:20:00,36.490,72.990,71.020,51.990,50.610,32.640,1.870,15.802,17.035,0.943,1.595,916.800,1507.700,1.645,14.900,27.170,1.030,1.743,19.433,20.784,0.744,0.750,14.901,27.171,0.189,8.600,9.535,0.018,4155.000,142.188,49.898,8.600,59.434
642,13:20:30,36.500,72.930,70.970,51.950,50.580,32.640,1.870,15.806,17.037,0.943,1.595,917.100,1507.800,1.644,14.909,27.175,1.031,1.743,19.437,20.786,0.744,0.750,14.905,27.174,0.189,8.599,9.536,0.018,4155.000,142.188,49.895,8.599,59.431
643,13:21:00,36.500,72.880,70.930,51.920,50.550,32.640,1.872,15.808,17.038,0.944,1.596,917.900,1508.600,1.644,14.924,27.192,1.032,1.744,19.439,20.788,0.744,0.750,14.923,27.193,0.189,8.602,9.537,0.018,4155.000,142.340,49.922,8.602,59.459
644,13:21:30,36.500,72.850,70.900,51.900,50.540,32.640,1.873,15.810,17.039,0.945,1.597,918.800,1509.700,1.643,14.942,27.215,1.033,1.746,19.441,20.789,0.744,0.750,14.940,27.211,0.189,8.604,9.537,0.018,4155.000,142.416,49.912,8.604,59.449
645,13:22:00,36.500,72.850,70.890,51.900,50.540,32.640,1.875,15.810,17.040,0.946,1.598,919.800,1510.900,1.643,14.958,27.236,1.034,1.747,19.442,20.789,0.744,0.750,14.956,27.230,0.189,8.603,9.536,0.018,4155.000,142.568,49.926,8.603,59.462
646,13:22:30,36.510,72.860,70.900,51.910,50.540,32.630,1.876,15.810,17.039,0.947,1.599,920.400,1511.500,1.642,14.968,27.247,1.035,1.748,19.441,20.789,0.744,0.750,14.972,27.245,0.189,8.607,9.537,0.018,4155.000,142.644,49.933,8.607,59.470
647,13:23:00,36.510,72.890,70.920,51.930,50.550,32.630,1.876,15.808,17.038,0.947,1.599,920.600,1511.300,1.642,14.969,27.242,1.035,1.747,19.440,20.788,0.744,0.750,14.970,27.244,0.189,8.604,9.538,0.018,4155.000,142.644,49.939,8.604,59.477
648,13:23:30,36.510,72.930,70.950,51.950,50.570,32.630,1.874,15.806,17.037,0.946,1.598,920.100,1510.100,1.641,14.959,27.218,1.034,1.746,19.437,20.786,0.744,0.750,14.952,27.225,0.189,8.598,9.539,0.018,4155.000,142.492,49.926,8.598,59.465
649,13:24:00,36.520,72.970,70.990,51.980,50.590,32.620,1.870,15.804,17.035,0.945,1.595,919.100,1507.900,1.641,14.939,27.175,1.033,1.743,19.434,20.785,0.744,0.750,14.935,27.171,0.189,8.598,9.534,0.018,4155.000,142.188,49.892,8.598,59.426
650,13:24:30,36.520,73.020,71.030,52.010,50.610,32.620,1.865,15.801,17.034,0.944,1.592,917.500,1504.900,1.640,14.910,27.117,1.031,1.740,19.432,20.783,0.744,0.750,14.916,27.118,0.189,8.602,9.534,0.018,4155.000,141.808,49.858,8.602,59.392
651,13:25:00,36.530,73.070,71.060,52.040,50.630,32.620,1.860,15.799,17.033,0.942,1.588,915.600,1501.200,1.640,14.875,27.049,1.029,1.736,19.429,20.782,0.744,0.750,14.883,27.048,0.189,8.600,9.533,0.018,4155.000,141.428,49.847,8.600,59.380
652,13:25:30,36.530,73.100,71.080,52.060,50.640,32.610,1.853,15.797,17.032,0.939,1.584,913.600,1497.500,1.639,14.841,26.980,1.027,1.731,19.427,20.781,0.744,0.750,14.833,26.979,0.189,8.591,9.532,0.018,4155.000,140.896,49.782,8.591,59.314
653,13:26:00,36.540,73.120,71.100,52.070,50.650,32.610,1.848,15.796,17.031,0.938,1.580,911.700,1494.100,1.639,14.810,26.916,1.025,1.727,19.426,20.780,0.744,0.750,14.817,26.909,0.189,8.599,9.529,0.018,4155.000,140.515,49.760,8.599,59.289
654,13:26:30,36.540,73.130,71.100,52.070,50.650,32.600,1.843,15.796,17.031,0.936,1.578,910.300,1491.300,1.638,14.787,26.866,1.023,1.724,19.426,20.780,0.744,0.750,14.785,26.875,0.189,8.594,9.535,0.018,4155.000,140.135,49.719,8.594,59.254
655,13:27:00,36.550,73.120,71.090,52.070,50.640,32.600,1.840,15.796,17.031,0.935,1.576,909.500,1489.400,1.638,14.774,26.834,1.022,1.722,19.426,20.780,0.744,0.750,14.769,26.841,0.189,8.592,9.535,0.018,4155.000,139.907,49.701,8.592,59.236
656,13:27:30,36.550,73.090,71.060,52.050,50.630,32.590,1.839,15.798,17.032,0.935,1.575,909.200,1488.600,1.637,14.771,26.820,1.022,1.721,19.428,20.781,0.744,0.750,14.771,26.825,0.189,8.596,9.535,0.018,4155.000,139.831,49.701,8.596,59.236
657,13:28:00,36.560,73.050,71.030,52.030,50.610,32.590,1.839,15.800,17.033,0.935,1.575,909.500,1488.500,1.637,14.778,26.822,1.022,1.721,19.431,20.783,0.744,0.750,14.773,26.827,0.189,8.594,9.536,0.018,4155.000,139.831,49.704,8.594,59.240
658,13:28:30,36.570,73.000,70.980,52.000,50.590,32.580,1.840,15.803,17.035,0.936,1.575,910.100,1489.100,1.636,14.792,26.835,1.023,1.722,19.434,20.784,0.744,0.750,14.792,26.830,0.189,8.599,9.533,0.018,4155.000,139.907,49.711,8.599,59.244
659,13:29:00,36.570,72.950,70.940,51.970,50.560,32.570,1.841,15.806,17.037,0.937,1.576,910.900,1489.900,1.636,14.808,26.853,1.024,1.723,19.437,20.786,0.744,0.750,14.810,26.850,0.189,8.603,9.535,0.018,4155.000,139.983,49.712,8.603,59.247
660,13:29:30,36.580,72.890,70.890,51.940,50.540,32.570,1.842,15.809,17.038,0.938,1.577,911.500,1490.500,1.635,14.822,26.866,1.025,1.723,19.441,20.788,0.744,0.750,14.829,26.869,0.189,8.608,9.538,0.018,4155.000,140.059,49.718,8.608,59.256
661,13:30:00,36.580,72.830,70.840,51.910,50.510,32.560,1.842,15.812,17.040,0.938,1.577,911.800,1490.400,1.635,14.830,26.868,1.025,1.723,19.444,20.790,0.744,0.750,14.832,26.872,0.189,8.607,9.540,0.018,4155.000,140.059,49.722,8.607,59.262
662,13:30:30,36.590,72.780,70.800,51.880,50.490,32.550,1.840,15.815,17.041,0.938,1.576,911.500,1489.400,1.634,14.828,26.853,1.025,1.722,19.447,20.791,0.744,0.750,14.834,26.857,0.189,8.611,9.541,0.018,4155.000,139.907,49.701,8.611,59.242
663,13:31:00,36.600,72.740,70.770,51.860,50.480,32.550,1.837,15.817,17.042,0.937,1.574,910.500,1487.400,1.634,14.815,26.819,1.024,1.720,19.449,20.792,0.744,0.750,14.821,26.824,0.189,8.612,9.542,0.018,4155.000,139.679,49.687,8.612,59.229
664,13:31:30,36.600,72.720,70.750,51.850,50.470,32.540,1.832,15.818,17.043,0.935,1.570,909.000,1484.400,1.633,14.792,26.766,1.022,1.716,19.451,20.793,0.744,0.750,14.790,26.758,0.189,8.609,9.537,0.018,4155.000,139.299,49.652,8.609,59.189
665,13:32:00,36.610,72.710,70.730,51.840,50.460,32.530,1.826,15.819,17.044,0.933,1.567,907.000,1480.600,1.633,14.760,26.699,1.020,1.712,19.451,20.794,0.744,0.750,14.759,26.708,0.189,8.610,9.544,0.018,4155.000,138.843,49.616,8.610,59.160
666,13:32:30,36.610,72.710,70.730,51.840,50.460,32.520,1.819,15.819,17.043,0.931,1.562,904.700,1476.500,1.632,14.724,26.624,1.017,1.707,19.451,20.794,0.744,0.750,14.727,26.621,0.189,8.613,9.540,0.018,4155.000,138.310,49.563,8.613,59.103
667,13:33:00,36.620,72.720,70.740,51.850,50.470,32.520,1.813,15.818,17.043,0.928,1.558,902.500,1472.400,1.631,14.687,26.550,1.015,1.703,19.451,20.793,0.744,0.750,14.679,26.553,0.189,8.606,9.542,0.018,4155.000,137.854,49.537,8.606,59.079
668,13:33:30,36.630,72.750,70.760,51.870,50.470,32.510,1.807,15.817,17.042,0.926,1.554,900.600,1468.800,1.631,14.654,26.483,1.013,1.698,19.449,20.792,0.744,0.750,14.647,26.483,0.189,8.605,9.540,0.018,4155.000,137.398,49.494,8.605,59.034
669,13:34:00,36.630,72.790,70.780,51.890,50.490,32.500,1.802,15.815,17.041,0.925,1.551,899.100,1465.900,1.630,14.628,26.430,1.011,1.695,19.447,20.791,0.744,0.750,14.629,26.431,0.189,8.609,9.540,0.018,4155.000,137.018,49.455,8.609,58.995
670,13:34:30,36.640,72.820,70.810,51.910,50.500,32.490,1.799,15.813,17.040,0.924,1.549,898.300,1464.000,1.630,14.612,26.393,1.010,1.693,19.445,20.790,0.744,0.750,14.611,26.395,0.189,8.606,9.539,0.018,4155.000,136.790,49.437,8.606,58.976
671,13:35:00,36.640,72.860,70.840,51.940,50.520,32.480,1.798,15.811,17.039,0.924,1.548,898.000,1463.100,1.629,14.605,26.375,1.010,1.692,19.443,20.789,0.744,0.750,14.609,26.376,0.189,8.608,9.538,0.018,4155.000,136.714,49.440,8.608,58.978
672,13:35:30,36.650,72.900,70.860,51.960,50.530,32.470,1.798,15.810,17.038,0.924,1.548,898.200,1463.000,1.629,14.607,26.370,1.010,1.692,19.441,20.788,0.744,0.750,14.608,26.375,0.189,8.605,9.539,0.018,4155.000,136.714,49.443,8.605,58.982
673,13:36:00,36.650,72.920,70.880,51.980,50.540,32.470,1.798,15.808,17.037,0.924,1.548,898.800,1463.300,1.628,14.614,26.374,1.010,1.692,19.440,20.787,0.744,0.750,14.607,26.373,0.189,8.599,9.536,0.018,4155.000,136.714,49.433,8.599,58.969
674,13:36:30,36.650,72.940,70.890,51.990,50.550,32.460,1.799,15.808,17.037,0.925,1.548,899.300,1463.700,1.628,14.622,26.380,1.011,1.692,19.439,20.786,0.744,0.750,14.622,26.373,0.189,8.603,9.533,0.018,4155.000,136.790,49.447,8.603,58.980
675,13:37:00,36.660,72.940,70.890,51.990,50.550,32.450,1.799,15.808,17.037,0.925,1.548,899.600,1463.700,1.627,14.627,26.380,1.011,1.692,19.439,20.786,0.744,0.750,14.622,26.373,0.189,8.600,9.533,0.018,4155.000,136.790,49.447,8.600,58.980
676,13:37:30,36.660,72.920,70.870,51.980,50.540,32.440,1.798,15.809,17.037,0.925,1.548,899.500,1463.000,1.627,14.626,26.368,1.011,1.691,19.440,20.787,0.744,0.750,14.623,26.373,0.189,8.602,9.538,0.018,4155.000,136.714,49.443,8.602,58.981
677,13:38:00,36.660,72.880,70.840,51.960,50.520,32.430,1.795,15.811,17.038,0.924,1.546,898.700,1461.300,1.626,14.616,26.340,1.010,1.690,19.442,20.788,0.744,0.750,14.609,26.341,0.189,8.601,9.537,0.018,4155.000,136.486,49.418,8.601,58.955
678,13:38:30,36.660,72.830,70.790,51.930,50.500,32.420,1.790,15.814,17.040,0.923,1.543,897.400,1458.600,1.625,14.598,26.295,1.009,1.686,19.445,20.789,0.744,0.750,14.596,26.293,0.189,8.606,9.538,0.018,4155.000,136.105,49.372,8.606,58.909
679,13:39:00,36.670,72.770,70.740,51.890,50.470,32.410,1.785,15.817,17.042,0.921,1.539,895.500,1455.000,1.625,14.571,26.234,1.007,1.682,19.449,20.792,0.744,0.750,14.567,26.228,0.189,8.607,9.537,0.018,4155.000,135.725,49.355,8.607,58.893
680,13:39:30,36.670,72.690,70.680,51.850,50.430,32.400,1.778,15.821,17.044,0.919,1.535,893.300,1450.900,1.624,14.539,26.163,1.004,1.678,19.454,20.794,0.744,0.750,14.539,26.163,0.189,8.612,9.541,0.018,4155.000,135.193,49.301,8.612,58.842
681,13:40:00,36.670,72.620,70.610,51.800,50.400,32.390,1.771,15.825,17.047,0.917,1.530,890.900,1446.500,1.624,14.505,26.089,1.002,1.673,19.458,20.797,0.744,0.750,14.512,26.082,0.189,8.618,9.540,0.018,4155.000,134.661,49.256,8.618,58.796
682,13:40:30,36.670,72.550,70.550,51.750,50.360,32.380,1.764,15.829,17.049,0.914,1.526,888.700,1442.400,1.623,14.474,26.020,0.999,1.668,19.463,20.800,0.744,0.750,14.468,26.017,0.189,8.614,9.543,0.018,4155.000,134.128,49.201,8.614,58.744
683,13:41:00,36.670,72.480,70.490,51.710,50.320,32.380,1.759,15.833,17.051,0.913,1.522,886.800,1438.900,1.623,14.448,25.961,0.997,1.664,19.467,20.802,0.744,0.750,14.456,25.952,0.189,8.625,9.543,0.018,4155.000,133.748,49.181,8.625,58.724
684,13:41:30,36.670,72.430,70.450,51.680,50.290,32.370,1.755,15.836,17.053,0.911,1.520,885.500,1436.200,1.622,14.430,25.917,0.996,1.661,19.470,20.804,0.744,0.750,14.427,25.921,0.189,8.620,9.549,0.018,4155.000,133.444,49.161,8.620,58.710
685,13:42:00,36.660,72.390,70.410,51.660,50.270,32.360,1.752,15.838,17.055,0.911,1.518,884.800,1434.600,1.621,14.421,25.890,0.995,1.659,19.472,20.806,0.744,0.750,14.428,25.889,0.189,8.628,9.548,0.018,4155.000,133.216,49.132,8.628,58.680
686,13:42:30,36.660,72.370,70.390,51.640,50.260,32.350,1.751,15.839,17.055,0.910,1.517,884.700,1433.900,1.621,14.421,25.879,0.995,1.658,19.473,20.807,0.744,0.750,14.413,25.872,0.189,8.620,9.547,0.018,4155.000,133.140,49.128,8.620,58.675
687,13:43:00,36.660,72.370,70.390,51.640,50.250,32.340,1.751,15.839,17.056,0.911,1.517,885.100,1434.000,1.620,14.427,25.880,0.995,1.658,19.474,20.807,0.745,0.750,14.429,25.874,0.189,8.626,9.547,0.018,4155.000,133.140,49.124,8.626,58.671
688,13:43:30,36.650,72.390,70.400,51.650,50.260,32.330,1.751,15.839,17.055,0.911,1.518,885.600,1434.300,1.620,14.435,25.886,0.996,1.659,19.473,20.807,0.744,0.750,14.429,25.889,0.189,8.621,9.550,0.018,4155.000,133.140,49.114,8.621,58.665
689,13:44:00,36.650,72.420,70.420,51.670,50.270,32.320,1.752,15.837,17.055,0.912,1.518,886.100,1434.600,1.619,14.441,25.889,0.997,1.659,19.471,20.806,0.744,0.750,14.443,25.889,0.189,8.624,9.548,0.018,4155.000,133.216,49.132,8.624,58.680
690,13:44:30,36.650,72.450,70.440,51.690,50.280,32.310,1.752,15.836,17.054,0.912,1.518,886.200,1434.300,1.618,14.442,25.883,0.997,1.659,19.469,20.805,0.744,0.750,14.442,25.888,0.189,8.623,9.550,0.018,4155.000,133.216,49.142,8.623,58.692
691,13:45:00,36.640,72.490,70.460,51.710,50.290,32.310,1.750,15.834,17.053,0.912,1.517,885.900,1433.300,1.618,14.434,25.862,0.996,1.657,19.467,20.804,0.744,0.750,14.441,25.869,0.189,8.625,9.550,0.018,4155.000,133.064,49.120,8.625,58.670
692,13:45:30,36.630,72.520,70.480,51.720,50.300,32.300,1.747,15.832,17.052,0.911,1.514,885.000,1431.200,1.617,14.418,25.824,0.995,1.655,19.466,20.803,0.744,0.750,14.423,25.817,0.189,8.623,9.544,0.018,4155.000,132.836,49.108,8.623,58.652
693,13:46:00,36.630,72.530,70.490,51.730,50.300,32.290,1.742,15.832,17.052,0.909,1.511,883.500,1428.300,1.617,14.392,25.770,0.994,1.652,19.465,20.802,0.744,0.750,14.391,25.766,0.189,8.618,9.545,0.018,4155.000,132.456,49.067,8.618,58.612
694,13:46:30,36.620,72.530,70.490,51.730,50.290,32.280,1.736,15.832,17.052,0.907,1.507,881.500,1424.500,1.616,14.360,25.703,0.991,1.647,19.465,20.803,0.744,0.750,14.360,25.697,0.189,8.619,9.545,0.018,4155.000,131.999,49.028,8.619,58.573
695,13:47:00,36.610,72.520,70.470,51.710,50.280,32.270,1.729,15.833,17.053,0.905,1.503,879.200,1420.300,1.615,14.324,25.629,0.989,1.643,19.466,20.804,0.744,0.750,14.329,25.631,0.189,8.623,9.548,0.018,4155.000,131.467,48.975,8.623,58.523
696,13:47:30,36.600,72.480,70.440,51.680,50.250,32.270,1.723,15.835,17.054,0.902,1.499,877.000,1416.200,1.615,14.290,25.556,0.986,1.638,19.469,20.806,0.744,0.750,14.283,25.564,0.189,8.617,9.551,0.018,4155.000,131.011,48.946,8.617,58.497
697,13:48:00,36.600,72.420,70.380,51.640,50.220,32.260,1.717,15.838,17.057,0.900,1.495,875.000,1412.400,1.614,14.261,25.492,0.984,1.633,19.472,20.808,0.744,0.750,14.254,25.500,0.189,8.619,9.553,0.018,4155.000,130.555,48.907,8.619,58.460
698,13:48:30,36.590,72.350,70.320,51.600,50.170,32.250,1.712,15.842,17.059,0.899,1.491,873.400,1409.300,1.614,14.240,25.443,0.982,1.630,19.477,20.811,0.745,0.750,14.242,25.435,0.189,8.628,9.549,0.018,4155.000,130.174,48.872,8.628,58.421
699,13:49:00,36.580,72.260,70.240,51.540,50.120,32.240,1.708,15.847,17.063,0.898,1.489,872.500,1407.300,1.613,14.230,25.411,0.981,1.628,19.482,20.814,0.745,0.750,14.231,25.407,0.189,8.630,9.552,0.018,4155.000,129.870,48.827,8.630,58.379
700,13:49:30,36.570,72.170,70.170,51.480,50.070,32.240,1.707,15.852,17.066,0.898,1.488,872.100,1406.200,1.612,14.230,25.398,0.981,1.626,19.487,20.818,0.744,0.750,14.235,25.394,0.189,8.636,9.555,0.018,4155.000,129.794,48.837,8.636,58.392
701,13:50:00,36.550,72.080,70.090,51.420,50.020,32.230,1.706,15.857,17.069,0.898,1.488,872.300,1406.000,1.612,14.240,25.400,0.981,1.626,19.493,20.822,0.745,0.750,14.240,25.399,0.189,8.637,9.558,0.018,4155.000,129.718,48.815,8.637,58.373
702,13:50:30,36.540,72.000,70.010,51.360,49.980,32.220,1.707,15.862,17.072,0.899,1.489,872.900,1406.400,1.611,14.254,25.413,0.982,1.627,19.498,20.825,0.744,0.750,14.260,25.420,0.189,8.644,9.563,0.018,4155.000,129.794,48.830,8.644,58.393
703,13:51:00,36.530,71.920,69.950,51.320,49.940,32.220,1.708,15.866,17.075,0.899,1.489,873.600,1406.900,1.611,14.270,25.428,0.983,1.628,19.503,20.828,0.744,0.750,14.264,25.425,0.189,8.639,9.562,0.018,4155.000,129.870,48.841,8.639,58.403
704,13:51:30,36.520,71.870,69.900,51.280,49.900,32.210,1.708,15.869,17.077,0.900,1.490,874.100,1407.200,1.610,14.282,25.437,0.984,1.628,19.506,20.830,0.744,0.750,14.282,25.445,0.189,8.645,9.567,0.018,4155.000,129.870,48.831,8.645,58.398
705,13:52:00,36.510,71.820,69.860,51.250,49.870,32.200,1.708,15.872,17.079,0.900,1.489,874.200,1406.900,1.609,14.287,25.434,0.984,1.628,19.509,20.832,0.744,0.750,14.285,25.431,0.189,8.646,9.564,0.018,4155.000,129.870,48.841,8.646,58.405
706,13:52:30,36.490,71.800,69.830,51.230,49.850,32.200,1.706,15.873,17.080,0.900,1.488,873.800,1405.600,1.609,14.282,25.414,0.983,1.626,19.511,20.833,0.745,0.750,14.286,25.415,0.189,8.650,9.567,0.018,4155.000,129.718,48.829,8.650,58.396
707,13:53:00,36.480,71.790,69.820,51.220,49.840,32.190,1.702,15.874,17.081,0.899,1.486,872.800,1403.400,1.608,14.266,25.375,0.982,1.624,19.511,20.834,0.745,0.750,14.271,25.382,0.189,8.651,9.569,0.018,4155.000,129.414,48.791,8.651,58.360
708,13:53:30,36.460,71.790,69.820,51.210,49.830,32.190,1.697,15.874,17.081,0.897,1.482,871.200,1400.300,1.607,14.240,25.320,0.980,1.620,19.511,20.835,0.745,0.750,14.239,25.314,0.189,8.648,9.565,0.018,4155.000,129.034,48.755,8.648,58.320
709,13:54:00,36.450,71.800,69.820,51.210,49.830,32.180,1.692,15.873,17.081,0.895,1.478,869.200,1396.500,1.607,14.206,25.252,0.978,1.616,19.511,20.835,0.744,0.750,14.206,25.246,0.189,8.648,9.565,0.018,4155.000,128.654,48.744,8.648,58.309
710,13:54:30,36.430,71.820,69.830,51.210,49.820,32.180,1.685,15.873,17.081,0.893,1.474,867.000,1392.500,1.606,14.170,25.179,0.976,1.611,19.510,20.835,0.744,0.750,14.175,25.177,0.189,8.650,9.567,0.018,4155.000,128.122,48.682,8.650,58.248
711,13:55:00,36.420,71.840,69.840,51.210,49.810,32.180,1.679,15.872,17.081,0.891,1.470,864.900,1388.600,1.605,14.135,25.108,0.973,1.606,19.509,20.835,0.745,0.750,14.142,25.109,0.189,8.651,9.567,0.018,4155.000,127.665,48.645,8.651,58.212
712,13:55:30,36.400,71.850,69.840,51.210,49.810,32.170,1.674,15.871,17.082,0.889,1.466,863.200,1385.200,1.605,14.106,25.048,0.971,1.603,19.509,20.836,0.745,0.750,14.109,25.042,0.189,8.648,9.565,0.018,4155.000,127.285,48.619,8.648,58.184
713,13:56:00,36.390,71.850,69.830,51.200,49.790,32.170,1.670,15.872,17.082,0.887,1.464,861.900,1382.700,1.604,14.086,25.003,0.970,1.600,19.509,20.836,0.744,0.750,14.078,25.008,0.189,8.642,9.570,0.018,4155.000,126.981,48.590,8.642,58.160
714,13:56:30,36.370,71.840,69.820,51.190,49.770,32.160,1.667,15.872,17.083,0.887,1.462,861.300,1381.100,1.604,14.077,24.977,0.969,1.598,19.510,20.837,0.745,0.750,14.078,24.975,0.189,8.648,9.568,0.018,4155.000,126.753,48.559,8.648,58.127
715,13:57:00,36.360,71.820,69.790,51.170,49.750,32.160,1.666,15.874,17.085,0.887,1.461,861.300,1380.500,1.603,14.078,24.968,0.969,1.597,19.511,20.839,0.745,0.750,14.080,24.961,0.189,8.650,9.567,0.018,4155.000,126.677,48.551,8.650,58.118
716,13:57:30,36.340,71.780,69.750,51.140,49.720,32.160,1.667,15.876,17.086,0.887,1.462,861.700,1380.600,1.602,14.088,24.974,0.970,1.597,19.514,20.841,0.744,0.750,14.082,24.980,0.189,8.647,9.573,0.018,4155.000,126.753,48.577,8.647,58.150
717,13:58:00,36.330,71.720,69.700,51.100,49.680,32.150,1.667,15.879,17.089,0.888,1.462,862.400,1381.200,1.602,14.102,24.988,0.971,1.598,19.517,20.843,0.744,0.750,14.101,24.984,0.189,8.651,9.571,0.018,4155.000,126.753,48.556,8.651,58.126
718,13:58:30,36.310,71.660,69.650,51.050,49.640,32.150,1.668,15.883,17.091,0.889,1.463,863.100,1381.700,1.601,14.117,25.002,0.971,1.599,19.521,20.846,0.745,0.750,14.120,25.004,0.189,8.656,9.575,0.018,4155.000,126.829,48.567,8.656,58.142
719,13:59:00,36.290,71.580,69.580,51.000,49.600,32.150,1.668,15.887,17.094,0.889,1.463,863.500,1381.800,1.600,14.129,25.009,0.972,1.599,19.526,20.849,0.744,0.750,14.124,25.009,0.189,8.654,9.576,0.018,4155.000,126.829,48.564,8.654,58.140
720,13:59:30,36.280,71.500,69.510,50.940,49.550,32.150,1.667,15.892,17.097,0.889,1.462,863.400,1381.100,1.600,14.133,25.003,0.972,1.598,19.531,20.853,0.744,0.750,14.128,24.996,0.189,8.658,9.576,0.018,4155.000,126.753,48.559,8.658,58.135
721,14:00:00,36.260,71.410,69.430,50.890,49.500,32.140,1.665,15.896,17.100,0.889,1.461,862.800,1379.500,1.599,14.128,24.979,0.971,1.596,19.536,20.856,0.745,0.750,14.132,24.983,0.189,8.666,9.582,0.018,4155.000,126.601,48.557,8.666,58.139
722,14:00:30,36.240,71.330,69.360,50.830,49.450,32.140,1.661,15.901,17.104,0.887,1.458,861.500,1376.900,1.598,14.112,24.937,0.970,1.593,19.541,20.860,0.745,0.750,14.104,24.938,0.189,8.662,9.583,0.018,4155.000,126.297,48.532,8.662,58.115
723,14:01:00,36.210,71.250,69.290,50.770,49.400,32.140,1.655,15.906,17.107,0.886,1.454,859.700,1373.400,1.598,14.087,24.880,0.968,1.590,19.546,20.863,0.745,0.750,14.093,24.874,0.189,8.673,9.583,0.018,4155.000,125.840,48.480,8.673,58.062
724,14:01:30,36.190,71.180,69.230,50.720,49.350,32.140,1.649,15.910,17.110,0.884,1.450,857.500,1369.400,1.597,14.057,24.813,0.966,1.585,19.551,20.867,0.744,0.750,14.064,24.810,0.189,8.678,9.586,0.018,4155.000,125.384,48.445,8.678,58.031
725,14:02:00,36.160,71.120,69.170,50.670,49.310,32.140,1.642,15.913,17.113,0.881,1.446,855.300,1365.300,1.596,14.024,24.743,0.963,1.580,19.554,20.869,0.745,0.750,14.019,24.745,0.189,8.673,9.590,0.018,4155.000,124.852,48.384,8.673,57.974
726,14:02:30,36.140,71.080,69.130,50.630,49.270,32.140,1.636,15.916,17.115,0.879,1.442,853.200,1361.400,1.596,13.993,24.677,0.961,1.576,19.557,20.872,0.745,0.750,13.990,24.680,0.189,8.676,9.592,0.018,4155.000,124.396,48.346,8.676,57.937
727,14:03:00,36.110,71.050,69.100,50.600,49.240,32.130,1.631,15.917,17.117,0.878,1.438,851.600,1358.200,1.595,13.967,24.622,0.959,1.572,19.559,20.874,0.745,0.750,13.975,24.614,0.189,8.683,9.589,0.018,4155.000,124.016,48.312,8.683,57.900
728,14:03:30,36.090,71.040,69.080,50.580,49.210,32.130,1.628,15.918,17.118,0.876,1.436,850.500,1355.800,1.594,13.950,24.581,0.958,1.569,19.560,20.875,0.744,0.750,13.944,24.581,0.189,8.675,9.593,0.018,4155.000,123.787,48.308,8.675,57.901
729,14:04:00,36.070,71.040,69.070,50.570,49.190,32.130,1.626,15.918,17.119,0.876,1.435,850.000,1354.400,1.594,13.942,24.558,0.957,1.568,19.560,20.876,0.745,0.750,13.944,24.566,0.189,8.680,9.597,0.018,4155.000,123.635,48.299,8.680,57.895
730,14:04:30,36.050,71.050,69.070,50.560,49.180,32.130,1.625,15.918,17.120,0.876,1.434,850.000,1353.900,1.593,13.943,24.549,0.957,1.567,19.560,20.877,0.745,0.750,13.944,24.550,0.189,8.680,9.594,0.018,4155.000,123.559,48.287,8.680,57.881
731,14:05:00,36.020,71.060,69.070,50.560,49.170,32.130,1.625,15.918,17.120,0.876,1.434,850.400,1354.000,1.592,13.949,24.551,0.958,1.567,19.559,20.877,0.744,0.750,13.944,24.550,0.189,8.676,9.593,0.018,4155.000,123.559,48.283,8.676,57.876
732,14:05:30,36.000,71.080,69.080,50.560,49.160,32.130,1.625,15.917,17.120,0.877,1.434,851.000,1354.300,1.591,13.957,24.557,0.958,1.568,19.559,20.878,0.745,0.750,13.959,24.550,0.189,8.679,9.591,0.018,4155.000,123.559,48.272,8.679,57.864
733,14:06:00,35.980,71.090,69.080,50.560,49.150,32.130,1.626,15.916,17.121,0.877,1.435,851.400,1354.400,1.591,13.964,24.560,0.959,1.568,19.558,20.878,0.745,0.750,13.958,24.569,0.189,8.674,9.598,0.018,4155.000,123.635,48.299,8.674,57.896
734,14:06:30,35.960,71.090,69.080,50.550,49.140,32.130,1.625,15.917,17.121,0.877,1.434,851.500,1353.900,1.590,13.965,24.552,0.959,1.567,19.558,20.879,0.745,0.750,13.959,24.552,0.189,8.674,9.595,0.018,4155.000,123.559,48.287,8.674,57.881
735,14:07:00,35.940,71.080,69.060,50.530,49.120,32.130,1.623,15.917,17.122,0.877,1.433,851.000,1352.600,1.589,13.958,24.530,0.958,1.566,19.559,20.880,0.745,0.750,13.959,24.536,0.189,8.679,9.598,0.018,4155.000,123.407,48.274,8.679,57.871
736,14:07:30,35.910,71.050,69.030,50.510,49.090,32.130,1.619,15.919,17.124,0.876,1.430,849.900,1350.200,1.589,13.942,24.490,0.957,1.563,19.561,20.882,0.745,0.750,13.945,24.487,0.189,8.681,9.596,0.018,4155.000,123.103,48.240,8.681,57.836
737,14:08:00,35.890,71.000,68.980,50.470,49.050,32.130,1.614,15.922,17.126,0.874,1.427,848.200,1346.900,1.588,13.917,24.434,0.955,1.559,19.564,20.885,0.745,0.750,13.916,24.439,0.189,8.681,9.600,0.018,4155.000,122.723,48.209,8.681,57.809
738,14:08:30,35.870,70.930,68.920,50.410,49.000,32.130,1.608,15.926,17.129,0.872,1.422,846.000,1342.800,1.587,13.885,24.365,0.953,1.555,19.568,20.888,0.745,0.750,13.887,24.357,0.189,8.685,9.598,0.018,4155.000,122.267,48.176,8.685,57.774
739,14:09:00,35.850,70.850,68.850,50.350,48.950,32.130,1.601,15.931,17.133,0.869,1.418,843.500,1338.300,1.587,13.850,24.290,0.950,1.549,19.574,20.892,0.745,0.751,13.844,24.295,0.189,8.684,9.605,0.018,4155.000,121.734,48.128,8.684,57.733
740,14:09:30,35.840,70.760,68.760,50.290,48.890,32.130,1.594,15.936,17.137,0.867,1.413,841.100,1333.900,1.586,13.816,24.216,0.948,1.544,19.579,20.896,0.744,0.751,13.817,24.215,0.189,8.691,9.605,0.018,4155.000,121.202,48.076,8.691,57.681
741,14:10:00,35.820,70.660,68.670,50.210,48.820,32.130,1.588,15.942,17.141,0.865,1.409,838.900,1329.800,1.585,13.786,24.150,0.945,1.540,19.586,20.900,0.745,0.750,13.790,24.152,0.189,8.697,9.609,0.018,4155.000,120.746,48.042,8.697,57.652
742,14:10:30,35.800,70.560,68.580,50.140,48.760,32.130,1.582,15.947,17.145,0.863,1.406,837.200,1326.500,1.584,13.764,24.097,0.943,1.536,19.592,20.905,0.745,0.750,13.762,24.106,0.189,8.698,9.615,0.018,4155.000,120.290,47.980,8.698,57.595
743,14:11:00,35.780,70.470,68.500,50.080,48.700,32.130,1.579,15.952,17.148,0.862,1.403,836.100,1324.200,1.584,13.752,24.061,0.942,1.533,19.598,20.909,0.745,0.751,13.751,24.059,0.189,8.702,9.613,0.018,4155.000,120.062,47.972,8.702,57.585
744,14:11:30,35.760,70.380,68.420,50.020,48.650,32.130,1.577,15.957,17.152,0.862,1.402,835.600,1322.700,1.583,13.748,24.040,0.942,1.532,19.603,20.912,0.745,0.750,13.755,24.047,0.189,8.710,9.619,0.018,4155.000,119.910,47.966,8.710,57.585
745,14:12:00,35.750,70.320,68.360,49.970,48.600,32.130,1.576,15.961,17.155,0.862,1.401,835.500,1322.100,1.582,13.752,24.033,0.942,1.531,19.607,20.915,0.745,0.751,13.758,24.034,0.189,8.713,9.618,0.018,4155.000,119.834,47.957,8.713,57.575
746,14:12:30,35.730,70.270,68.320,49.930,48.570,32.130,1.575,15.964,17.157,0.862,1.401,835.800,1321.900,1.582,13.759,24.033,0.942,1.531,19.610,20.918,0.745,0.750,13.761,24.037,0.189,8.711,9.621,0.018,4155.000,119.757,47.934,8.711,57.555
747,14:13:00,35.720,70.250,68.290,49.910,48.540,32.130,1.575,15.965,17.158,0.862,1.401,836.100,1321.800,1.581,13.765,24.033,0.942,1.531,19.612,20.919,0.745,0.750,13.762,24.038,0.189,8.709,9.622,0.018,4155.000,119.757,47.937,8.709,57.560
748,14:13:30,35.700,70.240,68.270,49.900,48.520,32.130,1.574,15.966,17.159,0.862,1.400,836.200,1321.300,1.580,13.767,24.026,0.942,1.530,19.612,20.920,0.745,0.751,13.763,24.023,0.189,8.708,9.620,0.018,4155.000,119.681,47.925,8.708,57.545
749,14:14:00,35.690,70.250,68.270,49.900,48.510,32.130,1.573,15.966,17.159,0.862,1.399,835.800,1320.100,1.579,13.761,24.006,0.942,1.529,19.612,20.921,0.745,0.750,13.763,24.005,0.189,8.712,9.621,0.018,4155.000,119.605,47.938,8.712,57.560
750,14:14:30,35.670,70.260,68.270,49.900,48.510,32.120,1.569,15.965,17.159,0.861,1.397,834.800,1318.000,1.579,13.745,23.967,0.941,1.527,19.611,20.921,0.745,0.750,13.746,23.971,0.189,8.712,9.623,0.018,4155.000,119.301,47.893,8.712,57.516
751,14:15:00,35.660,70.280,68.280,49.910,48.510,32.120,1.565,15.964,17.159,0.859,1.393,833.300,1314.900,1.578,13.718,23.911,0.939,1.523,19.611,20.921,0.745,0.750,13.713,23.902,0.189,8.707,9.618,0.018,4155.000,118.997,47.883,8.707,57.501
752,14:15:30,35.640,70.300,68.290,49.910,48.500,32.120,1.558,15.964,17.159,0.857,1.389,831.100,1310.900,1.577,13.682,23.839,0.937,1.518,19.610,20.921,0.745,0.751,13.681,23.834,0.189,8.710,9.620,0.018,4155.000,118.465,47.814,8.710,57.434
753,14:16:00,35.630,70.310,68.290,49.910,48.490,32.120,1.551,15.963,17.160,0.854,1.384,828.600,1306.400,1.577,13.640,23.756,0.934,1.513,19.610,20.921,0.745,0.751,13.632,23.749,0.189,8.705,9.619,0.018,4155.000,117.933,47.763,8.705,57.382
754,14:16:30,35.620,70.310,68.270,49.900,48.470,32.120,1.544,15.964,17.160,0.852,1.379,825.900,1301.500,1.576,13.597,23.670,0.931,1.507,19.610,20.922,0.745,0.751,13.601,23.664,0.189,8.713,9.620,0.018,4155.000,117.400,47.727,8.713,57.347
755,14:17:00,35.610,70.290,68.250,49.880,48.450,32.120,1.537,15.965,17.162,0.849,1.374,823.400,1296.900,1.575,13.557,23.588,0.928,1.502,19.612,20.923,0.745,0.751,13.554,23.581,0.189,8.710,9.620,0.018,4155.000,116.868,47.679,8.710,57.299
756,14:17:30,35.600,70.250,68.210,49.850,48.420,32.120,1.531,15.968,17.164,0.847,1.370,821.200,1292.900,1.574,13.523,23.518,0.926,1.497,19.614,20.925,0.745,0.751,13.525,23.515,0.189,8.714,9.623,0.018,4155.000,116.412,47.640,8.714,57.263
757,14:18:00,35.590,70.190,68.150,49.810,48.380,32.110,1.526,15.971,17.166,0.845,1.367,819.600,1289.700,1.574,13.499,23.463,0.924,1.494,19.618,20.928,0.745,0.750,13.495,23.466,0.189,8.712,9.627,0.018,4155.000,116.032,47.602,8.712,57.229
758,14:18:30,35.570,70.120,68.090,49.760,48.330,32.110,1.523,15.975,17.169,0.844,1.365,818.500,1287.500,1.573,13.487,23.428,0.923,1.491,19.622,20.931,0.745,0.751,13.483,23.436,0.189,8.716,9.631,0.018,4155.000,115.804,47.590,8.716,57.221
759,14:19:00,35.560,70.040,68.010,49.710,48.280,32.110,1.521,15.980,17.172,0.844,1.363,818.100,1286.100,1.572,13.484,23.409,0.922,1.490,19.627,20.934,0.745,0.750,13.487,23.405,0.189,8.723,9.629,0.018,4155.000,115.652,47.579,8.723,57.208
760,14:19:30,35.550,69.950,67.930,49.650,48.230,32.100,1.520,15.985,17.175,0.844,1.363,818.100,1285.500,1.571,13.490,23.403,0.922,1.489,19.633,20.938,0.745,0.751,13.491,23.410,0.189,8.725,9.635,0.018,4155.000,115.575,47.570,8.725,57.205
761,14:20:00,35.540,69.850,67.840,49.590,48.180,32.100,1.519,15.990,17.178,0.844,1.362,818.200,1285.200,1.571,13.499,23.403,0.923,1.489,19.639,20.942,0.745,0.751,13.496,23.396,0.189,8.727,9.632,0.018,4155.000,115.499,47.550,8.727,57.182
762,14:20:30,35.540,69.760,67.760,49.530,48.130,32.100,1.519,15.995,17.182,0.844,1.362,818.400,1284.800,1.570,13.507,23.402,0.923,1.489,19.645,20.945,0.745,0.750,13.500,23.402,0.189,8.728,9.637,0.018,4155.000,115.499,47.564,8.728,57.202
763,14:21:00,35.530,69.670,67.680,49.470,48.080,32.090,1.517,16.000,17.185,0.844,1.361,818.300,1284.000,1.569,13.509,23.392,0.923,1.488,19.650,20.949,0.745,0.750,13.504,23.389,0.189,8.731,9.638,0.018,4155.000,115.347,47.531,8.731,57.169
764,14:21:30,35.520,69.600,67.620,49.430,48.040,32.090,1.515,16.005,17.187,0.844,1.360,817.600,1282.400,1.568,13.503,23.367,0.922,1.486,19.655,20.951,0.745,0.751,13.508,23.374,0.189,8.742,9.644,0.018,4155.000,115.195,47.528,8.742,57.172
765,14:22:00,35.510,69.540,67.560,49.390,48.000,32.090,1.511,16.008,17.190,0.842,1.357,816.400,1279.800,1.568,13.487,23.324,0.921,1.483,19.659,20.954,0.745,0.751,13.479,23.327,0.189,8.735,9.644,0.018,4155.000,114.891,47.499,8.735,57.143
766,14:22:30,35.500,69.490,67.510,49.350,47.970,32.080,1.506,16.011,17.192,0.841,1.353,814.500,1276.300,1.567,13.459,23.263,0.919,1.479,19.662,20.956,0.745,0.751,13.465,23.261,0.189,8.747,9.643,0.018,4155.000,114.511,47.471,8.747,57.114
767,14:23:00,35.490,69.450,67.470,49.330,47.950,32.080,1.499,16.013,17.193,0.838,1.349,812.200,1272.100,1.566,13.423,23.188,0.916,1.474,19.664,20.958,0.745,0.751,13.419,23.193,0.189,8.742,9.647,0.018,4155.000,113.979,47.407,8.742,57.054
768,14:23:30,35.480,69.430,67.450,49.320,47.930,32.070,1.492,16.014,17.194,0.836,1.344,809.600,1267.400,1.565,13.381,23.104,0.913,1.469,19.665,20.959,0.745,0.750,13.388,23.109,0.189,8.749,9.647,0.018,4155.000,113.446,47.360,8.749,57.008
769,14:24:00,35.480,69.430,67.430,49.310,47.910,32.070,1.485,16.015,17.195,0.833,1.339,807.000,1262.600,1.565,13.339,23.019,0.910,1.463,19.666,20.959,0.745,0.751,13.340,23.024,0.189,8.747,9.648,0.018,4155.000,112.914,47.317,8.747,56.966
770,14:24:30,35.470,69.430,67.420,49.300,47.900,32.060,1.478,16.015,17.195,0.830,1.334,804.600,1258.200,1.564,13.299,22.940,0.908,1.458,19.666,20.960,0.745,0.751,13.292,22.938,0.189,8.741,9.646,0.018,4155.000,112.382,47.259,8.741,56.905
771,14:25:00,35.460,69.430,67.420,49.300,47.890,32.060,1.473,16.015,17.195,0.828,1.330,802.600,1254.600,1.563,13.267,22.873,0.905,1.454,19.666,20.960,0.745,0.751,13.260,22.869,0.189,8.742,9.645,0.018,4155.000,112.002,47.234,8.742,56.879
772,14:25:30,35.450,69.440,67.410,49.300,47.890,32.050,1.469,16.015,17.196,0.827,1.327,801.200,1251.800,1.562,13.244,22.824,0.904,1.451,19.666,20.960,0.745,0.750,13.244,22.819,0.189,8.746,9.645,0.018,4155.000,111.698,47.211,8.746,56.856
773,14:26:00,35.440,69.440,67.410,49.300,47.880,32.040,1.466,16.015,17.196,0.826,1.325,800.500,1250.100,1.562,13.232,22.792,0.903,1.449,19.667,20.961,0.745,0.750,13.228,22.785,0.189,8.743,9.644,0.018,4155.000,111.470,47.179,8.743,56.823
774,14:26:30,35.430,69.440,67.390,49.300,47.870,32.040,1.465,16.016,17.196,0.826,1.324,800.300,1249.200,1.561,13.230,22.776,0.903,1.448,19.667,20.961,0.745,0.750,13.229,22.768,0.189,8.746,9.643,0.018,4155.000,111.393,47.181,8.746,56.824
775,14:27:00,35.430,69.420,67.370,49.290,47.850,32.030,1.464,16.017,17.197,0.826,1.324,800.500,1248.800,1.560,13.234,22.771,0.903,1.447,19.668,20.962,0.745,0.751,13.230,22.769,0.189,8.745,9.647,0.018,4155.000,111.317,47.164,8.745,56.811
776,14:27:30,35.420,69.400,67.340,49.270,47.830,32.020,1.464,16.019,17.198,0.827,1.324,800.800,1248.700,1.559,13.241,22.771,0.903,1.447,19.670,20.963,0.745,0.751,13.248,22.770,0.189,8.753,9.648,0.018,4155.000,111.317,47.168,8.753,56.816
777,14:28:00,35.410,69.350,67.300,49.240,47.810,32.020,1.464,16.021,17.200,0.827,1.324,801.000,1248.300,1.559,13.246,22.767,0.904,1.447,19.673,20.965,0.745,0.750,13.249,22.773,0.189,8.752,9.652,0.018,4155.000,111.317,47.183,8.752,56.835
778,14:28:30,35.400,69.290,67.250,49.210,47.770,32.010,1.462,16.025,17.202,0.827,1.323,800.800,1247.400,1.558,13.246,22.753,0.903,1.446,19.677,20.967,0.745,0.750,13.253,22.758,0.189,8.756,9.653,0.018,4155.000,111.165,47.152,8.756,56.805
779,14:29:00,35.390,69.220,67.180,49.160,47.730,32.000,1.459,16.029,17.204,0.826,1.321,800.000,1245.600,1.557,13.238,22.724,0.903,1.444,19.681,20.970,0.745,0.750,13.240,22.726,0.189,8.757,9.654,0.018,4155.000,110.937,47.123,8.757,56.777
780,14:29:30,35.380,69.130,67.100,49.110,47.690,31.990,1.455,16.034,17.207,0.825,1.318,798.700,1242.900,1.556,13.221,22.679,0.901,1.440,19.686,20.973,0.745,0.751,13.228,22.679,0.189,8.763,9.654,0.018,4155.000,110.633,47.096,8.763,56.751
781,14:30:00,35.370,69.040,67.020,49.050,47.640,31.980,1.450,16.039,17.211,0.823,1.314,796.700,1239.300,1.555,13.194,22.619,0.899,1.436,19.692,20.977,0.745,0.751,13.200,22.615,0.189,8.766,9.655,0.018,4155.000,110.253,47.071,8.766,56.726
782,14:30:30,35.360,68.940,66.930,48.990,47.580,31.970,1.444,16.044,17.214,0.820,1.310,794.400,1235.000,1.555,13.162,22.547,0.897,1.431,19.698,20.981,0.745,0.751,13.156,22.550,0.189,8.762,9.661,0.018,4155.000,109.797,47.039,8.762,56.700
783,14:31:00,35.350,68.840,66.850,48.930,47.530,31.970,1.437,16.050,17.217,0.818,1.305,791.900,1230.500,1.554,13.126,22.470,0.894,1.426,19.704,20.984,0.745,0.751,13.129,22.468,0.189,8.772,9.661,0.018,4155.000,109.264,46.982,8.772,56.643
784,14:31:30,35.340,68.750,66.760,48.870,47.480,31.960,1.430,16.055,17.221,0.815,1.300,789.500,1226.100,1.553,13.091,22.394,0.891,1.421,19.710,20.988,0.745,0.751,13.085,22.387,0.189,8.769,9.661,0.018,4155.000,108.732,46.921,8.769,56.582
785,14:32:00,35.330,68.670,66.690,48.820,47.430,31.950,1.424,16.060,17.224,0.813,1.296,787.300,1222.200,1.552,13.060,22.328,0.889,1.417,19.715,20.991,0.745,0.751,13.057,22.322,0.189,8.775,9.664,0.018,4155.000,108.276,46.874,8.775,56.537
786,14:32:30,35.320,68.600,66.630,48.770,47.390,31.940,1.420,16.064,17.226,0.812,1.293,785.700,1219.100,1.551,13.038,22.275,0.887,1.413,19.720,20.994,0.745,0.751,13.044,22.273,0.189,8.784,9.667,0.018,4155.000,107.972,46.861,8.784,56.528
787,14:33:00,35.310,68.550,66.580,48.740,47.360,31.930,1.417,16.067,17.228,0.811,1.291,784.800,1216.900,1.551,13.024,22.239,0.886,1.411,19.723,20.996,0.745,0.751,13.030,22.241,0.189,8.785,9.670,0.018,4155.000,107.744,46.846,8.785,56.517
788,14:33:30,35.300,68.520,66.540,48.720,47.330,31.920,1.415,16.069,17.230,0.810,1.290,784.400,1215.700,1.550,13.020,22.219,0.886,1.409,19.725,20.998,0.745,0.751,13.016,22.227,0.189,8.780,9.674,0.018,4155.000,107.592,46.826,8.780,56.500
789,14:34:00,35.280,68.510,66.520,48.700,47.320,31.910,1.414,16.070,17.230,0.810,1.289,784.500,1215.200,1.549,13.023,22.212,0.886,1.409,19.726,20.999,0.745,0.751,13.017,22.209,0.189,8.779,9.670,0.018,4155.000,107.516,46.813,8.779,56.483
790,14:34:30,35.270,68.510,66.510,48.700,47.310,31.900,1.414,16.070,17.231,0.811,1.289,784.900,1215.200,1.548,13.029,22.212,0.886,1.409,19.726,20.999,0.745,0.751,13.033,22.211,0.189,8.785,9.671,0.018,4155.000,107.516,46.813,8.785,56.483
791,14:35:00,35.260,68.520,66.510,48.700,47.300,31.890,1.414,16.070,17.231,0.811,1.289,785.300,1215.200,1.548,13.036,22.212,0.887,1.409,19.726,20.999,0.745,0.751,13.033,22.211,0.189,8.781,9.671,0.018,4155.000,107.516,46.813,8.781,56.483
792,14:35:30,35.240,68.530,66.520,48.710,47.300,31.880,1.414,16.069,17.231,0.811,1.289,785.400,1214.800,1.547,13.038,22.205,0.887,1.408,19.725,20.999,0.745,0.751,13.032,22.211,0.189,8.779,9.674,0.018,4155.000,107.516,46.828,8.779,56.502
793,14:36:00,35.230,68.540,66.520,48.710,47.300,31.870,1.412,16.069,17.231,0.811,1.287,785.100,1213.700,1.546,13.032,22.184,0.886,1.407,19.725,20.999,0.746,0.751,13.032,22.176,0.189,8.783,9.668,0.018,4155.000,107.364,46.804,8.783,56.472
794,14:36:30,35.210,68.540,66.510,48.710,47.290,31.850,1.409,16.069,17.231,0.810,1.285,784.200,1211.700,1.545,13.017,22.148,0.885,1.405,19.725,20.999,0.746,0.751,13.016,22.142,0.189,8.782,9.668,0.018,4155.000,107.135,46.782,8.782,56.450
795,14:37:00,35.200,68.530,66.500,48.700,47.280,31.840,1.405,16.069,17.232,0.809,1.282,782.700,1208.700,1.544,12.993,22.095,0.884,1.401,19.726,21.000,0.745,0.751,13.000,22.091,0.189,8.788,9.670,0.018,4155.000,106.831,46.765,8.788,56.435
796,14:37:30,35.180,68.510,66.470,48.680,47.250,31.830,1.399,16.071,17.233,0.806,1.278,780.600,1204.900,1.543,12.961,22.028,0.881,1.397,19.728,21.001,0.746,0.751,12.953,22.024,0.189,8.780,9.671,0.018,4155.000,106.375,46.712,8.780,56.383
797,14:38:00,35.160,68.460,66.420,48.650,47.220,31.820,1.393,16.074,17.235,0.804,1.274,778.300,1200.600,1.543,12.924,21.952,0.879,1.392,19.731,21.004,0.745,0.751,12.923,21.957,0.189,8.786,9.677,0.018,4155.000,105.919,46.678,8.786,56.355
798,14:38:30,35.150,68.390,66.360,48.600,47.170,31.810,1.386,16.078,17.238,0.802,1.269,775.800,1196.200,1.542,12.887,21.875,0.876,1.387,19.735,21.007,0.745,0.751,12.895,21.875,0.189,8.794,9.676,0.018,4155.000,105.387,46.614,8.794,56.290
799,14:39:00,35.130,68.310,66.280,48.540,47.120,31.800,1.380,16.083,17.241,0.799,1.265,773.500,1191.900,1.541,12.853,21.803,0.873,1.382,19.740,21.010,0.746,0.751,12.850,21.810,0.189,8.790,9.682,0.018,4155.000,104.930,46.580,8.790,56.262
800,14:39:30,35.110,68.210,66.190,48.470,47.060,31.790,1.375,16.088,17.245,0.797,1.261,771.500,1188.400,1.540,12.827,21.743,0.871,1.378,19.746,21.014,0.746,0.751,12.822,21.746,0.189,8.794,9.682,0.018,4155.000,104.550,46.548,8.794,56.230
801,14:40:00,35.090,68.100,66.100,48.400,47.000,31.770,1.370,16.094,17.249,0.796,1.258,770.200,1185.600,1.539,12.810,21.700,0.870,1.375,19.753,21.019,0.745,0.751,12.811,21.699,0.189,8.801,9.684,0.018,4155.000,104.170,46.488,8.801,56.172
802,14:40:30,35.070,67.990,66.000,48.330,46.930,31.760,1.368,16.101,17.253,0.795,1.256,769.400,1183.800,1.539,12.803,21.673,0.869,1.373,19.760,21.023,0.746,0.751,12.800,21.670,0.189,8.802,9.685,0.018,4155.000,104.018,46.491,8.802,56.176
803,14:41:00,35.050,67.880,65.900,48.260,46.870,31.750,1.366,16.107,17.257,0.795,1.255,769.200,1182.900,1.538,12.806,21.662,0.869,1.372,19.767,21.028,0.746,0.751,12.805,21.658,0.189,8.808,9.687,0.018,4155.000,103.866,46.458,8.808,56.145
804,14:41:30,35.030,67.780,65.820,48.190,46.810,31.740,1.366,16.112,17.261,0.795,1.255,769.400,1182.500,1.537,12.815,21.661,0.869,1.372,19.773,21.032,0.746,0.751,12.809,21.663,0.189,8.809,9.693,0.018,4155.000,103.866,46.474,8.809,56.167
805,14:42:00,35.010,67.700,65.740,48.130,46.760,31.730,1.366,16.117,17.264,0.796,1.255,769.700,1182.400,1.536,12.825,21.665,0.870,1.371,19.778,21.035,0.745,0.751,12.829,21.666,0.189,8.819,9.695,0.018,4155.000,103.866,46.478,8.819,56.173
806,14:42:30,34.990,67.630,65.680,48.090,46.720,31.720,1.365,16.121,17.267,0.796,1.255,770.000,1182.200,1.535,12.833,21.664,0.870,1.371,19.782,21.038,0.746,0.751,12.832,21.670,0.189,8.818,9.699,0.018,4155.000,103.790,46.452,8.818,56.150
807,14:43:00,34.960,67.590,65.630,48.050,46.680,31.700,1.364,16.123,17.269,0.796,1.254,769.900,1181.400,1.535,12.834,21.653,0.870,1.370,19.785,21.041,0.746,0.751,12.834,21.655,0.189,8.820,9.699,0.018,4155.000,103.714,46.449,8.820,56.148
808,14:43:30,34.940,67.560,65.600,48.020,46.660,31.690,1.362,16.125,17.270,0.795,1.252,769.200,1179.800,1.534,12.826,21.626,0.869,1.369,19.787,21.042,0.746,0.751,12.819,21.622,0.189,8.818,9.697,0.018,4155.000,103.562,46.444,8.818,56.141
809,14:44:00,34.920,67.540,65.580,48.010,46.630,31.680,1.358,16.127,17.272,0.794,1.250,768.000,1177.200,1.533,12.806,21.581,0.868,1.366,19.788,21.044,0.746,0.751,12.805,21.590,0.189,8.822,9.704,0.018,4155.000,103.258,46.410,8.822,56.114
810,14:44:30,34.890,67.530,65.560,47.990,46.620,31.670,1.353,16.127,17.272,0.792,1.246,766.100,1173.700,1.532,12.775,21.518,0.866,1.362,19.789,21.045,0.745,0.751,12.773,21.521,0.189,8.821,9.702,0.018,4155.000,102.877,46.377,8.821,56.078
811,14:45:00,34.870,67.530,65.550,47.980,46.600,31.660,1.347,16.127,17.273,0.790,1.241,763.800,1169.500,1.531,12.736,21.442,0.863,1.357,19.789,21.046,0.746,0.751,12.740,21.436,0.189,8.825,9.698,0.018,4155.000,102.421,46.337,8.825,56.035
812,14:45:30,34.840,67.530,65.540,47.970,46.580,31.650,1.340,16.128,17.274,0.787,1.236,761.100,1164.900,1.530,12.693,21.358,0.860,1.351,19.790,21.046,0.746,0.751,12.693,21.351,0.189,8.824,9.698,0.018,4155.000,101.889,46.278,8.824,55.976
813,14:46:00,34.810,67.530,65.530,47.960,46.560,31.640,1.333,16.128,17.275,0.784,1.232,758.500,1160.200,1.530,12.650,21.274,0.857,1.346,19.790,21.048,0.746,0.751,12.644,21.283,0.189,8.820,9.706,0.018,4155.000,101.357,46.223,8.820,55.929
814,14:46:30,34.790,67.520,65.510,47.940,46.530,31.630,1.327,16.129,17.276,0.782,1.227,756.100,1155.900,1.529,12.611,21.198,0.855,1.341,19.791,21.049,0.745,0.751,12.613,21.198,0.189,8.826,9.703,0.018,4155.000,100.900,46.186,8.826,55.889
815,14:47:00,34.760,67.500,65.480,47.910,46.500,31.620,1.322,16.131,17.278,0.780,1.223,754.200,1152.400,1.528,12.580,21.135,0.852,1.337,19.793,21.051,0.746,0.751,12.582,21.131,0.189,8.827,9.702,0.018,4155.000,100.520,46.152,8.827,55.854
816,14:47:30,34.730,67.460,65.440,47.880,46.460,31.600,1.318,16.133,17.280,0.779,1.220,752.900,1149.700,1.527,12.560,21.090,0.851,1.334,19.796,21.053,0.746,0.751,12.568,21.082,0.189,8.832,9.702,0.018,4155.000,100.216,46.120,8.832,55.822
817,14:48:00,34.710,67.400,65.380,47.840,46.420,31.590,1.316,16.136,17.283,0.778,1.219,752.100,1147.900,1.526,12.551,21.061,0.850,1.332,19.799,21.056,0.746,0.751,12.554,21.068,0.189,8.832,9.711,0.018,4155.000,100.064,46.122,8.832,55.833
818,14:48:30,34.680,67.330,65.310,47.780,46.370,31.580,1.314,16.140,17.286,0.778,1.218,751.900,1146.900,1.525,12.551,21.047,0.850,1.331,19.804,21.060,0.746,0.751,12.557,21.054,0.189,8.836,9.713,0.018,4155.000,99.912,46.092,8.836,55.806
819,14:49:00,34.650,67.250,65.240,47.720,46.310,31.570,1.313,16.145,17.290,0.778,1.217,751.900,1146.400,1.525,12.557,21.043,0.850,1.330,19.809,21.063,0.746,0.751,12.561,21.042,0.189,8.839,9.712,0.018,4155.000,99.836,46.077,8.839,55.789
820,14:49:30,34.620,67.150,65.150,47.650,46.250,31.560,1.313,16.151,17.293,0.778,1.217,752.000,1145.900,1.524,12.564,21.040,0.850,1.330,19.815,21.068,0.746,0.751,12.565,21.046,0.189,8.841,9.717,0.018,4155.000,99.836,46.098,8.841,55.815
821,14:50:00,34.590,67.050,65.060,47.580,46.190,31.550,1.312,16.156,17.297,0.778,1.216,752.000,1145.100,1.523,12.568,21.032,0.850,1.329,19.821,21.072,0.746,0.751,12.569,21.033,0.189,8.844,9.718,0.018,4155.000,99.760,46.095,8.844,55.813
822,14:50:30,34.560,66.950,64.960,47.510,46.120,31.540,1.309,16.162,17.302,0.777,1.214,751.400,1143.700,1.522,12.565,21.012,0.850,1.327,19.828,21.077,0.746,0.751,12.558,21.005,0.189,8.843,9.717,0.018,4155.000,99.532,46.046,8.843,55.763
823,14:51:00,34.530,66.840,64.870,47.430,46.050,31.530,1.306,16.168,17.306,0.776,1.212,750.300,1141.400,1.521,12.552,20.975,0.848,1.325,19.834,21.081,0.746,0.751,12.546,20.975,0.189,8.848,9.723,0.018,4155.000,99.304,46.033,8.848,55.756
824,14:51:30,34.500,66.740,64.780,47.360,45.990,31.530,1.301,16.174,17.310,0.775,1.209,748.600,1138.100,1.520,12.529,20.921,0.847,1.321,19.841,21.086,0.746,0.751,12.535,20.928,0.189,8.859,9.729,0.018,4155.000,98.923,45.989,8.859,55.719
825,14:52:00,34.470,66.650,64.690,47.290,45.930,31.520,1.295,16.179,17.314,0.772,1.204,746.200,1133.900,1.519,12.495,20.850,0.844,1.316,19.846,21.090,0.746,0.751,12.490,20.846,0.189,8.856,9.727,0.018,4155.000,98.467,45.947,8.856,55.674
826,14:52:30,34.440,66.560,64.610,47.230,45.870,31.510,1.289,16.184,17.317,0.770,1.199,743.500,1129.200,1.519,12.454,20.768,0.841,1.311,19.852,21.094,0.746,0.751,12.462,20.763,0.189,8.868,9.729,0.018,4155.000,98.011,45.924,8.868,55.653
827,14:53:00,34.410,66.500,64.550,47.180,45.810,31.500,1.281,16.188,17.321,0.767,1.194,740.600,1124.100,1.518,12.410,20.681,0.838,1.305,19.856,21.097,0.746,0.751,12.416,20.681,0.189,8.870,9.734,0.018,4155.000,97.403,45.846,8.870,55.581
828,14:53:30,34.380,66.440,64.490,47.130,45.770,31.490,1.274,16.191,17.323,0.764,1.189,737.800,1119.300,1.517,12.366,20.595,0.835,1.299,19.860,21.101,0.746,0.751,12.370,20.597,0.189,8.871,9.736,0.018,4155.000,96.871,45.791,8.871,55.528
829,14:54:00,34.350,66.400,64.450,47.090,45.720,31.480,1.268,16.194,17.326,0.761,1.184,735.400,1114.900,1.516,12.327,20.519,0.832,1.294,19.862,21.103,0.746,0.751,12.324,20.514,0.189,8.867,9.735,0.018,4155.000,96.414,45.756,8.867,55.491
830,14:54:30,34.320,66.380,64.410,47.060,45.690,31.480,1.263,16.196,17.328,0.759,1.181,733.500,1111.400,1.515,12.297,20.457,0.830,1.290,19.864,21.105,0.746,0.751,12.293,20.464,0.189,8.867,9.742,0.018,4155.000,96.034,45.719,8.867,55.461
831,14:55:00,34.290,66.360,64.380,47.040,45.660,31.470,1.259,16.197,17.329,0.758,1.178,732.200,1108.800,1.514,12.276,20.411,0.828,1.287,19.866,21.107,0.746,0.751,12.277,20.414,0.189,8.872,9.741,0.018,4155.000,95.730,45.681,8.872,55.422
832,14:55:30,34.260,66.350,64.360,47.020,45.630,31.460,1.257,16.198,17.331,0.757,1.176,731.400,1107.000,1.514,12.265,20.380,0.827,1.285,19.867,21.108,0.746,0.751,12.262,20.381,0.189,8.870,9.741,0.018,4155.000,95.578,45.682,8.870,55.424
833,14:56:00,34.230,66.340,64.340,47.010,45.610,31.450,1.255,16.199,17.332,0.757,1.175,731.100,1106.000,1.513,12.260,20.362,0.827,1.284,19.868,21.110,0.746,0.751,12.263,20.365,0.189,8.875,9.742,0.018,4155.000,95.426,45.651,8.875,55.393
834,14:56:30,34.200,66.330,64.320,46.990,45.580,31.450,1.254,16.200,17.333,0.757,1.174,731.100,1105.200,1.512,12.260,20.351,0.827,1.283,19.869,21.111,0.746,0.751,12.263,20.349,0.189,8.875,9.742,0.018,4155.000,95.350,45.647,8.875,55.389
835,14:57:00,34.170,66.310,64.300,46.970,45.550,31.440,1.253,16.201,17.335,0.757,1.173,730.900,1104.400,1.511,12.259,20.338,0.827,1.282,19.870,21.113,0.746,0.751,12.264,20.334,0.189,8.878,9.742,0.018,4155.000,95.274,45.644,8.878,55.386
836,14:57:30,34.140,66.280,64.260,46.940,45.520,31.430,1.251,16.203,17.336,0.756,1.172,730.500,1103.200,1.510,12.255,20.318,0.827,1.281,19.872,21.115,0.746,0.751,12.249,20.318,0.189,8.872,9.745,0.018,4155.000,95.122,45.621,8.872,55.365
837,14:58:00,34.110,66.240,64.210,46.900,45.480,31.430,1.249,16.206,17.339,0.755,1.170,729.700,1101.200,1.509,12.242,20.285,0.826,1.279,19.875,21.117,0.746,0.751,12.236,20.287,0.189,8.872,9.747,0.018,4155.000,94.970,45.631,8.872,55.378
838,14:58:30,34.080,66.180,64.150,46.850,45.430,31.420,1.244,16.210,17.342,0.754,1.167,728.200,1098.300,1.508,12.221,20.236,0.824,1.275,19.879,21.121,0.746,0.751,12.222,20.238,0.189,8.881,9.750,0.018,4155.000,94.589,45.568,8.881,55.318
839,14:59:00,34.060,66.090,64.070,46.790,45.370,31.420,1.239,16.214,17.345,0.752,1.163,726.100,1094.500,1.508,12.190,20.171,0.822,1.271,19.885,21.124,0.746,0.751,12.193,20.172,0.189,8.885,9.752,0.018,4155.000,94.209,45.542,8.885,55.294
840,14:59:30,34.030,66.000,63.980,46.720,45.310,31.410,1.233,16.220,17.349,0.749,1.158,723.400,1090.000,1.507,12.151,20.093,0.819,1.266,19.891,21.129,0.746,0.751,12.149,20.090,0.189,8.886,9.752,0.018,4155.000,93.753,45.509,8.886,55.261
841,15:00:00,34.000,65.880,63.880,46.640,45.240,31.400,1.226,16.226,17.354,0.746,1.153,720.500,1085.000,1.506,12.109,20.007,0.816,1.260,19.898,21.134,0.746,0.751,12.105,20.009,0.189,8.889,9.757,0.018,4155.000,93.221,45.459,8.889,55.217
842,15:00:30,33.970,65.760,63.770,46.560,45.160,31.400,1.218,16.233,17.359,0.743,1.148,717.600,1079.900,1.505,12.065,19.920,0.812,1.254,19.905,21.139,0.746,0.751,12.061,19.928,0.189,8.893,9.764,0.018,4155.000,92.612,45.376,8.893,55.140
843,15:01:00,33.940,65.640,63.650,46.470,45.080,31.400,1.212,16.240,17.363,0.740,1.143,714.800,1075.100,1.504,12.026,19.839,0.809,1.249,19.913,21.144,0.747,0.751,12.018,19.846,0.189,8.896,9.767,0.018,4155.000,92.156,45.354,8.896,55.121
844,15:01:30,33.920,65.520,63.540,46.390,45.000,31.390,1.206,16.247,17.368,0.738,1.138,712.500,1071.000,1.503,11.993,19.771,0.807,1.244,19.921,21.150,0.746,0.751,11.990,19.765,0.189,8.904,9.764,0.018,4155.000,91.700,45.302,8.904,55.066
845,15:02:00,33.890,65.410,63.440,46.310,44.930,31.390,1.201,16.253,17.373,0.736,1.135,710.800,1067.800,1.502,11.970,19.718,0.805,1.240,19.928,21.154,0.746,0.752,11.962,19.718,0.189,8.904,9.771,0.018,4155.000,91.320,45.249,8.904,55.020
846,15:02:30,33.860,65.310,63.350,46.240,44.870,31.380,1.198,16.259,17.377,0.735,1.133,709.700,1065.600,1.501,11.957,19.681,0.804,1.238,19.934,21.159,0.746,0.751,11.950,19.688,0.189,8.909,9.776,0.018,4155.000,91.092,45.230,8.909,55.005
847,15:03:00,33.840,65.240,63.270,46.190,44.810,31.380,1.196,16.264,17.380,0.735,1.131,709.200,1064.100,1.501,11.952,19.659,0.803,1.236,19.939,21.162,0.746,0.752,11.954,19.657,0.189,8.918,9.774,0.018,4155.000,90.940,45.218,8.918,54.992
848,15:03:30,33.810,65.180,63.210,46.140,44.770,31.370,1.195,16.267,17.383,0.735,1.130,709.000,1063.200,1.500,11.952,19.647,0.803,1.235,19.943,21.165,0.746,0.752,11.956,19.643,0.189,8.923,9.775,0.018,4155.000,90.864,45.218,8.923,54.993
849,15:04:00,33.790,65.140,63.160,46.110,44.730,31.370,1.194,16.270,17.385,0.735,1.130,709.000,1062.600,1.499,11.954,19.637,0.803,1.235,19.945,21.168,0.746,0.751,11.958,19.645,0.189,8.924,9.782,0.018,4155.000,90.788,45.206,8.924,54.988
850,15:04:30,33.760,65.120,63.130,46.090,44.700,31.370,1.193,16.271,17.386,0.735,1.129,708.800,1061.700,1.498,11.953,19.623,0.803,1.234,19.947,21.169,0.746,0.751,11.959,19.629,0.189,8.927,9.782,0.018,4155.000,90.712,45.206,8.927,54.988
851,15:05:00,33.740,65.110,63.110,46.080,44.680,31.360,1.191,16.272,17.387,0.734,1.127,708.300,1060.300,1.497,11.945,19.599,0.802,1.232,19.948,21.170,0.747,0.751,11.944,19.595,0.189,8.922,9.778,0.018,4155.000,90.559,45.190,8.922,54.968
852,15:05:30,33.710,65.100,63.100,46.070,44.660,31.360,1.188,16.273,17.388,0.733,1.125,707.200,1058.100,1.496,11.928,19.559,0.801,1.229,19.949,21.171,0.746,0.752,11.928,19.562,0.189,8.924,9.782,0.018,4155.000,90.331,45.170,8.924,54.952
853,15:06:00,33.690,65.100,63.080,46.060,44.650,31.360,1.183,16.273,17.389,0.731,1.122,705.600,1055.000,1.495,11.900,19.503,0.799,1.226,19.949,21.172,0.747,0.751,11.896,19.510,0.189,8.920,9.785,0.018,4155.000,89.951,45.112,8.920,54.897
854,15:06:30,33.670,65.090,63.060,46.050,44.630,31.350,1.178,16.274,17.390,0.729,1.117,703.300,1051.100,1.494,11.863,19.431,0.797,1.221,19.950,21.173,0.746,0.752,11.864,19.425,0.189,8.925,9.778,0.018,4155.000,89.571,45.088,8.925,54.866
855,15:07:00,33.640,65.070,63.040,46.030,44.600,31.350,1.171,16.275,17.391,0.726,1.113,700.700,1046.500,1.494,11.820,19.348,0.794,1.216,19.952,21.174,0.746,0.751,11.816,19.356,0.189,8.922,9.786,0.018,4155.000,89.039,45.017,8.922,54.803
856,15:07:30,33.620,65.040,62.990,46.000,44.570,31.350,1.165,16.278,17.393,0.723,1.107,697.800,1041.600,1.493,11.774,19.261,0.790,1.210,19.954,21.177,0.747,0.752,11.769,19.254,0.189,8.924,9.780,0.018,4155.000,88.583,44.997,8.924,54.778
857,15:08:00,33.600,64.990,62.940,45.960,44.530,31.350,1.158,16.281,17.395,0.720,1.102,695.000,1036.800,1.492,11.730,19.176,0.787,1.205,19.958,21.179,0.747,0.751,11.722,19.169,0.189,8.924,9.782,0.018,4155.000,88.050,44.934,8.924,54.716
858,15:08:30,33.580,64.910,62.870,45.910,44.470,31.340,1.152,16.285,17.398,0.718,1.098,692.600,1032.500,1.491,11.692,19.100,0.785,1.200,19.962,21.182,0.746,0.751,11.693,19.103,0.189,8.932,9.789,0.018,4155.000,87.594,44.887,8.932,54.676
859,15:09:00,33.560,64.830,62.780,45.850,44.420,31.340,1.147,16.290,17.402,0.716,1.094,690.600,1029.000,1.490,11.663,19.039,0.782,1.196,19.968,21.186,0.747,0.751,11.664,19.038,0.189,8.936,9.789,0.018,4155.000,87.214,44.844,8.936,54.633
860,15:09:30,33.540,64.720,62.690,45.780,44.350,31.340,1.144,16.296,17.406,0.715,1.091,689.300,1026.400,1.489,11.646,18.996,0.781,1.193,19.975,21.191,0.747,0.751,11.652,18.990,0.189,8.944,9.789,0.018,4155.000,86.986,44.840,8.944,54.630
861,15:10:00,33.520,64.610,62.580,45.710,44.290,31.340,1.141,16.303,17.410,0.714,1.090,688.500,1024.600,1.488,11.639,18.970,0.780,1.191,19.982,21.195,0.747,0.751,11.640,18.977,0.189,8.945,9.800,0.018,4155.000,86.758,44.801,8.945,54.601
862,15:10:30,33.500,64.490,62.470,45.630,44.220,31.330,1.140,16.309,17.414,0.714,1.089,688.300,1023.700,1.487,11.641,18.958,0.780,1.190,19.989,21.200,0.747,0.751,11.645,18.964,0.189,8.951,9.801,0.018,4155.000,86.682,44.801,8.951,54.603
863,15:11:00,33.490,64.380,62.370,45.560,44.150,31.330,1.139,16.316,17.418,0.714,1.088,688.300,1023.200,1.486,11.648,18.954,0.780,1.189,19.996,21.204,0.747,0.752,11.650,18.951,0.189,8.955,9.800,0.018,4155.000,86.606,44.784,8.955,54.584
864,15:11:30,33.470,64.260,62.270,45.490,44.090,31.330,1.138,16.322,17.422,0.714,1.088,688.400,1022.700,1.486,11.655,18.950,0.780,1.189,20.003,21.209,0.747,0.751,11.654,18.955,0.189,8.957,9.807,0.018,4155.000,86.530,44.767,8.957,54.573
865,15:12:00,33.450,64.160,62.170,45.430,44.030,31.330,1.137,16.328,17.426,0.714,1.087,688.300,1021.900,1.485,11.658,18.940,0.780,1.188,20.009,21.213,0.747,0.752,11.658,18.942,0.189,8.962,9.807,0.018,4155.000,86.454,44.762,8.962,54.570
866,15:12:30,33.430,64.080,62.090,45.370,43.980,31.320,1.135,16.333,17.429,0.713,1.085,687.700,1020.400,1.484,11.653,18.918,0.780,1.186,20.015,21.216,0.746,0.752,11.645,18.910,0.189,8.960,9.806,0.018,4155.000,86.301,44.749,8.960,54.555
867,15:13:00,33.420,64.000,62.020,45.320,43.940,31.320,1.132,16.337,17.432,0.712,1.083,686.600,1018.100,1.483,11.637,18.878,0.778,1.184,20.020,21.219,0.747,0.751,11.632,18.879,0.189,8.964,9.811,0.018,4155.000,86.073,44.732,8.964,54.543
868,15:13:30,33.400,63.950,61.970,45.290,43.900,31.320,1.128,16.341,17.434,0.711,1.080,684.800,1014.900,1.482,11.611,18.821,0.777,1.180,20.023,21.221,0.746,0.752,11.618,18.829,0.189,8.977,9.816,0.018,4155.000,85.769,44.714,8.977,54.530
869,15:14:00,33.390,63.910,61.920,45.260,43.870,31.310,1.122,16.343,17.435,0.708,1.075,682.500,1010.900,1.481,11.574,18.749,0.774,1.175,20.026,21.223,0.747,0.752,11.571,18.743,0.189,8.970,9.810,0.018,4155.000,85.313,44.652,8.970,54.462
870,15:14:30,33.370,63.880,61.890,45.240,43.850,31.310,1.116,16.345,17.437,0.705,1.071,679.900,1006.300,1.480,11.531,18.667,0.771,1.170,20.028,21.225,0.747,0.752,11.523,18.675,0.189,8.967,9.819,0.018,4155.000,84.857,44.617,8.967,54.436
871,15:15:00,33.360,63.860,61.860,45.220,43.820,31.310,1.110,16.346,17.438,0.703,1.066,677.200,1001.700,1.479,11.486,18.582,0.768,1.165,20.030,21.226,0.747,0.751,11.491,18.589,0.189,8.978,9.819,0.018,4155.000,84.401,44.581,8.978,54.399
872,15:15:30,33.340,63.850,61.840,45.210,43.810,31.310,1.103,16.348,17.439,0.700,1.061,674.600,997.200,1.478,11.443,18.501,0.765,1.159,20.031,21.227,0.747,0.752,11.444,18.503,0.189,8.975,9.817,0.018,4155.000,83.868,44.499,8.975,54.317
873,15:16:00,33.330,63.840,61.820,45.200,43.790,31.300,1.098,16.349,17.440,0.698,1.057,672.400,993.400,1.477,11.406,18.430,0.762,1.155,20.032,21.228,0.747,0.752,11.412,18.434,0.189,8.980,9.818,0.018,4155.000,83.488,44.467,8.980,54.285
874,15:16:30,33.310,63.820,61.790,45.190,43.770,31.300,1.094,16.350,17.441,0.696,1.054,670.700,990.300,1.477,11.379,18.375,0.761,1.151,20.033,21.229,0.746,0.752,11.380,18.383,0.189,8.977,9.822,0.018,4155.000,83.184,44.444,8.977,54.265
875,15:17:00,33.300,63.800,61.760,45.180,43.750,31.300,1.091,16.351,17.442,0.695,1.051,669.700,988.200,1.476,11.363,18.337,0.759,1.149,20.035,21.230,0.747,0.752,11.364,18.332,0.189,8.978,9.815,0.018,4155.000,82.956,44.416,8.978,54.231
876,15:17:30,33.280,63.770,61.730,45.160,43.720,31.290,1.089,16.353,17.443,0.694,1.050,669.200,986.900,1.475,11.357,18.315,0.759,1.148,20.037,21.232,0.747,0.751,11.349,18.315,0.189,8.973,9.819,0.018,4155.000,82.804,44.393,8.973,54.212
877,15:18:00,33.270,63.730,61.680,45.130,43.690,31.290,1.089,16.356,17.445,0.694,1.049,669.200,986.300,1.474,11.358,18.305,0.759,1.147,20.040,21.233,0.747,0.752,11.351,18.300,0.189,8.975,9.817,0.018,4155.000,82.804,44.420,8.975,54.237
878,15:18:30,33.260,63.670,61.630,45.090,43.660,31.280,1.088,16.359,17.447,0.695,1.049,669.300,985.900,1.473,11.364,18.300,0.759,1.146,20.043,21.236,0.747,0.752,11.370,18.302,0.189,8.988,9.822,0.018,4155.000,82.728,44.397,8.988,54.219
879,15:19:00,33.240,63.600,61.560,45.050,43.620,31.280,1.087,16.363,17.449,0.695,1.048,669.400,985.300,1.472,11.368,18.294,0.759,1.146,20.048,21.239,0.747,0.752,11.372,18.287,0.189,8.989,9.820,0.018,4155.000,82.652,44.383,8.989,54.203
880,15:19:30,33.230,63.520,61.480,45.000,43.570,31.280,1.086,16.368,17.452,0.695,1.047,669.100,984.300,1.471,11.368,18.279,0.759,1.145,20.053,21.242,0.747,0.752,11.376,18.272,0.189,8.996,9.822,0.018,4155.000,82.576,44.388,8.996,54.210
881,15:20:00,33.220,63.420,61.390,44.940,43.520,31.270,1.083,16.374,17.456,0.694,1.046,668.300,982.600,1.470,11.359,18.250,0.758,1.143,20.059,21.245,0.747,0.752,11.364,18.259,0.189,8.997,9.832,0.018,4155.000,82.348,44.342,8.997,54.174
882,15:20:30,33.200,63.310,61.300,44.870,43.460,31.270,1.080,16.380,17.459,0.692,1.043,666.900,979.900,1.469,11.341,18.205,0.757,1.140,20.066,21.249,0.747,0.752,11.335,18.210,0.189,8.993,9.832,0.018,4155.000,82.119,44.341,8.993,54.173
883,15:21:00,33.190,63.200,61.200,44.810,43.400,31.260,1.075,16.386,17.463,0.690,1.039,664.900,976.300,1.468,11.312,18.144,0.754,1.136,20.073,21.253,0.747,0.752,11.306,18.144,0.189,8.997,9.833,0.018,4155.000,81.739,44.298,8.997,54.131
884,15:21:30,33.180,63.090,61.100,44.740,43.340,31.260,1.069,16.392,17.467,0.688,1.035,662.400,972.100,1.467,11.275,18.070,0.752,1.131,20.080,21.258,0.747,0.752,11.278,18.078,0.189,9.008,9.840,0.018,4155.000,81.283,44.241,9.008,54.081
885,15:22:00,33.160,62.980,61.000,44.670,43.280,31.250,1.063,16.398,17.471,0.685,1.030,659.600,967.400,1.467,11.233,17.987,0.749,1.125,20.086,21.262,0.747,0.752,11.233,17.995,0.189,9.010,9.842,0.018,4155.000,80.827,44.207,9.010,54.049
886,15:22:30,33.150,62.880,60.910,44.610,43.230,31.240,1.057,16.404,17.474,0.682,1.025,656.800,962.700,1.466,11.190,17.905,0.746,1.120,20.092,21.266,0.747,0.752,11.188,17.911,0.189,9.012,9.844,0.018,4155.000,80.371,44.172,9.012,54.016
887,15:23:00,33.140,62.800,60.830,44.550,43.180,31.240,1.051,16.409,17.477,0.680,1.020,654.300,958.300,1.465,11.151,17.828,0.743,1.115,20.098,21.269,0.747,0.752,11.158,17.827,0.189,9.023,9.842,0.018,4155.000,79.914,44.123,9.023,53.965
888,15:23:30,33.120,62.730,60.760,44.510,43.130,31.230,1.046,16.413,17.480,0.677,1.016,652.200,954.700,1.464,11.118,17.762,0.740,1.111,20.103,21.272,0.747,0.752,11.112,17.760,0.189,9.014,9.843,0.018,4155.000,79.534,44.078,9.014,53.921
889,15:24:00,33.110,62.670,60.700,44.470,43.100,31.230,1.042,16.416,17.482,0.676,1.013,650.600,951.800,1.463,11.095,17.712,0.739,1.107,20.106,21.274,0.747,0.752,11.097,17.709,0.189,9.025,9.844,0.018,4155.000,79.230,44.044,9.025,53.888
890,15:24:30,33.090,62.640,60.660,44.450,43.070,31.220,1.039,16.419,17.484,0.675,1.011,649.700,949.900,1.462,11.081,17.678,0.738,1.105,20.109,21.276,0.747,0.752,11.083,17.676,0.189,9.026,9.846,0.018,4155.000,79.002,44.005,9.026,53.850
891,15:25:00,33.080,62.620,60.630,44.430,43.050,31.210,1.038,16.420,17.485,0.674,1.010,649.300,948.600,1.461,11.075,17.657,0.737,1.104,20.110,21.277,0.747,0.752,11.067,17.660,0.189,9.018,9.850,0.018,4155.000,78.926,44.022,9.018,53.873
892,15:25:30,33.070,62.610,60.620,44.430,43.030,31.200,1.037,16.421,17.485,0.674,1.009,649.200,947.900,1.460,11.074,17.644,0.737,1.103,20.111,21.278,0.747,0.752,11.068,17.642,0.189,9.020,9.848,0.018,4155.000,78.850,44.013,9.020,53.860
893,15:26:00,33.050,62.600,60.600,44.420,43.020,31.200,1.036,16.421,17.486,0.674,1.008,649.100,947.300,1.459,11.074,17.632,0.737,1.102,20.112,21.278,0.747,0.752,11.068,17.626,0.189,9.022,9.845,0.018,4155.000,78.774,43.998,9.022,53.843
894,15:26:30,33.030,62.600,60.590,44.420,43.010,31.190,1.035,16.422,17.486,0.674,1.007,648.900,946.300,1.458,11.070,17.615,0.737,1.101,20.112,21.279,0.747,0.752,11.068,17.608,0.189,9.025,9.845,0.018,4155.000,78.698,44.002,9.025,53.847
895,15:27:00,33.020,62.590,60.580,44.410,43.000,31.180,1.032,16.422,17.487,0.673,1.006,648.300,944.800,1.457,11.060,17.588,0.736,1.099,20.113,21.279,0.747,0.752,11.052,17.592,0.189,9.020,9.852,0.018,4155.000,78.470,43.944,9.020,53.796
896,15:27:30,33.000,62.580,60.550,44.400,42.980,31.170,1.029,16.424,17.487,0.672,1.003,647.000,942.400,1.457,11.040,17.544,0.735,1.096,20.114,21.280,0.747,0.752,11.037,17.539,0.189,9.026,9.847,0.018,4155.000,78.242,43.928,9.026,53.775
897,15:28:00,32.990,62.540,60.510,44.380,42.960,31.160,1.025,16.426,17.489,0.670,1.000,645.200,939.100,1.456,11.010,17.485,0.733,1.093,20.117,21.282,0.747,0.752,11.005,17.489,0.189,9.025,9.854,0.018,4155.000,77.937,43.911,9.025,53.764
898,15:28:30,32.970,62.490,60.460,44.350,42.920,31.150,1.019,16.429,17.491,0.668,0.995,642.700,935.000,1.455,10.971,17.410,0.730,1.088,20.120,21.284,0.747,0.752,10.975,17.404,0.189,9.035,9.848,0.018,4155.000,77.481,43.845,9.035,53.694
899,15:29:00,32.950,62.420,60.390,44.300,42.880,31.150,1.013,16.433,17.494,0.665,0.990,639.900,930.200,1.454,10.926,17.325,0.727,1.082,20.125,21.287,0.747,0.752,10.928,17.319,0.189,9.036,9.851,0.018,4155.000,77.025,43.812,9.036,53.663
900,15:29:30,32.930,62.330,60.310,44.240,42.820,31.140,1.006,16.438,17.497,0.662,0.985,636.800,925.200,1.453,10.878,17.236,0.723,1.077,20.130,21.291,0.747,0.752,10.882,17.235,0.189,9.042,9.856,0.018,4155.000,76.493,43.744,9.042,53.600
901,15:30:00,32.920,62.220,60.210,44.170,42.760,31.130,1.000,16.445,17.501,0.659,0.980,633.900,920.300,1.452,10.833,17.150,0.720,1.071,20.137,21.295,0.747,0.752,10.837,17.151,0.189,9.046,9.860,0.018,4155.000,76.037,43.715,9.046,53.576
902,15:30:30,32.900,62.100,60.100,44.090,42.690,31.120,0.994,16.451,17.505,0.656,0.975,631.200,915.900,1.451,10.793,17.073,0.717,1.066,20.144,21.300,0.747,0.752,10.792,17.067,0.189,9.046,9.860,0.018,4155.000,75.580,43.661,9.046,53.521
903,15:31:00,32.880,61.970,59.990,44.010,42.620,31.110,0.989,16.458,17.510,0.654,0.971,629.100,912.300,1.450,10.763,17.010,0.715,1.062,20.152,21.305,0.747,0.752,10.764,17.002,0.189,9.053,9.861,0.018,4155.000,75.200,43.613,9.053,53.474
904,15:31:30,32.860,61.850,59.870,43.930,42.550,31.090,0.985,16.465,17.514,0.652,0.969,627.600,909.500,1.449,10.742,16.963,0.713,1.059,20.160,21.310,0.747,0.752,10.735,16.971,0.189,9.050,9.873,0.018,4155.000,74.896,43.571,9.050,53.444
905,15:32:00,32.840,61.730,59.770,43.860,42.480,31.080,0.983,16.472,17.518,0.651,0.967,626.600,907.500,1.448,10.732,16.932,0.712,1.056,20.167,21.314,0.747,0.752,10.723,16.940,0.189,9.055,9.876,0.018,4155.000,74.744,43.578,9.055,53.454
906,15:32:30,32.810,61.630,59.670,43.790,42.420,31.070,0.981,16.478,17.522,0.651,0.965,626.100,906.200,1.447,10.728,16.912,0.712,1.055,20.174,21.319,0.747,0.752,10.727,16.909,0.189,9.065,9.872,0.018,4155.000,74.592,43.552,9.065,53.424
907,15:33:00,32.790,61.540,59.590,43.730,42.370,31.060,0.980,16.483,17.526,0.651,0.964,625.900,905.200,1.446,10.727,16.898,0.711,1.054,20.180,21.322,0.748,0.752,10.730,16.895,0.189,9.071,9.875,0.018,4155.000,74.516,43.555,9.071,53.431
908,15:33:30,32.770,61.470,59.520,43.690,42.320,31.050,0.979,16.487,17.528,0.651,0.963,625.600,904.200,1.445,10.726,16.882,0.711,1.053,20.184,21.325,0.747,0.752,10.733,16.879,0.189,9.077,9.877,0.018,4155.000,74.440,43.559,9.077,53.436
909,15:34:00,32.750,61.420,59.470,43.650,42.290,31.040,0.977,16.491,17.530,0.650,0.962,625.000,902.800,1.445,10.718,16.858,0.710,1.051,20.187,21.327,0.748,0.752,10.719,16.864,0.189,9.074,9.883,0.018,4155.000,74.288,43.537,9.074,53.421
910,15:34:30,32.720,61.380,59.430,43.630,42.260,31.030,0.974,16.493,17.532,0.649,0.959,623.900,900.700,1.444,10.702,16.821,0.709,1.049,20.190,21.329,0.748,0.752,10.704,16.813,0.189,9.078,9.877,0.018,4155.000,74.060,43.505,9.078,53.382
911,15:35:00,32.700,61.360,59.400,43.610,42.240,31.010,0.970,16.494,17.533,0.647,0.956,622.300,897.700,1.443,10.675,16.766,0.707,1.045,20.192,21.331,0.748,0.752,10.672,16.762,0.189,9.073,9.879,0.018,4155.000,73.755,43.471,9.073,53.350
912,15:35:30,32.680,61.350,59.370,43.590,42.210,31.000,0.965,16.495,17.534,0.645,0.952,620.000,893.800,1.442,10.636,16.695,0.705,1.041,20.193,21.332,0.747,0.752,10.639,16.692,0.189,9.079,9.881,0.018,4155.000,73.375,43.436,9.079,53.317
913,15:36:00,32.650,61.340,59.350,43.580,42.190,30.990,0.959,16.496,17.535,0.642,0.947,617.200,889.200,1.441,10.589,16.610,0.702,1.035,20.194,21.333,0.747,0.752,10.590,16.606,0.189,9.079,9.881,0.018,4155.000,72.919,43.389,9.079,53.270
914,15:36:30,32.620,61.320,59.330,43.570,42.170,30.980,0.952,16.497,17.536,0.639,0.942,614.000,884.100,1.440,10.536,16.516,0.698,1.029,20.195,21.334,0.747,0.752,10.542,16.519,0.189,9.084,9.886,0.018,4155.000,72.387,43.321,9.084,53.207
915,15:37:00,32.600,61.300,59.300,43.550,42.140,30.960,0.945,16.499,17.538,0.635,0.936,610.800,879.000,1.439,10.482,16.421,0.694,1.023,20.197,21.336,0.748,0.752,10.477,16.416,0.189,9.075,9.881,0.018,4155.000,71.854,43.252,9.075,53.133
916,15:37:30,32.570,61.270,59.260,43.520,42.110,30.950,0.939,16.501,17.540,0.632,0.931,607.800,874.100,1.438,10.432,16.332,0.691,1.018,20.199,21.338,0.747,0.752,10.429,16.330,0.189,9.078,9.885,0.018,4155.000,71.398,43.218,9.078,53.103
917,15:38:00,32.540,61.220,59.210,43.480,42.070,30.940,0.933,16.504,17.542,0.630,0.927,605.200,869.800,1.437,10.390,16.255,0.688,1.013,20.202,21.340,0.748,0.752,10.398,16.261,0.189,9.090,9.892,0.018,4155.000,70.942,43.154,9.090,53.046
918,15:38:30,32.510,61.160,59.140,43.440,42.020,30.920,0.929,16.508,17.545,0.627,0.923,603.200,866.300,1.436,10.359,16.193,0.686,1.009,20.207,21.343,0.747,0.752,10.351,16.194,0.189,9.079,9.891,0.018,4155.000,70.638,43.143,9.079,53.033
919,15:39:00,32.490,61.080,59.060,43.380,41.970,30.910,0.926,16.513,17.548,0.626,0.920,601.800,863.800,1.435,10.338,16.149,0.684,1.006,20.212,21.347,0.748,0.752,10.337,16.144,0.189,9.088,9.889,0.018,4155.000,70.410,43.128,9.088,53.017
920,15:39:30,32.460,60.980,58.970,43.310,41.900,30.900,0.923,16.518,17.552,0.625,0.918,601.000,862.000,1.434,10.328,16.120,0.683,1.004,20.218,21.351,0.748,0.752,10.324,16.113,0.189,9.089,9.890,0.018,4155.000,70.182,43.078,9.089,52.968
921,15:40:00,32.430,60.880,58.870,43.240,41.840,30.880,0.922,16.524,17.556,0.625,0.917,600.500,860.800,1.433,10.325,16.102,0.683,1.002,20.225,21.356,0.747,0.752,10.328,16.099,0.189,9.100,9.895,0.018,4155.000,70.106,43.091,9.100,52.987
922,15:40:30,32.400,60.760,58.760,43.170,41.770,30.870,0.920,16.531,17.560,0.625,0.916,600.200,859.800,1.432,10.325,16.088,0.683,1.001,20.232,21.360,0.747,0.752,10.332,16.085,0.189,9.108,9.898,0.018,4155.000,69.954,43.048,9.108,52.946
923,15:41:00,32.370,60.640,58.650,43.090,41.700,30.860,0.919,16.538,17.565,0.624,0.915,599.800,858.600,1.432,10.323,16.071,0.682,1.000,20.239,21.365,0.748,0.752,10.320,16.072,0.189,9.103,9.904,0.018,4155.000,69.878,43.061,9.103,52.965
924,15:41:30,32.330,60.520,58.540,43.010,41.620,30.840,0.917,16.545,17.569,0.623,0.913,599.000,856.900,1.431,10.315,16.045,0.681,0.998,20.247,21.370,0.748,0.752,10.308,16.040,0.189,9.105,9.904,0.018,4155.000,69.725,43.053,9.105,52.957
925,15:42:00,32.300,60.400,58.430,42.930,41.550,30.830,0.914,16.551,17.574,0.622,0.911,597.700,854.500,1.430,10.297,16.004,0.680,0.995,20.254,21.375,0.748,0.752,10.295,16.010,0.189,9.113,9.913,0.018,4155.000,69.497,43.032,9.113,52.946
926,15:42:30,32.270,60.290,58.330,42.860,41.490,30.820,0.909,16.558,17.578,0.620,0.907,595.800,851.200,1.429,10.269,15.947,0.678,0.992,20.261,21.379,0.748,0.752,10.266,15.943,0.189,9.117,9.910,0.018,4155.000,69.117,42.963,9.117,52.873
927,15:43:00,32.240,60.200,58.240,42.790,41.420,30.800,0.904,16.563,17.582,0.618,0.903,593.300,847.100,1.428,10.231,15.874,0.675,0.987,20.267,21.384,0.748,0.752,10.236,15.877,0.189,9.128,9.917,0.018,4155.000,68.737,42.933,9.128,52.850
928,15:43:30,32.210,60.110,58.160,42.730,41.370,30.790,0.898,16.568,17.585,0.615,0.898,590.300,842.300,1.427,10.184,15.789,0.672,0.981,20.273,21.388,0.748,0.753,10.189,15.791,0.189,9.133,9.920,0.018,4155.000,68.281,42.891,9.133,52.811
929,15:44:00,32.170,60.040,58.090,42.680,41.310,30.780,0.891,16.572,17.588,0.611,0.893,587.200,837.300,1.426,10.133,15.698,0.668,0.975,20.277,21.391,0.748,0.753,10.125,15.706,0.189,9.124,9.925,0.018,4155.000,67.749,42.811,9.124,52.736
930,15:44:30,32.140,59.990,58.030,42.640,41.270,30.760,0.885,16.576,17.591,0.608,0.887,584.100,832.300,1.425,10.082,15.608,0.665,0.970,20.281,21.394,0.748,0.752,10.078,15.603,0.189,9.129,9.919,0.018,4155.000,67.292,42.778,9.129,52.697
931,15:45:00,32.110,59.940,57.980,42.600,41.220,30.750,0.879,16.579,17.593,0.605,0.882,581.300,827.800,1.424,10.035,15.525,0.662,0.964,20.284,21.397,0.747,0.753,10.030,15.517,0.189,9.130,9.918,0.018,4155.000,66.836,42.719,9.130,52.637
932,15:45:30,32.070,59.910,57.930,42.570,41.190,30.730,0.874,16.581,17.595,0.603,0.878,579.000,823.900,1.423,9.997,15.456,0.659,0.960,20.287,21.399,0.748,0.752,9.998,15.448,0.189,9.137,9.921,0.018,4155.000,66.456,42.677,9.137,52.598
933,15:46:00,32.040,59.890,57.900,42.540,41.150,30.720,0.871,16.583,17.597,0.601,0.875,577.300,821.000,1.422,9.970,15.403,0.657,0.957,20.289,21.401,0.748,0.752,9.966,15.397,0.189,9.134,9.923,0.018,4155.000,66.228,42.681,9.134,52.604
934,15:46:30,32.000,59.860,57.860,42.520,41.120,30.710,0.868,16.585,17.599,0.600,0.873,576.200,818.900,1.421,9.952,15.366,0.656,0.954,20.291,21.402,0.748,0.753,9.951,15.364,0.189,9.138,9.927,0.018,4155.000,66.000,42.643,9.138,52.570
935,15:47:00,31.970,59.840,57.820,42.500,41.090,30.690,0.866,16.586,17.601,0.600,0.872,575.700,817.600,1.420,9.944,15.342,0.655,0.953,20.292,21.404,0.748,0.752,9.952,15.348,0.189,9.146,9.932,0.018,4155.000,65.848,42.613,9.146,52.545
936,15:47:30,31.930,59.810,57.790,42.470,41.050,30.680,0.865,16.588,17.602,0.599,0.871,575.400,816.700,1.419,9.941,15.327,0.655,0.952,20.295,21.406,0.748,0.752,9.936,15.331,0.189,9.137,9.932,0.018,4155.000,65.772,42.610,9.137,52.543
937,15:48:00,31.900,59.770,57.740,42.440,41.020,30.670,0.864,16.591,17.604,0.599,0.870,575.200,815.900,1.418,9.940,15.314,0.655,0.951,20.298,21.409,0.748,0.752,9.938,15.315,0.189,9.142,9.932,0.018,4155.000,65.696,42.603,9.142,52.535
938,15:48:30,31.870,59.710,57.680,42.400,40.970,30.660,0.863,16.594,17.607,0.599,0.869,574.800,814.800,1.417,9.935,15.296,0.654,0.949,20.301,21.411,0.748,0.753,9.940,15.300,0.189,9.150,9.936,0.018,4155.000,65.619,42.611,9.150,52.546
939,15:49:00,31.830,59.640,57.610,42.350,40.920,30.640,0.860,16.599,17.610,0.598,0.867,574.000,813.100,1.417,9.924,15.267,0.653,0.948,20.306,21.415,0.748,0.752,9.926,15.268,0.189,9.150,9.935,0.018,4155.000,65.391,42.551,9.150,52.487
940,15:49:30,31.800,59.560,57.520,42.290,40.860,30.630,0.857,16.604,17.613,0.596,0.864,572.600,810.500,1.416,9.904,15.224,0.652,0.945,20.311,21.419,0.748,0.752,9.896,15.218,0.189,9.144,9.934,0.018,4155.000,65.163,42.539,9.144,52.473
941,15:50:00,31.760,59.450,57.430,42.220,40.800,30.620,0.853,16.610,17.618,0.594,0.861,570.600,807.200,1.415,9.874,15.165,0.650,0.941,20.318,21.423,0.748,0.752,9.866,15.169,0.189,9.149,9.943,0.018,4155.000,64.859,42.514,9.149,52.457
942,15:50:30,31.730,59.340,57.320,42.140,40.720,30.610,0.848,16.616,17.622,0.592,0.856,568.000,803.100,1.414,9.835,15.092,0.647,0.936,20.325,21.428,0.748,0.752,9.837,15.084,0.189,9.163,9.938,0.018,4155.000,64.479,42.480,9.163,52.418
943,15:51:00,31.690,59.210,57.200,42.050,40.640,30.590,0.842,16.624,17.627,0.589,0.852,565.100,798.400,1.413,9.790,15.010,0.644,0.931,20.333,21.433,0.748,0.752,9.792,15.018,0.189,9.168,9.953,0.018,4155.000,64.023,42.428,9.168,52.381
944,15:51:30,31.660,59.080,57.080,41.960,40.560,30.580,0.836,16.631,17.632,0.586,0.847,562.100,793.600,1.412,9.743,14.926,0.640,0.925,20.342,21.439,0.748,0.753,9.746,14.934,0.189,9.174,9.957,0.018,4155.000,63.567,42.380,9.174,52.337
945,15:52:00,31.620,58.940,56.950,41.870,40.480,30.570,0.830,16.639,17.637,0.583,0.842,559.300,789.100,1.411,9.699,14.845,0.637,0.920,20.350,21.445,0.748,0.752,9.701,14.850,0.189,9.177,9.957,0.018,4155.000,63.110,42.316,9.177,52.274
946,15:52:30,31.590,58.820,56.830,41.780,40.400,30.560,0.825,16.646,17.642,0.580,0.837,556.800,785.000,1.410,9.661,14.775,0.634,0.915,20.358,21.450,0.749,0.753,9.655,14.766,0.189,9.174,9.953,0.018,4155.000,62.730,42.281,9.174,52.234
947,15:53:00,31.550,58.700,56.720,41.700,40.320,30.550,0.821,16.653,17.647,0.578,0.834,554.800,781.800,1.409,9.633,14.718,0.632,0.912,20.366,21.455,0.748,0.752,9.625,14.718,0.189,9.180,9.960,0.018,4155.000,62.426,42.248,9.180,52.209
948,15:53:30,31.520,58.600,56.630,41.630,40.250,30.540,0.818,16.659,17.651,0.577,0.832,553.500,779.400,1.408,9.614,14.678,0.631,0.909,20.372,21.460,0.748,0.752,9.612,14.686,0.189,9.189,9.969,0.018,4155.000,62.198,42.223,9.189,52.193
949,15:54:00,31.490,58.520,56.550,41.580,40.200,30.530,0.816,16.664,17.654,0.576,0.830,552.800,777.900,1.407,9.605,14.653,0.630,0.907,20.377,21.463,0.748,0.753,9.598,14.653,0.189,9.187,9.966,0.018,4155.000,62.046,42.201,9.187,52.168
950,15:54:30,31.450,58.460,56.480,41.530,40.150,30.520,0.815,16.667,17.657,0.576,0.829,552.500,777.000,1.406,9.603,14.638,0.630,0.906,20.381,21.466,0.748,0.753,9.600,14.638,0.189,9.194,9.968,0.018,4155.000,61.970,42.198,9.194,52.166
951,15:55:00,31.420,58.420,56.430,41.500,40.110,30.510,0.814,16.670,17.659,0.576,0.828,552.400,776.300,1.405,9.604,14.628,0.630,0.905,20.384,21.469,0.748,0.753,9.602,14.622,0.189,9.197,9.966,0.018,4155.000,61.894,42.185,9.197,52.150
952,15:55:30,31.390,58.390,56.390,41.470,40.080,30.500,0.813,16.672,17.661,0.576,0.828,552.300,775.600,1.404,9.603,14.617,0.629,0.904,20.387,21.471,0.749,0.753,9.603,14.623,0.189,9.200,9.976,0.018,4155.000,61.818,42.171,9.200,52.147
953,15:56:00,31.360,58.370,56.360,41.460,40.050,30.490,0.812,16.674,17.662,0.576,0.826,551.900,774.500,1.403,9.596,14.596,0.629,0.903,20.388,21.472,0.748,0.753,9.604,14.589,0.189,9.207,9.966,0.018,4155.000,61.742,42.179,9.207,52.145
954,15:56:30,31.320,58.350,56.340,41.440,40.030,30.480,0.809,16.675,17.664,0.575,0.824,550.900,772.600,1.402,9.580,14.563,0.628,0.901,20.390,21.473,0.748,0.753,9.588,14.555,0.189,9.209,9.968,0.018,4155.000,61.514,42.126,9.209,52.094
955,15:57:00,31.290,58.340,56.310,41.420,40.000,30.470,0.806,16.676,17.665,0.573,0.822,549.400,769.900,1.402,9.554,14.513,0.626,0.898,20.391,21.475,0.748,0.753,9.555,14.521,0.189,9.202,9.979,0.018,4155.000,61.285,42.117,9.202,52.096
956,15:57:30,31.260,58.310,56.270,41.400,39.970,30.460,0.802,16.678,17.667,0.571,0.818,547.200,766.400,1.401,9.518,14.448,0.624,0.894,20.393,21.477,0.748,0.752,9.523,14.452,0.189,9.208,9.977,0.018,4155.000,60.981,42.100,9.208,52.077
957,15:58:00,31.230,58.270,56.220,41.370,39.930,30.450,0.796,16.681,17.669,0.568,0.813,544.500,762.200,1.400,9.474,14.370,0.621,0.889,20.396,21.479,0.748,0.753,9.475,14.365,0.189,9.207,9.972,0.018,4155.000,60.525,42.015,9.207,51.987
958,15:58:30,31.200,58.210,56.160,41.320,39.880,30.440,0.791,16.684,17.671,0.565,0.808,541.600,757.600,1.399,9.425,14.286,0.617,0.884,20.400,21.482,0.749,0.752,9.426,14.278,0.189,9.209,9.972,0.018,4155.000,60.145,42.005,9.209,51.976
959,15:59:00,31.170,58.130,56.080,41.270,39.830,30.430,0.785,16.689,17.675,0.562,0.804,538.600,752.900,1.398,9.377,14.202,0.614,0.878,20.405,21.485,0.748,0.753,9.379,14.211,0.189,9.214,9.987,0.018,4155.000,59.689,41.946,9.214,51.933
960,15:59:30,31.140,58.040,55.990,41.200,39.770,30.420,0.780,16.695,17.678,0.559,0.799,535.900,748.600,1.397,9.333,14.124,0.611,0.873,20.411,21.490,0.748,0.753,9.333,14.125,0.189,9.214,9.983,0.018,4155.000,59.308,41.918,9.214,51.902
961,16:00:00,31.110,57.920,55.880,41.130,39.690,30.420,0.775,16.701,17.683,0.557,0.795,533.600,744.900,1.396,9.298,14.058,0.608,0.869,20.419,21.495,0.749,0.753,9.302,14.058,0.189,9.224,9.985,0.018,4155.000,58.928,41.857,9.224,51.842
